"MTime","Length","FullName"
"2026-05-18 17:51","0","C:\Users\tmsjd\source\repos\Daniel8Murphy0007\Star-Magic\_ALL_AUDIT_FILES_BROAD.csv"
"2026-05-18 17:50","6351","C:\Users\tmsjd\source\repos\Daniel8Murphy0007\Star-Magic\_ALL_AUDIT_FILES.csv"
"2026-05-18 15:14","74618","C:\Users\tmsjd\source\repos\Daniel8Murphy0007\Star-Magic\master_closures.csv"
"2026-05-18 15:12","827","C:\Users\tmsjd\source\repos\Daniel8Murphy0007\Star-Magic\_session268_gap_closures.json"
"2026-05-18 15:12","769","C:\Users\tmsjd\source\repos\Daniel8Murphy0007\Star-Magic\_session267_extended_closures.json"
"2026-05-18 15:12","1117","C:\Users\tmsjd\source\repos\Daniel8Murphy0007\Star-Magic\_session266_root_closure.json"
"2026-05-18 15:12","252","C:\Users\tmsjd\source\repos\Daniel8Murphy0007\Star-Magic\_session304_rho_vac_scm_derivation_closures.json"
"2026-05-18 15:12","1082","C:\Users\tmsjd\source\repos\Daniel8Murphy0007\Star-Magic\_session264_closures.json"
"2026-05-18 15:12","432","C:\Users\tmsjd\source\repos\Daniel8Murphy0007\Star-Magic\_session274_beta_lambda_closure.json"
"2026-05-18 15:12","371","C:\Users\tmsjd\source\repos\Daniel8Murphy0007\Star-Magic\_session279_mu_tau_closure.json"
"2026-05-18 15:12","10265","C:\Users\tmsjd\source\repos\Daniel8Murphy0007\Star-Magic\_session280_quark_closure.json"
"2026-05-18 15:12","245","C:\Users\tmsjd\source\repos\Daniel8Murphy0007\Star-Magic\_session303_universal_buoyancy_solver_closures.json"
"2026-05-18 15:12","567","C:\Users\tmsjd\source\repos\Daniel8Murphy0007\Star-Magic\_session275_mp_planck_closure.json"
"2026-05-18 15:12","571","C:\Users\tmsjd\source\repos\Daniel8Murphy0007\Star-Magic\_session276_chandrasekhar_closure.json"
"2026-05-18 15:12","5073","C:\Users\tmsjd\source\repos\Daniel8Murphy0007\Star-Magic\_session278_me_closure.json"
"2026-05-18 15:12","1496","C:\Users\tmsjd\source\repos\Daniel8Murphy0007\Star-Magic\_session263_closures.json"
"2026-05-18 15:12","2619","C:\Users\tmsjd\source\repos\Daniel8Murphy0007\Star-Magic\_session262_closures.json"
"2026-05-18 15:12","1496","C:\Users\tmsjd\source\repos\Daniel8Murphy0007\Star-Magic\_session261_closures.json"
"2026-05-18 15:12","1052","C:\Users\tmsjd\source\repos\Daniel8Murphy0007\Star-Magic\_session207_cp_chain_closures.json"
"2026-05-18 15:11","1661","C:\Users\tmsjd\source\repos\Daniel8Murphy0007\Star-Magic\_session206_qcalcgeom_ubs_closures.json"
"2026-05-18 15:11","1528","C:\Users\tmsjd\source\repos\Daniel8Murphy0007\Star-Magic\_session202_closures.json"
"2026-05-18 15:11","609","C:\Users\tmsjd\source\repos\Daniel8Murphy0007\Star-Magic\_session204_closures.json"
"2026-05-18 15:11","1178","C:\Users\tmsjd\source\repos\Daniel8Murphy0007\Star-Magic\_session205_closures.json"
"2026-05-18 15:11","570","C:\Users\tmsjd\source\repos\Daniel8Murphy0007\Star-Magic\_session201_closures.json"
"2026-05-18 15:11","1883","C:\Users\tmsjd\source\repos\Daniel8Murphy0007\Star-Magic\_session203_closures.json"
"2026-05-18 04:46","4904","C:\Users\tmsjd\source\repos\Daniel8Murphy0007\Star-Magic\_emit_closure_json.py"
"2026-05-18 04:46","7666","C:\Users\tmsjd\source\repos\Daniel8Murphy0007\Star-Magic\__pycache__\_emit_closure_json.cpython-314.pyc"
"2026-05-18 04:44","176081","C:\Users\tmsjd\source\repos\Daniel8Murphy0007\Star-Magic\pdf\PAPER_1212_UQFF_Cosmological_Constant_Closure.pdf"
"2026-05-18 04:44","32","C:\Users\tmsjd\source\repos\Daniel8Murphy0007\Star-Magic\pdf\PAPER_1213_UQFF_Page_Curve_Closure.aux"
"2026-05-18 04:44","32","C:\Users\tmsjd\source\repos\Daniel8Murphy0007\Star-Magic\pdf\PAPER_1212_UQFF_Cosmological_Constant_Closure.aux"
"2026-05-18 04:44","10547","C:\Users\tmsjd\source\repos\Daniel8Murphy0007\Star-Magic\pdf\PAPER_1213_UQFF_Page_Curve_Closure.log"
"2026-05-18 04:44","10923","C:\Users\tmsjd\source\repos\Daniel8Murphy0007\Star-Magic\pdf\PAPER_1212_UQFF_Cosmological_Constant_Closure.log"
"2026-05-18 04:44","165047","C:\Users\tmsjd\source\repos\Daniel8Murphy0007\Star-Magic\pdf\PAPER_1213_UQFF_Page_Curve_Closure.pdf"
"2026-05-18 04:30","4250","C:\Users\tmsjd\source\repos\Daniel8Murphy0007\Star-Magic\whitepapers\PAPER_1212_UQFF_Cosmological_Constant_Closure.tex"
"2026-05-18 04:30","4204","C:\Users\tmsjd\source\repos\Daniel8Murphy0007\Star-Magic\whitepapers\PAPER_1213_UQFF_Page_Curve_Closure.tex"
"2026-05-18 04:15","50979","C:\Users\tmsjd\source\repos\Daniel8Murphy0007\Star-Magic\unified_closure_audit.json"
"2026-05-18 04:15","85244","C:\Users\tmsjd\source\repos\Daniel8Murphy0007\Star-Magic\UQFF_UNIFIED_CLOSURE_DERIVATIONS.py"
"2026-05-18 03:14","11489","C:\Users\tmsjd\source\repos\Daniel8Murphy0007\Star-Magic\UQFF_CALIBRATION_AUDIT.md"
"2026-05-17 23:05","22701","C:\Users\tmsjd\source\repos\Daniel8Murphy0007\Star-Magic\__pycache__\_session290_field_generator_lab_plasma_validation.cpython-314.pyc"
"2026-05-17 23:02","18252","C:\Users\tmsjd\source\repos\Daniel8Murphy0007\Star-Magic\_session290_field_generator_lab_plasma_validation.py"
"2026-05-17 13:36","7877","C:\Users\tmsjd\source\repos\Daniel8Murphy0007\Star-Magic\_session275_mp_planck_closure.py"
"2026-05-17 13:13","242989","C:\Users\tmsjd\source\repos\Daniel8Murphy0007\Star-Magic\pdf\PAPER_1211_Phase_H_Closure_Trail.pdf"
"2026-05-17 13:13","10033","C:\Users\tmsjd\source\repos\Daniel8Murphy0007\Star-Magic\whitepapers\PAPER_1211_Phase_H_Closure_Trail.md"
"2026-05-17 11:04","5169","C:\Users\tmsjd\source\repos\Daniel8Murphy0007\Star-Magic\_session207_cp_chain_closures.py"
"2026-05-17 04:40","5363","C:\Users\tmsjd\source\repos\Daniel8Murphy0007\Star-Magic\_session206_qcalcgeom_ubs_closures.py"
"2026-05-17 03:32","2717","C:\Users\tmsjd\source\repos\Daniel8Murphy0007\Star-Magic\_verify_s205.py"
"2026-05-17 03:26","4664","C:\Users\tmsjd\source\repos\Daniel8Murphy0007\Star-Magic\_session205_closures.py"
"2026-05-17 03:12","4548","C:\Users\tmsjd\source\repos\Daniel8Murphy0007\Star-Magic\_verify_s201.py"
"2026-05-17 03:05","4527","C:\Users\tmsjd\source\repos\Daniel8Murphy0007\Star-Magic\_session201_closures.py"
"2026-05-17 02:24","2562","C:\Users\tmsjd\source\repos\Daniel8Murphy0007\Star-Magic\_verify_s204.py"
"2026-05-17 02:21","301505","C:\Users\tmsjd\source\repos\Daniel8Murphy0007\Star-Magic\pdf\PAPER_S204_Phase_H204_GapClosure.pdf"
"2026-05-17 02:21","9545","C:\Users\tmsjd\source\repos\Daniel8Murphy0007\Star-Magic\whitepapers\PAPER_S204_Phase_H204_GapClosure.tex"
"2026-05-17 02:11","5988","C:\Users\tmsjd\source\repos\Daniel8Murphy0007\Star-Magic\_session204_closures.py"
"2026-05-17 00:44","6255","C:\Users\tmsjd\source\repos\Daniel8Murphy0007\Star-Magic\_session203_closures.py"
"2026-05-17 00:03","7339","C:\Users\tmsjd\source\repos\Daniel8Murphy0007\Star-Magic\_session202_closures.py"
"2026-05-16 23:50","12129","C:\Users\tmsjd\source\repos\Daniel8Murphy0007\Star-Magic\_session_inventory_201_230.txt"
"2026-05-16 19:35","6955","C:\Users\tmsjd\source\repos\Daniel8Murphy0007\Star-Magic\_PAPER_1065_1066_variational_audit.py"
"2026-05-16 18:54","1337","C:\Users\tmsjd\source\repos\Daniel8Murphy0007\Star-Magic\_show_closure_evidence.py"
"2026-05-16 18:25","2114","C:\Users\tmsjd\source\repos\Daniel8Murphy0007\Star-Magic\_append_frontier_closures.py"
"2026-05-16 18:20","2761","C:\Users\tmsjd\source\repos\Daniel8Murphy0007\Star-Magic\_append_millennium_closures.py"
"2026-05-16 18:13","981","C:\Users\tmsjd\source\repos\Daniel8Murphy0007\Star-Magic\_gap_audit_post_jj.py"
"2026-05-16 18:05","1601","C:\Users\tmsjd\source\repos\Daniel8Murphy0007\Star-Magic\_append_paper1189_closures.py"
"2026-05-16 18:03","4125","C:\Users\tmsjd\source\repos\Daniel8Murphy0007\Star-Magic\_harvest_json_closures.py"
"2026-05-16 17:59","5118","C:\Users\tmsjd\source\repos\Daniel8Murphy0007\Star-Magic\_harvest_text_closures.py"
"2026-05-16 17:37","180544","C:\Users\tmsjd\source\repos\Daniel8Murphy0007\Star-Magic\pdf\PAPER_1210_UQFF_Lagrangian_Bridge_172_Closures.pdf"
"2026-05-16 17:37","4350","C:\Users\tmsjd\source\repos\Daniel8Murphy0007\Star-Magic\whitepapers\PAPER_1210_UQFF_Lagrangian_Bridge_172_Closures.tex"
"2026-05-16 17:36","2879","C:\Users\tmsjd\source\repos\Daniel8Murphy0007\Star-Magic\_session684_closure_to_sector_bridge.py"
"2026-05-15 23:14","20899","C:\Users\tmsjd\source\repos\Daniel8Murphy0007\Star-Magic\whitepapers\PAPER_1181_UQFF_Grand_Unification_S266_S295_Thirty_Closures.md"
"2026-05-15 23:14","407616","C:\Users\tmsjd\source\repos\Daniel8Murphy0007\Star-Magic\pdf\PAPER_1181_UQFF_Grand_Unification_S266_S295_Thirty_Closures.pdf"
"2026-05-15 21:19","6522","C:\Users\tmsjd\source\repos\Daniel8Murphy0007\Star-Magic\_session286_PMNS_closure.py"
"2026-05-15 21:13","4529","C:\Users\tmsjd\source\repos\Daniel8Murphy0007\Star-Magic\_session285_CKM_closure.py"
"2026-05-15 21:06","3501","C:\Users\tmsjd\source\repos\Daniel8Murphy0007\Star-Magic\_session283_verify.py"
"2026-05-15 20:58","2891","C:\Users\tmsjd\source\repos\Daniel8Murphy0007\Star-Magic\_session282_newton_G_closure.py"
"2026-05-15 20:51","1985","C:\Users\tmsjd\source\repos\Daniel8Murphy0007\Star-Magic\_session281_verify.py"
"2026-05-15 20:46","5152","C:\Users\tmsjd\source\repos\Daniel8Murphy0007\Star-Magic\_session280_quark_closure.py"
"2026-05-15 20:46","2329","C:\Users\tmsjd\source\repos\Daniel8Murphy0007\Star-Magic\_session280_verify.py"
"2026-05-15 20:40","6348","C:\Users\tmsjd\source\repos\Daniel8Murphy0007\Star-Magic\_session279_mu_tau_closure.py"
"2026-05-15 20:36","8770","C:\Users\tmsjd\source\repos\Daniel8Murphy0007\Star-Magic\_session278_me_closure.py"
"2026-05-15 20:27","7852","C:\Users\tmsjd\source\repos\Daniel8Murphy0007\Star-Magic\_session276_chandrasekhar_closure.py"
"2026-05-15 20:21","7954","C:\Users\tmsjd\source\repos\Daniel8Murphy0007\Star-Magic\_session274_beta_lambda_closure.py"
"2026-05-15 19:30","14620","C:\Users\tmsjd\source\repos\Daniel8Murphy0007\Star-Magic\_session268_gap_closures.py"
"2026-05-15 18:53","11885","C:\Users\tmsjd\source\repos\Daniel8Murphy0007\Star-Magic\_session267_extended_closures.py"
"2026-05-15 18:44","15161","C:\Users\tmsjd\source\repos\Daniel8Murphy0007\Star-Magic\_session266_root_closure.py"
"2026-05-15 15:39","8837","C:\Users\tmsjd\source\repos\Daniel8Murphy0007\Star-Magic\_session264_closures.py"
"2026-05-15 15:36","11886","C:\Users\tmsjd\source\repos\Daniel8Murphy0007\Star-Magic\_session263_closures.py"
"2026-05-15 15:33","15190","C:\Users\tmsjd\source\repos\Daniel8Murphy0007\Star-Magic\_session262_closures.py"
"2026-05-15 15:29","14983","C:\Users\tmsjd\source\repos\Daniel8Murphy0007\Star-Magic\_session261_closures.py"
"2026-05-15 15:20","14929","C:\Users\tmsjd\source\repos\Daniel8Murphy0007\Star-Magic\_six_anchor_closures.py"
"2026-05-15 15:20","3054","C:\Users\tmsjd\source\repos\Daniel8Murphy0007\Star-Magic\_six_anchor_closures.json"
"2026-05-15 15:07","13830","C:\Users\tmsjd\source\repos\Daniel8Murphy0007\Star-Magic\_millennium_prize_audit.py"
"2026-05-15 15:07","4492","C:\Users\tmsjd\source\repos\Daniel8Murphy0007\Star-Magic\_millennium_prize_audit.json"
"2026-05-15 15:02","1304","C:\Users\tmsjd\source\repos\Daniel8Murphy0007\Star-Magic\_matter_density_closures.json"
"2026-05-15 15:02","9364","C:\Users\tmsjd\source\repos\Daniel8Murphy0007\Star-Magic\_matter_density_closures.py"
"2026-05-15 14:58","1002","C:\Users\tmsjd\source\repos\Daniel8Murphy0007\Star-Magic\_cosmological_closures.json"
"2026-05-15 14:52","6293","C:\Users\tmsjd\source\repos\Daniel8Murphy0007\Star-Magic\_cosmological_closures.py"
"2026-05-15 12:44","4666","C:\Users\tmsjd\source\repos\Daniel8Murphy0007\Star-Magic\_audit_rho_scm_units.py"
"2026-05-15 12:43","61819","C:\Users\tmsjd\source\repos\Daniel8Murphy0007\Star-Magic\_audit_rho_scm_units.json"
"2026-05-12 00:55","50059","C:\Users\tmsjd\source\repos\Daniel8Murphy0007\Star-Magic\whitepapers\PAPER_001_GW170817_UQFF_Damping_Analysis.tex"
"2026-05-12 00:05","484043","C:\Users\tmsjd\source\repos\Daniel8Murphy0007\Star-Magic\pdf\PAPER_012b_GW150914_Waveform_Validation.pdf"
"2026-05-12 00:05","39449","C:\Users\tmsjd\source\repos\Daniel8Murphy0007\Star-Magic\whitepapers\PAPER_012b_GW150914_Waveform_Validation.tex"
"2026-05-11 21:41","106","C:\Users\tmsjd\source\repos\Daniel8Murphy0007\Star-Magic\_pdf_drift_report.csv"
"2026-05-11 21:08","41251","C:\Users\tmsjd\source\repos\Daniel8Murphy0007\Star-Magic\whitepapers\PAPER_001_GW170817_UQFF_Damping_Analysis.md"
"2026-05-11 18:18","383885","C:\Users\tmsjd\source\repos\Daniel8Murphy0007\Star-Magic\pdf\PAPER_001_GW170817_UQFF_Damping_Analysis.pdf"
"2026-05-11 15:56","2575","C:\Users\tmsjd\source\repos\Daniel8Murphy0007\Star-Magic\_job_b_verify_batch3.py"
"2026-05-11 15:49","381197","C:\Users\tmsjd\source\repos\Daniel8Murphy0007\Star-Magic\pdf_backup_pandoc_2026-05-12\PAPER_012b_GW150914_Waveform_Validation.pdf"
"2026-05-11 15:42","772","C:\Users\tmsjd\source\repos\Daniel8Murphy0007\Star-Magic\_job_b_verify_next10.py"
"2026-05-11 15:39","30234","C:\Users\tmsjd\source\repos\Daniel8Murphy0007\Star-Magic\whitepapers\PAPER_012b_GW150914_Waveform_Validation.md"
"2026-05-11 15:35","2766","C:\Users\tmsjd\source\repos\Daniel8Murphy0007\Star-Magic\_job_b_verify_first10.py"
"2026-05-11 15:29","423821","C:\Users\tmsjd\source\repos\Daniel8Murphy0007\Star-Magic\pdf_backup_pandoc_2026-05-11\PAPER_001_GW170817_UQFF_Damping_Analysis.pdf"
"2026-05-11 15:20","2705","C:\Users\tmsjd\source\repos\Daniel8Murphy0007\Star-Magic\_job_b_report.py"
"2026-05-11 15:06","10904","C:\Users\tmsjd\source\repos\Daniel8Murphy0007\Star-Magic\_job_b_report.txt"
"2026-05-11 14:18","485","C:\Users\tmsjd\source\repos\Daniel8Murphy0007\Star-Magic\_job_b_audit.py"
"2026-05-11 13:08","24790","C:\Users\tmsjd\source\repos\Daniel8Murphy0007\Star-Magic\_reverify_log.txt"
"2026-05-11 13:05","21053","C:\Users\tmsjd\source\repos\Daniel8Murphy0007\Star-Magic\whitepapers\PAPER_557_BSFG_Symmetry_Group_Isometry_Analysis.md"
"2026-05-11 13:05","420210","C:\Users\tmsjd\source\repos\Daniel8Murphy0007\Star-Magic\pdf\PAPER_557_BSFG_Symmetry_Group_Isometry_Analysis.pdf"
"2026-05-11 13:05","17484","C:\Users\tmsjd\source\repos\Daniel8Murphy0007\Star-Magic\whitepapers\PAPER_576_UQFF_Atomic_Mass_Error_Factor_Standard_Model_Validation.md"
"2026-05-11 13:05","387826","C:\Users\tmsjd\source\repos\Daniel8Murphy0007\Star-Magic\pdf\PAPER_576_UQFF_Atomic_Mass_Error_Factor_Standard_Model_Validation.pdf"
"2026-05-11 13:00","22896","C:\Users\tmsjd\source\repos\Daniel8Murphy0007\Star-Magic\whitepapers\PAPER_164_HighEnergy_Dataset_UQFF_Validation_CERN_GWOSC_EHT_Chandra.md"
"2026-05-11 13:00","427124","C:\Users\tmsjd\source\repos\Daniel8Murphy0007\Star-Magic\pdf\PAPER_164_HighEnergy_Dataset_UQFF_Validation_CERN_GWOSC_EHT_Chandra.pdf"
"2026-05-11 12:59","798","C:\Users\tmsjd\source\repos\Daniel8Murphy0007\Star-Magic\_reverify_all.py"
"2026-05-11 12:59","9819","C:\Users\tmsjd\source\repos\Daniel8Murphy0007\Star-Magic\_reverify_list.txt"
"2026-05-11 10:08","18512","C:\Users\tmsjd\source\repos\Daniel8Murphy0007\Star-Magic\whitepapers\PAPER_569_Olbers_EBL_Benchmark_3p1e-6_Validation.md"
"2026-05-11 10:08","18813","C:\Users\tmsjd\source\repos\Daniel8Murphy0007\Star-Magic\whitepapers\PAPER_566_AldersOlbers_BSFG_Metric_GapAnalysis.md"
"2026-05-11 10:08","29024","C:\Users\tmsjd\source\repos\Daniel8Murphy0007\Star-Magic\whitepapers\PAPER_613_UQFF_NASA_ATP_Grant_Framework_Validation.md"
"2026-05-11 10:08","24166","C:\Users\tmsjd\source\repos\Daniel8Murphy0007\Star-Magic\whitepapers\PAPER_422_UQFF_29System_CrossValidation_Matrix.md"
"2026-05-11 10:08","18979","C:\Users\tmsjd\source\repos\Daniel8Murphy0007\Star-Magic\whitepapers\PAPER_426_UA_SCm_JWST_ALMA_CERN_Validation_Table.md"
"2026-05-11 10:08","16033","C:\Users\tmsjd\source\repos\Daniel8Murphy0007\Star-Magic\whitepapers\PAPER_510_GW150914_LIGO_BinaryBH_UQFF_Validation.md"
"2026-05-11 10:08","28175","C:\Users\tmsjd\source\repos\Daniel8Murphy0007\Star-Magic\whitepapers\PAPER_065_121_System_UQFF_Validation_Statistical_Summary.md"
"2026-05-11 10:08","22178","C:\Users\tmsjd\source\repos\Daniel8Murphy0007\Star-Magic\whitepapers\PAPER_077_LIGO_GWTC4_Cross_Validation_UQFF.md"
"2026-05-11 10:08","18115","C:\Users\tmsjd\source\repos\Daniel8Murphy0007\Star-Magic\whitepapers\PAPER_523_Quantum_Egg_Frequency_Numerical_Simulation_Orion_Nebula_Validation.md"
"2026-05-11 10:08","24415","C:\Users\tmsjd\source\repos\Daniel8Murphy0007\Star-Magic\whitepapers\PAPER_141_UQFF_H2O_Azeotrope_OceanicSalinity_Buoy_Ug4_NOAAValidation.md"
"2026-05-11 10:08","21474","C:\Users\tmsjd\source\repos\Daniel8Murphy0007\Star-Magic\whitepapers\PAPER_157_SolarSystem_UQFF_FU_Validation_Sun_Earth_Jupiter_Neptune.md"
"2026-05-11 10:08","22260","C:\Users\tmsjd\source\repos\Daniel8Murphy0007\Star-Magic\whitepapers\PAPER_073_GAIA_DR4_Stellar_UQFF_Validation.md"
"2026-05-11 10:08","17547","C:\Users\tmsjd\source\repos\Daniel8Murphy0007\Star-Magic\whitepapers\PAPER_869_MilkyWay_82Day_StarTracking_UFT_Analysis.md"
"2026-05-11 10:08","24566","C:\Users\tmsjd\source\repos\Daniel8Murphy0007\Star-Magic\whitepapers\PAPER_216_Triadic_UQFF_Numerical_Validation_Westerlund2_Pillars.md"
"2026-05-11 10:08","21479","C:\Users\tmsjd\source\repos\Daniel8Murphy0007\Star-Magic\whitepapers\PAPER_399_7System_MUGE_Numerical_Validation_Table.md"
"2026-05-11 10:08","19037","C:\Users\tmsjd\source\repos\Daniel8Murphy0007\Star-Magic\whitepapers\PAPER_407_FU_4Body_Solar_System_Numerical_Verification.md"
"2026-05-11 10:08","20801","C:\Users\tmsjd\source\repos\Daniel8Murphy0007\Star-Magic\whitepapers\PAPER_241_UQFF_Validation_CrossReference_ArXiv_Experimental_92pct.md"
"2026-05-11 10:08","23213","C:\Users\tmsjd\source\repos\Daniel8Murphy0007\Star-Magic\whitepapers\PAPER_337_Qwave81_Updated_Statistics_Phase_Separation_Cosine_Vela_Validation.md"
"2026-05-11 03:38","408864","C:\Users\tmsjd\source\repos\Daniel8Murphy0007\Star-Magic\pdf\PAPER_426_UA_SCm_JWST_ALMA_CERN_Validation_Table.pdf"
"2026-05-11 02:34","5888","C:\Users\tmsjd\source\repos\Daniel8Murphy0007\Star-Magic\SESSION_261_AUDIT_REPORT.md"
"2026-05-11 02:33","8852","C:\Users\tmsjd\source\repos\Daniel8Murphy0007\Star-Magic\_session261_audit_output.txt"
"2026-05-11 02:33","8939","C:\Users\tmsjd\source\repos\Daniel8Murphy0007\Star-Magic\_session261_audit.py"
"2026-05-11 00:56","18031","C:\Users\tmsjd\source\repos\Daniel8Murphy0007\Star-Magic\arxiv_submission_1159_1172\tex\PAPER_1164_UQFF_T22_Moduli_Stabilization_Closure.tex"
"2026-05-11 00:56","20216","C:\Users\tmsjd\source\repos\Daniel8Murphy0007\Star-Magic\arxiv_submission_1159_1172\tex\PAPER_1163_UQFF_DPM_SO2_LightCone_Closure.tex"
"2026-05-11 00:56","18682","C:\Users\tmsjd\source\repos\Daniel8Murphy0007\Star-Magic\arxiv_submission_1159_1172\tex\PAPER_1165_UQFF_beta_i_Triangular_Closure.tex"
"2026-05-11 00:56","9987","C:\Users\tmsjd\source\repos\Daniel8Murphy0007\Star-Magic\arxiv_submission_1159_1172\tex\PAPER_1166_UQFF_V_UA_Polynomial_Closure.tex"
"2026-05-11 00:56","21830","C:\Users\tmsjd\source\repos\Daniel8Murphy0007\Star-Magic\arxiv_submission_1159_1172\tex\PAPER_1162_UQFF_KK_Tower_Mode_By_Mode_Closure.tex"
"2026-05-11 00:56","6280","C:\Users\tmsjd\source\repos\Daniel8Murphy0007\Star-Magic\arxiv_submission_1159_1172\md\PAPER_1166_UQFF_V_UA_Polynomial_Closure.md"
"2026-05-11 00:56","19916","C:\Users\tmsjd\source\repos\Daniel8Murphy0007\Star-Magic\arxiv_submission_1159_1172\tex\PAPER_1159_UQFF_Phi_Res_Codimension_Closure.tex"
"2026-05-11 00:56","16707","C:\Users\tmsjd\source\repos\Daniel8Murphy0007\Star-Magic\arxiv_submission_1159_1172\tex\PAPER_1160_UQFF_F_TRZ_SO5_Closure.tex"
"2026-05-11 00:56","21230","C:\Users\tmsjd\source\repos\Daniel8Murphy0007\Star-Magic\arxiv_submission_1159_1172\tex\PAPER_1161_UQFF_26_Factorial_Pochhammer_Closure.tex"
"2026-05-11 00:56","12252","C:\Users\tmsjd\source\repos\Daniel8Murphy0007\Star-Magic\arxiv_submission_1159_1172\md\PAPER_1164_UQFF_T22_Moduli_Stabilization_Closure.md"
"2026-05-11 00:07","816","C:\Users\tmsjd\source\repos\Daniel8Murphy0007\Star-Magic\arxiv_submission_1159_1172\abstracts\PAPER_1160_UQFF_F_TRZ_SO5_Closure_abstract.txt"
"2026-05-11 00:07","932","C:\Users\tmsjd\source\repos\Daniel8Murphy0007\Star-Magic\arxiv_submission_1159_1172\abstracts\PAPER_1159_UQFF_Phi_Res_Codimension_Closure_abstract.txt"
"2026-05-11 00:07","774","C:\Users\tmsjd\source\repos\Daniel8Murphy0007\Star-Magic\arxiv_submission_1159_1172\abstracts\PAPER_1166_UQFF_V_UA_Polynomial_Closure_abstract.txt"
"2026-05-11 00:07","902","C:\Users\tmsjd\source\repos\Daniel8Murphy0007\Star-Magic\arxiv_submission_1159_1172\abstracts\PAPER_1161_UQFF_26_Factorial_Pochhammer_Closure_abstract.txt"
"2026-05-11 00:07","895","C:\Users\tmsjd\source\repos\Daniel8Murphy0007\Star-Magic\arxiv_submission_1159_1172\abstracts\PAPER_1164_UQFF_T22_Moduli_Stabilization_Closure_abstract.txt"
"2026-05-11 00:07","864","C:\Users\tmsjd\source\repos\Daniel8Murphy0007\Star-Magic\arxiv_submission_1159_1172\abstracts\PAPER_1165_UQFF_beta_i_Triangular_Closure_abstract.txt"
"2026-05-11 00:07","1066","C:\Users\tmsjd\source\repos\Daniel8Murphy0007\Star-Magic\arxiv_submission_1159_1172\abstracts\PAPER_1162_UQFF_KK_Tower_Mode_By_Mode_Closure_abstract.txt"
"2026-05-11 00:07","773","C:\Users\tmsjd\source\repos\Daniel8Murphy0007\Star-Magic\arxiv_submission_1159_1172\abstracts\PAPER_1163_UQFF_DPM_SO2_LightCone_Closure_abstract.txt"
"2026-05-10 21:18","12048","C:\Users\tmsjd\source\repos\Daniel8Murphy0007\Star-Magic\arxiv_submission_1159_1172\md\PAPER_1165_UQFF_beta_i_Triangular_Closure.md"
"2026-05-10 21:18","299702","C:\Users\tmsjd\source\repos\Daniel8Murphy0007\Star-Magic\pdf\PAPER_1160_UQFF_F_TRZ_SO5_Closure.pdf"
"2026-05-10 21:18","299702","C:\Users\tmsjd\source\repos\Daniel8Murphy0007\Star-Magic\arxiv_submission_1159_1172\pdf\PAPER_1160_UQFF_F_TRZ_SO5_Closure.pdf"
"2026-05-10 21:18","327654","C:\Users\tmsjd\source\repos\Daniel8Murphy0007\Star-Magic\pdf\PAPER_1161_UQFF_26_Factorial_Pochhammer_Closure.pdf"
"2026-05-10 21:18","13327","C:\Users\tmsjd\source\repos\Daniel8Murphy0007\Star-Magic\arxiv_submission_1159_1172\md\PAPER_1163_UQFF_DPM_SO2_LightCone_Closure.md"
"2026-05-10 21:18","308628","C:\Users\tmsjd\source\repos\Daniel8Murphy0007\Star-Magic\pdf\PAPER_1163_UQFF_DPM_SO2_LightCone_Closure.pdf"
"2026-05-10 21:18","400967","C:\Users\tmsjd\source\repos\Daniel8Murphy0007\Star-Magic\pdf\PAPER_1162_UQFF_KK_Tower_Mode_By_Mode_Closure.pdf"
"2026-05-10 21:18","277652","C:\Users\tmsjd\source\repos\Daniel8Murphy0007\Star-Magic\arxiv_submission_1159_1172\pdf\PAPER_1165_UQFF_beta_i_Triangular_Closure.pdf"
"2026-05-10 21:18","13327","C:\Users\tmsjd\source\repos\Daniel8Murphy0007\Star-Magic\whitepapers\PAPER_1163_UQFF_DPM_SO2_LightCone_Closure.md"
"2026-05-10 21:18","12250","C:\Users\tmsjd\source\repos\Daniel8Murphy0007\Star-Magic\whitepapers\PAPER_1164_UQFF_T22_Moduli_Stabilization_Closure.md"
"2026-05-10 21:18","347520","C:\Users\tmsjd\source\repos\Daniel8Murphy0007\Star-Magic\arxiv_submission_1159_1172\pdf\PAPER_1164_UQFF_T22_Moduli_Stabilization_Closure.pdf"
"2026-05-10 21:18","327654","C:\Users\tmsjd\source\repos\Daniel8Murphy0007\Star-Magic\arxiv_submission_1159_1172\pdf\PAPER_1161_UQFF_26_Factorial_Pochhammer_Closure.pdf"
"2026-05-10 21:18","400967","C:\Users\tmsjd\source\repos\Daniel8Murphy0007\Star-Magic\arxiv_submission_1159_1172\pdf\PAPER_1162_UQFF_KK_Tower_Mode_By_Mode_Closure.pdf"
"2026-05-10 21:18","308628","C:\Users\tmsjd\source\repos\Daniel8Murphy0007\Star-Magic\arxiv_submission_1159_1172\pdf\PAPER_1163_UQFF_DPM_SO2_LightCone_Closure.pdf"
"2026-05-10 21:18","12048","C:\Users\tmsjd\source\repos\Daniel8Murphy0007\Star-Magic\whitepapers\PAPER_1165_UQFF_beta_i_Triangular_Closure.md"
"2026-05-10 21:18","10306","C:\Users\tmsjd\source\repos\Daniel8Murphy0007\Star-Magic\whitepapers\PAPER_1160_UQFF_F_TRZ_SO5_Closure.md"
"2026-05-10 21:18","12952","C:\Users\tmsjd\source\repos\Daniel8Murphy0007\Star-Magic\whitepapers\PAPER_1162_UQFF_KK_Tower_Mode_By_Mode_Closure.md"
"2026-05-10 21:18","12260","C:\Users\tmsjd\source\repos\Daniel8Murphy0007\Star-Magic\whitepapers\PAPER_1161_UQFF_26_Factorial_Pochhammer_Closure.md"
"2026-05-10 21:18","10306","C:\Users\tmsjd\source\repos\Daniel8Murphy0007\Star-Magic\arxiv_submission_1159_1172\md\PAPER_1160_UQFF_F_TRZ_SO5_Closure.md"
"2026-05-10 21:18","347520","C:\Users\tmsjd\source\repos\Daniel8Murphy0007\Star-Magic\pdf\PAPER_1164_UQFF_T22_Moduli_Stabilization_Closure.pdf"
"2026-05-10 21:18","12952","C:\Users\tmsjd\source\repos\Daniel8Murphy0007\Star-Magic\arxiv_submission_1159_1172\md\PAPER_1162_UQFF_KK_Tower_Mode_By_Mode_Closure.md"
"2026-05-10 21:18","277652","C:\Users\tmsjd\source\repos\Daniel8Murphy0007\Star-Magic\pdf\PAPER_1165_UQFF_beta_i_Triangular_Closure.pdf"
"2026-05-10 21:18","12260","C:\Users\tmsjd\source\repos\Daniel8Murphy0007\Star-Magic\arxiv_submission_1159_1172\md\PAPER_1161_UQFF_26_Factorial_Pochhammer_Closure.md"
"2026-05-10 21:01","259172","C:\Users\tmsjd\source\repos\Daniel8Murphy0007\Star-Magic\arxiv_submission_1159_1172\pdf\PAPER_1166_UQFF_V_UA_Polynomial_Closure.pdf"
"2026-05-10 21:01","6280","C:\Users\tmsjd\source\repos\Daniel8Murphy0007\Star-Magic\whitepapers\PAPER_1166_UQFF_V_UA_Polynomial_Closure.md"
"2026-05-10 21:01","259172","C:\Users\tmsjd\source\repos\Daniel8Murphy0007\Star-Magic\pdf\PAPER_1166_UQFF_V_UA_Polynomial_Closure.pdf"
"2026-05-10 19:55","287734","C:\Users\tmsjd\source\repos\Daniel8Murphy0007\Star-Magic\pdf\PAPER_1159_UQFF_Phi_Res_Codimension_Closure.pdf"
"2026-05-10 19:55","287734","C:\Users\tmsjd\source\repos\Daniel8Murphy0007\Star-Magic\arxiv_submission_1159_1172\pdf\PAPER_1159_UQFF_Phi_Res_Codimension_Closure.pdf"
"2026-05-10 19:53","12044","C:\Users\tmsjd\source\repos\Daniel8Murphy0007\Star-Magic\whitepapers\PAPER_1159_UQFF_Phi_Res_Codimension_Closure.md"
"2026-05-10 19:53","12044","C:\Users\tmsjd\source\repos\Daniel8Murphy0007\Star-Magic\arxiv_submission_1159_1172\md\PAPER_1159_UQFF_Phi_Res_Codimension_Closure.md"
"2026-05-10 18:14","368700","C:\Users\tmsjd\source\repos\Daniel8Murphy0007\Star-Magic\pdf\PAPER_1156_UQFF_Cosmological_Constant_Closure.pdf"
"2026-05-10 18:14","16547","C:\Users\tmsjd\source\repos\Daniel8Murphy0007\Star-Magic\whitepapers\PAPER_1156_UQFF_Cosmological_Constant_Closure.md"
"2026-05-10 17:53","3509","C:\Users\tmsjd\source\repos\Daniel8Murphy0007\Star-Magic\_lambda_closure_v1.py"
"2026-05-10 09:05","3259","C:\Users\tmsjd\source\repos\Daniel8Murphy0007\Star-Magic\build_msvc\.cmake\api\v1\reply\target-absl__status-RelWithDebInfo-3f618d26b22d23674f0e.json"
"2026-05-10 09:05","3263","C:\Users\tmsjd\source\repos\Daniel8Murphy0007\Star-Magic\build_msvc\.cmake\api\v1\reply\target-absl__statusor-RelWithDebInfo-691dd5dd60dd78600da3.json"
"2026-05-10 09:05","5931","C:\Users\tmsjd\source\repos\Daniel8Murphy0007\Star-Magic\build_msvc\.cmake\api\v1\reply\target-test_source4_validation-RelWithDebInfo-05598b64bea5f9bc838f.json"
"2026-05-10 09:04","6070","C:\Users\tmsjd\source\repos\Daniel8Murphy0007\Star-Magic\build_msvc\.cmake\api\v1\reply\target-test_source4_validation-Release-918600eaa9410587c604.json"
"2026-05-10 09:04","5877","C:\Users\tmsjd\source\repos\Daniel8Murphy0007\Star-Magic\build_msvc\.cmake\api\v1\reply\target-test_source4_validation-Debug-40e5fef65ee8159ce18a.json"
"2026-05-10 09:04","5911","C:\Users\tmsjd\source\repos\Daniel8Murphy0007\Star-Magic\build_msvc\.cmake\api\v1\reply\target-test_source4_validation-MinSizeRel-6cffbfef9fc9a17d416a.json"
"2026-05-10 09:04","3263","C:\Users\tmsjd\source\repos\Daniel8Murphy0007\Star-Magic\build_msvc\.cmake\api\v1\reply\target-absl__statusor-Release-691dd5dd60dd78600da3.json"
"2026-05-10 09:04","3259","C:\Users\tmsjd\source\repos\Daniel8Murphy0007\Star-Magic\build_msvc\.cmake\api\v1\reply\target-absl__status-Release-3f618d26b22d23674f0e.json"
"2026-05-10 09:04","3259","C:\Users\tmsjd\source\repos\Daniel8Murphy0007\Star-Magic\build_msvc\.cmake\api\v1\reply\target-absl__status-MinSizeRel-3f618d26b22d23674f0e.json"
"2026-05-10 09:04","3263","C:\Users\tmsjd\source\repos\Daniel8Murphy0007\Star-Magic\build_msvc\.cmake\api\v1\reply\target-absl__statusor-Debug-691dd5dd60dd78600da3.json"
"2026-05-10 09:04","3259","C:\Users\tmsjd\source\repos\Daniel8Murphy0007\Star-Magic\build_msvc\.cmake\api\v1\reply\target-absl__status-Debug-3f618d26b22d23674f0e.json"
"2026-05-10 09:04","3263","C:\Users\tmsjd\source\repos\Daniel8Murphy0007\Star-Magic\build_msvc\.cmake\api\v1\reply\target-absl__statusor-MinSizeRel-691dd5dd60dd78600da3.json"
"2026-05-08 21:11","983","C:\Users\tmsjd\source\repos\Daniel8Murphy0007\Star-Magic\wolfram_registry_analysis.cpp"
"2026-05-07 01:08","513003","C:\Users\tmsjd\source\repos\Daniel8Murphy0007\Star-Magic\build_msvc\wolfram_registry_analysis.vcxproj"
"2026-05-07 01:08","1506","C:\Users\tmsjd\source\repos\Daniel8Murphy0007\Star-Magic\build_msvc\wolfram_registry_analysis.vcxproj.filters"
"2026-05-06 14:00","738","C:\Users\tmsjd\source\repos\Daniel8Murphy0007\Star-Magic\_audit_subdir_vcxproj.ps1"
"2026-05-06 13:57","1597","C:\Users\tmsjd\source\repos\Daniel8Murphy0007\Star-Magic\_audit_vcxproj_versions.ps1"
"2026-05-06 06:45","7279","C:\Users\tmsjd\source\repos\Daniel8Murphy0007\Star-Magic\Release\ValidationData.py"
"2026-05-06 06:45","310689","C:\Users\tmsjd\source\repos\Daniel8Murphy0007\Star-Magic\Release\CondensedPhysics_Validation.py"
"2026-05-06 03:00","522667","C:\Users\tmsjd\source\repos\Daniel8Murphy0007\Star-Magic\test_source4_validation.vcxproj"
"2026-05-06 00:28","24723","C:\Users\tmsjd\source\repos\Daniel8Murphy0007\Star-Magic\MAIN_1_CoAnQi_integration_status.json"
"2026-05-05 16:23","7507","C:\Users\tmsjd\source\repos\Daniel8Murphy0007\Star-Magic\_RareMathOcc20June2025_audit.md"
"2026-05-05 14:24","14533","C:\Users\tmsjd\source\repos\Daniel8Murphy0007\Star-Magic\_5b41d132_audit.md"
"2026-05-04 09:09","3627","C:\Users\tmsjd\source\repos\Daniel8Murphy0007\Star-Magic\_verify_statement.py"
"2026-05-04 09:03","2033","C:\Users\tmsjd\source\repos\Daniel8Murphy0007\Star-Magic\_verify_full_state.py"
"2026-05-04 09:03","904","C:\Users\tmsjd\source\repos\Daniel8Murphy0007\Star-Magic\_verify_manifolds.py"
"2026-05-04 01:34","319849","C:\Users\tmsjd\source\repos\Daniel8Murphy0007\Star-Magic\pdf\PAPER_869_MilkyWay_82Day_StarTracking_UFT_Analysis.pdf"
"2026-05-04 01:29","394680","C:\Users\tmsjd\source\repos\Daniel8Murphy0007\Star-Magic\pdf\PAPER_613_UQFF_NASA_ATP_Grant_Framework_Validation.pdf"
"2026-05-04 01:28","371643","C:\Users\tmsjd\source\repos\Daniel8Murphy0007\Star-Magic\pdf\PAPER_569_Olbers_EBL_Benchmark_3p1e-6_Validation.pdf"
"2026-05-04 01:28","362578","C:\Users\tmsjd\source\repos\Daniel8Murphy0007\Star-Magic\pdf\PAPER_566_AldersOlbers_BSFG_Metric_GapAnalysis.pdf"
"2026-05-04 01:27","337345","C:\Users\tmsjd\source\repos\Daniel8Murphy0007\Star-Magic\pdf\PAPER_510_GW150914_LIGO_BinaryBH_UQFF_Validation.pdf"
"2026-05-04 01:27","375296","C:\Users\tmsjd\source\repos\Daniel8Murphy0007\Star-Magic\pdf\PAPER_523_Quantum_Egg_Frequency_Numerical_Simulation_Orion_Nebula_Validation.pdf"
"2026-05-04 01:25","359422","C:\Users\tmsjd\source\repos\Daniel8Murphy0007\Star-Magic\pdf\PAPER_399_7System_MUGE_Numerical_Validation_Table.pdf"
"2026-05-04 01:25","354260","C:\Users\tmsjd\source\repos\Daniel8Murphy0007\Star-Magic\pdf\PAPER_422_UQFF_29System_CrossValidation_Matrix.pdf"
"2026-05-04 01:25","369064","C:\Users\tmsjd\source\repos\Daniel8Murphy0007\Star-Magic\pdf\PAPER_407_FU_4Body_Solar_System_Numerical_Verification.pdf"
"2026-05-04 01:23","372526","C:\Users\tmsjd\source\repos\Daniel8Murphy0007\Star-Magic\pdf\PAPER_337_Qwave81_Updated_Statistics_Phase_Separation_Cosine_Vela_Validation.pdf"
"2026-05-04 01:21","355568","C:\Users\tmsjd\source\repos\Daniel8Murphy0007\Star-Magic\pdf\PAPER_216_Triadic_UQFF_Numerical_Validation_Westerlund2_Pillars.pdf"
"2026-05-04 01:21","393759","C:\Users\tmsjd\source\repos\Daniel8Murphy0007\Star-Magic\pdf\PAPER_241_UQFF_Validation_CrossReference_ArXiv_Experimental_92pct.pdf"
"2026-05-04 01:20","360892","C:\Users\tmsjd\source\repos\Daniel8Murphy0007\Star-Magic\pdf\PAPER_157_SolarSystem_UQFF_FU_Validation_Sun_Earth_Jupiter_Neptune.pdf"
"2026-05-04 01:19","407065","C:\Users\tmsjd\source\repos\Daniel8Murphy0007\Star-Magic\pdf\PAPER_141_UQFF_H2O_Azeotrope_OceanicSalinity_Buoy_Ug4_NOAAValidation.pdf"
"2026-05-04 01:18","355223","C:\Users\tmsjd\source\repos\Daniel8Murphy0007\Star-Magic\pdf\PAPER_065_121_System_UQFF_Validation_Statistical_Summary.pdf"
"2026-05-04 01:18","383959","C:\Users\tmsjd\source\repos\Daniel8Murphy0007\Star-Magic\pdf\PAPER_073_GAIA_DR4_Stellar_UQFF_Validation.pdf"
"2026-05-04 01:18","358239","C:\Users\tmsjd\source\repos\Daniel8Murphy0007\Star-Magic\pdf\PAPER_077_LIGO_GWTC4_Cross_Validation_UQFF.pdf"
"2026-05-04 00:46","242697","C:\Users\tmsjd\source\repos\Daniel8Murphy0007\Star-Magic\pdf\PAPER_1134_SCm_Riemann_Hypothesis_Closure.pdf"
"2026-05-04 00:46","199467","C:\Users\tmsjd\source\repos\Daniel8Murphy0007\Star-Magic\pdf\PAPER_1136_SCm_Holmlid_KER_Reactor_Validation.pdf"
"2026-05-04 00:46","253732","C:\Users\tmsjd\source\repos\Daniel8Murphy0007\Star-Magic\pdf\PAPER_1137_SCm_Holmlid_Rossi_Parkhomov_Validation.pdf"
"2026-05-04 00:46","240049","C:\Users\tmsjd\source\repos\Daniel8Murphy0007\Star-Magic\pdf\PAPER_1135_SCm_Vacuum_Manifold_Hub_Reactor_Validation.pdf"
"2026-05-04 00:45","286969","C:\Users\tmsjd\source\repos\Daniel8Murphy0007\Star-Magic\pdf\PAPER_1077_ALMA_Cycle12_Validation.pdf"
"2026-05-04 00:43","240419","C:\Users\tmsjd\source\repos\Daniel8Murphy0007\Star-Magic\pdf\PAPER_975_Triadic_QGP_Validation.pdf"
"2026-05-04 00:43","305876","C:\Users\tmsjd\source\repos\Daniel8Murphy0007\Star-Magic\pdf\PAPER_983_SCm_First_Axiom_Validation.pdf"
"2026-05-03 11:48","9162","C:\Users\tmsjd\source\repos\Daniel8Murphy0007\Star-Magic\whitepapers\PAPER_1135_SCm_Vacuum_Manifold_Hub_Reactor_Validation.md"
"2026-05-03 11:48","4113","C:\Users\tmsjd\source\repos\Daniel8Murphy0007\Star-Magic\whitepapers\PAPER_1137_SCm_Holmlid_Rossi_Parkhomov_Validation.md"
"2026-05-03 11:48","2787","C:\Users\tmsjd\source\repos\Daniel8Murphy0007\Star-Magic\whitepapers\PAPER_1136_SCm_Holmlid_KER_Reactor_Validation.md"
"2026-05-03 11:48","9850","C:\Users\tmsjd\source\repos\Daniel8Murphy0007\Star-Magic\whitepapers\PAPER_1134_SCm_Riemann_Hypothesis_Closure.md"
"2026-05-03 11:48","9568","C:\Users\tmsjd\source\repos\Daniel8Murphy0007\Star-Magic\whitepapers\PAPER_983_SCm_First_Axiom_Validation.md"
"2026-05-03 11:48","9143","C:\Users\tmsjd\source\repos\Daniel8Murphy0007\Star-Magic\whitepapers\PAPER_975_Triadic_QGP_Validation.md"
"2026-05-03 11:48","7597","C:\Users\tmsjd\source\repos\Daniel8Murphy0007\Star-Magic\whitepapers\PAPER_1077_ALMA_Cycle12_Validation.md"
"2026-05-03 09:56","1409","C:\Users\tmsjd\source\repos\Daniel8Murphy0007\Star-Magic\_audit_10_refs.py"
"2026-05-03 00:28","1397","C:\Users\tmsjd\source\repos\Daniel8Murphy0007\Star-Magic\_audit_stale_pdfs.py"
"2026-05-03 00:27","1066","C:\Users\tmsjd\source\repos\Daniel8Murphy0007\Star-Magic\_audit_commits.py"
"2026-05-03 00:21","1230","C:\Users\tmsjd\source\repos\Daniel8Murphy0007\Star-Magic\_verify_quest.py"
"2026-04-24 23:07","10497","C:\Users\tmsjd\source\repos\Daniel8Murphy0007\Star-Magic\pdf\PAPER_1137_SCm_Holmlid_Rossi_Parkhomov_Validation.log"
"2026-04-24 23:05","3485","C:\Users\tmsjd\source\repos\Daniel8Murphy0007\Star-Magic\pdf\SCm_Holmlid_Rossi_Parkhomov_Validation.tex"
"2026-04-24 22:53","7265","C:\Users\tmsjd\source\repos\Daniel8Murphy0007\Star-Magic\pdf\PAPER_1136_SCm_Holmlid_KER_Reactor_Validation.log"
"2026-04-24 22:51","2202","C:\Users\tmsjd\source\repos\Daniel8Murphy0007\Star-Magic\pdf\SCm_Holmlid_KER_Validation.tex"
"2026-04-24 22:41","6774","C:\Users\tmsjd\source\repos\Daniel8Murphy0007\Star-Magic\.venv_py314_backup\Lib\site-packages\debugpy\_vendored\pydevd\pydevd_plugins\pydevd_line_validation.py"
"2026-04-24 22:41","11708","C:\Users\tmsjd\source\repos\Daniel8Murphy0007\Star-Magic\.venv_py314_backup\Lib\site-packages\jedi\inference\__pycache__\analysis.cpython-314.pyc"
"2026-04-24 22:41","5846","C:\Users\tmsjd\source\repos\Daniel8Murphy0007\Star-Magic\.venv_py314_backup\Lib\site-packages\debugpy\_vendored\pydevd\pydevd_plugins\__pycache__\pydevd_line_validation.cpython-314.pyc"
"2026-04-24 22:41","4583","C:\Users\tmsjd\source\repos\Daniel8Murphy0007\Star-Magic\.venv_py314_backup\Lib\site-packages\jedi\inference\flow_analysis.py"
"2026-04-24 22:41","7763","C:\Users\tmsjd\source\repos\Daniel8Murphy0007\Star-Magic\.venv_py314_backup\Lib\site-packages\jedi\inference\analysis.py"
"2026-04-24 22:41","331","C:\Users\tmsjd\source\repos\Daniel8Murphy0007\Star-Magic\.venv_py314_backup\Lib\site-packages\jedi\third_party\typeshed\third_party\2and3\pymysql\constants\SERVER_STATUS.pyi"
"2026-04-24 22:41","2975","C:\Users\tmsjd\source\repos\Daniel8Murphy0007\Star-Magic\.venv_py314_backup\Lib\site-packages\prompt_toolkit\contrib\regular_languages\__pycache__\validation.cpython-314.pyc"
"2026-04-24 22:41","5807","C:\Users\tmsjd\source\repos\Daniel8Murphy0007\Star-Magic\.venv_py314_backup\Lib\site-packages\prompt_toolkit\validation.py"
"2026-04-24 22:41","35","C:\Users\tmsjd\source\repos\Daniel8Murphy0007\Star-Magic\.venv_py314_backup\Lib\site-packages\jedi\third_party\typeshed\third_party\2and3\requests\status_codes.pyi"
"2026-04-24 22:41","11697","C:\Users\tmsjd\source\repos\Daniel8Murphy0007\Star-Magic\.venv_py314_backup\Lib\site-packages\prompt_toolkit\__pycache__\validation.cpython-314.pyc"
"2026-04-24 22:41","2052","C:\Users\tmsjd\source\repos\Daniel8Murphy0007\Star-Magic\.venv_py314_backup\Lib\site-packages\jedi\third_party\django-stubs\django-stubs\contrib\auth\password_validation.pyi"
"2026-04-24 22:41","5983","C:\Users\tmsjd\source\repos\Daniel8Murphy0007\Star-Magic\.venv_py314_backup\Lib\site-packages\jedi\inference\__pycache__\flow_analysis.cpython-314.pyc"
"2026-04-24 22:41","386","C:\Users\tmsjd\source\repos\Daniel8Murphy0007\Star-Magic\.venv_py314_backup\Lib\site-packages\jedi\third_party\django-stubs\django-stubs\db\backends\base\validation.pyi"
"2026-04-24 22:41","2059","C:\Users\tmsjd\source\repos\Daniel8Murphy0007\Star-Magic\.venv_py314_backup\Lib\site-packages\prompt_toolkit\contrib\regular_languages\validation.py"
"2026-04-24 05:48","283947","C:\Users\tmsjd\source\repos\Daniel8Murphy0007\Star-Magic\VALIDATION_MASTER_INDEX.md"
"2026-04-24 05:46","135480","C:\Users\tmsjd\source\repos\Daniel8Murphy0007\Star-Magic\VALIDATION_MASTER_INDEX_2.md"
"2026-04-24 05:46","29795","C:\Users\tmsjd\source\repos\Daniel8Murphy0007\Star-Magic\VALIDATION_COMPARISON_REPORT.md"
"2026-04-24 05:46","16255","C:\Users\tmsjd\source\repos\Daniel8Murphy0007\Star-Magic\UQFF_VALIDATION_CONVERSATION_CAPTURE.md"
"2026-04-23 19:46","1172","C:\Users\tmsjd\source\repos\Daniel8Murphy0007\Star-Magic\.github\workflows\source4-validation.yml"
"2026-04-23 19:46","27878","C:\Users\tmsjd\source\repos\Daniel8Murphy0007\Star-Magic\test_source4_validation.cpp"
"2026-04-23 13:21","38722","C:\Users\tmsjd\source\repos\Daniel8Murphy0007\Star-Magic\uqff_validation_test.py"
"2026-04-23 02:26","12282","C:\Users\tmsjd\source\repos\Daniel8Murphy0007\Star-Magic\triadic_validations_next.py"
"2026-04-21 09:40","17553","C:\Users\tmsjd\source\repos\Daniel8Murphy0007\Star-Magic\wolfram_extraction\source6_detailed_analysis.md"
"2026-04-21 09:40","37245","C:\Users\tmsjd\source\repos\Daniel8Murphy0007\Star-Magic\ARCHITECTURE_ANALYSIS_Feb2026.md"
"2026-04-21 09:40","17230","C:\Users\tmsjd\source\repos\Daniel8Murphy0007\Star-Magic\CONDENSEDPHYSICS_CRITICAL_REANALYSIS.md"
"2026-04-20 20:15","202534","C:\Users\tmsjd\source\repos\Daniel8Murphy0007\Star-Magic\build_source2_restore\test_source4_validation.vcxproj"
"2026-04-20 20:15","644","C:\Users\tmsjd\source\repos\Daniel8Murphy0007\Star-Magic\build_source2_restore\test_source4_validation.vcxproj.filters"
"2026-04-20 20:06","310689","C:\Users\tmsjd\source\repos\Daniel8Murphy0007\Star-Magic\Debug\CondensedPhysics_Validation.py"
"2026-04-20 20:06","7279","C:\Users\tmsjd\source\repos\Daniel8Murphy0007\Star-Magic\Debug\ValidationData.py"
"2026-04-20 16:34","644","C:\Users\tmsjd\source\repos\Daniel8Murphy0007\Star-Magic\test_source4_validation.vcxproj.filters"
"2026-04-19 01:37","4905","C:\Users\tmsjd\source\repos\Daniel8Murphy0007\Star-Magic\arxiv_validation_data.csv"
"2026-04-17 22:49","17952","C:\Users\tmsjd\source\repos\Daniel8Murphy0007\Star-Magic\test_muge_resonance_validation.py"
"2026-04-16 23:57","76237","C:\Users\tmsjd\source\repos\Daniel8Murphy0007\Star-Magic\Core\Modules\UQFFValidationBatch23Module.cpp"
"2026-04-16 21:03","644","C:\Users\tmsjd\source\repos\Daniel8Murphy0007\Star-Magic\build_msvc\test_source4_validation.vcxproj.filters"
"2026-04-16 21:03","504895","C:\Users\tmsjd\source\repos\Daniel8Murphy0007\Star-Magic\build_msvc\test_source4_validation.vcxproj"
"2026-04-14 11:45","20451","C:\Users\tmsjd\source\repos\Daniel8Murphy0007\Star-Magic\alma_cycle12_validation.py"
"2026-04-13 08:58","599336","C:\Users\tmsjd\source\repos\Daniel8Murphy0007\Star-Magic\audit_gold_standard_results.json"
"2026-04-13 08:52","384","C:\Users\tmsjd\source\repos\Daniel8Murphy0007\Star-Magic\analyze_audit.py"
"2026-04-13 08:50","14370","C:\Users\tmsjd\source\repos\Daniel8Murphy0007\Star-Magic\audit_gold_standard.py"
"2026-04-09 20:28","5839","C:\Users\tmsjd\source\repos\Daniel8Murphy0007\Star-Magic\production_output\UQFF_Production_ArXiv_Manuscript_20260409_202803\batch_summary_report.md"
"2026-04-08 21:58","2080","C:\Users\tmsjd\source\repos\Daniel8Murphy0007\Star-Magic\production_benchmark_v4_report.json"
"2026-04-08 01:57","1124","C:\Users\tmsjd\source\repos\Daniel8Murphy0007\Star-Magic\whitepaper_audit_results.json"
"2026-04-07 19:48","10872","C:\Users\tmsjd\source\repos\Daniel8Murphy0007\Star-Magic\whitepaper_audit.py"
"2026-04-05 07:12","3295","C:\Users\tmsjd\source\repos\Daniel8Murphy0007\Star-Magic\sessions\_session_201_analysis.md"
"2026-04-05 03:57","3807","C:\Users\tmsjd\source\repos\Daniel8Murphy0007\Star-Magic\sessions\_session200c_analysis_mass_weight.md"
"2026-04-04 21:03","5661","C:\Users\tmsjd\source\repos\Daniel8Murphy0007\Star-Magic\sessions\_session200b_analysis_simulator.md"
"2026-04-04 20:54","225216","C:\Users\tmsjd\source\repos\Daniel8Murphy0007\Star-Magic\whitepapers\advanced_system_analysis_simulator_quantum_calculator.txt"
"2026-04-04 20:41","4574","C:\Users\tmsjd\source\repos\Daniel8Murphy0007\Star-Magic\sessions\_session200_analysis_273b2433.md"
"2026-04-04 19:04","4455","C:\Users\tmsjd\source\repos\Daniel8Murphy0007\Star-Magic\sessions\_session199_analysis_589f6949.md"
"2026-04-04 18:24","3511","C:\Users\tmsjd\source\repos\Daniel8Murphy0007\Star-Magic\sessions\_session198_analysis_be188d1c.md"
"2026-04-04 18:00","6027","C:\Users\tmsjd\source\repos\Daniel8Murphy0007\Star-Magic\sessions\_session197_analysis_d1b5f26e.md"
"2026-04-04 16:00","9998","C:\Users\tmsjd\source\repos\Daniel8Murphy0007\Star-Magic\sessions\_session196_analysis_a694a070.md"
"2026-04-04 14:43","7163","C:\Users\tmsjd\source\repos\Daniel8Murphy0007\Star-Magic\sessions\_session195_analysis_ab2e7192.md"
"2026-04-04 14:15","8942","C:\Users\tmsjd\source\repos\Daniel8Murphy0007\Star-Magic\sessions\_session194_analysis_ff3398b4.md"
"2026-04-03 16:31","4082","C:\Users\tmsjd\source\repos\Daniel8Murphy0007\Star-Magic\deep_analysis_2.py"
"2026-04-03 16:24","5964","C:\Users\tmsjd\source\repos\Daniel8Murphy0007\Star-Magic\deep_glyph_audit.py"
"2026-04-03 16:23","115821","C:\Users\tmsjd\source\repos\Daniel8Murphy0007\Star-Magic\glyph_audit_results.json"
"2026-04-02 18:59","6645","C:\Users\tmsjd\source\repos\Daniel8Murphy0007\Star-Magic\_thread_06Jun2025_audit.md"
"2026-04-02 18:28","6336","C:\Users\tmsjd\source\repos\Daniel8Murphy0007\Star-Magic\_thread_05June2025_audit.md"
"2026-04-02 17:54","5679","C:\Users\tmsjd\source\repos\Daniel8Murphy0007\Star-Magic\_2f342cfb3cd54_audit.md"
"2026-04-02 17:38","5855","C:\Users\tmsjd\source\repos\Daniel8Murphy0007\Star-Magic\_efbc185669d_audit.md"
"2026-04-01 23:23","8124","C:\Users\tmsjd\source\repos\Daniel8Murphy0007\Star-Magic\ANALYSIS_ba508f76c8e.md"
"2026-04-01 08:07","9223","C:\Users\tmsjd\source\repos\Daniel8Murphy0007\Star-Magic\SESSION_172_AUDIT_HELPER.md"
"2026-04-01 07:28","5812","C:\Users\tmsjd\source\repos\Daniel8Murphy0007\Star-Magic\SESSION_171_AUDIT_HELPER.md"
"2026-03-31 17:43","7049","C:\Users\tmsjd\source\repos\Daniel8Murphy0007\Star-Magic\SESSION_169_AUDIT_HELPER.md"
"2026-03-31 16:43","12219","C:\Users\tmsjd\source\repos\Daniel8Murphy0007\Star-Magic\SESSION_168_AUDIT_HELPER.md"
"2026-03-30 14:55","24145","C:\Users\tmsjd\source\repos\Daniel8Murphy0007\Star-Magic\cross-validation-of-whitepapers.md"
"2026-03-30 12:36","9254","C:\Users\tmsjd\source\repos\Daniel8Murphy0007\Star-Magic\session_161_physics_audit.md"
"2026-03-30 04:52","4906","C:\Users\tmsjd\source\repos\Daniel8Murphy0007\Star-Magic\session_160_physics_audit.md"
"2026-03-30 03:54","10639","C:\Users\tmsjd\source\repos\Daniel8Murphy0007\Star-Magic\session_159_physics_audit.md"
"2026-03-29 20:45","11057","C:\Users\tmsjd\source\repos\Daniel8Murphy0007\Star-Magic\session_157_physics_audit.md"
"2026-03-24 18:15","5802","C:\Users\tmsjd\source\repos\Daniel8Murphy0007\Star-Magic\GROK_SHARE_84A767D3_ANALYSIS.md"
"2026-03-24 02:56","10881","C:\Users\tmsjd\source\repos\Daniel8Murphy0007\Star-Magic\GROK_SHARE_1JKDSGV7_ANALYSIS.md"
"2026-03-23 22:27","11708","C:\Users\tmsjd\source\repos\Daniel8Murphy0007\Star-Magic\GROK_SHARE_C35C3B7A1_ANALYSIS.md"
"2026-03-23 03:05","1234","C:\Users\tmsjd\source\repos\Daniel8Murphy0007\Star-Magic\gap_analysis_tmp.py"
"2026-03-09 17:12","7630","C:\Users\tmsjd\source\repos\Daniel8Murphy0007\Star-Magic\lhc_uqff_validation.py"
"2026-03-09 00:44","351","C:\Users\tmsjd\source\repos\Daniel8Murphy0007\Star-Magic\.venv_py314_backup\Lib\site-packages\openai\types\beta\threads\run_status.py"
"2026-03-09 00:44","1784","C:\Users\tmsjd\source\repos\Daniel8Murphy0007\Star-Magic\.venv_py314_backup\Lib\site-packages\openai\types\beta\realtime\__pycache__\realtime_response_status.cpython-314.pyc"
"2026-03-09 00:44","747","C:\Users\tmsjd\source\repos\Daniel8Murphy0007\Star-Magic\.venv_py314_backup\Lib\site-packages\openai\types\beta\threads\__pycache__\run_status.cpython-314.pyc"
"2026-03-09 00:44","708","C:\Users\tmsjd\source\repos\Daniel8Murphy0007\Star-Magic\.venv_py314_backup\Lib\site-packages\openai\types\responses\__pycache__\response_status.cpython-314.pyc"
"2026-03-09 00:44","278","C:\Users\tmsjd\source\repos\Daniel8Murphy0007\Star-Magic\.venv_py314_backup\Lib\site-packages\openai\types\responses\response_status.py"
"2026-03-09 00:44","1500","C:\Users\tmsjd\source\repos\Daniel8Murphy0007\Star-Magic\.venv_py314_backup\Lib\site-packages\openai\types\realtime\realtime_response_status.py"
"2026-03-09 00:44","684","C:\Users\tmsjd\source\repos\Daniel8Murphy0007\Star-Magic\.venv_py314_backup\Lib\site-packages\openai\types\beta\chatkit\__pycache__\chat_session_status.cpython-314.pyc"
"2026-03-09 00:43","243","C:\Users\tmsjd\source\repos\Daniel8Murphy0007\Star-Magic\.venv_py314_backup\Lib\site-packages\openai\types\beta\chatkit\chat_session_status.py"
"2026-03-09 00:43","1326","C:\Users\tmsjd\source\repos\Daniel8Murphy0007\Star-Magic\.venv_py314_backup\Lib\site-packages\openai\types\beta\realtime\realtime_response_status.py"
"2026-03-08 19:36","4769","C:\Users\tmsjd\source\repos\Daniel8Murphy0007\Star-Magic\verify_auth_grok.py"
"2026-03-08 04:27","41710","C:\Users\tmsjd\source\repos\Daniel8Murphy0007\Star-Magic\GrokThread_UQFF_0904_Validation.py"
"2026-03-07 15:10","7579","C:\Users\tmsjd\source\repos\Daniel8Murphy0007\Star-Magic\arxiv_validation_report.md"
"2026-03-06 18:03","3523","C:\Users\tmsjd\source\repos\Daniel8Murphy0007\Star-Magic\cmbe_analysis_report.txt"
"2026-03-06 18:03","5007","C:\Users\tmsjd\source\repos\Daniel8Murphy0007\Star-Magic\cmbe_dedup_analysis.py"
"2026-03-06 18:03","219066","C:\Users\tmsjd\source\repos\Daniel8Murphy0007\Star-Magic\cmbe_analysis_raw.txt"
"2026-03-06 17:46","310689","C:\Users\tmsjd\source\repos\Daniel8Murphy0007\Star-Magic\CondensedPhysics_Validation.py"
"2026-03-06 05:59","6863","C:\Users\tmsjd\source\repos\Daniel8Murphy0007\Star-Magic\.venv\Lib\site-packages\pythonwin\pywin\dialogs\status.py"
"2026-03-06 05:59","3773","C:\Users\tmsjd\source\repos\Daniel8Murphy0007\Star-Magic\.venv\Lib\site-packages\win32\Demos\security\__pycache__\set_file_audit.cpython-313.pyc"
"2026-03-06 05:59","3460","C:\Users\tmsjd\source\repos\Daniel8Murphy0007\Star-Magic\.venv\Lib\site-packages\win32\Demos\security\set_file_audit.py"
"2026-03-06 05:59","12892","C:\Users\tmsjd\source\repos\Daniel8Murphy0007\Star-Magic\.venv\Lib\site-packages\pythonwin\pywin\dialogs\__pycache__\status.cpython-313.pyc"
"2026-03-05 23:24","12694","C:\Users\tmsjd\source\repos\Daniel8Murphy0007\Star-Magic\GROK_THREAD_FF01CB3A_ANALYSIS.md"
"2026-03-05 17:24","13246","C:\Users\tmsjd\source\repos\Daniel8Murphy0007\Star-Magic\GROK_THREAD_14April2025_ANALYSIS.md"
"2026-03-05 07:11","9726","C:\Users\tmsjd\source\repos\Daniel8Murphy0007\Star-Magic\GROK_THREAD_10220801_ANALYSIS.md"
"2026-03-05 02:59","15386","C:\Users\tmsjd\source\repos\Daniel8Murphy0007\Star-Magic\GROK_THREAD_BA400FD1_ANALYSIS.md"
"2026-03-05 01:32","69921","C:\Users\tmsjd\source\repos\Daniel8Murphy0007\Star-Magic\GROK_THREAD_DEED728B_ANALYSIS.md"
"2026-03-04 17:21","7293","C:\Users\tmsjd\source\repos\Daniel8Murphy0007\Star-Magic\GROK_THREAD_4E0ECF23_FINAL_STATUS.md"
"2026-03-04 16:40","23150","C:\Users\tmsjd\source\repos\Daniel8Murphy0007\Star-Magic\GROK_THREAD_4E0ECF23_INTEGRATION_STATUS.md"
"2026-03-04 16:12","25124","C:\Users\tmsjd\source\repos\Daniel8Murphy0007\Star-Magic\GROK_THREAD_4E0ECF23_ANALYSIS.md"
"2026-03-04 13:56","11055","C:\Users\tmsjd\source\repos\Daniel8Murphy0007\Star-Magic\THREAD_b9a29cedc27b45dfa309ea1705721bf0_PROPER_STATUS.md"
"2026-03-04 13:19","15614","C:\Users\tmsjd\source\repos\Daniel8Murphy0007\Star-Magic\test_phase2_validation.py"
"2026-03-04 05:43","16181","C:\Users\tmsjd\source\repos\Daniel8Murphy0007\Star-Magic\test_Ug4_validation.py"
"2026-03-04 04:59","19526","C:\Users\tmsjd\source\repos\Daniel8Murphy0007\Star-Magic\GROK_THREAD_b9a29cedc27b45dfa309ea1705721bf0_ANALYSIS.md"
"2026-03-04 04:17","6297","C:\Users\tmsjd\source\repos\Daniel8Murphy0007\Star-Magic\GROK_THREAD_e3cc481989964390a3c2102a549d2429_ANALYSIS.md"
"2026-03-04 04:06","17104","C:\Users\tmsjd\source\repos\Daniel8Murphy0007\Star-Magic\test_grok_thread_e3cc481989964390_validation.py"
"2026-03-03 22:24","75429","C:\Users\tmsjd\source\repos\Daniel8Murphy0007\Star-Magic\.venv_py314_backup\Lib\site-packages\selenium\webdriver\common\devtools\v145\audits.py"
"2026-03-03 22:24","104028","C:\Users\tmsjd\source\repos\Daniel8Murphy0007\Star-Magic\.venv_py314_backup\Lib\site-packages\selenium\webdriver\common\devtools\v145\__pycache__\audits.cpython-314.pyc"
"2026-03-03 22:24","70794","C:\Users\tmsjd\source\repos\Daniel8Murphy0007\Star-Magic\.venv_py314_backup\Lib\site-packages\selenium\webdriver\common\devtools\v143\audits.py"
"2026-03-03 22:24","103728","C:\Users\tmsjd\source\repos\Daniel8Murphy0007\Star-Magic\.venv_py314_backup\Lib\site-packages\selenium\webdriver\common\devtools\v144\__pycache__\audits.cpython-314.pyc"
"2026-03-03 22:24","75141","C:\Users\tmsjd\source\repos\Daniel8Murphy0007\Star-Magic\.venv_py314_backup\Lib\site-packages\selenium\webdriver\common\devtools\v144\audits.py"
"2026-03-03 22:24","98813","C:\Users\tmsjd\source\repos\Daniel8Murphy0007\Star-Magic\.venv_py314_backup\Lib\site-packages\selenium\webdriver\common\devtools\v143\__pycache__\audits.cpython-314.pyc"
"2026-03-03 22:21","947","C:\Users\tmsjd\source\repos\Daniel8Murphy0007\Star-Magic\.venv_py314_backup\Lib\site-packages\trio\_tests\type_tests\task_status.py"
"2026-03-03 18:42","41986","C:\Users\tmsjd\source\repos\Daniel8Murphy0007\Star-Magic\GROK_THREAD_B6D9BC22_ANALYSIS.md"
"2026-03-03 18:42","2759","C:\Users\tmsjd\source\repos\Daniel8Murphy0007\Star-Magic\calculator_advanced\src\dimensional_analysis.cpp"
"2026-03-03 18:01","4879","C:\Users\tmsjd\source\repos\Daniel8Murphy0007\Star-Magic\calculator_advanced\include\dimensional_analysis.h"
"2026-03-03 16:09","84139","C:\Users\tmsjd\source\repos\Daniel8Murphy0007\Star-Magic\GROK_THREAD_98b2e77d_ANALYSIS.md"
"2026-03-03 15:01","16871","C:\Users\tmsjd\source\repos\Daniel8Murphy0007\Star-Magic\test_priority3_cern_validation.py"
"2026-03-02 22:28","3460","C:\Users\tmsjd\source\repos\Daniel8Murphy0007\Star-Magic\.venv_py314_backup\Lib\site-packages\win32\Demos\security\set_file_audit.py"
"2026-03-02 22:28","6863","C:\Users\tmsjd\source\repos\Daniel8Murphy0007\Star-Magic\.venv_py314_backup\Lib\site-packages\pythonwin\pywin\dialogs\status.py"
"2026-03-02 22:11","11193","C:\Users\tmsjd\source\repos\Daniel8Murphy0007\Star-Magic\PHASE0_PROGRESS_REPORT.md"
"2026-03-02 22:11","6517","C:\Users\tmsjd\source\repos\Daniel8Murphy0007\Star-Magic\PHASE0B_STATUS.md"
"2026-03-02 21:42","56034","C:\Users\tmsjd\source\repos\Daniel8Murphy0007\Star-Magic\COMPLETE_FILE_INVENTORY_AND_WIRING_DIAGRAM.md"
"2026-03-02 19:25","12308","C:\Users\tmsjd\source\repos\Daniel8Murphy0007\Star-Magic\MISSING_PHYSICS_FRAMEWORKS_ANALYSIS.md"
"2026-03-01 20:14","13028","C:\Users\tmsjd\source\repos\Daniel8Murphy0007\Star-Magic\grok_url_calculators_inventory.csv"
"2026-02-28 07:09","30814","C:\Users\tmsjd\source\repos\Daniel8Murphy0007\Star-Magic\.venv_py314_backup\Lib\site-packages\numba\core\__pycache__\analysis.cpython-314.pyc"
"2026-02-28 07:09","144194","C:\Users\tmsjd\source\repos\Daniel8Murphy0007\Star-Magic\.venv_py314_backup\Lib\site-packages\numba\parfors\__pycache__\array_analysis.cpython-314.pyc"
"2026-02-28 07:09","82829","C:\Users\tmsjd\source\repos\Daniel8Murphy0007\Star-Magic\.venv_py314_backup\Lib\site-packages\numba\core\__pycache__\inline_closurecall.cpython-314.pyc"
"2026-02-28 07:09","1058","C:\Users\tmsjd\source\repos\Daniel8Murphy0007\Star-Magic\.venv_py314_backup\Lib\site-packages\qiskit\providers\__pycache__\jobstatus.cpython-314.pyc"
"2026-02-28 07:09","3353","C:\Users\tmsjd\source\repos\Daniel8Murphy0007\Star-Magic\.venv_py314_backup\Lib\site-packages\qiskit\passmanager\__pycache__\compilation_status.cpython-314.pyc"
"2026-02-28 07:09","2998","C:\Users\tmsjd\source\repos\Daniel8Murphy0007\Star-Magic\.venv_py314_backup\Lib\site-packages\llvmlite\binding\__pycache__\analysis.cpython-314.pyc"
"2026-02-28 07:09","1920","C:\Users\tmsjd\source\repos\Daniel8Murphy0007\Star-Magic\.venv_py314_backup\Lib\site-packages\qiskit\transpiler\passes\optimization\__pycache__\commutation_analysis.cpython-314.pyc"
"2026-02-28 06:38","8431","C:\Users\tmsjd\source\repos\Daniel8Murphy0007\Star-Magic\.venv_py314_backup\Lib\site-packages\httpx\__pycache__\_status_codes.cpython-314.pyc"
"2026-02-28 06:37","355","C:\Users\tmsjd\source\repos\Daniel8Murphy0007\Star-Magic\.venv_py314_backup\Lib\site-packages\torch\onnx\verification.py"
"2026-02-28 06:37","19669","C:\Users\tmsjd\source\repos\Daniel8Murphy0007\Star-Magic\.venv_py314_backup\Lib\site-packages\torch\onnx\_internal\torchscript_exporter\verification.py"
"2026-02-28 06:37","7591","C:\Users\tmsjd\source\repos\Daniel8Murphy0007\Star-Magic\.venv_py314_backup\Lib\site-packages\torch\onnx\_internal\exporter\_reporting.py"
"2026-02-28 06:37","10344","C:\Users\tmsjd\source\repos\Daniel8Murphy0007\Star-Magic\.venv_py314_backup\Lib\site-packages\torch\onnx\_internal\exporter\_analysis.py"
"2026-02-28 06:37","12847","C:\Users\tmsjd\source\repos\Daniel8Murphy0007\Star-Magic\.venv_py314_backup\Lib\site-packages\torch\onnx\_internal\exporter\_verification.py"
"2026-02-28 06:36","2025","C:\Users\tmsjd\source\repos\Daniel8Murphy0007\Star-Magic\.venv_py314_backup\Lib\site-packages\onnx\common\status.cc"
"2026-02-28 06:36","2234","C:\Users\tmsjd\source\repos\Daniel8Murphy0007\Star-Magic\.venv_py314_backup\Lib\site-packages\onnx\common\status.h"
"2026-02-28 06:36","19251","C:\Users\tmsjd\source\repos\Daniel8Murphy0007\Star-Magic\.venv_py314_backup\Lib\site-packages\torch\_functorch\_aot_autograd\input_output_analysis.py"
"2026-02-28 06:36","21228","C:\Users\tmsjd\source\repos\Daniel8Murphy0007\Star-Magic\.venv_py314_backup\Lib\site-packages\onnx\test\cpp\function_verify_test.cc"
"2026-02-28 06:36","46241","C:\Users\tmsjd\source\repos\Daniel8Murphy0007\Star-Magic\.venv_py314_backup\Lib\site-packages\torch\_functorch\_aot_autograd\collect_metadata_analysis.py"
"2026-02-28 06:36","7165","C:\Users\tmsjd\source\repos\Daniel8Murphy0007\Star-Magic\.venv_py314_backup\Lib\site-packages\torch\_inductor\invert_expr_analysis.py"
"2026-02-28 06:36","2586","C:\Users\tmsjd\source\repos\Daniel8Murphy0007\Star-Magic\.venv_py314_backup\Lib\site-packages\torch\include\torch\csrc\jit\frontend\error_report.h"
"2026-02-28 06:36","17294","C:\Users\tmsjd\source\repos\Daniel8Murphy0007\Star-Magic\.venv_py314_backup\Lib\site-packages\torch\_inductor\comm_analysis.py"
"2026-02-28 06:36","9483","C:\Users\tmsjd\source\repos\Daniel8Murphy0007\Star-Magic\.venv_py314_backup\Lib\site-packages\torch\_dynamo\bytecode_analysis.py"
"2026-02-28 06:36","14913","C:\Users\tmsjd\source\repos\Daniel8Murphy0007\Star-Magic\.venv_py314_backup\Lib\site-packages\torch\include\torch\csrc\jit\ir\alias_analysis.h"
"2026-02-28 06:36","512","C:\Users\tmsjd\source\repos\Daniel8Murphy0007\Star-Magic\.venv_py314_backup\Lib\site-packages\torch\include\torch\csrc\jit\passes\device_type_analysis.h"
"2026-02-28 06:36","663","C:\Users\tmsjd\source\repos\Daniel8Murphy0007\Star-Magic\.venv_py314_backup\Lib\site-packages\torch\include\torch\csrc\jit\passes\dtype_analysis.h"
"2026-02-28 06:36","4323","C:\Users\tmsjd\source\repos\Daniel8Murphy0007\Star-Magic\.venv_py314_backup\Lib\site-packages\torch\include\google\protobuf\stubs\status.h"
"2026-02-28 06:36","30406","C:\Users\tmsjd\source\repos\Daniel8Murphy0007\Star-Magic\.venv_py314_backup\Lib\site-packages\torch\ao\quantization\fx\_model_report\model_report.py"
"2026-02-28 06:36","12369","C:\Users\tmsjd\source\repos\Daniel8Murphy0007\Star-Magic\.venv_py314_backup\Lib\site-packages\torch\ao\quantization\fx\_model_report\model_report_observer.py"
"2026-02-28 06:36","33379","C:\Users\tmsjd\source\repos\Daniel8Murphy0007\Star-Magic\.venv_py314_backup\Lib\site-packages\torch\ao\quantization\fx\_model_report\model_report_visualizer.py"
"2026-02-28 06:36","2393","C:\Users\tmsjd\source\repos\Daniel8Murphy0007\Star-Magic\.venv_py314_backup\Lib\site-packages\torch\include\torch\csrc\jit\passes\symbolic_shape_analysis.h"
"2026-02-28 06:36","552","C:\Users\tmsjd\source\repos\Daniel8Murphy0007\Star-Magic\.venv_py314_backup\Lib\site-packages\torch\include\torch\csrc\jit\passes\onnx\scalar_type_analysis.h"
"2026-02-28 06:36","9639","C:\Users\tmsjd\source\repos\Daniel8Murphy0007\Star-Magic\.venv_py314_backup\Lib\site-packages\torch\include\torch\csrc\jit\tensorexpr\analysis.h"
"2026-02-28 06:36","1377","C:\Users\tmsjd\source\repos\Daniel8Murphy0007\Star-Magic\.venv_py314_backup\Lib\site-packages\torch\include\torch\csrc\jit\passes\shape_analysis.h"
"2026-02-28 06:36","471","C:\Users\tmsjd\source\repos\Daniel8Murphy0007\Star-Magic\.venv_py314_backup\Lib\site-packages\torch\include\torch\csrc\jit\passes\inline_forked_closures.h"
"2026-02-28 06:36","466","C:\Users\tmsjd\source\repos\Daniel8Murphy0007\Star-Magic\.venv_py314_backup\Lib\site-packages\torch\include\torch\csrc\jit\passes\lift_closures.h"
"2026-02-28 06:36","494","C:\Users\tmsjd\source\repos\Daniel8Murphy0007\Star-Magic\.venv_py314_backup\Lib\site-packages\torch\include\torch\csrc\jit\passes\requires_grad_analysis.h"
"2026-02-28 06:36","28393","C:\Users\tmsjd\source\repos\Daniel8Murphy0007\Star-Magic\.venv_py314_backup\Lib\site-packages\torch\_inductor\analysis\profile_analysis.py"
"2026-02-28 06:36","46132","C:\Users\tmsjd\source\repos\Daniel8Murphy0007\Star-Magic\.venv_py314_backup\Lib\site-packages\networkx\classes\reportviews.py"
"2026-02-28 06:36","6914","C:\Users\tmsjd\source\repos\Daniel8Murphy0007\Star-Magic\.venv_py314_backup\Lib\site-packages\networkx\algorithms\bipartite\tests\test_link_analysis.py"
"2026-02-28 06:36","12772","C:\Users\tmsjd\source\repos\Daniel8Murphy0007\Star-Magic\.venv_py314_backup\Lib\site-packages\networkx\algorithms\bipartite\link_analysis.py"
"2026-02-28 06:36","41332","C:\Users\tmsjd\source\repos\Daniel8Murphy0007\Star-Magic\.venv_py314_backup\Lib\site-packages\networkx\classes\tests\test_reportviews.py"
"2026-02-28 06:36","241","C:\Users\tmsjd\source\repos\Daniel8Murphy0007\Star-Magic\.venv_py314_backup\Lib\site-packages\distributed\dashboard\templates\performance_report.html"
"2026-02-28 06:36","1012","C:\Users\tmsjd\source\repos\Daniel8Murphy0007\Star-Magic\.venv_py314_backup\Lib\site-packages\distributed\http\static\css\status.css"
"2026-02-28 06:36","635","C:\Users\tmsjd\source\repos\Daniel8Murphy0007\Star-Magic\.venv_py314_backup\Lib\site-packages\distributed\http\templates\status.html"
"2026-02-28 06:36","7613","C:\Users\tmsjd\source\repos\Daniel8Murphy0007\Star-Magic\.venv_py314_backup\Lib\site-packages\langchain_community\tools\azure_ai_services\image_analysis.py"
"2026-02-28 06:36","5814","C:\Users\tmsjd\source\repos\Daniel8Murphy0007\Star-Magic\.venv_py314_backup\Lib\site-packages\torch\_lazy\closure.py"
"2026-02-28 06:36","663","C:\Users\tmsjd\source\repos\Daniel8Murphy0007\Star-Magic\.venv_py314_backup\Lib\site-packages\langchain_classic\tools\azure_cognitive_services\image_analysis.py"
"2026-02-28 06:36","5891","C:\Users\tmsjd\source\repos\Daniel8Murphy0007\Star-Magic\.venv_py314_backup\Lib\site-packages\langchain_core\load\_validation.py"
"2026-02-28 06:36","7451","C:\Users\tmsjd\source\repos\Daniel8Murphy0007\Star-Magic\.venv_py314_backup\Lib\site-packages\torch\_inductor\codegen\block_analysis.py"
"2026-02-28 06:36","5309","C:\Users\tmsjd\source\repos\Daniel8Murphy0007\Star-Magic\.venv_py314_backup\Lib\site-packages\langchain_community\tools\azure_cognitive_services\image_analysis.py"
"2026-02-28 06:13","14136","C:\Users\tmsjd\source\repos\Daniel8Murphy0007\Star-Magic\.venv_py314_backup\Lib\site-packages\numba\tests\test_closure.py"
"2026-02-28 06:13","2322","C:\Users\tmsjd\source\repos\Daniel8Murphy0007\Star-Magic\.venv_py314_backup\Lib\site-packages\llvmlite\binding\analysis.py"
"2026-02-28 06:13","43754","C:\Users\tmsjd\source\repos\Daniel8Murphy0007\Star-Magic\.venv_py314_backup\Lib\site-packages\numba\tests\test_array_analysis.py"
"2026-02-28 06:13","73875","C:\Users\tmsjd\source\repos\Daniel8Murphy0007\Star-Magic\.venv_py314_backup\Lib\site-packages\numba\core\inline_closurecall.py"
"2026-02-28 06:13","29043","C:\Users\tmsjd\source\repos\Daniel8Murphy0007\Star-Magic\.venv_py314_backup\Lib\site-packages\numba\core\analysis.py"
"2026-02-28 06:13","38294","C:\Users\tmsjd\source\repos\Daniel8Murphy0007\Star-Magic\.venv_py314_backup\Lib\site-packages\numba\tests\test_analysis.py"
"2026-02-28 06:13","127324","C:\Users\tmsjd\source\repos\Daniel8Murphy0007\Star-Magic\.venv_py314_backup\Lib\site-packages\numba\parfors\array_analysis.py"
"2026-02-28 04:48","2500","C:\Users\tmsjd\source\repos\Daniel8Murphy0007\Star-Magic\.venv_py314_backup\Lib\site-packages\qiskit\passmanager\compilation_status.py"
"2026-02-28 04:48","9874","C:\Users\tmsjd\source\repos\Daniel8Murphy0007\Star-Magic\.venv_py314_backup\Lib\site-packages\qiskit\primitives\base\validation_v1.py"
"2026-02-28 04:48","1848","C:\Users\tmsjd\source\repos\Daniel8Murphy0007\Star-Magic\.venv_py314_backup\Lib\site-packages\qiskit\transpiler\passes\optimization\commutation_analysis.py"
"2026-02-28 04:48","1020","C:\Users\tmsjd\source\repos\Daniel8Murphy0007\Star-Magic\.venv_py314_backup\Lib\site-packages\qiskit\providers\jobstatus.py"
"2026-02-26 16:01","16848","C:\Users\tmsjd\source\repos\Daniel8Murphy0007\Star-Magic\PHYSICS_TERM_MASTER_INVENTORY.md"
"2026-02-26 15:55","185","C:\Users\tmsjd\source\repos\Daniel8Murphy0007\Star-Magic\PHYSICS_TERM_INVENTORY.md"
"2026-02-26 15:16","8082","C:\Users\tmsjd\source\repos\Daniel8Murphy0007\Star-Magic\calculator_inventory.txt"
"2026-02-22 20:33","15321","C:\Users\tmsjd\source\repos\Daniel8Murphy0007\Star-Magic\.venv\Lib\site-packages\orbax\export\bfloat16_toolkit\graph_analysis.h"
"2026-02-22 20:33","64683","C:\Users\tmsjd\source\repos\Daniel8Murphy0007\Star-Magic\.venv\Lib\site-packages\orbax\export\bfloat16_toolkit\graph_analysis.cc"
"2026-02-22 20:33","2301","C:\Users\tmsjd\source\repos\Daniel8Murphy0007\Star-Magic\.venv\Lib\site-packages\orbax\export\validate\validation_utils.py"
"2026-02-22 20:33","3872","C:\Users\tmsjd\source\repos\Daniel8Murphy0007\Star-Magic\.venv\Lib\site-packages\orbax\export\validate\validation_job.py"
"2026-02-22 20:33","2628","C:\Users\tmsjd\source\repos\Daniel8Murphy0007\Star-Magic\.venv\Lib\site-packages\orbax\export\validate\validation_utils_test.py"
"2026-02-22 20:33","4777","C:\Users\tmsjd\source\repos\Daniel8Murphy0007\Star-Magic\.venv\Lib\site-packages\orbax\export\validate\__pycache__\validation_job_test.cpython-313.pyc"
"2026-02-22 20:33","10826","C:\Users\tmsjd\source\repos\Daniel8Murphy0007\Star-Magic\.venv\Lib\site-packages\orbax\export\validate\__pycache__\validation_manager.cpython-313.pyc"
"2026-02-22 20:33","14589","C:\Users\tmsjd\source\repos\Daniel8Murphy0007\Star-Magic\.venv\Lib\site-packages\orbax\export\validate\__pycache__\validation_manager_test.cpython-313.pyc"
"2026-02-22 20:33","5099","C:\Users\tmsjd\source\repos\Daniel8Murphy0007\Star-Magic\.venv\Lib\site-packages\orbax\export\validate\__pycache__\validation_job.cpython-313.pyc"
"2026-02-22 20:33","3779","C:\Users\tmsjd\source\repos\Daniel8Murphy0007\Star-Magic\.venv\Lib\site-packages\orbax\export\validate\__pycache__\validation_utils.cpython-313.pyc"
"2026-02-22 20:33","4042","C:\Users\tmsjd\source\repos\Daniel8Murphy0007\Star-Magic\.venv\Lib\site-packages\orbax\export\validate\__pycache__\validation_utils_test.cpython-313.pyc"
"2026-02-22 20:33","10058","C:\Users\tmsjd\source\repos\Daniel8Murphy0007\Star-Magic\.venv\Lib\site-packages\orbax\export\validate\__pycache__\validation_report.cpython-313.pyc"
"2026-02-22 20:33","6201","C:\Users\tmsjd\source\repos\Daniel8Murphy0007\Star-Magic\.venv\Lib\site-packages\orbax\export\validate\__pycache__\validation_report_test.cpython-313.pyc"
"2026-02-22 20:33","4424","C:\Users\tmsjd\source\repos\Daniel8Murphy0007\Star-Magic\.venv\Lib\site-packages\rich\status.py"
"2026-02-22 20:33","6033","C:\Users\tmsjd\source\repos\Daniel8Murphy0007\Star-Magic\.venv\Lib\site-packages\rich\__pycache__\status.cpython-313.pyc"
"2026-02-22 20:33","3934","C:\Users\tmsjd\source\repos\Daniel8Murphy0007\Star-Magic\.venv\Lib\site-packages\pygments\lexers\verification.py"
"2026-02-22 20:33","4067","C:\Users\tmsjd\source\repos\Daniel8Murphy0007\Star-Magic\.venv\Lib\site-packages\pygments\lexers\__pycache__\verification.cpython-313.pyc"
"2026-02-22 20:33","5602","C:\Users\tmsjd\source\repos\Daniel8Murphy0007\Star-Magic\.venv\Lib\site-packages\orbax\export\validate\validation_report_test.py"
"2026-02-22 20:33","10231","C:\Users\tmsjd\source\repos\Daniel8Murphy0007\Star-Magic\.venv\Lib\site-packages\orbax\export\validate\validation_manager_test.py"
"2026-02-22 20:33","8865","C:\Users\tmsjd\source\repos\Daniel8Murphy0007\Star-Magic\.venv\Lib\site-packages\orbax\export\validate\validation_report.py"
"2026-02-22 20:33","3313","C:\Users\tmsjd\source\repos\Daniel8Murphy0007\Star-Magic\.venv\Lib\site-packages\orbax\export\validate\validation_job_test.py"
"2026-02-22 20:33","8052","C:\Users\tmsjd\source\repos\Daniel8Murphy0007\Star-Magic\.venv\Lib\site-packages\orbax\export\validate\validation_manager.py"
"2026-02-22 20:25","1609","C:\Users\tmsjd\source\repos\Daniel8Murphy0007\Star-Magic\.venv\Lib\site-packages\orbax\checkpoint\experimental\v1\_src\loading\__pycache__\validation.cpython-313.pyc"
"2026-02-22 20:25","1773","C:\Users\tmsjd\source\repos\Daniel8Murphy0007\Star-Magic\.venv\Lib\site-packages\orbax\checkpoint\experimental\v1\_src\loading\validation.py"
"2026-02-22 20:17","27378","C:\Users\tmsjd\source\repos\Daniel8Murphy0007\Star-Magic\.venv\Lib\site-packages\absl\testing\__pycache__\xml_reporter.cpython-313.pyc"
"2026-02-22 20:17","21424","C:\Users\tmsjd\source\repos\Daniel8Murphy0007\Star-Magic\.venv\Lib\site-packages\absl\testing\xml_reporter.py"
"2026-02-22 20:17","4747","C:\Users\tmsjd\source\repos\Daniel8Murphy0007\Star-Magic\.venv\Lib\site-packages\absl\testing\__pycache__\_pretty_print_reporter.cpython-313.pyc"
"2026-02-22 20:17","3065","C:\Users\tmsjd\source\repos\Daniel8Murphy0007\Star-Magic\.venv\Lib\site-packages\absl\testing\_pretty_print_reporter.py"
"2026-02-22 20:09","7178","C:\Users\tmsjd\source\repos\Daniel8Murphy0007\Star-Magic\.venv\Lib\site-packages\httpx\__pycache__\_status_codes.cpython-313.pyc"
"2026-02-22 20:09","936","C:\Users\tmsjd\source\repos\Daniel8Murphy0007\Star-Magic\.venv\Lib\site-packages\scipy\special\__pycache__\_input_validation.cpython-313.pyc"
"2026-02-22 20:09","3173","C:\Users\tmsjd\source\repos\Daniel8Murphy0007\Star-Magic\.venv\Lib\site-packages\scipy\optimize\_trustregion_constr\__pycache__\report.cpython-313.pyc"
"2026-02-22 20:09","1906","C:\Users\tmsjd\source\repos\Daniel8Murphy0007\Star-Magic\.venv\Lib\site-packages\scipy\optimize\_trustregion_constr\tests\__pycache__\test_report.cpython-313.pyc"
"2026-02-22 20:09","2755","C:\Users\tmsjd\source\repos\Daniel8Murphy0007\Star-Magic\.venv\Lib\site-packages\scipy\sparse\csgraph\__pycache__\_validation.cpython-313.pyc"
"2026-02-22 20:09","27013","C:\Users\tmsjd\source\repos\Daniel8Murphy0007\Star-Magic\.venv\Lib\site-packages\scipy\stats\__pycache__\_sensitivity_analysis.cpython-313.pyc"
"2026-02-22 20:09","5639","C:\Users\tmsjd\source\repos\Daniel8Murphy0007\Star-Magic\.venv\Lib\site-packages\httpx\_status_codes.py"
"2026-02-22 20:09","4322","C:\Users\tmsjd\source\repos\Daniel8Murphy0007\Star-Magic\.venv\Lib\site-packages\requests\status_codes.py"
"2026-02-22 20:09","6051","C:\Users\tmsjd\source\repos\Daniel8Murphy0007\Star-Magic\.venv\Lib\site-packages\requests\__pycache__\status_codes.cpython-313.pyc"
"2026-02-22 20:09","15621","C:\Users\tmsjd\source\repos\Daniel8Murphy0007\Star-Magic\.venv\Lib\site-packages\scipy\stats\tests\__pycache__\test_sensitivity_analysis.cpython-313.pyc"
"2026-02-22 20:08","1138","C:\Users\tmsjd\source\repos\Daniel8Murphy0007\Star-Magic\.venv\Lib\site-packages\scipy\optimize\_trustregion_constr\tests\test_report.py"
"2026-02-22 20:08","1831","C:\Users\tmsjd\source\repos\Daniel8Murphy0007\Star-Magic\.venv\Lib\site-packages\scipy\optimize\_trustregion_constr\report.py"
"2026-02-22 20:08","10988","C:\Users\tmsjd\source\repos\Daniel8Murphy0007\Star-Magic\.venv\Lib\site-packages\scipy\stats\tests\test_sensitivity_analysis.py"
"2026-02-22 20:08","3620","C:\Users\tmsjd\source\repos\Daniel8Murphy0007\Star-Magic\.venv\Lib\site-packages\fontTools\pens\__pycache__\reportLabPen.cpython-313.pyc"
"2026-02-22 20:08","2145","C:\Users\tmsjd\source\repos\Daniel8Murphy0007\Star-Magic\.venv\Lib\site-packages\fontTools\pens\reportLabPen.py"
"2026-02-22 20:08","2695","C:\Users\tmsjd\source\repos\Daniel8Murphy0007\Star-Magic\.venv\Lib\site-packages\scipy\sparse\csgraph\_validation.py"
"2026-02-22 20:08","491","C:\Users\tmsjd\source\repos\Daniel8Murphy0007\Star-Magic\.venv\Lib\site-packages\scipy\special\_input_validation.py"
"2026-02-22 20:08","25839","C:\Users\tmsjd\source\repos\Daniel8Murphy0007\Star-Magic\.venv\Lib\site-packages\scipy\stats\_sensitivity_analysis.py"
"2026-02-22 20:07","70551","C:\Users\tmsjd\source\repos\Daniel8Murphy0007\Star-Magic\.venv\Lib\site-packages\numpy\_core\tests\data\umath-validation-set-log10.csv"
"2026-02-22 20:07","70546","C:\Users\tmsjd\source\repos\Daniel8Murphy0007\Star-Magic\.venv\Lib\site-packages\numpy\_core\tests\data\umath-validation-set-log2.csv"
"2026-02-22 20:07","982","C:\Users\tmsjd\source\repos\Daniel8Murphy0007\Star-Magic\.venv\Lib\site-packages\numpy\_core\tests\data\umath-validation-set-README.txt"
"2026-02-22 20:07","60053","C:\Users\tmsjd\source\repos\Daniel8Murphy0007\Star-Magic\.venv\Lib\site-packages\numpy\_core\tests\data\umath-validation-set-exp2.csv"
"2026-02-22 20:07","61728","C:\Users\tmsjd\source\repos\Daniel8Murphy0007\Star-Magic\.venv\Lib\site-packages\numpy\_core\tests\data\umath-validation-set-expm1.csv"
"2026-02-22 20:07","11963","C:\Users\tmsjd\source\repos\Daniel8Murphy0007\Star-Magic\.venv\Lib\site-packages\numpy\_core\tests\data\umath-validation-set-log.csv"
"2026-02-22 20:07","61728","C:\Users\tmsjd\source\repos\Daniel8Murphy0007\Star-Magic\.venv\Lib\site-packages\numpy\_core\tests\data\umath-validation-set-tanh.csv"
"2026-02-22 20:07","105","C:\Users\tmsjd\source\repos\Daniel8Murphy0007\Star-Magic\.venv\Lib\site-packages\PIL\report.py"
"2026-02-22 20:07","328","C:\Users\tmsjd\source\repos\Daniel8Murphy0007\Star-Magic\.venv\Lib\site-packages\PIL\__pycache__\report.cpython-313.pyc"
"2026-02-22 20:07","59981","C:\Users\tmsjd\source\repos\Daniel8Murphy0007\Star-Magic\.venv\Lib\site-packages\numpy\_core\tests\data\umath-validation-set-sin.csv"
"2026-02-22 20:07","61722","C:\Users\tmsjd\source\repos\Daniel8Murphy0007\Star-Magic\.venv\Lib\site-packages\numpy\_core\tests\data\umath-validation-set-sinh.csv"
"2026-02-22 20:07","61728","C:\Users\tmsjd\source\repos\Daniel8Murphy0007\Star-Magic\.venv\Lib\site-packages\numpy\_core\tests\data\umath-validation-set-tan.csv"
"2026-02-22 20:07","61734","C:\Users\tmsjd\source\repos\Daniel8Murphy0007\Star-Magic\.venv\Lib\site-packages\numpy\_core\tests\data\umath-validation-set-arctan.csv"
"2026-02-22 20:07","61718","C:\Users\tmsjd\source\repos\Daniel8Murphy0007\Star-Magic\.venv\Lib\site-packages\numpy\_core\tests\data\umath-validation-set-arcsinh.csv"
"2026-02-22 20:07","62768","C:\Users\tmsjd\source\repos\Daniel8Murphy0007\Star-Magic\.venv\Lib\site-packages\numpy\_core\tests\data\umath-validation-set-arcsin.csv"
"2026-02-22 20:07","17903","C:\Users\tmsjd\source\repos\Daniel8Murphy0007\Star-Magic\.venv\Lib\site-packages\numpy\_core\tests\data\umath-validation-set-exp.csv"
"2026-02-22 20:07","60497","C:\Users\tmsjd\source\repos\Daniel8Murphy0007\Star-Magic\.venv\Lib\site-packages\numpy\_core\tests\data\umath-validation-set-cos.csv"
"2026-02-22 20:07","62275","C:\Users\tmsjd\source\repos\Daniel8Murphy0007\Star-Magic\.venv\Lib\site-packages\numpy\_core\tests\data\umath-validation-set-cbrt.csv"
"2026-02-22 20:07","62768","C:\Users\tmsjd\source\repos\Daniel8Murphy0007\Star-Magic\.venv\Lib\site-packages\numpy\_core\tests\data\umath-validation-set-arctanh.csv"
"2026-02-22 20:07","6012","C:\Users\tmsjd\source\repos\Daniel8Murphy0007\Star-Magic\.venv\Lib\site-packages\numpy\_core\tests\data\generate_umath_validation_data.cpp"
"2026-02-22 20:07","61732","C:\Users\tmsjd\source\repos\Daniel8Murphy0007\Star-Magic\.venv\Lib\site-packages\numpy\_core\tests\data\umath-validation-set-log1p.csv"
"2026-02-22 20:07","62298","C:\Users\tmsjd\source\repos\Daniel8Murphy0007\Star-Magic\.venv\Lib\site-packages\numpy\_core\tests\data\umath-validation-set-cosh.csv"
"2026-02-22 20:07","62794","C:\Users\tmsjd\source\repos\Daniel8Murphy0007\Star-Magic\.venv\Lib\site-packages\numpy\_core\tests\data\umath-validation-set-arccosh.csv"
"2026-02-22 20:07","62794","C:\Users\tmsjd\source\repos\Daniel8Murphy0007\Star-Magic\.venv\Lib\site-packages\numpy\_core\tests\data\umath-validation-set-arccos.csv"
"2026-02-22 19:46","116","C:\Users\tmsjd\source\repos\Daniel8Murphy0007\Star-Magic\.venv\Lib\site-packages\pip\_internal\cli\status_codes.py"
"2026-02-22 19:46","3288","C:\Users\tmsjd\source\repos\Daniel8Murphy0007\Star-Magic\.venv\Lib\site-packages\pip\_vendor\resolvelib\__pycache__\reporters.cpython-313.pyc"
"2026-02-22 19:46","354682","C:\Users\tmsjd\source\repos\Daniel8Murphy0007\Star-Magic\.venv\Lib\site-packages\setuptools\config\_validate_pyproject\fastjsonschema_validations.py"
"2026-02-22 19:46","5935","C:\Users\tmsjd\source\repos\Daniel8Murphy0007\Star-Magic\.venv\Lib\site-packages\pip\_internal\resolution\resolvelib\__pycache__\reporter.cpython-313.pyc"
"2026-02-22 19:46","3909","C:\Users\tmsjd\source\repos\Daniel8Murphy0007\Star-Magic\.venv\Lib\site-packages\pip\_internal\resolution\resolvelib\reporter.py"
"2026-02-22 19:46","2409","C:\Users\tmsjd\source\repos\Daniel8Murphy0007\Star-Magic\.venv\Lib\site-packages\pip\_internal\models\__pycache__\installation_report.cpython-313.pyc"
"2026-02-22 19:46","2037","C:\Users\tmsjd\source\repos\Daniel8Murphy0007\Star-Magic\.venv\Lib\site-packages\pip\_vendor\resolvelib\reporters.py"
"2026-02-22 19:46","6063","C:\Users\tmsjd\source\repos\Daniel8Murphy0007\Star-Magic\.venv\Lib\site-packages\pip\_vendor\requests\__pycache__\status_codes.cpython-313.pyc"
"2026-02-22 19:46","4322","C:\Users\tmsjd\source\repos\Daniel8Murphy0007\Star-Magic\.venv\Lib\site-packages\pip\_vendor\requests\status_codes.py"
"2026-02-22 19:46","6045","C:\Users\tmsjd\source\repos\Daniel8Murphy0007\Star-Magic\.venv\Lib\site-packages\pip\_vendor\rich\__pycache__\status.cpython-313.pyc"
"2026-02-22 19:46","2839","C:\Users\tmsjd\source\repos\Daniel8Murphy0007\Star-Magic\.venv\Lib\site-packages\pip\_internal\models\installation_report.py"
"2026-02-22 19:46","392","C:\Users\tmsjd\source\repos\Daniel8Murphy0007\Star-Magic\.venv\Lib\site-packages\pip\_internal\cli\__pycache__\status_codes.cpython-313.pyc"
"2026-02-22 19:46","11813","C:\Users\tmsjd\source\repos\Daniel8Murphy0007\Star-Magic\.venv\Lib\site-packages\setuptools\config\_validate_pyproject\error_reporting.py"
"2026-02-22 19:46","2858","C:\Users\tmsjd\source\repos\Daniel8Murphy0007\Star-Magic\.venv\Lib\site-packages\setuptools\config\_validate_pyproject\extra_validations.py"
"2026-02-22 19:46","4424","C:\Users\tmsjd\source\repos\Daniel8Murphy0007\Star-Magic\.venv\Lib\site-packages\pip\_vendor\rich\status.py"
"2026-02-22 19:46","241067","C:\Users\tmsjd\source\repos\Daniel8Murphy0007\Star-Magic\.venv\Lib\site-packages\setuptools\config\_validate_pyproject\__pycache__\fastjsonschema_validations.cpython-313.pyc"
"2026-02-22 19:46","3240","C:\Users\tmsjd\source\repos\Daniel8Murphy0007\Star-Magic\.venv\Lib\site-packages\setuptools\config\_validate_pyproject\__pycache__\extra_validations.cpython-313.pyc"
"2026-02-22 19:46","18827","C:\Users\tmsjd\source\repos\Daniel8Murphy0007\Star-Magic\.venv\Lib\site-packages\setuptools\config\_validate_pyproject\__pycache__\error_reporting.cpython-313.pyc"
"2026-02-22 18:48","6079","C:\Users\tmsjd\source\repos\Daniel8Murphy0007\Star-Magic\.venv_py314_backup\Lib\site-packages\orbax\export\validate\__pycache__\validation_job.cpython-314.pyc"
"2026-02-22 18:48","4891","C:\Users\tmsjd\source\repos\Daniel8Murphy0007\Star-Magic\.venv_py314_backup\Lib\site-packages\orbax\export\validate\__pycache__\validation_job_test.cpython-314.pyc"
"2026-02-22 18:48","2628","C:\Users\tmsjd\source\repos\Daniel8Murphy0007\Star-Magic\.venv_py314_backup\Lib\site-packages\orbax\export\validate\validation_utils_test.py"
"2026-02-22 18:48","5602","C:\Users\tmsjd\source\repos\Daniel8Murphy0007\Star-Magic\.venv_py314_backup\Lib\site-packages\orbax\export\validate\validation_report_test.py"
"2026-02-22 18:48","2301","C:\Users\tmsjd\source\repos\Daniel8Murphy0007\Star-Magic\.venv_py314_backup\Lib\site-packages\orbax\export\validate\validation_utils.py"
"2026-02-22 18:48","12535","C:\Users\tmsjd\source\repos\Daniel8Murphy0007\Star-Magic\.venv_py314_backup\Lib\site-packages\orbax\export\validate\__pycache__\validation_manager.cpython-314.pyc"
"2026-02-22 18:48","4215","C:\Users\tmsjd\source\repos\Daniel8Murphy0007\Star-Magic\.venv_py314_backup\Lib\site-packages\orbax\export\validate\__pycache__\validation_utils.cpython-314.pyc"
"2026-02-22 18:48","4125","C:\Users\tmsjd\source\repos\Daniel8Murphy0007\Star-Magic\.venv_py314_backup\Lib\site-packages\orbax\export\validate\__pycache__\validation_utils_test.cpython-314.pyc"
"2026-02-22 18:48","6500","C:\Users\tmsjd\source\repos\Daniel8Murphy0007\Star-Magic\.venv_py314_backup\Lib\site-packages\orbax\export\validate\__pycache__\validation_report_test.cpython-314.pyc"
"2026-02-22 18:48","15003","C:\Users\tmsjd\source\repos\Daniel8Murphy0007\Star-Magic\.venv_py314_backup\Lib\site-packages\orbax\export\validate\__pycache__\validation_manager_test.cpython-314.pyc"
"2026-02-22 18:48","11458","C:\Users\tmsjd\source\repos\Daniel8Murphy0007\Star-Magic\.venv_py314_backup\Lib\site-packages\orbax\export\validate\__pycache__\validation_report.cpython-314.pyc"
"2026-02-22 18:48","8865","C:\Users\tmsjd\source\repos\Daniel8Murphy0007\Star-Magic\.venv_py314_backup\Lib\site-packages\orbax\export\validate\validation_report.py"
"2026-02-22 18:48","64683","C:\Users\tmsjd\source\repos\Daniel8Murphy0007\Star-Magic\.venv_py314_backup\Lib\site-packages\orbax\export\bfloat16_toolkit\graph_analysis.cc"
"2026-02-22 18:48","15321","C:\Users\tmsjd\source\repos\Daniel8Murphy0007\Star-Magic\.venv_py314_backup\Lib\site-packages\orbax\export\bfloat16_toolkit\graph_analysis.h"
"2026-02-22 18:48","4424","C:\Users\tmsjd\source\repos\Daniel8Murphy0007\Star-Magic\.venv_py314_backup\Lib\site-packages\rich\status.py"
"2026-02-22 18:48","7648","C:\Users\tmsjd\source\repos\Daniel8Murphy0007\Star-Magic\.venv_py314_backup\Lib\site-packages\rich\__pycache__\status.cpython-314.pyc"
"2026-02-22 18:48","8052","C:\Users\tmsjd\source\repos\Daniel8Murphy0007\Star-Magic\.venv_py314_backup\Lib\site-packages\orbax\export\validate\validation_manager.py"
"2026-02-22 18:48","10231","C:\Users\tmsjd\source\repos\Daniel8Murphy0007\Star-Magic\.venv_py314_backup\Lib\site-packages\orbax\export\validate\validation_manager_test.py"
"2026-02-22 18:48","3872","C:\Users\tmsjd\source\repos\Daniel8Murphy0007\Star-Magic\.venv_py314_backup\Lib\site-packages\orbax\export\validate\validation_job.py"
"2026-02-22 18:48","3313","C:\Users\tmsjd\source\repos\Daniel8Murphy0007\Star-Magic\.venv_py314_backup\Lib\site-packages\orbax\export\validate\validation_job_test.py"
"2026-02-22 18:47","1774","C:\Users\tmsjd\source\repos\Daniel8Murphy0007\Star-Magic\.venv_py314_backup\Lib\site-packages\orbax\checkpoint\experimental\v1\_src\loading\__pycache__\validation.cpython-314.pyc"
"2026-02-22 18:46","5161","C:\Users\tmsjd\source\repos\Daniel8Murphy0007\Star-Magic\.venv_py314_backup\Lib\site-packages\absl\testing\__pycache__\_pretty_print_reporter.cpython-314.pyc"
"2026-02-22 18:46","21424","C:\Users\tmsjd\source\repos\Daniel8Murphy0007\Star-Magic\.venv_py314_backup\Lib\site-packages\absl\testing\xml_reporter.py"
"2026-02-22 18:46","1773","C:\Users\tmsjd\source\repos\Daniel8Murphy0007\Star-Magic\.venv_py314_backup\Lib\site-packages\orbax\checkpoint\experimental\v1\_src\loading\validation.py"
"2026-02-22 18:46","3065","C:\Users\tmsjd\source\repos\Daniel8Murphy0007\Star-Magic\.venv_py314_backup\Lib\site-packages\absl\testing\_pretty_print_reporter.py"
"2026-02-22 18:46","28530","C:\Users\tmsjd\source\repos\Daniel8Murphy0007\Star-Magic\.venv_py314_backup\Lib\site-packages\absl\testing\__pycache__\xml_reporter.cpython-314.pyc"
"2026-02-22 18:43","4465","C:\Users\tmsjd\source\repos\Daniel8Murphy0007\Star-Magic\.venv_py314_backup\Lib\site-packages\pip\_vendor\resolvelib\__pycache__\reporters.cpython-314.pyc"
"2026-02-22 18:43","7660","C:\Users\tmsjd\source\repos\Daniel8Murphy0007\Star-Magic\.venv_py314_backup\Lib\site-packages\pip\_vendor\rich\__pycache__\status.cpython-314.pyc"
"2026-02-22 18:43","4424","C:\Users\tmsjd\source\repos\Daniel8Murphy0007\Star-Magic\.venv_py314_backup\Lib\site-packages\pip\_vendor\rich\status.py"
"2026-02-22 18:43","3006","C:\Users\tmsjd\source\repos\Daniel8Murphy0007\Star-Magic\.venv_py314_backup\Lib\site-packages\pip\_internal\models\__pycache__\installation_report.cpython-314.pyc"
"2026-02-22 18:43","11813","C:\Users\tmsjd\source\repos\Daniel8Murphy0007\Star-Magic\.venv_py314_backup\Lib\site-packages\setuptools\config\_validate_pyproject\error_reporting.py"
"2026-02-22 18:43","7381","C:\Users\tmsjd\source\repos\Daniel8Murphy0007\Star-Magic\.venv_py314_backup\Lib\site-packages\pip\_internal\resolution\resolvelib\__pycache__\reporter.cpython-314.pyc"
"2026-02-22 18:43","3909","C:\Users\tmsjd\source\repos\Daniel8Murphy0007\Star-Magic\.venv_py314_backup\Lib\site-packages\pip\_internal\resolution\resolvelib\reporter.py"
"2026-02-22 18:43","23225","C:\Users\tmsjd\source\repos\Daniel8Murphy0007\Star-Magic\.venv_py314_backup\Lib\site-packages\setuptools\config\_validate_pyproject\__pycache__\error_reporting.cpython-314.pyc"
"2026-02-22 18:43","354682","C:\Users\tmsjd\source\repos\Daniel8Murphy0007\Star-Magic\.venv_py314_backup\Lib\site-packages\setuptools\config\_validate_pyproject\fastjsonschema_validations.py"
"2026-02-22 18:43","116","C:\Users\tmsjd\source\repos\Daniel8Murphy0007\Star-Magic\.venv_py314_backup\Lib\site-packages\pip\_internal\cli\status_codes.py"
"2026-02-22 18:43","3558","C:\Users\tmsjd\source\repos\Daniel8Murphy0007\Star-Magic\.venv_py314_backup\Lib\site-packages\setuptools\config\_validate_pyproject\__pycache__\extra_validations.cpython-314.pyc"
"2026-02-22 18:43","297087","C:\Users\tmsjd\source\repos\Daniel8Murphy0007\Star-Magic\.venv_py314_backup\Lib\site-packages\setuptools\config\_validate_pyproject\__pycache__\fastjsonschema_validations.cpython-314.pyc"
"2026-02-22 18:43","369","C:\Users\tmsjd\source\repos\Daniel8Murphy0007\Star-Magic\.venv_py314_backup\Lib\site-packages\pip\_internal\cli\__pycache__\status_codes.cpython-314.pyc"
"2026-02-22 18:43","2858","C:\Users\tmsjd\source\repos\Daniel8Murphy0007\Star-Magic\.venv_py314_backup\Lib\site-packages\setuptools\config\_validate_pyproject\extra_validations.py"
"2026-02-22 18:43","2839","C:\Users\tmsjd\source\repos\Daniel8Murphy0007\Star-Magic\.venv_py314_backup\Lib\site-packages\pip\_internal\models\installation_report.py"
"2026-02-22 18:43","4322","C:\Users\tmsjd\source\repos\Daniel8Murphy0007\Star-Magic\.venv_py314_backup\Lib\site-packages\pip\_vendor\requests\status_codes.py"
"2026-02-22 18:43","6035","C:\Users\tmsjd\source\repos\Daniel8Murphy0007\Star-Magic\.venv_py314_backup\Lib\site-packages\pip\_vendor\requests\__pycache__\status_codes.cpython-314.pyc"
"2026-02-22 18:43","2037","C:\Users\tmsjd\source\repos\Daniel8Murphy0007\Star-Magic\.venv_py314_backup\Lib\site-packages\pip\_vendor\resolvelib\reporters.py"
"2026-02-21 04:26","39248","C:\Users\tmsjd\source\repos\Daniel8Murphy0007\Star-Magic\SOURCE2_ARCHITECTURE_REPORT.md"
"2026-02-20 17:55","4226","C:\Users\tmsjd\source\repos\Daniel8Murphy0007\Star-Magic\FULL_SYSTEM_STATUS_20260220_175441.md"
"2026-02-17 22:17","2896","C:\Users\tmsjd\source\repos\Daniel8Murphy0007\Star-Magic\verify_8_equations.py"
"2026-02-17 22:00","3274","C:\Users\tmsjd\source\repos\Daniel8Murphy0007\Star-Magic\verify_equations.py"
"2026-02-17 19:30","6005","C:\Users\tmsjd\source\repos\Daniel8Murphy0007\Star-Magic\full_analysis.py"
"2026-02-16 10:28","46449","C:\Users\tmsjd\source\repos\Daniel8Murphy0007\Star-Magic\QCalc_validation.py"
"2026-02-15 18:39","5838","C:\Users\tmsjd\source\repos\Daniel8Murphy0007\Star-Magic\PHASE_1_4_STATUS_REPORT.md"
"2026-02-15 18:35","8779","C:\Users\tmsjd\source\repos\Daniel8Murphy0007\Star-Magic\PHASE_INTEGRATION_ANALYSIS.md"
"2026-02-15 17:11","3629","C:\Users\tmsjd\source\repos\Daniel8Murphy0007\Star-Magic\debug_validation.py"
"2026-02-15 14:27","11500","C:\Users\tmsjd\source\repos\Daniel8Murphy0007\Star-Magic\EQUATION_MULTIPLICATION_ANALYSIS.md"
"2026-02-15 12:58","32964","C:\Users\tmsjd\source\repos\Daniel8Murphy0007\Star-Magic\FULL_SYSTEM_AUDIT_FEB15_2026.md"
"2026-02-15 12:58","20664","C:\Users\tmsjd\source\repos\Daniel8Murphy0007\Star-Magic\QCALC_PHASE_AUDIT_REFACTORED.md"
"2026-02-15 12:47","4657","C:\Users\tmsjd\source\repos\Daniel8Murphy0007\Star-Magic\PHASE_INTEGRATION_STATUS.md"
"2026-02-15 04:38","21683","C:\Users\tmsjd\source\repos\Daniel8Murphy0007\Star-Magic\PHASE7_COMPLETION_REPORT_FEB15.md"
"2026-02-15 04:37","26100","C:\Users\tmsjd\source\repos\Daniel8Murphy0007\Star-Magic\QCALC_CONSTRUCTION_AUDIT_FEB15.md"
"2026-02-15 04:37","11848","C:\Users\tmsjd\source\repos\Daniel8Murphy0007\Star-Magic\24HR_SPRINT_STATUS.md"
"2026-02-15 00:51","8727","C:\Users\tmsjd\source\repos\Daniel8Murphy0007\Star-Magic\REFACTORING_TEST_STATUS.md"
"2026-02-13 23:14","13327","C:\Users\tmsjd\source\repos\Daniel8Murphy0007\Star-Magic\PHASE5_ANALYSIS.md"
"2026-02-13 12:41","5569","C:\Users\tmsjd\source\repos\Daniel8Murphy0007\Star-Magic\production_output\UQFF_Production_ArXiv_Manuscript_20260213_124056\batch_summary_report.md"
"2026-02-13 11:52","4444","C:\Users\tmsjd\source\repos\Daniel8Murphy0007\Star-Magic\production_output\UQFF_Production_ArXiv_Manuscript_20260213_115137\batch_summary_report.md"
"2026-02-13 11:49","1492","C:\Users\tmsjd\source\repos\Daniel8Murphy0007\Star-Magic\production_output\UQFF_Production_ArXiv_Manuscript_20260213_114859\batch_summary_report.md"
"2026-02-13 11:47","1657","C:\Users\tmsjd\source\repos\Daniel8Murphy0007\Star-Magic\production_output\UQFF_Production_ArXiv_Manuscript_20260213_114701\batch_summary_report.md"
"2026-02-13 10:17","1124","C:\Users\tmsjd\source\repos\Daniel8Murphy0007\Star-Magic\triple_point_analysis.json"
"2026-02-13 10:00","4108","C:\Users\tmsjd\source\repos\Daniel8Murphy0007\Star-Magic\.venv_py314_backup\Lib\site-packages\pygments\lexers\__pycache__\verification.cpython-314.pyc"
"2026-02-13 10:00","3934","C:\Users\tmsjd\source\repos\Daniel8Murphy0007\Star-Magic\.venv_py314_backup\Lib\site-packages\pygments\lexers\verification.py"
"2026-02-13 10:00","32924","C:\Users\tmsjd\source\repos\Daniel8Murphy0007\Star-Magic\.venv_py314_backup\Lib\site-packages\_pytest\__pycache__\reports.cpython-314.pyc"
"2026-02-13 10:00","23230","C:\Users\tmsjd\source\repos\Daniel8Murphy0007\Star-Magic\.venv_py314_backup\Lib\site-packages\_pytest\reports.py"
"2026-02-13 09:28","12592","C:\Users\tmsjd\source\repos\Daniel8Murphy0007\Star-Magic\PYTHON_EXTRACTION_STATUS.md"
"2026-02-12 19:21","9200","C:\Users\tmsjd\source\repos\Daniel8Murphy0007\Star-Magic\PHASE_1_VERIFICATION_REPORT.md"
"2026-02-12 19:20","20655","C:\Users\tmsjd\source\repos\Daniel8Murphy0007\Star-Magic\QCalc_Phase1_Validation.py"
"2026-02-12 16:32","3716","C:\Users\tmsjd\source\repos\Daniel8Murphy0007\Star-Magic\.venv_py314_backup\Lib\site-packages\fontTools\pens\__pycache__\reportLabPen.cpython-314.pyc"
"2026-02-12 16:32","331","C:\Users\tmsjd\source\repos\Daniel8Murphy0007\Star-Magic\.venv_py314_backup\Lib\site-packages\PIL\__pycache__\report.cpython-314.pyc"
"2026-02-12 16:32","105","C:\Users\tmsjd\source\repos\Daniel8Murphy0007\Star-Magic\.venv_py314_backup\Lib\site-packages\PIL\report.py"
"2026-02-12 16:32","2145","C:\Users\tmsjd\source\repos\Daniel8Murphy0007\Star-Magic\.venv_py314_backup\Lib\site-packages\fontTools\pens\reportLabPen.py"
"2026-02-12 14:56","26505","C:\Users\tmsjd\source\repos\Daniel8Murphy0007\Star-Magic\PRODUCTION_ADVANCED_INTEGRATION_REPORT.md"
"2026-02-12 03:23","26742","C:\Users\tmsjd\source\repos\Daniel8Murphy0007\Star-Magic\STAR_MAGIC_ANALYSIS.md"
"2026-02-11 19:16","8304","C:\Users\tmsjd\source\repos\Daniel8Murphy0007\Star-Magic\UQFF_Validation_Demo.ipynb"
"2026-02-11 19:16","7279","C:\Users\tmsjd\source\repos\Daniel8Murphy0007\Star-Magic\ValidationData.py"
"2026-02-11 07:05","24088","C:\Users\tmsjd\source\repos\Daniel8Murphy0007\Star-Magic\SOURCE2_ANALYSIS_AND_INTEGRATION_PLAN.md"
"2026-02-07 22:11","7103","C:\Users\tmsjd\source\repos\Daniel8Murphy0007\Star-Magic\analysis_result.txt"
"2026-02-05 23:38","6166","C:\Users\tmsjd\source\repos\Daniel8Murphy0007\Star-Magic\bose_occupancy_validation.py"
"2026-02-05 23:38","13489","C:\Users\tmsjd\source\repos\Daniel8Murphy0007\Star-Magic\bsm_physics_validation.py"
"2026-02-05 23:38","10064","C:\Users\tmsjd\source\repos\Daniel8Murphy0007\Star-Magic\whitepapers\arxiv_bec_validation.tex"
"2026-02-05 23:38","3132","C:\Users\tmsjd\source\repos\Daniel8Murphy0007\Star-Magic\run_121_system_validation.py"
"2026-02-05 23:38","20455","C:\Users\tmsjd\source\repos\Daniel8Murphy0007\Star-Magic\experimental_validation_system.py"
"2026-02-05 23:38","21642","C:\Users\tmsjd\source\repos\Daniel8Murphy0007\Star-Magic\arxiv_validation_framework.py"
"2026-02-05 23:38","7945","C:\Users\tmsjd\source\repos\Daniel8Murphy0007\Star-Magic\experimental_validation_report.md"
"2026-02-05 23:38","6918","C:\Users\tmsjd\source\repos\Daniel8Murphy0007\Star-Magic\experimental_validation_data.json"
"2026-02-03 05:34","4322","C:\Users\tmsjd\source\repos\Daniel8Murphy0007\Star-Magic\.venv_py314_backup\Lib\site-packages\requests\status_codes.py"
"2026-02-03 05:34","6023","C:\Users\tmsjd\source\repos\Daniel8Murphy0007\Star-Magic\.venv_py314_backup\Lib\site-packages\requests\__pycache__\status_codes.cpython-314.pyc"
"2026-01-27 22:07","28600","C:\Users\tmsjd\source\repos\Daniel8Murphy0007\Star-Magic\.venv_py314_backup\Lib\site-packages\scipy\stats\__pycache__\_sensitivity_analysis.cpython-314.pyc"
"2026-01-27 22:07","2834","C:\Users\tmsjd\source\repos\Daniel8Murphy0007\Star-Magic\.venv_py314_backup\Lib\site-packages\scipy\sparse\csgraph\__pycache__\_validation.cpython-314.pyc"
"2026-01-26 00:44","951","C:\Users\tmsjd\source\repos\Daniel8Murphy0007\Star-Magic\.venv_py314_backup\Lib\site-packages\scipy\special\__pycache__\_input_validation.cpython-314.pyc"
"2026-01-26 00:44","3474","C:\Users\tmsjd\source\repos\Daniel8Murphy0007\Star-Magic\.venv_py314_backup\Lib\site-packages\scipy\optimize\_trustregion_constr\__pycache__\report.cpython-314.pyc"
"2026-01-26 00:43","61718","C:\Users\tmsjd\source\repos\Daniel8Murphy0007\Star-Magic\.venv_py314_backup\Lib\site-packages\numpy\_core\tests\data\umath-validation-set-arcsinh.csv"
"2026-01-26 00:43","25839","C:\Users\tmsjd\source\repos\Daniel8Murphy0007\Star-Magic\.venv_py314_backup\Lib\site-packages\scipy\stats\_sensitivity_analysis.py"
"2026-01-26 00:43","61728","C:\Users\tmsjd\source\repos\Daniel8Murphy0007\Star-Magic\.venv_py314_backup\Lib\site-packages\numpy\_core\tests\data\umath-validation-set-expm1.csv"
"2026-01-26 00:43","62768","C:\Users\tmsjd\source\repos\Daniel8Murphy0007\Star-Magic\.venv_py314_backup\Lib\site-packages\numpy\_core\tests\data\umath-validation-set-arcsin.csv"
"2026-01-26 00:43","62298","C:\Users\tmsjd\source\repos\Daniel8Murphy0007\Star-Magic\.venv_py314_backup\Lib\site-packages\numpy\_core\tests\data\umath-validation-set-cosh.csv"
"2026-01-26 00:43","11963","C:\Users\tmsjd\source\repos\Daniel8Murphy0007\Star-Magic\.venv_py314_backup\Lib\site-packages\numpy\_core\tests\data\umath-validation-set-log.csv"
"2026-01-26 00:43","62794","C:\Users\tmsjd\source\repos\Daniel8Murphy0007\Star-Magic\.venv_py314_backup\Lib\site-packages\numpy\_core\tests\data\umath-validation-set-arccosh.csv"
"2026-01-26 00:43","17903","C:\Users\tmsjd\source\repos\Daniel8Murphy0007\Star-Magic\.venv_py314_backup\Lib\site-packages\numpy\_core\tests\data\umath-validation-set-exp.csv"
"2026-01-26 00:43","62768","C:\Users\tmsjd\source\repos\Daniel8Murphy0007\Star-Magic\.venv_py314_backup\Lib\site-packages\numpy\_core\tests\data\umath-validation-set-arctanh.csv"
"2026-01-26 00:43","60497","C:\Users\tmsjd\source\repos\Daniel8Murphy0007\Star-Magic\.venv_py314_backup\Lib\site-packages\numpy\_core\tests\data\umath-validation-set-cos.csv"
"2026-01-26 00:43","62275","C:\Users\tmsjd\source\repos\Daniel8Murphy0007\Star-Magic\.venv_py314_backup\Lib\site-packages\numpy\_core\tests\data\umath-validation-set-cbrt.csv"
"2026-01-26 00:43","61734","C:\Users\tmsjd\source\repos\Daniel8Murphy0007\Star-Magic\.venv_py314_backup\Lib\site-packages\numpy\_core\tests\data\umath-validation-set-arctan.csv"
"2026-01-26 00:43","62794","C:\Users\tmsjd\source\repos\Daniel8Murphy0007\Star-Magic\.venv_py314_backup\Lib\site-packages\numpy\_core\tests\data\umath-validation-set-arccos.csv"
"2026-01-26 00:43","60053","C:\Users\tmsjd\source\repos\Daniel8Murphy0007\Star-Magic\.venv_py314_backup\Lib\site-packages\numpy\_core\tests\data\umath-validation-set-exp2.csv"
"2026-01-26 00:43","6012","C:\Users\tmsjd\source\repos\Daniel8Murphy0007\Star-Magic\.venv_py314_backup\Lib\site-packages\numpy\_core\tests\data\generate_umath_validation_data.cpp"
"2026-01-26 00:43","70551","C:\Users\tmsjd\source\repos\Daniel8Murphy0007\Star-Magic\.venv_py314_backup\Lib\site-packages\numpy\_core\tests\data\umath-validation-set-log10.csv"
"2026-01-26 00:43","982","C:\Users\tmsjd\source\repos\Daniel8Murphy0007\Star-Magic\.venv_py314_backup\Lib\site-packages\numpy\_core\tests\data\umath-validation-set-README.txt"
"2026-01-26 00:43","61722","C:\Users\tmsjd\source\repos\Daniel8Murphy0007\Star-Magic\.venv_py314_backup\Lib\site-packages\numpy\_core\tests\data\umath-validation-set-sinh.csv"
"2026-01-26 00:43","61728","C:\Users\tmsjd\source\repos\Daniel8Murphy0007\Star-Magic\.venv_py314_backup\Lib\site-packages\numpy\_core\tests\data\umath-validation-set-tan.csv"
"2026-01-26 00:43","1831","C:\Users\tmsjd\source\repos\Daniel8Murphy0007\Star-Magic\.venv_py314_backup\Lib\site-packages\scipy\optimize\_trustregion_constr\report.py"
"2026-01-26 00:43","1138","C:\Users\tmsjd\source\repos\Daniel8Murphy0007\Star-Magic\.venv_py314_backup\Lib\site-packages\scipy\optimize\_trustregion_constr\tests\test_report.py"
"2026-01-26 00:43","59981","C:\Users\tmsjd\source\repos\Daniel8Murphy0007\Star-Magic\.venv_py314_backup\Lib\site-packages\numpy\_core\tests\data\umath-validation-set-sin.csv"
"2026-01-26 00:43","2695","C:\Users\tmsjd\source\repos\Daniel8Murphy0007\Star-Magic\.venv_py314_backup\Lib\site-packages\scipy\sparse\csgraph\_validation.py"
"2026-01-26 00:43","10988","C:\Users\tmsjd\source\repos\Daniel8Murphy0007\Star-Magic\.venv_py314_backup\Lib\site-packages\scipy\stats\tests\test_sensitivity_analysis.py"
"2026-01-26 00:43","61732","C:\Users\tmsjd\source\repos\Daniel8Murphy0007\Star-Magic\.venv_py314_backup\Lib\site-packages\numpy\_core\tests\data\umath-validation-set-log1p.csv"
"2026-01-26 00:43","61728","C:\Users\tmsjd\source\repos\Daniel8Murphy0007\Star-Magic\.venv_py314_backup\Lib\site-packages\numpy\_core\tests\data\umath-validation-set-tanh.csv"
"2026-01-26 00:43","491","C:\Users\tmsjd\source\repos\Daniel8Murphy0007\Star-Magic\.venv_py314_backup\Lib\site-packages\scipy\special\_input_validation.py"
"2026-01-26 00:43","70546","C:\Users\tmsjd\source\repos\Daniel8Murphy0007\Star-Magic\.venv_py314_backup\Lib\site-packages\numpy\_core\tests\data\umath-validation-set-log2.csv"
"2026-01-23 18:16","1529","C:\Users\tmsjd\source\repos\Daniel8Murphy0007\Star-Magic\dual_physics_validation.log"
"2025-12-07 12:48","17373","C:\Users\tmsjd\source\repos\Daniel8Murphy0007\Star-Magic\COMPREHENSIVE_WORKSPACE_REPORT_Dec7_2025_1232PM.md"
"2025-12-07 12:45","4171","C:\Users\tmsjd\source\repos\Daniel8Murphy0007\Star-Magic\PHASE1_INTEGRATION_STATUS_Dec7_2025_1232PM.md"
"2025-12-04 19:25","9431","C:\Users\tmsjd\source\repos\Daniel8Murphy0007\Star-Magic\REPOSITORY_STATUS.md"
"2025-12-04 19:24","17662","C:\Users\tmsjd\source\repos\Daniel8Murphy0007\Star-Magic\RESTART_STATUS.md"
"2025-12-04 19:24","8785","C:\Users\tmsjd\source\repos\Daniel8Murphy0007\Star-Magic\WORKSPACE_STATUS_CURRENT.md"
"2025-12-04 15:54","22219","C:\Users\tmsjd\source\repos\Daniel8Murphy0007\Star-Magic\SOURCE82_MERGE_COMPLETION_REPORT.md"
"2025-12-01 21:14","1837","C:\Users\tmsjd\source\repos\Daniel8Murphy0007\Star-Magic\BUILD_SUCCESS_STATUS.json"
"2025-12-01 21:08","9975","C:\Users\tmsjd\source\repos\Daniel8Murphy0007\Star-Magic\CONSTRUCTION_STATUS_REPORT.md"
"2025-12-01 20:01","4350","C:\Users\tmsjd\source\repos\Daniel8Murphy0007\Star-Magic\.vscode\WORKSPACE_STATUS.md"
"2025-11-30 21:11","23108","C:\Users\tmsjd\source\repos\Daniel8Murphy0007\Star-Magic\RUN_VS_BUILD_ANALYSIS.md"
"2025-11-30 20:51","20454","C:\Users\tmsjd\source\repos\Daniel8Murphy0007\Star-Magic\WOLFRAM_LAST_EVALUATION_REPORT.md"
"2025-11-30 20:39","11400","C:\Users\tmsjd\source\repos\Daniel8Murphy0007\Star-Magic\WOLFRAM_INTEGRATION_STATUS.md"
"2025-11-30 20:07","4804","C:\Users\tmsjd\source\repos\Daniel8Murphy0007\Star-Magic\DEDUPLICATION_REPORT.md"
"2025-11-30 15:25","1862","C:\Users\tmsjd\source\repos\Daniel8Murphy0007\Star-Magic\wolfram_extraction\wolfram_validation.wls"
"2025-11-30 15:24","10236","C:\Users\tmsjd\source\repos\Daniel8Murphy0007\Star-Magic\wolfram_extraction\phase1_analysis_report.csv"
"2025-11-30 15:24","7984","C:\Users\tmsjd\source\repos\Daniel8Murphy0007\Star-Magic\source_files_inventory.csv"
"2025-11-26 15:40","10363","C:\Users\tmsjd\source\repos\Daniel8Murphy0007\Star-Magic\WORKSPACE_STATUS_NOV26_2025.md"
"2025-11-25 15:44","112404","C:\Users\tmsjd\source\repos\Daniel8Murphy0007\Star-Magic\COMPLETE_PHYSICS_CLASS_INVENTORY.csv"
"2025-11-24 20:48","14206","C:\Users\tmsjd\source\repos\Daniel8Murphy0007\Star-Magic\wolfram_extraction\source5_detailed_analysis.md"
"2025-11-24 20:25","21545","C:\Users\tmsjd\source\repos\Daniel8Murphy0007\Star-Magic\wolfram_extraction\source4_detailed_analysis.md"
"2025-11-24 20:16","350979","C:\Users\tmsjd\source\repos\Daniel8Murphy0007\Star-Magic\wolfram_extraction\source_inventory_complete.json"
"2025-11-23 15:24","23958","C:\Users\tmsjd\source\repos\Daniel8Murphy0007\Star-Magic\EXTRACTION_COMPLIANCE_REPORT.md"
"2025-11-23 13:05","11835","C:\Users\tmsjd\source\repos\Daniel8Murphy0007\Star-Magic\INTEGRATION_STATUS.md"
"2025-11-22 21:28","25561","C:\Users\tmsjd\source\repos\Daniel8Murphy0007\Star-Magic\MATHEMATICAL_METHODS_INVENTORY.md"
"2025-11-22 20:43","4659","C:\Users\tmsjd\source\repos\Daniel8Murphy0007\Star-Magic\REGISTRY_ANALYSIS_NOV22_7PM.md"
"2025-11-22 15:55","11651","C:\Users\tmsjd\source\repos\Daniel8Murphy0007\Star-Magic\COMPREHENSIVE_BUILD_VERIFICATION_REPORT.md"
"2025-11-22 15:23","1067457","C:\Users\tmsjd\source\repos\Daniel8Murphy0007\Star-Magic\deduplication_analysis_20251122_152350.json"
"2025-11-22 15:22","785589","C:\Users\tmsjd\source\repos\Daniel8Murphy0007\Star-Magic\deduplication_analysis_20251122_152217.json"
"2025-11-22 03:00","288620","C:\Users\tmsjd\source\repos\Daniel8Murphy0007\Star-Magic\deduplication_analysis_results.json"
"2025-11-22 02:33","10561","C:\Users\tmsjd\source\repos\Daniel8Murphy0007\Star-Magic\PHYSICS_EXTRACTION_REPORT.md"
"2025-11-22 02:31","4677","C:\Users\tmsjd\source\repos\Daniel8Murphy0007\Star-Magic\extract_physics_report.py"
"2025-11-22 02:31","27634","C:\Users\tmsjd\source\repos\Daniel8Murphy0007\Star-Magic\physics_extraction_report.csv"
"2025-11-20 16:31","3115","C:\Users\tmsjd\source\repos\Daniel8Murphy0007\Star-Magic\VS_RESTART_FILES_VERIFICATION.txt"
"2025-11-20 16:30","39565","C:\Users\tmsjd\source\repos\Daniel8Murphy0007\Star-Magic\COMPLETE_PHYSICS_INVENTORY.md"
"2025-11-20 16:15","16486","C:\Users\tmsjd\source\repos\Daniel8Murphy0007\Star-Magic\RESTORE_POINT_UPDATE_REPORT_FINAL.md"
"2025-11-20 13:21","8639","C:\Users\tmsjd\source\repos\Daniel8Murphy0007\Star-Magic\ANALYSIS_COMPLETE_SUMMARY.md"
"2025-11-20 13:17","9983","C:\Users\tmsjd\source\repos\Daniel8Murphy0007\Star-Magic\UNSTAGED_CHANGES_ANALYSIS.md"
"2025-11-20 13:17","14690","C:\Users\tmsjd\source\repos\Daniel8Murphy0007\Star-Magic\EXTRACTION_COMPLETE_REPORT.md"
"2025-11-20 13:17","11932","C:\Users\tmsjd\source\repos\Daniel8Murphy0007\Star-Magic\PHYSICS_TERMS_COMPREHENSIVE_REPORT.md"
"2025-11-20 02:08","142690","C:\Users\tmsjd\source\repos\Daniel8Murphy0007\Star-Magic\all_physics_terms_inventory.csv"
"2025-11-20 01:58","8289","C:\Users\tmsjd\source\repos\Daniel8Murphy0007\Star-Magic\physics_term_inventory.txt"
"2025-11-20 01:24","5963","C:\Users\tmsjd\source\repos\Daniel8Murphy0007\Star-Magic\PHYSICS_CLASS_ANALYSIS_SUMMARY.md"
"2025-11-19 23:02","5639","C:\Users\tmsjd\source\repos\Daniel8Murphy0007\Star-Magic\.venv_py314_backup\Lib\site-packages\httpx\_status_codes.py"
"2025-11-19 20:10","8734","C:\Users\tmsjd\source\repos\Daniel8Murphy0007\Star-Magic\verify_enhancements.cpp"
"2025-11-18 06:05","8894","C:\Users\tmsjd\source\repos\Daniel8Murphy0007\Star-Magic\module_analysis_20251118_012300.json"
"2025-11-18 06:05","18358","C:\Users\tmsjd\source\repos\Daniel8Murphy0007\Star-Magic\FINAL_INTEGRATION_REPORT.md"
"2025-11-18 06:05","588836","C:\Users\tmsjd\source\repos\Daniel8Murphy0007\Star-Magic\module_analysis_20251114_142733.json"
"2025-11-17 11:00","9827","C:\Users\tmsjd\source\repos\Daniel8Murphy0007\Star-Magic\PHYSICS_FIDELITY_CORRECTION_REPORT.md"
"2025-11-17 10:49","7017","C:\Users\tmsjd\source\repos\Daniel8Murphy0007\Star-Magic\SOURCE101-153_INSPECTION_REPORT.md"
"2025-11-16 06:53","11566","C:\Users\tmsjd\source\repos\Daniel8Murphy0007\Star-Magic\TIMESTAMP_ANALYSIS_COMPLETE.md"
"2025-11-16 06:39","11509","C:\Users\tmsjd\source\repos\Daniel8Murphy0007\Star-Magic\RESTORE_POINT_16NOV2025_651AM\TIMESTAMP_ANALYSIS_COMPLETE.md"
"2025-11-14 14:27","959044","C:\Users\tmsjd\source\repos\Daniel8Murphy0007\Star-Magic\1N5B6Y891 B8;56`YV9 [UB8;561 (3)\module_analysis_20251114_142733.json"
"2025-11-13 02:09","3018","C:\Users\tmsjd\source\repos\Daniel8Murphy0007\Star-Magic\verify_integrations.js"
"2025-11-09 07:15","19112","C:\Users\tmsjd\source\repos\Daniel8Murphy0007\Star-Magic\CPP_FILES_INSPECTION_REPORT.md"
"2025-11-09 07:12","17757","C:\Users\tmsjd\source\repos\Daniel8Murphy0007\Star-Magic\cpp_file_analysis.csv"
"2025-11-08 15:29","2252","C:\Users\tmsjd\source\repos\Daniel8Murphy0007\Star-Magic\verify_source5_integration.js"
"2025-11-08 08:22","1446","C:\Users\tmsjd\source\repos\Daniel8Murphy0007\Star-Magic\.github\ISSUE_TEMPLATE\bug_report.yml"
"2025-11-07 17:03","562","C:\Users\tmsjd\source\repos\Daniel8Murphy0007\Star-Magic\node_modules\@opentelemetry\api\build\esm\trace\status.d.ts"
"2025-11-07 17:03","562","C:\Users\tmsjd\source\repos\Daniel8Murphy0007\Star-Magic\node_modules\@opentelemetry\api\build\esnext\trace\status.d.ts"
"2025-11-07 17:03","583","C:\Users\tmsjd\source\repos\Daniel8Murphy0007\Star-Magic\node_modules\@opentelemetry\api\build\esnext\trace\status.js"
"2025-11-07 17:03","583","C:\Users\tmsjd\source\repos\Daniel8Murphy0007\Star-Magic\node_modules\@opentelemetry\api\build\esm\trace\status.js"
"2025-11-07 17:03","1444","C:\Users\tmsjd\source\repos\Daniel8Murphy0007\Star-Magic\node_modules\@opentelemetry\api\build\esm\trace\status.js.map"
"2025-11-07 17:03","719","C:\Users\tmsjd\source\repos\Daniel8Murphy0007\Star-Magic\node_modules\@opentelemetry\api\build\src\trace\status.js"
"2025-11-07 17:03","1116","C:\Users\tmsjd\source\repos\Daniel8Murphy0007\Star-Magic\node_modules\@grpc\grpc-js\build\src\generated\xds\service\orca\v3\OrcaLoadReportRequest.d.ts"
"2025-11-07 17:03","1444","C:\Users\tmsjd\source\repos\Daniel8Murphy0007\Star-Magic\node_modules\@opentelemetry\api\build\esnext\trace\status.js.map"
"2025-11-07 17:03","562","C:\Users\tmsjd\source\repos\Daniel8Murphy0007\Star-Magic\node_modules\@opentelemetry\api\build\src\trace\status.d.ts"
"2025-11-07 17:03","2618","C:\Users\tmsjd\source\repos\Daniel8Murphy0007\Star-Magic\node_modules\@grpc\grpc-js\proto\xds\xds\data\orca\v3\orca_load_report.proto"
"2025-11-07 17:03","1237","C:\Users\tmsjd\source\repos\Daniel8Murphy0007\Star-Magic\node_modules\@grpc\grpc-js\src\control-plane-status.ts"
"2025-11-07 17:03","185","C:\Users\tmsjd\source\repos\Daniel8Murphy0007\Star-Magic\node_modules\@grpc\grpc-js\build\src\generated\xds\service\orca\v3\OrcaLoadReportRequest.js"
"2025-11-07 17:03","194","C:\Users\tmsjd\source\repos\Daniel8Murphy0007\Star-Magic\node_modules\@grpc\grpc-js\build\src\generated\xds\service\orca\v3\OrcaLoadReportRequest.js.map"
"2025-11-07 17:03","1138","C:\Users\tmsjd\source\repos\Daniel8Murphy0007\Star-Magic\node_modules\@grpc\grpc-js\src\generated\xds\service\orca\v3\OrcaLoadReportRequest.ts"
"2025-11-07 17:03","187","C:\Users\tmsjd\source\repos\Daniel8Murphy0007\Star-Magic\node_modules\@grpc\grpc-js\build\src\generated\xds\data\orca\v3\OrcaLoadReport.js"
"2025-11-07 17:03","1783","C:\Users\tmsjd\source\repos\Daniel8Murphy0007\Star-Magic\node_modules\@grpc\grpc-js\src\status-builder.ts"
"2025-11-07 17:03","4290","C:\Users\tmsjd\source\repos\Daniel8Murphy0007\Star-Magic\node_modules\@grpc\grpc-js\src\generated\xds\data\orca\v3\OrcaLoadReport.ts"
"2025-11-07 17:03","1534","C:\Users\tmsjd\source\repos\Daniel8Murphy0007\Star-Magic\node_modules\@grpc\grpc-js\build\src\control-plane-status.js"
"2025-11-07 17:03","690","C:\Users\tmsjd\source\repos\Daniel8Murphy0007\Star-Magic\node_modules\@grpc\grpc-js\build\src\control-plane-status.js.map"
"2025-11-07 17:03","169","C:\Users\tmsjd\source\repos\Daniel8Murphy0007\Star-Magic\node_modules\@grpc\grpc-js\build\src\control-plane-status.d.ts"
"2025-11-07 17:03","1449","C:\Users\tmsjd\source\repos\Daniel8Murphy0007\Star-Magic\node_modules\@opentelemetry\api\build\src\trace\status.js.map"
"2025-11-07 17:03","177","C:\Users\tmsjd\source\repos\Daniel8Murphy0007\Star-Magic\node_modules\@grpc\grpc-js\build\src\generated\xds\data\orca\v3\OrcaLoadReport.js.map"
"2025-11-07 17:03","657","C:\Users\tmsjd\source\repos\Daniel8Murphy0007\Star-Magic\node_modules\@grpc\grpc-js\build\src\status-builder.d.ts"
"2025-11-07 17:03","753","C:\Users\tmsjd\source\repos\Daniel8Murphy0007\Star-Magic\node_modules\@types\aws-lambda\trigger\cognito-user-pool-trigger\verify-auth-challenge-response.d.ts"
"2025-11-07 17:03","12653","C:\Users\tmsjd\source\repos\Daniel8Murphy0007\Star-Magic\node_modules\yargs\build\lib\validation.js"
"2025-11-07 17:03","4517","C:\Users\tmsjd\source\repos\Daniel8Murphy0007\Star-Magic\node_modules\@grpc\grpc-js\build\src\generated\xds\data\orca\v3\OrcaLoadReport.d.ts"
"2025-11-07 17:03","1767","C:\Users\tmsjd\source\repos\Daniel8Murphy0007\Star-Magic\node_modules\@grpc\grpc-js\build\src\status-builder.js"
"2025-11-07 17:03","1002","C:\Users\tmsjd\source\repos\Daniel8Murphy0007\Star-Magic\node_modules\@grpc\grpc-js\build\src\status-builder.js.map"
"2025-11-07 16:13","3080","C:\Users\tmsjd\source\repos\Daniel8Murphy0007\Star-Magic\LEGACY_ENHANCEMENT_STATUS.md"
"2025-11-07 13:34","7403","C:\Users\tmsjd\source\repos\Daniel8Murphy0007\Star-Magic\verify_modules.js"
"2025-11-07 05:30","2569","C:\Users\tmsjd\source\repos\Daniel8Murphy0007\Star-Magic\validation_test.js"
"2025-11-06 14:41","3222","C:\Users\tmsjd\source\repos\Daniel8Murphy0007\Star-Magic\verify_source98_integration.js"
"2025-10-22 17:25","12315","C:\Users\tmsjd\source\repos\Daniel8Murphy0007\Star-Magic\🎯 COMPREHENSIVE VERIFICATION COMPLETE_22Oct2025.docx"
"2025-10-22 03:20","1638","C:\Users\tmsjd\source\repos\Daniel8Murphy0007\Star-Magic\h154_verify.js"
