paper_id,variant,filename,bucket,reason,action
001,,PAPER_001_GW170817_UQFF_Damping_Analysis.md,D,PROMOTED from H -> D (content: xi=13/3 R26+KK lock (R26\b)),Forward-pointer to PAPER_1171/1172 (xi=13/3 R26+KK lock) + PAPER_1173
002,,PAPER_002_GW190425_Mass_Gap_Interpretation.md,D,PROMOTED from H -> D (content: xi=13/3 R26+KK lock (R26\b)),Forward-pointer to PAPER_1171/1172 (xi=13/3 R26+KK lock) + PAPER_1173
003,,PAPER_003_GW150914_UQFF_vs_LIGO_Strain.md,D,PROMOTED from H -> D (content: xi=13/3 R26+KK lock (R26\b)),Forward-pointer to PAPER_1171/1172 (xi=13/3 R26+KK lock) + PAPER_1173
004,,PAPER_004_GW170817_BNS_Chirp_Phase_Evolution.md,D,PROMOTED from H -> D (content: xi=13/3 R26+KK lock (R26\b)),Forward-pointer to PAPER_1171/1172 (xi=13/3 R26+KK lock) + PAPER_1173
005,,PAPER_005_BH_Merger_Energy_Retention_UQFF.md,D,PROMOTED from H -> D (content: xi=13/3 R26+KK lock (R26\b)),Forward-pointer to PAPER_1171/1172 (xi=13/3 R26+KK lock) + PAPER_1173
006,,PAPER_006_GW170817_Multi_Messenger_Full_Inspiral.md,D,PROMOTED from H -> D (content: xi=13/3 R26+KK lock (R26\b)),Forward-pointer to PAPER_1171/1172 (xi=13/3 R26+KK lock) + PAPER_1173
007,,PAPER_007_Tidal_Deformability_Constraints_BNS_UQFF.md,D,PROMOTED from H -> D (content: xi=13/3 R26+KK lock (R26\b)),Forward-pointer to PAPER_1171/1172 (xi=13/3 R26+KK lock) + PAPER_1173
008,,PAPER_008_UQFF_Waveform_Phase_Evolution_Template_Mismatch.md,D,PROMOTED from H -> D (content: xi=13/3 R26+KK lock (R26\b)),Forward-pointer to PAPER_1171/1172 (xi=13/3 R26+KK lock) + PAPER_1173
008,b,PAPER_008b_Full_Inspiral_Waveform_UQFF.md,D,PROMOTED from H -> D (content: xi=13/3 R26+KK lock (R26\b)),Forward-pointer to PAPER_1171/1172 (xi=13/3 R26+KK lock) + PAPER_1173
009,,PAPER_009_Damping_Mechanism_Decomposition_UQFF.md,D,PROMOTED from H -> D (content: xi=13/3 R26+KK lock (R26\b)),Forward-pointer to PAPER_1171/1172 (xi=13/3 R26+KK lock) + PAPER_1173
009,b,PAPER_009b_Aether_String_TRZ_Damping_GW.md,D,PROMOTED from H -> D (content: xi=13/3 R26+KK lock (R26\b)),Forward-pointer to PAPER_1171/1172 (xi=13/3 R26+KK lock) + PAPER_1173
010,,PAPER_010_Post_Merger_Oscillations_Remnant_Mass_UQFF.md,D,PROMOTED from H -> D (content: xi=13/3 R26+KK lock (R26\b)),Forward-pointer to PAPER_1171/1172 (xi=13/3 R26+KK lock) + PAPER_1173
010,b,PAPER_010b_Time_Domain_Chirp_23Hz_UQFF.md,D,PROMOTED from H -> D (content: xi=13/3 R26+KK lock (R26\b)),Forward-pointer to PAPER_1171/1172 (xi=13/3 R26+KK lock) + PAPER_1173
011,,PAPER_011_Stochastic_GW_Background_UQFF_Implications.md,D,PROMOTED from H -> D (content: xi=13/3 R26+KK lock (R26\b)),Forward-pointer to PAPER_1171/1172 (xi=13/3 R26+KK lock) + PAPER_1173
011,b,PAPER_011b_Amplitude_Reduction_Factor_UQFF.md,D,PROMOTED from H -> D (content: xi=13/3 R26+KK lock (R26\b)),Forward-pointer to PAPER_1171/1172 (xi=13/3 R26+KK lock) + PAPER_1173
012,,PAPER_012_Eccentric_Binary_Circularization_UQFF.md,D,PROMOTED from H -> D (content: xi=13/3 R26+KK lock (R26\b)),Forward-pointer to PAPER_1171/1172 (xi=13/3 R26+KK lock) + PAPER_1173
012,b,PAPER_012b_GW150914_Waveform_Validation.md,D,PROMOTED from H -> D (content: xi=13/3 R26+KK lock (R26\b)),Forward-pointer to PAPER_1171/1172 (xi=13/3 R26+KK lock) + PAPER_1173
013,,PAPER_013_Magnetar_Spin_Down_UQFF_Framework.md,D,PROMOTED from H -> D (content: xi=13/3 R26+KK lock (R26\b)),Forward-pointer to PAPER_1171/1172 (xi=13/3 R26+KK lock) + PAPER_1173
013,b,PAPER_013b_LISA_SMBH_Merger_Rate_UQFF.md,D,PROMOTED from H -> D (content: xi=13/3 R26+KK lock (R26\b)),Forward-pointer to PAPER_1171/1172 (xi=13/3 R26+KK lock) + PAPER_1173
014,,PAPER_014_Primordial_Black_Holes_UQFF_Formation.md,D,PROMOTED from H -> D (content: xi=13/3 R26+KK lock (R26\b)),Forward-pointer to PAPER_1171/1172 (xi=13/3 R26+KK lock) + PAPER_1173
014,b,PAPER_014b_EMRI_Aether_Damping_UQFF.md,D,PROMOTED from H -> D (content: xi=13/3 R26+KK lock (R26\b)),Forward-pointer to PAPER_1171/1172 (xi=13/3 R26+KK lock) + PAPER_1173
015,,PAPER_015_Cosmological_Implications_UQFF_Modified_GW_Propagation.md,A,filename: Cosmolog,Add closing section: v5.78 27-decade vacuum ledger (PAPER_1170) + xi=13/3
015,b,PAPER_015b_Multiband_GW_LISA_LIGO_UQFF.md,D,PROMOTED from H -> D (content: xi=13/3 R26+KK lock (R26\b)),Forward-pointer to PAPER_1171/1172 (xi=13/3 R26+KK lock) + PAPER_1173
016,,PAPER_016_Quantum_Entanglement_UQFF_Nonlocal_Correlations.md,D,PROMOTED from H -> D (content: xi=13/3 R26+KK lock (R26\b)),Forward-pointer to PAPER_1171/1172 (xi=13/3 R26+KK lock) + PAPER_1173
016,b,PAPER_016b_White_Dwarf_Foreground_UQFF.md,D,PROMOTED from H -> D (content: xi=13/3 R26+KK lock (R26\b)),Forward-pointer to PAPER_1171/1172 (xi=13/3 R26+KK lock) + PAPER_1173
017,,PAPER_017_Redshift_Corrections_z1_in_UQFF_GW_Propagation.md,D,PROMOTED from H -> D (content: xi=13/3 R26+KK lock (R26\b)),Forward-pointer to PAPER_1171/1172 (xi=13/3 R26+KK lock) + PAPER_1173
018,,PAPER_018_Aether_Noise_Spectrum_Characterization_for_LISA.md,D,PROMOTED from H -> D (content: xi=13/3 R26+KK lock (R26\b)),Forward-pointer to PAPER_1171/1172 (xi=13/3 R26+KK lock) + PAPER_1173
019,,PAPER_019_Pulsar_Timing_Array_Anomalies_UQFF.md,D,PROMOTED from H -> D (content: xi=13/3 R26+KK lock (R26\b)),Forward-pointer to PAPER_1171/1172 (xi=13/3 R26+KK lock) + PAPER_1173
020,,PAPER_020_Cosmic_Ray_Propagation_UQFF_Spacetime.md,D,PROMOTED from H -> D (content: xi=13/3 R26+KK lock (R26\b)),Forward-pointer to PAPER_1171/1172 (xi=13/3 R26+KK lock) + PAPER_1173
021,,PAPER_021_Gravitational_Lensing_Corrections_UQFF_Vacuum_Density.md,A,filename: Vacuum_Density,Add closing section: v5.78 27-decade vacuum ledger (PAPER_1170) + xi=13/3
022,,PAPER_022_String_Compactification_Signatures_GW_Background.md,D,filename: Compactification,Forward-pointer to PAPER_1171/1172 (xi=13/3 R26+KK lock) + PAPER_1173
023,,PAPER_023_Tau_Anomalous_Magnetic_Moment_g2_UQFF.md,D,PROMOTED from H -> D (content: xi=13/3 R26+KK lock (R26\b)),Forward-pointer to PAPER_1171/1172 (xi=13/3 R26+KK lock) + PAPER_1173
024,,PAPER_024_Tau_Electric_Dipole_Moment_UQFF.md,D,PROMOTED from H -> D (content: xi=13/3 R26+KK lock (R26\b)),Forward-pointer to PAPER_1171/1172 (xi=13/3 R26+KK lock) + PAPER_1173
025,,PAPER_025_Dark_Matter_Direct_Detection_UQFF.md,D,PROMOTED from H -> D (content: xi=13/3 R26+KK lock (R26\b)),Forward-pointer to PAPER_1171/1172 (xi=13/3 R26+KK lock) + PAPER_1173
025,b,PAPER_025b_Neutrino_Polarizability_UQFF.md,E,PROMOTED from H -> E (content: P-suite falsifiability (CMB-?S4)),Forward-pointer to PAPER_1174 P1-P14 suite + PAPER_1177-1180
026,,PAPER_026_Sterile_Neutrino_Mass_Generation_UQFF.md,E,PROMOTED from H -> E (content: P-suite falsifiability (CMB-?S4)),Forward-pointer to PAPER_1174 P1-P14 suite + PAPER_1177-1180
026,,PAPER_026_Sterile_Neutrino_Mass_UQFF.md,H,filename: no v5.78 trigger -> default H,NO UPDATE (specific system / framework application)
026,b,PAPER_026b_Vector_Like_Quarks_UQFF.md,D,PROMOTED from H -> D (content: xi=13/3 R26+KK lock (R26\b)),Forward-pointer to PAPER_1171/1172 (xi=13/3 R26+KK lock) + PAPER_1173
027,,PAPER_027_Lepton_Flavor_Violation_UQFF.md,D,PROMOTED from H -> D (content: xi=13/3 R26+KK lock (R26\b)),Forward-pointer to PAPER_1171/1172 (xi=13/3 R26+KK lock) + PAPER_1173
028,,PAPER_028_BSM_Coupling_Constants_UQFF.md,D,PROMOTED from H -> D (content: xi=13/3 R26+KK lock (R26\b)),Forward-pointer to PAPER_1171/1172 (xi=13/3 R26+KK lock) + PAPER_1173
029,,PAPER_029_New_Physics_TeV_Scale_UQFF.md,D,PROMOTED from H -> D (content: xi=13/3 R26+KK lock (R26\b)),Forward-pointer to PAPER_1171/1172 (xi=13/3 R26+KK lock) + PAPER_1173
030,,PAPER_030_Dark_Sector_Mediators_UQFF.md,D,PROMOTED from H -> D (content: xi=13/3 R26+KK lock (R26\b)),Forward-pointer to PAPER_1171/1172 (xi=13/3 R26+KK lock) + PAPER_1173
031,,PAPER_031_Flavor_Anomalies_Resolution_UQFF.md,D,PROMOTED from H -> D (content: xi=13/3 R26+KK lock (R26\b)),Forward-pointer to PAPER_1171/1172 (xi=13/3 R26+KK lock) + PAPER_1173
032,,PAPER_032_BSM_Scalar_Sectors_UQFF.md,D,PROMOTED from H -> D (content: xi=13/3 R26+KK lock (R26\b)),Forward-pointer to PAPER_1171/1172 (xi=13/3 R26+KK lock) + PAPER_1173
033,,PAPER_033_Electroweak_Precision_UQFF.md,D,PROMOTED from H -> D (content: xi=13/3 R26+KK lock (R26\b)),Forward-pointer to PAPER_1171/1172 (xi=13/3 R26+KK lock) + PAPER_1173
034,,PAPER_034_Higgs_Kappa_t_Coupling_UQFF.md,D,PROMOTED from H -> D (content: xi=13/3 R26+KK lock (R26\b)),Forward-pointer to PAPER_1171/1172 (xi=13/3 R26+KK lock) + PAPER_1173
035,,PAPER_035_Higgs_CP_Violation_UQFF.md,D,PROMOTED from H -> D (content: xi=13/3 R26+KK lock (R26\b)),Forward-pointer to PAPER_1171/1172 (xi=13/3 R26+KK lock) + PAPER_1173
036,,PAPER_036_FUBii_Buoyancy_Variant1_Archimedes_UQFF.md,D,PROMOTED from H -> D (content: xi=13/3 R26+KK lock (R26\b)),Forward-pointer to PAPER_1171/1172 (xi=13/3 R26+KK lock) + PAPER_1173
037,,PAPER_037_FUBii_Buoyancy_Variants2to6_Thermodynamic.md,D,PROMOTED from H -> D (content: xi=13/3 R26+KK lock (R26\b)),Forward-pointer to PAPER_1171/1172 (xi=13/3 R26+KK lock) + PAPER_1173
038,,PAPER_038_FUBii_Buoyancy_Variants7to11_Quantum.md,D,PROMOTED from H -> D (content: xi=13/3 R26+KK lock (R26\b)),Forward-pointer to PAPER_1171/1172 (xi=13/3 R26+KK lock) + PAPER_1173
039,,PAPER_039_FUBii_Buoyancy_Variants12to17_ICM.md,D,PROMOTED from H -> D (content: xi=13/3 R26+KK lock (R26\b)),Forward-pointer to PAPER_1171/1172 (xi=13/3 R26+KK lock) + PAPER_1173
040,,PAPER_040_XRay_Cluster_Buoyancy_Perseus_Coma_Virgo.md,D,PROMOTED from H -> D (content: xi=13/3 R26+KK lock (R26\b)),Forward-pointer to PAPER_1171/1172 (xi=13/3 R26+KK lock) + PAPER_1173
041,,PAPER_041_Intracluster_Medium_Physics_UQFF.md,D,PROMOTED from H -> D (content: xi=13/3 R26+KK lock (R26\b)),Forward-pointer to PAPER_1171/1172 (xi=13/3 R26+KK lock) + PAPER_1173
042,,PAPER_042_Monte_Carlo_26Layer_Compressed_Gravity.md,D,PROMOTED from H -> D (content: xi=13/3 R26+KK lock (R26\b)),Forward-pointer to PAPER_1171/1172 (xi=13/3 R26+KK lock) + PAPER_1173
043,,PAPER_043_26D_Energy_Structure_Mathematical_Foundation.md,D,PROMOTED from H -> D (content: xi=13/3 R26+KK lock (R26\b)),Forward-pointer to PAPER_1171/1172 (xi=13/3 R26+KK lock) + PAPER_1173
044,,PAPER_044_Pre_Big_Bang_Configuration_26D_UQFF.md,A,filename: Big_Bang,Add closing section: v5.78 27-decade vacuum ledger (PAPER_1170) + xi=13/3
045,,PAPER_045_Quantum_Phase_Transitions_UQFF_26D.md,D,PROMOTED from H -> D (content: xi=13/3 R26+KK lock (R26\b)),Forward-pointer to PAPER_1171/1172 (xi=13/3 R26+KK lock) + PAPER_1173
046,,PAPER_046_DPM_Cosmology_Dark_Photon_Manifold.md,A,filename: Cosmolog,Add closing section: v5.78 27-decade vacuum ledger (PAPER_1170) + xi=13/3
047,,PAPER_047_Nuclear_Binding_Energy_26Level_Polynomial.md,D,PROMOTED from H -> D (content: xi=13/3 R26+KK lock (R26\b)),Forward-pointer to PAPER_1171/1172 (xi=13/3 R26+KK lock) + PAPER_1173
048,,PAPER_048_Black_Hole_Interaction_Energy_26D_UQFF.md,D,PROMOTED from H -> D (content: xi=13/3 R26+KK lock (R26\b)),Forward-pointer to PAPER_1171/1172 (xi=13/3 R26+KK lock) + PAPER_1173
049,,PAPER_049_Vacuum_Density_Contributions_UQFF_26Layer.md,A,filename: Vacuum_Density,Add closing section: v5.78 27-decade vacuum ledger (PAPER_1170) + xi=13/3
050,,PAPER_050_26D_Manifold_Compactification_3plus1_Spacetime.md,D,filename: Compactification,Forward-pointer to PAPER_1171/1172 (xi=13/3 R26+KK lock) + PAPER_1173
051,,PAPER_051_UQFF_Predictions_vs_arXiv_2024.md,D,PROMOTED from H -> D (content: xi=13/3 R26+KK lock (R26\b)),Forward-pointer to PAPER_1171/1172 (xi=13/3 R26+KK lock) + PAPER_1173
052,,PAPER_052_UQFF_Predictions_vs_arXiv_2025.md,D,PROMOTED from H -> D (content: xi=13/3 R26+KK lock (R26\b)),Forward-pointer to PAPER_1171/1172 (xi=13/3 R26+KK lock) + PAPER_1173
053,,PAPER_053_NGC2264_Star_Formation_UQFF.md,D,PROMOTED from H -> D (content: xi=13/3 R26+KK lock (R26\b)),Forward-pointer to PAPER_1171/1172 (xi=13/3 R26+KK lock) + PAPER_1173
054,,PAPER_054_Tadpole_Galaxy_UGC10214_UQFF.md,D,PROMOTED from H -> D (content: xi=13/3 R26+KK lock (R26\b)),Forward-pointer to PAPER_1171/1172 (xi=13/3 R26+KK lock) + PAPER_1173
055,,PAPER_055_Mice_Galaxies_NGC4676_UQFF.md,D,PROMOTED from H -> D (content: xi=13/3 R26+KK lock (R26\b)),Forward-pointer to PAPER_1171/1172 (xi=13/3 R26+KK lock) + PAPER_1173
056,,PAPER_056_Red_Spider_Nebula_UQFF.md,D,PROMOTED from H -> D (content: xi=13/3 R26+KK lock (R26\b)),Forward-pointer to PAPER_1171/1172 (xi=13/3 R26+KK lock) + PAPER_1173
057,,PAPER_057_Carina_Nebula_Multi_Scale_UQFF.md,D,PROMOTED from H -> D (content: xi=13/3 R26+KK lock (R26\b)),Forward-pointer to PAPER_1171/1172 (xi=13/3 R26+KK lock) + PAPER_1173
058,,PAPER_058_M42_Orion_Nebula_UQFF.md,D,PROMOTED from H -> D (content: xi=13/3 R26+KK lock (R26\b)),Forward-pointer to PAPER_1171/1172 (xi=13/3 R26+KK lock) + PAPER_1173
059,,PAPER_059_Alpha_BEC_Heavy_Ion_Collisions_UQFF.md,D,PROMOTED from H -> D (content: xi=13/3 R26+KK lock (R26\b)),Forward-pointer to PAPER_1171/1172 (xi=13/3 R26+KK lock) + PAPER_1173
060,,PAPER_060_Bose_Occupancy_NIMROD_ISiS_UQFF.md,D,PROMOTED from H -> D (content: xi=13/3 R26+KK lock (R26\b)),Forward-pointer to PAPER_1171/1172 (xi=13/3 R26+KK lock) + PAPER_1173
061,,PAPER_061_Nuclear_BEC_Formation_UQFF.md,D,PROMOTED from H -> D (content: xi=13/3 R26+KK lock (R26\b)),Forward-pointer to PAPER_1171/1172 (xi=13/3 R26+KK lock) + PAPER_1173
062,,PAPER_062_Widom_Larsen_LENR_UQFF.md,D,PROMOTED from I -> D (content: xi=13/3 R26+KK lock (R26\b)),Forward-pointer to PAPER_1171/1172 (xi=13/3 R26+KK lock) + PAPER_1173
063,,PAPER_063_F_U_Bi_i_Integral_UQFF.md,D,PROMOTED from H -> D (content: xi=13/3 R26+KK lock (R26\b)),Forward-pointer to PAPER_1171/1172 (xi=13/3 R26+KK lock) + PAPER_1173
064,,PAPER_064_4_UQFF_Operational_Modes.md,D,PROMOTED from H -> D (content: xi=13/3 R26+KK lock (R26\b)),Forward-pointer to PAPER_1171/1172 (xi=13/3 R26+KK lock) + PAPER_1173
065,,PAPER_065_121_System_UQFF_Validation_Statistical_Summary.md,D,PROMOTED from H -> D (content: xi=13/3 R26+KK lock (R26\b)),Forward-pointer to PAPER_1171/1172 (xi=13/3 R26+KK lock) + PAPER_1173
066,,PAPER_066_Magnetar_Systems_SGR1745_Crab_Vela_UQFF.md,D,PROMOTED from H -> D (content: xi=13/3 R26+KK lock (R26\b)),Forward-pointer to PAPER_1171/1172 (xi=13/3 R26+KK lock) + PAPER_1173
067,,PAPER_067_AGN_SgrA_M87_CentaurusA_UQFF.md,D,PROMOTED from H -> D (content: xi=13/3 R26+KK lock (R26\b)),Forward-pointer to PAPER_1171/1172 (xi=13/3 R26+KK lock) + PAPER_1173
068,,PAPER_068_Globular_Cluster_Dynamics_UQFF.md,D,PROMOTED from H -> D (content: xi=13/3 R26+KK lock (R26\b)),Forward-pointer to PAPER_1171/1172 (xi=13/3 R26+KK lock) + PAPER_1173
069,,PAPER_069_Radio_Transient_ASKAP_J1832_UQFF.md,D,PROMOTED from H -> D (content: xi=13/3 R26+KK lock (R26\b)),Forward-pointer to PAPER_1171/1172 (xi=13/3 R26+KK lock) + PAPER_1173
070,,PAPER_070_Planetary_Nebula_Dynamics_Helix_UQFF.md,D,PROMOTED from H -> D (content: xi=13/3 R26+KK lock (R26\b)),Forward-pointer to PAPER_1171/1172 (xi=13/3 R26+KK lock) + PAPER_1173
071,,PAPER_071_Stellar_Superflare_Energy_Budget_UQFF.md,D,PROMOTED from H -> D (content: xi=13/3 R26+KK lock (R26\b)),Forward-pointer to PAPER_1171/1172 (xi=13/3 R26+KK lock) + PAPER_1173
072,,PAPER_072_Red_Dwarf_Reactor_Physics_UQFF.md,D,PROMOTED from H -> D (content: xi=13/3 R26+KK lock (R26\b)),Forward-pointer to PAPER_1171/1172 (xi=13/3 R26+KK lock) + PAPER_1173
073,,PAPER_073_GAIA_DR4_Stellar_UQFF_Validation.md,D,PROMOTED from H -> D (content: xi=13/3 R26+KK lock (R26\b)),Forward-pointer to PAPER_1171/1172 (xi=13/3 R26+KK lock) + PAPER_1173
074,,PAPER_074_NED_SIMBAD_Galactic_Structure_UQFF.md,D,PROMOTED from H -> D (content: xi=13/3 R26+KK lock (R26\b)),Forward-pointer to PAPER_1171/1172 (xi=13/3 R26+KK lock) + PAPER_1173
075,,PAPER_075_XRay_Binaries_Chandra_UQFF.md,D,PROMOTED from H -> D (content: xi=13/3 R26+KK lock (R26\b)),Forward-pointer to PAPER_1171/1172 (xi=13/3 R26+KK lock) + PAPER_1173
076,,PAPER_076_FermiLAT_GammaRay_UQFF.md,D,PROMOTED from H -> D (content: xi=13/3 R26+KK lock (R26\b)),Forward-pointer to PAPER_1171/1172 (xi=13/3 R26+KK lock) + PAPER_1173
077,,PAPER_077_LIGO_GWTC4_Cross_Validation_UQFF.md,D,PROMOTED from H -> D (content: xi=13/3 R26+KK lock (R26\b)),Forward-pointer to PAPER_1171/1172 (xi=13/3 R26+KK lock) + PAPER_1173
078,,PAPER_078_NED_Extragalactic_UQFF.md,D,PROMOTED from H -> D (content: xi=13/3 R26+KK lock (R26\b)),Forward-pointer to PAPER_1171/1172 (xi=13/3 R26+KK lock) + PAPER_1173
079,,PAPER_079_HEASARC_HighEnergy_UQFF.md,D,PROMOTED from H -> D (content: xi=13/3 R26+KK lock (R26\b)),Forward-pointer to PAPER_1171/1172 (xi=13/3 R26+KK lock) + PAPER_1173
080,,PAPER_080_Complete_MultiWavelength_UQFF_Suite.md,D,PROMOTED from H -> D (content: xi=13/3 R26+KK lock (R26\b)),Forward-pointer to PAPER_1171/1172 (xi=13/3 R26+KK lock) + PAPER_1173
081,,PAPER_081_UQFF_Hawking_Temperature_Derivation.md,D,PROMOTED from H -> D (content: xi=13/3 R26+KK lock (R26\b)),Forward-pointer to PAPER_1171/1172 (xi=13/3 R26+KK lock) + PAPER_1173
082,,PAPER_082_BH_Evaporation_Timescales_UQFF.md,D,PROMOTED from H -> D (content: xi=13/3 R26+KK lock (R26\b)),Forward-pointer to PAPER_1171/1172 (xi=13/3 R26+KK lock) + PAPER_1173
083,,PAPER_083_Primordial_BH_UQFF.md,D,PROMOTED from H -> D (content: xi=13/3 R26+KK lock (R26\b)),Forward-pointer to PAPER_1171/1172 (xi=13/3 R26+KK lock) + PAPER_1173
084,,PAPER_084_Information_Paradox_26D_UQFF.md,D,PROMOTED from H -> D (content: xi=13/3 R26+KK lock (R26\b)),Forward-pointer to PAPER_1171/1172 (xi=13/3 R26+KK lock) + PAPER_1173
085,,PAPER_085_Page_Curve_UQFF.md,D,PROMOTED from H -> D (content: xi=13/3 R26+KK lock (R26\b)),Forward-pointer to PAPER_1171/1172 (xi=13/3 R26+KK lock) + PAPER_1173
086,,PAPER_086_Ug4_AGN_Feedback_UQFF.md,D,PROMOTED from H -> D (content: xi=13/3 R26+KK lock (R26\b)),Forward-pointer to PAPER_1171/1172 (xi=13/3 R26+KK lock) + PAPER_1173
087,,PAPER_087_AT2019qiz_TDE_UQFF.md,D,PROMOTED from H -> D (content: xi=13/3 R26+KK lock (R26\b)),Forward-pointer to PAPER_1171/1172 (xi=13/3 R26+KK lock) + PAPER_1173
088,,PAPER_088_Neutrino_SED_UQFF.md,D,PROMOTED from H -> D (content: xi=13/3 R26+KK lock (R26\b)),Forward-pointer to PAPER_1171/1172 (xi=13/3 R26+KK lock) + PAPER_1173
089,,PAPER_089_UQFF_Master_Equation_Derivation.md,B,filename: Master_Equation_Derivation,Add closed-Lagrangian cross-ref (PAPER_1159-1167 G1-G8) + CP4 #254
090,,PAPER_090_MUGE_Compressed_Gravity.md,D,PROMOTED from H -> D (content: xi=13/3 R26+KK lock (R26\b)),Forward-pointer to PAPER_1171/1172 (xi=13/3 R26+KK lock) + PAPER_1173
091,,PAPER_091_MUGE_Resonance_14_Mode.md,D,PROMOTED from H -> D (content: xi=13/3 R26+KK lock (R26\b)),Forward-pointer to PAPER_1171/1172 (xi=13/3 R26+KK lock) + PAPER_1173
092,,PAPER_092_SgrA_MUGE_Comparison.md,D,PROMOTED from H -> D (content: xi=13/3 R26+KK lock (R26\b)),Forward-pointer to PAPER_1171/1172 (xi=13/3 R26+KK lock) + PAPER_1173
093,,PAPER_093_M87_Event_Horizon_UQFF.md,D,PROMOTED from H -> D (content: xi=13/3 R26+KK lock (R26\b)),Forward-pointer to PAPER_1171/1172 (xi=13/3 R26+KK lock) + PAPER_1173
094,,PAPER_094_Magnetar_SGR1745_UQFF_Calibration.md,D,PROMOTED from H -> D (content: xi=13/3 R26+KK lock (R26\b)),Forward-pointer to PAPER_1171/1172 (xi=13/3 R26+KK lock) + PAPER_1173
095,,PAPER_095_UQFF_99pt9_Solvability.md,D,PROMOTED from H -> D (content: xi=13/3 R26+KK lock (R26\b)),Forward-pointer to PAPER_1171/1172 (xi=13/3 R26+KK lock) + PAPER_1173
096,,PAPER_096_FRB_UQFF_Emission_Model.md,D,PROMOTED from H -> D (content: xi=13/3 R26+KK lock (R26\b)),Forward-pointer to PAPER_1171/1172 (xi=13/3 R26+KK lock) + PAPER_1173
097,,PAPER_097_Whittaker_Decomposition_UQFF.md,D,PROMOTED from H -> D (content: xi=13/3 R26+KK lock (R26\b)),Forward-pointer to PAPER_1171/1172 (xi=13/3 R26+KK lock) + PAPER_1173
098,,PAPER_098_Big_Bang_UQFF.md,A,filename: Big_Bang,Add closing section: v5.78 27-decade vacuum ledger (PAPER_1170) + xi=13/3
099,,PAPER_099_Plasma_Shield_UQFF.md,D,PROMOTED from H -> D (content: xi=13/3 R26+KK lock (R26\b)),Forward-pointer to PAPER_1171/1172 (xi=13/3 R26+KK lock) + PAPER_1173
100,,PAPER_100_THz_Resonance_Holes_UQFF.md,D,PROMOTED from H -> D (content: xi=13/3 R26+KK lock (R26\b)),Forward-pointer to PAPER_1171/1172 (xi=13/3 R26+KK lock) + PAPER_1173
101,,PAPER_101_Yang_Mills_Mass_Gap_UQFF.md,G,filename: Yang_Mills,Verify v5.78 closed-Lagrangian/ledger cross-ref is present (Sess 225 baseline)
102,,PAPER_102_Navier_Stokes_UQFF.md,G,filename: Navier_Stokes,Verify v5.78 closed-Lagrangian/ledger cross-ref is present (Sess 225 baseline)
103,,PAPER_103_Riemann_Hypothesis_UQFF.md,G,filename: Riemann_Hypothesis,Verify v5.78 closed-Lagrangian/ledger cross-ref is present (Sess 225 baseline)
104,,PAPER_104_P_vs_NP_UQFF.md,G,filename: P_vs_NP,Verify v5.78 closed-Lagrangian/ledger cross-ref is present (Sess 225 baseline)
105,,PAPER_105_BH_Phases_Nebulae_Galaxy_Models.md,D,PROMOTED from H -> D (content: xi=13/3 R26+KK lock (R26\b)),Forward-pointer to PAPER_1171/1172 (xi=13/3 R26+KK lock) + PAPER_1173
106,,PAPER_106_UQFF_Vacuum_Energy_Dark_Energy_Connection.md,A,filename: Dark_Energy,Add closing section: v5.78 27-decade vacuum ledger (PAPER_1170) + xi=13/3
107,,PAPER_107_EP12_BoseEinstein_Nuclear_BEC_Proof.md,E,filename: EP1[0-2]_,Forward-pointer to PAPER_1174 P1-P14 suite + PAPER_1177-1180
108,,PAPER_108_EP10_IceCube_Neutrino_SED_Proof.md,E,filename: EP1[0-2]_,Forward-pointer to PAPER_1174 P1-P14 suite + PAPER_1177-1180
109,,PAPER_109_EP11_GW170817_rProcess_Proof.md,E,filename: EP1[0-2]_,Forward-pointer to PAPER_1174 P1-P14 suite + PAPER_1177-1180
110,,PAPER_110_EP06_Gaia_SgrA_Distance_Proof.md,D,PROMOTED from H -> D (content: xi=13/3 R26+KK lock (R26\b)),Forward-pointer to PAPER_1171/1172 (xi=13/3 R26+KK lock) + PAPER_1173
111,,PAPER_111_EP01_Chandra_RACS_NaivierStokes_Proof.md,D,PROMOTED from H -> D (content: xi=13/3 R26+KK lock (R26\b)),Forward-pointer to PAPER_1171/1172 (xi=13/3 R26+KK lock) + PAPER_1173
112,,PAPER_112_EP02_PDG2025_EnergyLadder_Proof.md,D,PROMOTED from H -> D (content: xi=13/3 R26+KK lock (R26\b)),Forward-pointer to PAPER_1171/1172 (xi=13/3 R26+KK lock) + PAPER_1173
113,,PAPER_113_EP05_FermiLAT_Blazar_Ereact_Proof.md,D,PROMOTED from H -> D (content: xi=13/3 R26+KK lock (R26\b)),Forward-pointer to PAPER_1171/1172 (xi=13/3 R26+KK lock) + PAPER_1173
114,,PAPER_114_EP07_ParkerProbe_Heliosheath_Proof.md,D,PROMOTED from H -> D (content: xi=13/3 R26+KK lock (R26\b)),Forward-pointer to PAPER_1171/1172 (xi=13/3 R26+KK lock) + PAPER_1173
115,,PAPER_115_EP09_3C273_QuasarJet_Proof.md,D,PROMOTED from H -> D (content: xi=13/3 R26+KK lock (R26\b)),Forward-pointer to PAPER_1171/1172 (xi=13/3 R26+KK lock) + PAPER_1173
116,,PAPER_116_EP03_LHC_VirtualQuark_Proof.md,D,PROMOTED from H -> D (content: xi=13/3 R26+KK lock (R26\b)),Forward-pointer to PAPER_1171/1172 (xi=13/3 R26+KK lock) + PAPER_1173
117,,PAPER_117_EP04_ENSDF_Pb206_BindingLadder_Proof.md,D,PROMOTED from H -> D (content: xi=13/3 R26+KK lock (R26\b)),Forward-pointer to PAPER_1171/1172 (xi=13/3 R26+KK lock) + PAPER_1173
118,,PAPER_118_EP08_JCAP_DarkMatter_Vacuum_Proof.md,A,PROMOTED from H -> A (content: 27-decade vacuum ledger / Lambda closure (rho_?\s*Lambda)),Add closing section: v5.78 27-decade vacuum ledger (PAPER_1170) + xi=13/3
119,,PAPER_119_UQFF_7System_Equation_Reference.md,D,PROMOTED from H -> D (content: xi=13/3 R26+KK lock (R26\b)),Forward-pointer to PAPER_1171/1172 (xi=13/3 R26+KK lock) + PAPER_1173
120,,PAPER_120_UQFF_Astronomical_Systems_Catalog.md,F,filename: _Catalog,"Update tables; add P6-P14, CP4 #254-#264, ref PAPER_1167/1170/1174"
121,,PAPER_121_UQFF_71Equation_Catalog_Complete_Framework.md,F,filename: _Catalog,"Update tables; add P6-P14, CP4 #254-#264, ref PAPER_1167/1170/1174"
122,,PAPER_122_UQFF_Compressed_PDG_241Particle_Ladder.md,D,PROMOTED from H -> D (content: xi=13/3 R26+KK lock (R26\b)),Forward-pointer to PAPER_1171/1172 (xi=13/3 R26+KK lock) + PAPER_1173
123,,PAPER_123_UQFF_SubQuantum_ATLAS_LHC_Virtual_Quark_n4.md,D,PROMOTED from H -> D (content: xi=13/3 R26+KK lock (R26\b)),Forward-pointer to PAPER_1171/1172 (xi=13/3 R26+KK lock) + PAPER_1173
124,,PAPER_124_UQFF_Buoyancy_Nuclear_ENSDF_Pb206_Sn.md,D,PROMOTED from H -> D (content: xi=13/3 R26+KK lock (R26\b)),Forward-pointer to PAPER_1171/1172 (xi=13/3 R26+KK lock) + PAPER_1173
125,,PAPER_125_UQFF_Superconductive_Fermi4LAC_Ereact_Kappa.md,D,PROMOTED from H -> D (content: xi=13/3 R26+KK lock (R26\b)),Forward-pointer to PAPER_1171/1172 (xi=13/3 R26+KK lock) + PAPER_1173
126,,PAPER_126_UQFF_MasterBuoyancy_Gaia_SgrA_Calibration.md,D,PROMOTED from H -> D (content: xi=13/3 R26+KK lock (R26\b)),Forward-pointer to PAPER_1171/1172 (xi=13/3 R26+KK lock) + PAPER_1173
127,,PAPER_127_UQFF_Resonant_ParkerSolarProbe_DeltaSW.md,D,PROMOTED from H -> D (content: xi=13/3 R26+KK lock (R26\b)),Forward-pointer to PAPER_1171/1172 (xi=13/3 R26+KK lock) + PAPER_1173
128,,PAPER_128_UQFF_Quadratic_JCAP_DarkMatter_SSq3_Cascade.md,A,PROMOTED from H -> A (content: 27-decade vacuum ledger / Lambda closure (rho_?\s*Lambda)),Add closing section: v5.78 27-decade vacuum ledger (PAPER_1170) + xi=13/3
129,,PAPER_129_UQFF_Triadic_3C273_Jet_NegativeTime_N13.md,D,PROMOTED from H -> D (content: xi=13/3 R26+KK lock (R26\b)),Forward-pointer to PAPER_1171/1172 (xi=13/3 R26+KK lock) + PAPER_1173
130,,PAPER_130_UQFF_Buoyancy_IceCube_Beta_i_CRP_Calibration.md,D,PROMOTED from H -> D (content: xi=13/3 R26+KK lock (R26\b)),Forward-pointer to PAPER_1171/1172 (xi=13/3 R26+KK lock) + PAPER_1173
131,,PAPER_131_UQFF_Superconductive_GW170817_Chandra_Jets_Combined.md,D,PROMOTED from H -> D (content: xi=13/3 R26+KK lock (R26\b)),Forward-pointer to PAPER_1171/1172 (xi=13/3 R26+KK lock) + PAPER_1173
132,,PAPER_132_UQFF_Quadratic_BEC_Tohsaki_Hoyle_NB3_Tc.md,D,PROMOTED from H -> D (content: xi=13/3 R26+KK lock (R26\b)),Forward-pointer to PAPER_1171/1172 (xi=13/3 R26+KK lock) + PAPER_1173
133,,PAPER_133_UQFF_F_U_Genesis_Complete_Derivation_4Component_Framework.md,D,PROMOTED from H -> D (content: xi=13/3 R26+KK lock (R26\b)),Forward-pointer to PAPER_1171/1172 (xi=13/3 R26+KK lock) + PAPER_1173
134,,PAPER_134_UQFF_Heliosphere_Ug2_SolarWind_Transmutation_HelioAge_PlanetaryWater.md,D,PROMOTED from H -> D (content: xi=13/3 R26+KK lock (R26\b)),Forward-pointer to PAPER_1171/1172 (xi=13/3 R26+KK lock) + PAPER_1173
135,,PAPER_135_UQFF_Quasar_Jets_NegativeTime_cos_pi_tn_NS_Millennium.md,G,filename: Millennium,Verify v5.78 closed-Lagrangian/ledger cross-ref is present (Sess 225 baseline)
136,,PAPER_136_UQFF_PlanetaryCore_Ug3_SCm_Exclusivity_OrbitalHamiltonian.md,D,PROMOTED from H -> D (content: xi=13/3 R26+KK lock (R26\b)),Forward-pointer to PAPER_1171/1172 (xi=13/3 R26+KK lock) + PAPER_1173
137,,PAPER_137_UQFF_26QuantumLevels_EnergyLadder_E0to10n_Higgs_GalacticVacuum.md,D,PROMOTED from H -> D (content: xi=13/3 R26+KK lock (R26\b)),Forward-pointer to PAPER_1171/1172 (xi=13/3 R26+KK lock) + PAPER_1173
138,,PAPER_138_UQFF_NGC3603_ClusterBurst_MassEvolution_SCm_PFeedback.md,D,PROMOTED from H -> D (content: xi=13/3 R26+KK lock (R26\b)),Forward-pointer to PAPER_1171/1172 (xi=13/3 R26+KK lock) + PAPER_1173
139,,PAPER_139_UQFF_HydrogenAtom_Ug4i_InverseBoyle_MetallicH_CrystallineMUGE.md,D,PROMOTED from H -> D (content: xi=13/3 R26+KK lock (R26\b)),Forward-pointer to PAPER_1171/1172 (xi=13/3 R26+KK lock) + PAPER_1173
140,,PAPER_140_UQFF_UAprSCm10_DualMonopole_VacuumDensity_UniversalRatio.md,A,filename: VacuumDensity,Add closing section: v5.78 27-decade vacuum ledger (PAPER_1170) + xi=13/3
141,,PAPER_141_UQFF_H2O_Azeotrope_OceanicSalinity_Buoy_Ug4_NOAAValidation.md,D,PROMOTED from H -> D (content: xi=13/3 R26+KK lock (R26\b)),Forward-pointer to PAPER_1171/1172 (xi=13/3 R26+KK lock) + PAPER_1173
142,,PAPER_142_UQFF_Hydrogen_PToE_Resonance_Hres_Z1to126_ShellMagicNumbers.md,D,PROMOTED from H -> D (content: xi=13/3 R26+KK lock (R26\b)),Forward-pointer to PAPER_1171/1172 (xi=13/3 R26+KK lock) + PAPER_1173
143,,PAPER_143_UQFF_40pct_Contribution_MUGE_vs_Prior_SchrodingerDirac_Bridge.md,D,PROMOTED from H -> D (content: xi=13/3 R26+KK lock (R26\b)),Forward-pointer to PAPER_1171/1172 (xi=13/3 R26+KK lock) + PAPER_1173
144,,PAPER_144_StarMagic_SCm_CosmicGlue_Paradigm_Complete_Framework_Overview.md,D,PROMOTED from H -> D (content: xi=13/3 R26+KK lock (R26\b)),Forward-pointer to PAPER_1171/1172 (xi=13/3 R26+KK lock) + PAPER_1173
145,,PAPER_145_UQFF_MUGE_Compression_Cycle3_Unified_Framework_12Term_Resonance.md,D,PROMOTED from H -> D (content: xi=13/3 R26+KK lock (R26\b)),Forward-pointer to PAPER_1171/1172 (xi=13/3 R26+KK lock) + PAPER_1173
146,,PAPER_146_UQFF_SuperconductiveResonance_12Term_MUGE_Master_Equation.md,D,PROMOTED from H -> D (content: xi=13/3 R26+KK lock (R26\b)),Forward-pointer to PAPER_1171/1172 (xi=13/3 R26+KK lock) + PAPER_1173
147,,PAPER_147_UQFF_FDPM_VorticalResonance_DPM_Driver_Aether_Coupling.md,D,PROMOTED from H -> D (content: xi=13/3 R26+KK lock (R26\b)),Forward-pointer to PAPER_1171/1172 (xi=13/3 R26+KK lock) + PAPER_1173
148,,PAPER_148_UQFF_SGR1745_Magnetar_MUGE_FluidDynamics_Dominant.md,D,PROMOTED from H -> D (content: xi=13/3 R26+KK lock (R26\b)),Forward-pointer to PAPER_1171/1172 (xi=13/3 R26+KK lock) + PAPER_1173
149,,PAPER_149_UQFF_SgrA_MUGE_FDPM_Dominance_Extreme_Gravity.md,D,PROMOTED from H -> D (content: xi=13/3 R26+KK lock (R26\b)),Forward-pointer to PAPER_1171/1172 (xi=13/3 R26+KK lock) + PAPER_1173
150,,PAPER_150_UQFF_Tapestry_Westerlund2_MUGE_StarFormation_Resonance.md,D,PROMOTED from H -> D (content: xi=13/3 R26+KK lock (R26\b)),Forward-pointer to PAPER_1171/1172 (xi=13/3 R26+KK lock) + PAPER_1173
151,,PAPER_151_UQFF_Pillars_RingsOfRelativity_MUGE_Cascade_Gravity.md,D,PROMOTED from H -> D (content: xi=13/3 R26+KK lock (R26\b)),Forward-pointer to PAPER_1171/1172 (xi=13/3 R26+KK lock) + PAPER_1173
152,,PAPER_152_UQFF_StudentsGuide_Cosmological_MUGE_Baseline.md,A,filename: Cosmolog,Add closing section: v5.78 27-decade vacuum ledger (PAPER_1170) + xi=13/3
153,,PAPER_153_UQFF_MorrisThorne_Wormhole_Geodesics_UQFF_Metric.md,E,filename: DESI,Forward-pointer to PAPER_1174 P1-P14 suite + PAPER_1177-1180
154,,PAPER_154_UQFF_NavierStokes_QuasarJets_JosStam_SCm_Force.md,G,filename: NavierStokes,Verify v5.78 closed-Lagrangian/ledger cross-ref is present (Sess 225 baseline)
155,,PAPER_155_UQFF_SM_Gravity_MUGE_Resonance_Equilibrium_LimitingCase.md,D,PROMOTED from H -> D (content: xi=13/3 R26+KK lock (R26\b)),Forward-pointer to PAPER_1171/1172 (xi=13/3 R26+KK lock) + PAPER_1173
156,,PAPER_156_UQFF_Millennium_Prize_Roadmap_10_Equations_Clay_Bridge.md,G,filename: Millennium,Verify v5.78 closed-Lagrangian/ledger cross-ref is present (Sess 225 baseline)
157,,PAPER_157_SolarSystem_UQFF_FU_Validation_Sun_Earth_Jupiter_Neptune.md,D,PROMOTED from H -> D (content: xi=13/3 R26+KK lock (R26\b)),Forward-pointer to PAPER_1171/1172 (xi=13/3 R26+KK lock) + PAPER_1173
158,,PAPER_158_Hybrid_MUGE_Blending_Model_Beta_Compressed_Resonance.md,D,PROMOTED from H -> D (content: xi=13/3 R26+KK lock (R26\b)),Forward-pointer to PAPER_1171/1172 (xi=13/3 R26+KK lock) + PAPER_1173
159,,PAPER_159_13th_Resonance_Term_MorrisThorne_Wormhole_MUGE.md,D,PROMOTED from H -> D (content: xi=13/3 R26+KK lock (R26\b)),Forward-pointer to PAPER_1171/1172 (xi=13/3 R26+KK lock) + PAPER_1173
160,,PAPER_160_Ug4_Extended_Vacuum_Concentration_AGN_Feedback_rhov_Calibration.md,A,PROMOTED from H -> A (content: 27-decade vacuum ledger / Lambda closure (rho_?\s*Lambda)),Add closing section: v5.78 27-decade vacuum ledger (PAPER_1170) + xi=13/3
161,,PAPER_161_Relativistic_SCm_Jet_vSCm_099c_J1610_Quasar.md,D,PROMOTED from H -> D (content: xi=13/3 R26+KK lock (R26\b)),Forward-pointer to PAPER_1171/1172 (xi=13/3 R26+KK lock) + PAPER_1173
162,,PAPER_162_SolarCycle_UQFF_omegac_TimeVarying_Bt.md,D,PROMOTED from H -> D (content: xi=13/3 R26+KK lock (R26\b)),Forward-pointer to PAPER_1171/1172 (xi=13/3 R26+KK lock) + PAPER_1173
163,,PAPER_163_UQFF_Modular_Compressed_MUGE_Decomposed_Functions.md,D,PROMOTED from H -> D (content: xi=13/3 R26+KK lock (R26\b)),Forward-pointer to PAPER_1171/1172 (xi=13/3 R26+KK lock) + PAPER_1173
164,,PAPER_164_HighEnergy_Dataset_UQFF_Validation_CERN_GWOSC_EHT_Chandra.md,D,PROMOTED from H -> D (content: xi=13/3 R26+KK lock (R26\b)),Forward-pointer to PAPER_1171/1172 (xi=13/3 R26+KK lock) + PAPER_1173
165,,PAPER_165_UQFF_StressEnergy_Tensor_Coupling_Amu_nu.md,D,PROMOTED from H -> D (content: xi=13/3 R26+KK lock (R26\b)),Forward-pointer to PAPER_1171/1172 (xi=13/3 R26+KK lock) + PAPER_1173
166,,PAPER_166_UQFF_SolarWind_Modulation_epsilon_sw_delta_sw_HSCm.md,D,PROMOTED from H -> D (content: xi=13/3 R26+KK lock (R26\b)),Forward-pointer to PAPER_1171/1172 (xi=13/3 R26+KK lock) + PAPER_1173
167,,PAPER_167_GW231123_225Msun_BH_Merger_UQFF_Ug4_MassGap.md,D,PROMOTED from H -> D (content: xi=13/3 R26+KK lock (R26\b)),Forward-pointer to PAPER_1171/1172 (xi=13/3 R26+KK lock) + PAPER_1173
168,,PAPER_168_MUGE_3D_Simulation_Entity_Framework_GPU_Rendering.md,D,PROMOTED from H -> D (content: xi=13/3 R26+KK lock (R26\b)),Forward-pointer to PAPER_1171/1172 (xi=13/3 R26+KK lock) + PAPER_1173
169,,PAPER_169_CoAnQi_Architecture_UQFF_3D_Plugin_System.md,D,PROMOTED from H -> D (content: xi=13/3 R26+KK lock (R26\b)),Forward-pointer to PAPER_1171/1172 (xi=13/3 R26+KK lock) + PAPER_1173
170,,PAPER_170_CelestialBody_12Field_UQFF_Parameter_Space.md,D,PROMOTED from H -> D (content: xi=13/3 R26+KK lock (R26\b)),Forward-pointer to PAPER_1171/1172 (xi=13/3 R26+KK lock) + PAPER_1173
171,,PAPER_171_UniversalGravity_Ug1_Ug4_Full_Decomposition.md,D,PROMOTED from H -> D (content: xi=13/3 R26+KK lock (R26\b)),Forward-pointer to PAPER_1171/1172 (xi=13/3 R26+KK lock) + PAPER_1173
172,,PAPER_172_FU_Complete_Unified_Field_Assembly.md,D,PROMOTED from H -> D (content: xi=13/3 R26+KK lock (R26\b)),Forward-pointer to PAPER_1171/1172 (xi=13/3 R26+KK lock) + PAPER_1173
173,,PAPER_173_Modular_Compressed_MUGE_9Term_Decomposition.md,D,PROMOTED from H -> D (content: xi=13/3 R26+KK lock (R26\b)),Forward-pointer to PAPER_1171/1172 (xi=13/3 R26+KK lock) + PAPER_1173
174,,PAPER_174_Modular_Resonance_MUGE_13Term_Wormhole.md,D,PROMOTED from H -> D (content: xi=13/3 R26+KK lock (R26\b)),Forward-pointer to PAPER_1171/1172 (xi=13/3 R26+KK lock) + PAPER_1173
175,,PAPER_175_26_Quantum_Energy_Levels_Vacuum_Energy_Density.md,A,filename: Vacuum_Energy,Add closing section: v5.78 27-decade vacuum ledger (PAPER_1170) + xi=13/3
176,,PAPER_176_SCm_Superconducting_Manifold_Discovery_Properties.md,D,PROMOTED from H -> D (content: xi=13/3 R26+KK lock (R26\b)),Forward-pointer to PAPER_1171/1172 (xi=13/3 R26+KK lock) + PAPER_1173
177,,PAPER_177_FluidSolver_NavierStokes_UQFF_Coupling.md,G,filename: NavierStokes,Verify v5.78 closed-Lagrangian/ledger cross-ref is present (Sess 225 baseline)
178,,PAPER_178_CoAnQi_3D_Simulation_Entity_Framework.md,D,PROMOTED from H -> D (content: xi=13/3 R26+KK lock (R26\b)),Forward-pointer to PAPER_1171/1172 (xi=13/3 R26+KK lock) + PAPER_1173
179,,PAPER_179_Star_Magic_5Chapter_Theory_DPM_Universal_Field_Taxonomy.md,D,PROMOTED from H -> D (content: xi=13/3 R26+KK lock (R26\b)),Forward-pointer to PAPER_1171/1172 (xi=13/3 R26+KK lock) + PAPER_1173
180,,PAPER_180_CoAnQi_Unit_Test_Suite_26_Validated_Functions.md,D,PROMOTED from H -> D (content: xi=13/3 R26+KK lock (R26\b)),Forward-pointer to PAPER_1171/1172 (xi=13/3 R26+KK lock) + PAPER_1173
181,,PAPER_181_Graph_Theory_H_Magic_Labelings_Star_Magic_Combinatorics.md,D,PROMOTED from H -> D (content: xi=13/3 R26+KK lock (R26\b)),Forward-pointer to PAPER_1171/1172 (xi=13/3 R26+KK lock) + PAPER_1173
182,,PAPER_182_UQFF_Complete_Variable_Reference_Table.md,F,filename: _Reference_Table,"Update tables; add P6-P14, CP4 #254-#264, ref PAPER_1167/1170/1174"
183,,PAPER_183_Yang_Mills_Hamiltonian_SCm_UA_Framework.md,G,filename: Yang_Mills,Verify v5.78 closed-Lagrangian/ledger cross-ref is present (Sess 225 baseline)
184,,PAPER_184_Quasar_Navier_Stokes_SCm_Forcing_Negative_Time_Asymmetry.md,G,filename: Navier_Stokes,Verify v5.78 closed-Lagrangian/ledger cross-ref is present (Sess 225 baseline)
185,,PAPER_185_UQFF_Pi_Cycle_Riemann_Zeta_Connection.md,D,PROMOTED from H -> D (content: xi=13/3 R26+KK lock (R26\b)),Forward-pointer to PAPER_1171/1172 (xi=13/3 R26+KK lock) + PAPER_1173
186,,PAPER_186_Solar_System_Canonical_Body_Reference.md,F,filename: Canonical_Body_Reference,"Update tables; add P6-P14, CP4 #254-#264, ref PAPER_1167/1170/1174"
187,,PAPER_187_Canonical_7_Object_MUGESystem_Catalog.md,F,filename: _Catalog,"Update tables; add P6-P14, CP4 #254-#264, ref PAPER_1167/1170/1174"
188,,PAPER_188_CoAnQi_Build_Distribution_Architecture.md,D,PROMOTED from H -> D (content: xi=13/3 R26+KK lock (R26\b)),Forward-pointer to PAPER_1171/1172 (xi=13/3 R26+KK lock) + PAPER_1173
189,,PAPER_189_SC_Scientific_Calculator_Architecture.md,D,PROMOTED from H -> D (content: xi=13/3 R26+KK lock (R26\b)),Forward-pointer to PAPER_1171/1172 (xi=13/3 R26+KK lock) + PAPER_1173
190,,PAPER_190_SC_Symbolic_Integration_Engine.md,D,PROMOTED from H -> D (content: xi=13/3 R26+KK lock (R26\b)),Forward-pointer to PAPER_1171/1172 (xi=13/3 R26+KK lock) + PAPER_1173
191,,PAPER_191_SC_Multi_Modal_Calculator_Features.md,D,PROMOTED from H -> D (content: xi=13/3 R26+KK lock (R26\b)),Forward-pointer to PAPER_1171/1172 (xi=13/3 R26+KK lock) + PAPER_1173
192,,PAPER_192_SC_Collaborative_Real_Time_Math.md,D,PROMOTED from H -> D (content: xi=13/3 R26+KK lock (R26\b)),Forward-pointer to PAPER_1171/1172 (xi=13/3 R26+KK lock) + PAPER_1173
193,,PAPER_193_CoAnQi_Namespaced_Modular_Cpp_Architecture.md,D,PROMOTED from H -> D (content: xi=13/3 R26+KK lock (R26\b)),Forward-pointer to PAPER_1171/1172 (xi=13/3 R26+KK lock) + PAPER_1173
194,,PAPER_194_Assimp_LoadOBJ_VTK_ExportToSTL.md,D,PROMOTED from H -> D (content: xi=13/3 R26+KK lock (R26\b)),Forward-pointer to PAPER_1171/1172 (xi=13/3 R26+KK lock) + PAPER_1173
195,,PAPER_195_CoAnQi_JSON_YAML_CSV_Data_Loader_Framework.md,D,PROMOTED from H -> D (content: xi=13/3 R26+KK lock (R26\b)),Forward-pointer to PAPER_1171/1172 (xi=13/3 R26+KK lock) + PAPER_1173
196,,PAPER_196_Triadic_Master_Equation_System_Compressed_Resonance_Buoyancy_UQFF.md,D,PROMOTED from H -> D (content: xi=13/3 R26+KK lock (R26\b)),Forward-pointer to PAPER_1171/1172 (xi=13/3 R26+KK lock) + PAPER_1173
197,,PAPER_197_F_U_Bi_i_Extended_Integral_UV_mm_Wave_Hybrid_Hierarchical.md,D,PROMOTED from H -> D (content: xi=13/3 R26+KK lock (R26\b)),Forward-pointer to PAPER_1171/1172 (xi=13/3 R26+KK lock) + PAPER_1173
198,,PAPER_198_F_UBii_Taxonomy_Part1_Compact_Object_Stellar_Buoyancy_Forces.md,D,PROMOTED from H -> D (content: xi=13/3 R26+KK lock (R26\b)),Forward-pointer to PAPER_1171/1172 (xi=13/3 R26+KK lock) + PAPER_1173
199,,PAPER_199_F_UBii_Taxonomy_Part2_Cosmological_Dark_Sector_Buoyancy_Forces.md,A,filename: Cosmolog,Add closing section: v5.78 27-decade vacuum ledger (PAPER_1170) + xi=13/3
200,,PAPER_200_Um_Universal_Magnetism_Taxonomy_Complete_Variant_Catalogue.md,F,filename: _Catalog,"Update tables; add P6-P14, CP4 #254-#264, ref PAPER_1167/1170/1174"
201,,PAPER_201_UQFF_Gravitational_Waves_Chirp_QNM_BZ_OrbitalDecay_Kilonova.md,D,PROMOTED from H -> D (content: xi=13/3 R26+KK lock (R26\b)),Forward-pointer to PAPER_1171/1172 (xi=13/3 R26+KK lock) + PAPER_1173
202,,PAPER_202_UQFF_Reionization_BBN_Recombination_Cosmic_Dawn_Physics.md,A,filename: Reionization,Add closing section: v5.78 27-decade vacuum ledger (PAPER_1170) + xi=13/3
203,,PAPER_203_UQFF_CMB_Structure_Growth_Non_Gaussianity_Curvature_Perturbation.md,A,filename: CMB_,Add closing section: v5.78 27-decade vacuum ledger (PAPER_1170) + xi=13/3
204,,PAPER_204_UQFF_Dark_Matter_NFW_SIDM_Rotation_Curves_Virial_Theorem.md,D,PROMOTED from H -> D (content: xi=13/3 R26+KK lock (R26\b)),Forward-pointer to PAPER_1171/1172 (xi=13/3 R26+KK lock) + PAPER_1173
205,,PAPER_205_Ramanujan_Polynomials_Q26_UQFF_26State_Summations.md,D,PROMOTED from H -> D (content: xi=13/3 R26+KK lock (R26\b)),Forward-pointer to PAPER_1171/1172 (xi=13/3 R26+KK lock) + PAPER_1173
206,,PAPER_206_Magnetar_Vortex_Avalanche_Simulation_2D_3D_Power_Law_Glitch.md,D,PROMOTED from H -> D (content: xi=13/3 R26+KK lock (R26\b)),Forward-pointer to PAPER_1171/1172 (xi=13/3 R26+KK lock) + PAPER_1173
207,,PAPER_207_QuTiP_Quantum_Entanglement_Chain_CNOT_VonNeumann_Magnetar.md,D,PROMOTED from H -> D (content: xi=13/3 R26+KK lock (R26\b)),Forward-pointer to PAPER_1171/1172 (xi=13/3 R26+KK lock) + PAPER_1173
208,,PAPER_208_UQFF_Variable_Calibration_phi_fTRZ_rhoUA_SSq_Qwave_CIA.md,D,PROMOTED from H -> D (content: xi=13/3 R26+KK lock (R26\b)),Forward-pointer to PAPER_1171/1172 (xi=13/3 R26+KK lock) + PAPER_1173
209,,PAPER_209_UQFF_vs_LambdaCDM_Comparison_Framework.md,A,filename: LambdaCDM,Add closing section: v5.78 27-decade vacuum ledger (PAPER_1170) + xi=13/3
210,,PAPER_210_UQFF_vs_MOND_Comparison_Framework.md,D,PROMOTED from H -> D (content: xi=13/3 R26+KK lock (R26\b)),Forward-pointer to PAPER_1171/1172 (xi=13/3 R26+KK lock) + PAPER_1173
211,,PAPER_211_UQFF_99System_Complete_Framework_Compression_Cycle3.md,D,PROMOTED from H -> D (content: xi=13/3 R26+KK lock (R26\b)),Forward-pointer to PAPER_1171/1172 (xi=13/3 R26+KK lock) + PAPER_1173
212,,PAPER_212_UQFF_48Scale_Molecular_Rotor_CIA_CrossSection_Framework.md,D,PROMOTED from H -> D (content: xi=13/3 R26+KK lock (R26\b)),Forward-pointer to PAPER_1171/1172 (xi=13/3 R26+KK lock) + PAPER_1173
213,,PAPER_213_H_res_Suite_D_universe_Master_Equations.md,D,PROMOTED from H -> D (content: xi=13/3 R26+KK lock (R26\b)),Forward-pointer to PAPER_1171/1172 (xi=13/3 R26+KK lock) + PAPER_1173
214,,PAPER_214_MHD_Clusters_Jets_Accretion_UQFF_Framework.md,D,PROMOTED from H -> D (content: xi=13/3 R26+KK lock (R26\b)),Forward-pointer to PAPER_1171/1172 (xi=13/3 R26+KK lock) + PAPER_1173
215,,PAPER_215_Cosmic_Rays_WHIM_Fermi_Acceleration_CR_Knee_UQFF.md,D,PROMOTED from H -> D (content: xi=13/3 R26+KK lock (R26\b)),Forward-pointer to PAPER_1171/1172 (xi=13/3 R26+KK lock) + PAPER_1173
216,,PAPER_216_Triadic_UQFF_Numerical_Validation_Westerlund2_Pillars.md,D,PROMOTED from H -> D (content: xi=13/3 R26+KK lock (R26\b)),Forward-pointer to PAPER_1171/1172 (xi=13/3 R26+KK lock) + PAPER_1173
217,,PAPER_217_DeepSearch_FUBii_Polynomial_Rare_Mathematical_Discoveries.md,D,PROMOTED from H -> D (content: xi=13/3 R26+KK lock (R26\b)),Forward-pointer to PAPER_1171/1172 (xi=13/3 R26+KK lock) + PAPER_1173
218,,PAPER_218_NGC3603_Stellar_Pressure_Dispersal_UQFF.md,D,PROMOTED from H -> D (content: xi=13/3 R26+KK lock (R26\b)),Forward-pointer to PAPER_1171/1172 (xi=13/3 R26+KK lock) + PAPER_1173
219,,PAPER_219_M16_Eagle_Nebula_Radiation_SFR_UQFF.md,D,PROMOTED from H -> D (content: xi=13/3 R26+KK lock (R26\b)),Forward-pointer to PAPER_1171/1172 (xi=13/3 R26+KK lock) + PAPER_1173
220,,PAPER_220_Crab_Nebula_PWN_UQFF_F_wind_M_mag.md,D,PROMOTED from H -> D (content: xi=13/3 R26+KK lock (R26\b)),Forward-pointer to PAPER_1171/1172 (xi=13/3 R26+KK lock) + PAPER_1173
221,,PAPER_221_Bubble_Nebula_Positive_Enhancement_UQFF.md,H,filename: no v5.78 trigger -> default H,NO UPDATE (specific system / framework application)
221,,PAPER_221_Bubble_Nebula_Positive_Expansion_UQFF.md,D,PROMOTED from H -> D (content: xi=13/3 R26+KK lock (R26\b)),Forward-pointer to PAPER_1171/1172 (xi=13/3 R26+KK lock) + PAPER_1173
221,b,PAPER_221b_Bubble_Nebula_Positive_Enhancement_UQFF.md,D,PROMOTED from H -> D (content: xi=13/3 R26+KK lock (R26\b)),Forward-pointer to PAPER_1171/1172 (xi=13/3 R26+KK lock) + PAPER_1173
222,,PAPER_222_Horsehead_Nebula_Prad_Blackbody_UQFF.md,D,PROMOTED from H -> D (content: xi=13/3 R26+KK lock (R26\b)),Forward-pointer to PAPER_1171/1172 (xi=13/3 R26+KK lock) + PAPER_1173
223,,PAPER_223_NGC1275_Perseus_AGN_Filament_UQFF.md,D,PROMOTED from H -> D (content: xi=13/3 R26+KK lock (R26\b)),Forward-pointer to PAPER_1171/1172 (xi=13/3 R26+KK lock) + PAPER_1173
224,,PAPER_224_Saturn_Dual_Gravity_Ring_Tension_UQFF.md,D,PROMOTED from H -> D (content: xi=13/3 R26+KK lock (R26\b)),Forward-pointer to PAPER_1171/1172 (xi=13/3 R26+KK lock) + PAPER_1173
225,,PAPER_225_Early_Universe_Relativistic_UV_UQFF.md,D,PROMOTED from H -> D (content: xi=13/3 R26+KK lock (R26\b)),Forward-pointer to PAPER_1171/1172 (xi=13/3 R26+KK lock) + PAPER_1173
226,,PAPER_226_MagnetarSGR0501_11Term_MUGE_UQFF.md,D,PROMOTED from H -> D (content: xi=13/3 R26+KK lock (R26\b)),Forward-pointer to PAPER_1171/1172 (xi=13/3 R26+KK lock) + PAPER_1173
227,,PAPER_227_Tapestry_LMC_Stellar_Wind_UQFF.md,D,PROMOTED from H -> D (content: xi=13/3 R26+KK lock (R26\b)),Forward-pointer to PAPER_1171/1172 (xi=13/3 R26+KK lock) + PAPER_1173
228,,PAPER_228_Westerlund2_OB_StellarWind_MUGE.md,D,PROMOTED from H -> D (content: xi=13/3 R26+KK lock (R26\b)),Forward-pointer to PAPER_1171/1172 (xi=13/3 R26+KK lock) + PAPER_1173
229,,PAPER_229_Pillars_Creation_Erosion_MUGE.md,D,PROMOTED from H -> D (content: xi=13/3 R26+KK lock (R26\b)),Forward-pointer to PAPER_1171/1172 (xi=13/3 R26+KK lock) + PAPER_1173
230,,PAPER_230_NGC2525_SN2018gv_Negative_MassLoss_MUGE.md,D,PROMOTED from H -> D (content: xi=13/3 R26+KK lock (R26\b)),Forward-pointer to PAPER_1171/1172 (xi=13/3 R26+KK lock) + PAPER_1173
231,,PAPER_231_HUDF_Cosmic_Field_z3p5_MUGE.md,D,PROMOTED from H -> D (content: xi=13/3 R26+KK lock (R26\b)),Forward-pointer to PAPER_1171/1172 (xi=13/3 R26+KK lock) + PAPER_1173
232,,PAPER_232_NGC1792_Stellar_Forge_Starburst_MUGE.md,D,PROMOTED from H -> D (content: xi=13/3 R26+KK lock (R26\b)),Forward-pointer to PAPER_1171/1172 (xi=13/3 R26+KK lock) + PAPER_1173
233,,PAPER_233_SGR1745_BH_Proximity_Enhanced_MUGE.md,D,PROMOTED from H -> D (content: xi=13/3 R26+KK lock (R26\b)),Forward-pointer to PAPER_1171/1172 (xi=13/3 R26+KK lock) + PAPER_1173
234,,PAPER_234_SgrAStar_Accretion_Precession_Enhanced_MUGE.md,D,PROMOTED from H -> D (content: xi=13/3 R26+KK lock (R26\b)),Forward-pointer to PAPER_1171/1172 (xi=13/3 R26+KK lock) + PAPER_1173
235,,PAPER_235_Antennae_NGC4038_Double_Merger_Interaction_MUGE.md,D,PROMOTED from H -> D (content: xi=13/3 R26+KK lock (R26\b)),Forward-pointer to PAPER_1171/1172 (xi=13/3 R26+KK lock) + PAPER_1173
236,,PAPER_236_UQFF_Learning_Advancement_Meta_Assessment.md,D,PROMOTED from H -> D (content: xi=13/3 R26+KK lock (R26\b)),Forward-pointer to PAPER_1171/1172 (xi=13/3 R26+KK lock) + PAPER_1173
237,,PAPER_237_UQFFSource10_Catalogue_Master_Buoyancy_26Layer_UQFF.md,F,filename: _Catalog,"Update tables; add P6-P14, CP4 #254-#264, ref PAPER_1167/1170/1174"
238,,PAPER_238_UQFF_Vacuum_Repulsion_Surface_Tension_Analogy.md,D,PROMOTED from H -> D (content: xi=13/3 R26+KK lock (R26\b)),Forward-pointer to PAPER_1171/1172 (xi=13/3 R26+KK lock) + PAPER_1173
239,,PAPER_239_UQFF_THz_Conduit_Shock_StarFormation_Forces.md,D,PROMOTED from H -> D (content: xi=13/3 R26+KK lock (R26\b)),Forward-pointer to PAPER_1171/1172 (xi=13/3 R26+KK lock) + PAPER_1173
240,,PAPER_240_UQFF_Spooky_Action_DPM_Resonance_gH_Hydrogen.md,D,PROMOTED from H -> D (content: xi=13/3 R26+KK lock (R26\b)),Forward-pointer to PAPER_1171/1172 (xi=13/3 R26+KK lock) + PAPER_1173
241,,PAPER_241_UQFF_Validation_CrossReference_ArXiv_Experimental_92pct.md,D,PROMOTED from H -> D (content: xi=13/3 R26+KK lock (R26\b)),Forward-pointer to PAPER_1171/1172 (xi=13/3 R26+KK lock) + PAPER_1173
242,,PAPER_242_RingsOfRelativityEinsteinLensingMUGE.md,D,PROMOTED from H -> D (content: xi=13/3 R26+KK lock (R26\b)),Forward-pointer to PAPER_1171/1172 (xi=13/3 R26+KK lock) + PAPER_1173
243,,PAPER_243_NGC3603FullMUGECavityPressure.md,D,PROMOTED from H -> D (content: xi=13/3 R26+KK lock (R26\b)),Forward-pointer to PAPER_1171/1172 (xi=13/3 R26+KK lock) + PAPER_1173
244,,PAPER_244_MUGE_Quantum_Uncertainty_Gravity_SubTerm_Universal.md,D,PROMOTED from H -> D (content: xi=13/3 R26+KK lock (R26\b)),Forward-pointer to PAPER_1171/1172 (xi=13/3 R26+KK lock) + PAPER_1173
245,,PAPER_245_MUGE_Fluid_Self_Gravity_Archimedes_Buoyancy_SubTerm.md,D,PROMOTED from H -> D (content: xi=13/3 R26+KK lock (R26\b)),Forward-pointer to PAPER_1171/1172 (xi=13/3 R26+KK lock) + PAPER_1173
246,,PAPER_246_MUGE_Dual_Mode_Oscillatory_Gravity_Standing_Traveling_Wave.md,D,PROMOTED from H -> D (content: xi=13/3 R26+KK lock (R26\b)),Forward-pointer to PAPER_1171/1172 (xi=13/3 R26+KK lock) + PAPER_1173
247,,PAPER_247_MUGE_Merger_Interaction_Modulation_Tidal_Gravity_Boost.md,D,PROMOTED from H -> D (content: xi=13/3 R26+KK lock (R26\b)),Forward-pointer to PAPER_1171/1172 (xi=13/3 R26+KK lock) + PAPER_1173
248,,PAPER_248_UQFF_Source10_Batch_OpenMP_DPM_Resonance_Profiling.md,D,PROMOTED from H -> D (content: xi=13/3 R26+KK lock (R26\b)),Forward-pointer to PAPER_1171/1172 (xi=13/3 R26+KK lock) + PAPER_1173
249,,PAPER_249_UQFF_CUDA_GPU_Tiled_GEMM_Multi_System_Acceleration.md,D,PROMOTED from H -> D (content: xi=13/3 R26+KK lock (R26\b)),Forward-pointer to PAPER_1171/1172 (xi=13/3 R26+KK lock) + PAPER_1173
250,,PAPER_250_SN1006_TypeIa_SNR_FUBi_Ejecta_Knot_Stabilisation.md,D,PROMOTED from H -> D (content: xi=13/3 R26+KK lock (R26\b)),Forward-pointer to PAPER_1171/1172 (xi=13/3 R26+KK lock) + PAPER_1173
251,,PAPER_251_EtaCarina_Homunculus_DPM_Invisibility_LENR_Resonance.md,D,PROMOTED from I -> D (content: xi=13/3 R26+KK lock (R26\b)),Forward-pointer to PAPER_1171/1172 (xi=13/3 R26+KK lock) + PAPER_1173
252,,PAPER_252_Chandra_Archive_Force_Equivalence_Class_UQFF.md,D,PROMOTED from H -> D (content: xi=13/3 R26+KK lock (R26\b)),Forward-pointer to PAPER_1171/1172 (xi=13/3 R26+KK lock) + PAPER_1173
253,,PAPER_253_SgrA_Negative_Buoyancy_Inversion_omega0_Critical.md,D,PROMOTED from H -> D (content: xi=13/3 R26+KK lock (R26\b)),Forward-pointer to PAPER_1171/1172 (xi=13/3 R26+KK lock) + PAPER_1173
254,,PAPER_254_KeplerSNR1604_Force_Equivalence_Class_Historical_Anchor.md,D,PROMOTED from H -> D (content: xi=13/3 R26+KK lock (R26\b)),Forward-pointer to PAPER_1171/1172 (xi=13/3 R26+KK lock) + PAPER_1173
255,,PAPER_255_PSRJ0030_NeutronStar_Density_Regime_Positive_Buoyancy.md,D,PROMOTED from H -> D (content: xi=13/3 R26+KK lock (R26\b)),Forward-pointer to PAPER_1171/1172 (xi=13/3 R26+KK lock) + PAPER_1173
256,,PAPER_256_CrabNebula_M1_DPM_Geometry_Compact_Visible_Diffuse_Invisible.md,D,PROMOTED from H -> D (content: xi=13/3 R26+KK lock (R26\b)),Forward-pointer to PAPER_1171/1172 (xi=13/3 R26+KK lock) + PAPER_1173
257,,PAPER_257_CassiopeiaA_SNR_Force_Equivalence_Class_53Order_Extension.md,D,PROMOTED from H -> D (content: xi=13/3 R26+KK lock (R26\b)),Forward-pointer to PAPER_1171/1172 (xi=13/3 R26+KK lock) + PAPER_1173
258,,PAPER_258_MultiMessenger_UQFF_Validator_ALMA_EHT_Chandra_Observational.md,D,PROMOTED from H -> D (content: xi=13/3 R26+KK lock (R26\b)),Forward-pointer to PAPER_1171/1172 (xi=13/3 R26+KK lock) + PAPER_1173
259,,PAPER_259_NGC1275_AGN_Feedback_Buoyancy_Equilibrium_Cooling_Flow_BCG.md,D,PROMOTED from H -> D (content: xi=13/3 R26+KK lock (R26\b)),Forward-pointer to PAPER_1171/1172 (xi=13/3 R26+KK lock) + PAPER_1173
260,,PAPER_260_HorseheadNebula_Universal_Erosion_Buoyancy_Coupling_PDR_Structural_Form_Independence.md,D,PROMOTED from H -> D (content: xi=13/3 R26+KK lock (R26\b)),Forward-pointer to PAPER_1171/1172 (xi=13/3 R26+KK lock) + PAPER_1173
261,,PAPER_261_NGC3603_Dual_Dynamic_Feedback_Equilibrium_Timescale_Scale_Invariant_Theorem_YMC.md,D,PROMOTED from H -> D (content: xi=13/3 R26+KK lock (R26\b)),Forward-pointer to PAPER_1171/1172 (xi=13/3 R26+KK lock) + PAPER_1173
262,,PAPER_262_NGC2525_SN_TypeIa_Negative_Mass_Loss_Gravitational_Sign_Reversal_UQFF.md,D,PROMOTED from H -> D (content: xi=13/3 R26+KK lock (R26\b)),Forward-pointer to PAPER_1171/1172 (xi=13/3 R26+KK lock) + PAPER_1173
263,,PAPER_263_UQFF_Simultaneous_CoAction_Universality_Dissipative_Buoyancy_Pair_Master_Theorem.md,D,PROMOTED from H -> D (content: xi=13/3 R26+KK lock (R26\b)),Forward-pointer to PAPER_1171/1172 (xi=13/3 R26+KK lock) + PAPER_1173
264,,PAPER_264_HUDF_TRZ_CPT_Asymmetric_Gravitational_Phase_Transition_NegativeTime.md,D,PROMOTED from H -> D (content: xi=13/3 R26+KK lock (R26\b)),Forward-pointer to PAPER_1171/1172 (xi=13/3 R26+KK lock) + PAPER_1173
265,,PAPER_265_HUDF_DualChannel_Interaction_Cascade_Buoyancy_Quadratic_Merger_Amplification.md,D,PROMOTED from H -> D (content: xi=13/3 R26+KK lock (R26\b)),Forward-pointer to PAPER_1171/1172 (xi=13/3 R26+KK lock) + PAPER_1173
266,,PAPER_266_HUDF_Primordial_IGM_Superconducting_Gravitational_Meissner_Effect_Bcrit.md,D,PROMOTED from H -> D (content: xi=13/3 R26+KK lock (R26\b)),Forward-pointer to PAPER_1171/1172 (xi=13/3 R26+KK lock) + PAPER_1173
267,,PAPER_267_NGC1792_SFR_Normalization_Starburst_Buoyancy_Coherence.md,D,PROMOTED from H -> D (content: xi=13/3 R26+KK lock (R26\b)),Forward-pointer to PAPER_1171/1172 (xi=13/3 R26+KK lock) + PAPER_1173
268,,PAPER_268_NGC1792_Dual_OscillatoryMode_Hubble_SlowMode_StarburstGW_Amplitude_Modulation.md,D,PROMOTED from H -> D (content: xi=13/3 R26+KK lock (R26\b)),Forward-pointer to PAPER_1171/1172 (xi=13/3 R26+KK lock) + PAPER_1173
269,,PAPER_269_NGC1792_SN_RamPressure_Degeneracy_Point_Kinematic_Invariant_StarburstGravity.md,D,PROMOTED from H -> D (content: xi=13/3 R26+KK lock (R26\b)),Forward-pointer to PAPER_1171/1172 (xi=13/3 R26+KK lock) + PAPER_1173
270,,PAPER_270_Source10_DPM_ResonanceQuantumOrbitalAmplification_gH_CosmicBridgeConstant.md,D,PROMOTED from H -> D (content: xi=13/3 R26+KK lock (R26\b)),Forward-pointer to PAPER_1171/1172 (xi=13/3 R26+KK lock) + PAPER_1173
271,,PAPER_271_Source10_THz_DoubleGate_StarFormation_DualBinaryConditions_MaxConduitForce.md,D,PROMOTED from H -> D (content: xi=13/3 R26+KK lock (R26\b)),Forward-pointer to PAPER_1171/1172 (xi=13/3 R26+KK lock) + PAPER_1173
272,,PAPER_272_Source10_GravitationalVacuumDrag_kVac_equals_G_VacuumGravitationalDuality.md,D,PROMOTED from H -> D (content: xi=13/3 R26+KK lock (R26\b)),Forward-pointer to PAPER_1171/1172 (xi=13/3 R26+KK lock) + PAPER_1173
273,,PAPER_273_Andromeda_BlueshiftUQFF_kappa_approach_NegativeRedshiftGravitationalAmplifier.md,D,PROMOTED from H -> D (content: xi=13/3 R26+KK lock (R26\b)),Forward-pointer to PAPER_1171/1172 (xi=13/3 R26+KK lock) + PAPER_1173
274,,PAPER_274_Andromeda_HI21cm_UQFF_GalacticBuoyancyResonanceFrequency_omegaHI_Bridging.md,D,PROMOTED from H -> D (content: xi=13/3 R26+KK lock (R26\b)),Forward-pointer to PAPER_1171/1172 (xi=13/3 R26+KK lock) + PAPER_1173
275,,PAPER_275_Andromeda_DarkMatter_8020_UQFF_ShellPartition_fDM_NFWCouplingExponent_xiDM.md,D,PROMOTED from H -> D (content: xi=13/3 R26+KK lock (R26\b)),Forward-pointer to PAPER_1171/1172 (xi=13/3 R26+KK lock) + PAPER_1173
276,,PAPER_276_Andromeda_FriedmannUQFF_HzExpansionCoupling_H_UQFF_NearUnityResonance.md,D,PROMOTED from H -> D (content: xi=13/3 R26+KK lock (R26\b)),Forward-pointer to PAPER_1171/1172 (xi=13/3 R26+KK lock) + PAPER_1173
277,,PAPER_277_Sombrero_UQFF_Gravitational_Recession_Damping_kappa_recession_z_positive.md,D,PROMOTED from H -> D (content: xi=13/3 R26+KK lock (R26\b)),Forward-pointer to PAPER_1171/1172 (xi=13/3 R26+KK lock) + PAPER_1173
278,,PAPER_278_Sombrero_DustRing_UQFF_GravitationalRingResonator_omega_ring_r_ring.md,D,PROMOTED from H -> D (content: xi=13/3 R26+KK lock (R26\b)),Forward-pointer to PAPER_1171/1172 (xi=13/3 R26+KK lock) + PAPER_1173
279,,PAPER_279_Sombrero_SMBH_Dominance_Ratio_gamma_BH_SphereOfInfluence_r_SOI.md,D,PROMOTED from H -> D (content: xi=13/3 R26+KK lock (R26\b)),Forward-pointer to PAPER_1171/1172 (xi=13/3 R26+KK lock) + PAPER_1173
280,,PAPER_280_Saturn_UQFF_SolarTidalPerturbationRatio_tau_Sun_g_Sun_tidal.md,D,PROMOTED from H -> D (content: xi=13/3 R26+KK lock (R26\b)),Forward-pointer to PAPER_1171/1172 (xi=13/3 R26+KK lock) + PAPER_1173
281,,PAPER_281_Saturn_Ring_UQFF_TidalGravityResonance_omega_ring_kep_T_ring.md,D,PROMOTED from H -> D (content: xi=13/3 R26+KK lock (R26\b)),Forward-pointer to PAPER_1171/1172 (xi=13/3 R26+KK lock) + PAPER_1173
282,,PAPER_282_Saturn_UQFF_AtmosphericWind_KineticPressure_a_wind_eta_wind.md,D,PROMOTED from H -> D (content: xi=13/3 R26+KK lock (R26\b)),Forward-pointer to PAPER_1171/1172 (xi=13/3 R26+KK lock) + PAPER_1173
283,,PAPER_283_Saturn_UQFF_SolarTidalHubbleExpansionCoupling_g_ST_HE_hubble_tidal_factor.md,D,PROMOTED from H -> D (content: xi=13/3 R26+KK lock (R26\b)),Forward-pointer to PAPER_1171/1172 (xi=13/3 R26+KK lock) + PAPER_1173
284,,PAPER_284_M16_UQFF_DualMassCoActionProduct_Phi_dm_SFR_Erosion.md,D,PROMOTED from H -> D (content: xi=13/3 R26+KK lock (R26\b)),Forward-pointer to PAPER_1171/1172 (xi=13/3 R26+KK lock) + PAPER_1173
285,,PAPER_285_M16_UQFF_ErosionSaturationHalfTime_t_half_DeltaGMax.md,D,PROMOTED from H -> D (content: xi=13/3 R26+KK lock (R26\b)),Forward-pointer to PAPER_1171/1172 (xi=13/3 R26+KK lock) + PAPER_1173
286,,PAPER_286_M16_UQFF_NebularFriedmannRedshift_kappa_neb_z0p0015.md,D,PROMOTED from H -> D (content: xi=13/3 R26+KK lock (R26\b)),Forward-pointer to PAPER_1171/1172 (xi=13/3 R26+KK lock) + PAPER_1173
287,,PAPER_287_ResonanceSC_UQFF_DPMTHz_PlasmoticVacuumCascadeAmplification.md,D,PROMOTED from H -> D (content: xi=13/3 R26+KK lock (R26\b)),Forward-pointer to PAPER_1171/1172 (xi=13/3 R26+KK lock) + PAPER_1173
288,,PAPER_288_ResonanceSC_UQFF_CosmicAgeStandingWaveBridge_2pi13p8.md,D,PROMOTED from H -> D (content: xi=13/3 R26+KK lock (R26\b)),Forward-pointer to PAPER_1171/1172 (xi=13/3 R26+KK lock) + PAPER_1173
289,,PAPER_289_ResonanceSC_UQFF_CooperDPM_DualFreqSCSynthesis_Asc6p994e21.md,D,PROMOTED from H -> D (content: xi=13/3 R26+KK lock (R26\b)),Forward-pointer to PAPER_1171/1172 (xi=13/3 R26+KK lock) + PAPER_1173
290,,PAPER_290_CrabResonance_UQFF_SNRDPMDilution_DynamicVolumeExpansion.md,D,PROMOTED from H -> D (content: xi=13/3 R26+KK lock (R26\b)),Forward-pointer to PAPER_1171/1172 (xi=13/3 R26+KK lock) + PAPER_1173
291,,PAPER_291_CrabResonance_UQFF_FilamentSpectralTriad_QuantumFluidExpansion9Decades.md,D,PROMOTED from H -> D (content: xi=13/3 R26+KK lock (R26\b)),Forward-pointer to PAPER_1171/1172 (xi=13/3 R26+KK lock) + PAPER_1173
292,,PAPER_292_CrabResonance_UQFF_Pulsar30Hz60sResonanceWindow_SpinVacuumDPMLock.md,D,PROMOTED from H -> D (content: xi=13/3 R26+KK lock (R26\b)),Forward-pointer to PAPER_1171/1172 (xi=13/3 R26+KK lock) + PAPER_1173
293,,PAPER_293_CompressedResonanceUQFF24_DualChannelCoSumArchitecture_10TermCR.md,D,PROMOTED from H -> D (content: xi=13/3 R26+KK lock (R26\b)),Forward-pointer to PAPER_1171/1172 (xi=13/3 R26+KK lock) + PAPER_1173
294,,PAPER_294_CompressedResonanceUQFF24_VacuumDifferentialHarmonic_hbarDenominatorCoupling.md,D,PROMOTED from H -> D (content: xi=13/3 R26+KK lock (R26\b)),Forward-pointer to PAPER_1171/1172 (xi=13/3 R26+KK lock) + PAPER_1173
295,,PAPER_295_CompressedResonanceUQFF24_CompressedCooperSuperSeeding_fDPMSquaredScalingLaw.md,D,PROMOTED from H -> D (content: xi=13/3 R26+KK lock (R26\b)),Forward-pointer to PAPER_1171/1172 (xi=13/3 R26+KK lock) + PAPER_1173
296,,PAPER_296_UniverseDiameter_CosmologicalConstantDirectVacuumAcceleration_LambdaC2Over3.md,A,filename: Cosmolog,Add closing section: v5.78 27-decade vacuum ledger (PAPER_1170) + xi=13/3
297,,PAPER_297_UniverseDiameter_SuperluminalHubbleExpansionRatio_etaExpGreaterThan1.md,A,filename: UniverseDiameter,Add closing section: v5.78 27-decade vacuum ledger (PAPER_1170) + xi=13/3
298,,PAPER_298_UniverseDiameter_GRCurvatureDominance_epsilonGRGreaterThan1.md,A,filename: UniverseDiameter,Add closing section: v5.78 27-decade vacuum ledger (PAPER_1170) + xi=13/3
299,,PAPER_299_HydrogenAtom_ElectrogravitationalDominanceRatio_etaEM_9p65e29.md,D,PROMOTED from H -> D (content: xi=13/3 R26+KK lock (R26\b)),Forward-pointer to PAPER_1171/1172 (xi=13/3 R26+KK lock) + PAPER_1173
300,,PAPER_300_HydrogenAtom_LymanAlphaCosmicBridge_ToverS_pi_over_13p8.md,D,PROMOTED from H -> D (content: xi=13/3 R26+KK lock (R26\b)),Forward-pointer to PAPER_1171/1172 (xi=13/3 R26+KK lock) + PAPER_1173
301,,PAPER_301_HydrogenAtom_ProtonGRSpectralMinimum_epsilonGR_7p04e44.md,D,PROMOTED from H -> D (content: xi=13/3 R26+KK lock (R26\b)),Forward-pointer to PAPER_1171/1172 (xi=13/3 R26+KK lock) + PAPER_1173
302,,PAPER_302_HydrogenPToE_Ug4iReactiveResonanceVacuumBridge_Gamma_4p704e36.md,D,PROMOTED from H -> D (content: xi=13/3 R26+KK lock (R26\b)),Forward-pointer to PAPER_1171/1172 (xi=13/3 R26+KK lock) + PAPER_1173
303,,PAPER_303_HydrogenPToE_LymanAlphaTripleFrequencyResonanceLock_freqRatio_1p000.md,D,PROMOTED from H -> D (content: xi=13/3 R26+KK lock (R26\b)),Forward-pointer to PAPER_1171/1172 (xi=13/3 R26+KK lock) + PAPER_1173
304,,PAPER_304_HydrogenPToE_AetherGravitationalDominanceAtomicScale_xiAether_1p852e24.md,A,PROMOTED from H -> A (content: 27-decade vacuum ledger / Lambda closure (rho_?\s*Lambda)),Add closing section: v5.78 27-decade vacuum ledger (PAPER_1170) + xi=13/3
305,,PAPER_305_LagoonNebula_SFRMassRunawayAmplifier_DeltaM_10_100kyr.md,D,PROMOTED from H -> D (content: xi=13/3 R26+KK lock (R26\b)),Forward-pointer to PAPER_1171/1172 (xi=13/3 R26+KK lock) + PAPER_1173
306,,PAPER_306_LagoonNebula_HerschelRadiationErosion_etaRad_1p53e18.md,D,PROMOTED from H -> D (content: xi=13/3 R26+KK lock (R26\b)),Forward-pointer to PAPER_1171/1172 (xi=13/3 R26+KK lock) + PAPER_1173
307,,PAPER_307_LagoonNebula_DualRadiationEMBarrier_aEM_over_aRad_12p77.md,D,PROMOTED from H -> D (content: xi=13/3 R26+KK lock (R26\b)),Forward-pointer to PAPER_1171/1172 (xi=13/3 R26+KK lock) + PAPER_1173
308,,PAPER_308_SpiralGalaxy_TorqueGravitationalAmplifier_tau_2p046_307Myr.md,D,PROMOTED from H -> D (content: xi=13/3 R26+KK lock (R26\b)),Forward-pointer to PAPER_1171/1172 (xi=13/3 R26+KK lock) + PAPER_1173
309,,PAPER_309_SpiralSNIa_HubbleTensionImprint_deltaSN_2p52pct_etaSN_2e16.md,D,PROMOTED from H -> D (content: xi=13/3 R26+KK lock (R26\b)),Forward-pointer to PAPER_1171/1172 (xi=13/3 R26+KK lock) + PAPER_1173
310,,PAPER_310_SpiralGalaxy_DMVisiblePartition_etaDM_5p667_vExcess_67pct.md,D,PROMOTED from H -> D (content: xi=13/3 R26+KK lock (R26\b)),Forward-pointer to PAPER_1171/1172 (xi=13/3 R26+KK lock) + PAPER_1173
311,,PAPER_311_NGC6302_BipolarPN_WindShockDominance_eta_wind_7p127e5_KE_3p564e5.md,D,PROMOTED from H -> D (content: xi=13/3 R26+KK lock (R26\b)),Forward-pointer to PAPER_1171/1172 (xi=13/3 R26+KK lock) + PAPER_1173
312,,PAPER_312_NGC6302_CentralWD_UVRadiationPressure_eta_rad_1p913e20_arad_5p672e8.md,D,PROMOTED from H -> D (content: xi=13/3 R26+KK lock (R26\b)),Forward-pointer to PAPER_1171/1172 (xi=13/3 R26+KK lock) + PAPER_1173
313,,PAPER_313_NGC6302_EquatorialTorus_MagneticConfinement_etaB_3p979e5_vAlfven_8p921e7.md,D,PROMOTED from H -> D (content: xi=13/3 R26+KK lock (R26\b)),Forward-pointer to PAPER_1171/1172 (xi=13/3 R26+KK lock) + PAPER_1173
314,,PAPER_314_NGC6302Resonance_PN_DPM_MacroAntenna_F_DPM_1p267e50_ratio_2p017e13.md,D,PROMOTED from H -> D (content: xi=13/3 R26+KK lock (R26\b)),Forward-pointer to PAPER_1171/1172 (xi=13/3 R26+KK lock) + PAPER_1173
315,,PAPER_315_NGC6302Resonance_VacDiffTHz_CrossoverRadius_3p280km_domRatio_8p118e37.md,D,PROMOTED from H -> D (content: xi=13/3 R26+KK lock (R26\b)),Forward-pointer to PAPER_1171/1172 (xi=13/3 R26+KK lock) + PAPER_1173
316,,PAPER_316_NGC6302Resonance_CooperDPM_Asc_6p994e21_asuper_1p747e9_P295confirm.md,D,PROMOTED from H -> D (content: xi=13/3 R26+KK lock (R26\b)),Forward-pointer to PAPER_1171/1172 (xi=13/3 R26+KK lock) + PAPER_1173
317,,PAPER_317_OrionM42_TrapeziumWindRamPressure_etaWind_28p47_tErosion_467kyr.md,D,PROMOTED from H -> D (content: xi=13/3 R26+KK lock (R26\b)),Forward-pointer to PAPER_1171/1172 (xi=13/3 R26+KK lock) + PAPER_1173
318,,PAPER_318_OrionM42_TrapeziumOBUV_etaRad_7p664e18_champagneFlow.md,D,PROMOTED from H -> D (content: xi=13/3 R26+KK lock (R26\b)),Forward-pointer to PAPER_1171/1172 (xi=13/3 R26+KK lock) + PAPER_1173
319,,PAPER_319_OrionM42_CompactHII_SFRBindingCrossover_tCross_67p7kyr_sSFR_50xLagoon.md,D,PROMOTED from H -> D (content: xi=13/3 R26+KK lock (R26\b)),Forward-pointer to PAPER_1171/1172 (xi=13/3 R26+KK lock) + PAPER_1173
320,,PAPER_320_CR34_DPMForceDensitySpectralAtlas_xiSpan_1e35_7systems.md,D,PROMOTED from H -> D (content: xi=13/3 R26+KK lock (R26\b)),Forward-pointer to PAPER_1171/1172 (xi=13/3 R26+KK lock) + PAPER_1173
321,,PAPER_321_CR34_CrossChannelDominanceCrossover_Vf_5p43e28_CompressedResonanceReversal.md,D,PROMOTED from H -> D (content: xi=13/3 R26+KK lock (R26\b)),Forward-pointer to PAPER_1171/1172 (xi=13/3 R26+KK lock) + PAPER_1173
322,,PAPER_322_CR34_HiIRegionTHzGeometricDifferential_ratio_8p59_OrionLagoon.md,D,PROMOTED from H -> D (content: xi=13/3 R26+KK lock (R26\b)),Forward-pointer to PAPER_1171/1172 (xi=13/3 R26+KK lock) + PAPER_1173
323,,PAPER_323_CR34b_VacuumAetherFrequencyMode_FAether_1p576e35_11thUQFFTerm.md,D,PROMOTED from H -> D (content: xi=13/3 R26+KK lock (R26\b)),Forward-pointer to PAPER_1171/1172 (xi=13/3 R26+KK lock) + PAPER_1173
324,,PAPER_324_CR34b_SaturnFirstPlanetaryDualChannel_g_vac_diff_1p29e-2.md,D,PROMOTED from H -> D (content: xi=13/3 R26+KK lock (R26\b)),Forward-pointer to PAPER_1171/1172 (xi=13/3 R26+KK lock) + PAPER_1173
325,,PAPER_325_CR34b_RhoISMFluidDensityCoupling_ffluid_rho_1p269e-35.md,D,PROMOTED from H -> D (content: xi=13/3 R26+KK lock (R26\b)),Forward-pointer to PAPER_1171/1172 (xi=13/3 R26+KK lock) + PAPER_1173
326,,PAPER_326_TriadicMasterUQFF_26State_Ramanujan_CoSumArchitecture_FUg1_Rt_FUBi.md,D,PROMOTED from H -> D (content: xi=13/3 R26+KK lock (R26\b)),Forward-pointer to PAPER_1171/1172 (xi=13/3 R26+KK lock) + PAPER_1173
327,,PAPER_327_Qwave47_NonGaussian_ShapiroWilk_SSq_ModulatedDistribution.md,D,PROMOTED from H -> D (content: xi=13/3 R26+KK lock (R26\b)),Forward-pointer to PAPER_1171/1172 (xi=13/3 R26+KK lock) + PAPER_1173
328,,PAPER_328_NuclearAlphaBEC_LENR_NB_TBEC14p52MeV_deltapair0p1_sigmaCS10p50.md,D,PROMOTED from I -> D (content: xi=13/3 R26+KK lock (R26\b)),Forward-pointer to PAPER_1171/1172 (xi=13/3 R26+KK lock) + PAPER_1173
329,,PAPER_329_Um_Bilinear_Heaviside_Quasi_Neutrino_VacuumCascade_DoubleExponentialSSq.md,D,PROMOTED from H -> D (content: xi=13/3 R26+KK lock (R26\b)),Forward-pointer to PAPER_1171/1172 (xi=13/3 R26+KK lock) + PAPER_1173
330,,PAPER_330_H_res_6Equation_Nuclear_Resonance_Udp_Dipole_kNuc_NZ_Scaling.md,D,PROMOTED from H -> D (content: xi=13/3 R26+KK lock (R26\b)),Forward-pointer to PAPER_1171/1172 (xi=13/3 R26+KK lock) + PAPER_1173
331,,PAPER_331_26State_MUGE_FrequencyBasis_fAether_fSuper_Magnetar_SpinDown_ProofIdentities.md,D,PROMOTED from H -> D (content: xi=13/3 R26+KK lock (R26\b)),Forward-pointer to PAPER_1171/1172 (xi=13/3 R26+KK lock) + PAPER_1173
332,,PAPER_332_FUBi_i_12Term_Integrand_kAct_kDE_Zeeman_kNeutron_kRel_FSweet_FKozima.md,D,PROMOTED from I -> D (content: xi=13/3 R26+KK lock (R26\b)),Forward-pointer to PAPER_1171/1172 (xi=13/3 R26+KK lock) + PAPER_1173
333,,PAPER_333_BSM_UQFF_10Experiment_Package_EDM_ALICE_Comag_Tau_JUNO_BESIII_LHCb_ATLAS.md,D,PROMOTED from H -> D (content: xi=13/3 R26+KK lock (R26\b)),Forward-pointer to PAPER_1171/1172 (xi=13/3 R26+KK lock) + PAPER_1173
334,,PAPER_334_Ui_Complex_Superconductive_VacuumDensity_OmegaS_fTRZ_BetaI_CompactGalacticBifurcation.md,A,filename: VacuumDensity,Add closing section: v5.78 27-decade vacuum ledger (PAPER_1170) + xi=13/3
335,,PAPER_335_kkREB_FUBii_Ramanujan_CoSum_FUBi_Buoyancy_Kernel_fUb_VolumeRatio.md,D,PROMOTED from H -> D (content: xi=13/3 R26+KK lock (R26\b)),Forward-pointer to PAPER_1171/1172 (xi=13/3 R26+KK lock) + PAPER_1173
336,,PAPER_336_gCompressed_AllForces_DM_Perturbation_Rt_26State_4Subterm_Resonant_Decomposition.md,D,PROMOTED from H -> D (content: xi=13/3 R26+KK lock (R26\b)),Forward-pointer to PAPER_1171/1172 (xi=13/3 R26+KK lock) + PAPER_1173
337,,PAPER_337_Qwave81_Updated_Statistics_Phase_Separation_Cosine_Vela_Validation.md,D,PROMOTED from H -> D (content: xi=13/3 R26+KK lock (R26\b)),Forward-pointer to PAPER_1171/1172 (xi=13/3 R26+KK lock) + PAPER_1173
338,,PAPER_338_NineSystem_Sep2025_Astro_Parameter_Catalogue_Vela_NGC1365_ESO137_Abell2256_Crab_IC2163_Jupiter_LagoonM8_NGC2207.md,F,filename: _Catalog,"Update tables; add P6-P14, CP4 #254-#264, ref PAPER_1167/1170/1174"
339,,PAPER_339_UmRotor_StringTorque_TauRot_H2OH2_Thermal_QWave48_Extension.md,D,PROMOTED from H -> D (content: xi=13/3 R26+KK lock (R26\b)),Forward-pointer to PAPER_1171/1172 (xi=13/3 R26+KK lock) + PAPER_1173
340,,PAPER_340_EDM_SO10_BSMRefined_Fu_Coupling_Darkonia_PSCm1_VcbCoupling.md,D,PROMOTED from H -> D (content: xi=13/3 R26+KK lock (R26\b)),Forward-pointer to PAPER_1171/1172 (xi=13/3 R26+KK lock) + PAPER_1173
341,,PAPER_341_UQFF_3Variable_Calibration_Kappa_HSCm_UUA_MCMC_GaiaDR4_ParkerProbe.md,D,PROMOTED from H -> D (content: xi=13/3 R26+KK lock (R26\b)),Forward-pointer to PAPER_1171/1172 (xi=13/3 R26+KK lock) + PAPER_1173
342,,PAPER_342_Magnetar_7Component_DPM_THz_Sigma26_SpinDown_MagneticEnergy.md,D,PROMOTED from H -> D (content: xi=13/3 R26+KK lock (R26\b)),Forward-pointer to PAPER_1171/1172 (xi=13/3 R26+KK lock) + PAPER_1173
343,,PAPER_343_SGR1745_2900_SCm_Mass_Modified_LX_Luminosity_fReact_Doubled_June2013.md,D,PROMOTED from H -> D (content: xi=13/3 R26+KK lock (R26\b)),Forward-pointer to PAPER_1171/1172 (xi=13/3 R26+KK lock) + PAPER_1173
344,,PAPER_344_SgrA_GW_Precession_Squared_JWST2025_Flare_fTRZ_Calibration.md,D,PROMOTED from H -> D (content: xi=13/3 R26+KK lock (R26\b)),Forward-pointer to PAPER_1171/1172 (xi=13/3 R26+KK lock) + PAPER_1173
345,,PAPER_345_Tapestry_Starbirth_DPM_THz_FreqOnly_Sigma26_SFR_Coupling.md,D,PROMOTED from H -> D (content: xi=13/3 R26+KK lock (R26\b)),Forward-pointer to PAPER_1171/1172 (xi=13/3 R26+KK lock) + PAPER_1173
346,,PAPER_346_M87_Jet_BlandfordZnajek_FUBi_OmegaAct_Day_Scale.md,D,PROMOTED from H -> D (content: xi=13/3 R26+KK lock (R26\b)),Forward-pointer to PAPER_1171/1172 (xi=13/3 R26+KK lock) + PAPER_1173
347,,PAPER_347_CentaurusA_FUBi_VShape_Jet_12pt5yr_OmegaAct_Point5c_Knots.md,D,PROMOTED from H -> D (content: xi=13/3 R26+KK lock (R26\b)),Forward-pointer to PAPER_1171/1172 (xi=13/3 R26+KK lock) + PAPER_1173
348,,PAPER_348_StephansQuintet_Shock_Ridge_FUBi_KE_Density_LENR_Coupling.md,D,PROMOTED from I -> D (content: xi=13/3 R26+KK lock (R26\b)),Forward-pointer to PAPER_1171/1172 (xi=13/3 R26+KK lock) + PAPER_1173
349,,PAPER_349_SPTClJ2215_CoolCore_Starburst_Highest_FUBi_z116.md,D,PROMOTED from H -> D (content: xi=13/3 R26+KK lock (R26\b)),Forward-pointer to PAPER_1171/1172 (xi=13/3 R26+KK lock) + PAPER_1173
350,,PAPER_350_ElGordo_ACTCLJ0102_SuperVirial_Merger_FUBi_z087.md,D,PROMOTED from H -> D (content: xi=13/3 R26+KK lock (R26\b)),Forward-pointer to PAPER_1171/1172 (xi=13/3 R26+KK lock) + PAPER_1173
351,,PAPER_351_ASASSN14li_TDE_Outflow_FUBi_0p3c_Kozima_LENR.md,D,PROMOTED from I -> D (content: xi=13/3 R26+KK lock (R26\b)),Forward-pointer to PAPER_1171/1172 (xi=13/3 R26+KK lock) + PAPER_1173
352,,PAPER_352_RAquarii_Symbiotic_Binary_FUBi_Kepler_44yr_HST2025_Jets.md,D,PROMOTED from H -> D (content: xi=13/3 R26+KK lock (R26\b)),Forward-pointer to PAPER_1171/1172 (xi=13/3 R26+KK lock) + PAPER_1173
353,,PAPER_353_DoubleExp_Vacuum_Decay_Rate_RhoSCm_RhoUA_NearThreshold.md,D,PROMOTED from H -> D (content: xi=13/3 R26+KK lock (R26\b)),Forward-pointer to PAPER_1171/1172 (xi=13/3 R26+KK lock) + PAPER_1173
354,,PAPER_354_DUniverse_5th_Spatial_Curvature_Factor_Completes_PAPER296_Chain.md,E,PROMOTED from H -> E (content: P-suite falsifiability (CMB-?S4)),Forward-pointer to PAPER_1174 P1-P14 suite + PAPER_1177-1180
355,,PAPER_355_PLCKG287_Merger_Relic_Triadic_FUg1_Rt_FUBi_DeltaRho.md,D,PROMOTED from H -> D (content: xi=13/3 R26+KK lock (R26\b)),Forward-pointer to PAPER_1171/1172 (xi=13/3 R26+KK lock) + PAPER_1173
356,,PAPER_356_ASKAP_UltraLongPeriod_Transient_SSq_Burst_Modulation_FUBi.md,D,PROMOTED from H -> D (content: xi=13/3 R26+KK lock (R26\b)),Forward-pointer to PAPER_1171/1172 (xi=13/3 R26+KK lock) + PAPER_1173
357,,PAPER_357_TOI1227b_Young_Neptune_Exoplanet_TidalGravity_DiskUQFF_Coupling.md,D,PROMOTED from H -> D (content: xi=13/3 R26+KK lock (R26\b)),Forward-pointer to PAPER_1171/1172 (xi=13/3 R26+KK lock) + PAPER_1173
358,,PAPER_358_AT2024tvd_Wandering_MBH_TDE_OffNuclear_TidalRadius_FrictionalTimescale.md,D,PROMOTED from H -> D (content: xi=13/3 R26+KK lock (R26\b)),Forward-pointer to PAPER_1171/1172 (xi=13/3 R26+KK lock) + PAPER_1173
359,,PAPER_359_G359_GalacticCenter_Filament_MagneticErosion_NegativeEt_Fmag.md,D,PROMOTED from H -> D (content: xi=13/3 R26+KK lock (R26\b)),Forward-pointer to PAPER_1171/1172 (xi=13/3 R26+KK lock) + PAPER_1173
360,,PAPER_360_J1610_HighZ_Quasar_Jet_z65_Lorentz_krel_Gamma_Squared.md,D,PROMOTED from H -> D (content: xi=13/3 R26+KK lock (R26\b)),Forward-pointer to PAPER_1171/1172 (xi=13/3 R26+KK lock) + PAPER_1173
361,,PAPER_361_BubbleNebula_NGC7635_Positive_Et_Expansion_StellarWind_UQFF.md,D,PROMOTED from H -> D (content: xi=13/3 R26+KK lock (R26\b)),Forward-pointer to PAPER_1171/1172 (xi=13/3 R26+KK lock) + PAPER_1173
362,,PAPER_362_H2O_H2_Rotor_Phillips_CrossSection_kRate_UQFF_Calibration.md,D,PROMOTED from H -> D (content: xi=13/3 R26+KK lock (R26\b)),Forward-pointer to PAPER_1171/1172 (xi=13/3 R26+KK lock) + PAPER_1173
363,,PAPER_363_NOMAD_Monophoton_Neutrino_Vacuum_Coupling_Bound_Kpol.md,D,PROMOTED from H -> D (content: xi=13/3 R26+KK lock (R26\b)),Forward-pointer to PAPER_1171/1172 (xi=13/3 R26+KK lock) + PAPER_1173
364,,PAPER_364_ALICE_Multiplicity_Centrality_RhoVac_Ratio_n18_kEta_Derivation.md,D,PROMOTED from H -> D (content: xi=13/3 R26+KK lock (R26\b)),Forward-pointer to PAPER_1171/1172 (xi=13/3 R26+KK lock) + PAPER_1173
365,,PAPER_365_Magnetar_Mmag_Outburst_Timescale_12pt7yr_SpinDown_fReact.md,D,PROMOTED from H -> D (content: xi=13/3 R26+KK lock (R26\b)),Forward-pointer to PAPER_1171/1172 (xi=13/3 R26+KK lock) + PAPER_1173
366,,PAPER_366_SgrA_JWST2025_Flare_OmegaAct_kact_Contrast_fTRZ_Calibration.md,D,PROMOTED from H -> D (content: xi=13/3 R26+KK lock (R26\b)),Forward-pointer to PAPER_1171/1172 (xi=13/3 R26+KK lock) + PAPER_1173
367,,PAPER_367_PSZ2G181_Merger_Relic_Full5Eq_Triadic_FUBi_Compressed_Resonant_Buoyancy_Ui.md,D,PROMOTED from H -> D (content: xi=13/3 R26+KK lock (R26\b)),Forward-pointer to PAPER_1171/1172 (xi=13/3 R26+KK lock) + PAPER_1173
368,,PAPER_368_Ug4_VacuumEnergy_LambdaCDM_GalacticBH_Coupling_k4_2p0_rho_v_6e-27.md,A,filename: VacuumEnergy,Add closing section: v5.78 27-decade vacuum ledger (PAPER_1170) + xi=13/3
369,,PAPER_369_NavierStokes_StableFluids_UQFF_QuasarJet_SCm_Integration.md,G,filename: NavierStokes,Verify v5.78 closed-Lagrangian/ledger cross-ref is present (Sess 225 baseline)
370,,PAPER_370_MultiBody_Solar_Pcore_PlanetaryScalingLaw_OrbitalFreqBridge_NeptuneIceGiant.md,D,PROMOTED from H -> D (content: xi=13/3 R26+KK lock (R26\b)),Forward-pointer to PAPER_1171/1172 (xi=13/3 R26+KK lock) + PAPER_1173
371,,PAPER_371_MUGE_12Term_Superconductive_Resonance.md,D,PROMOTED from H -> D (content: xi=13/3 R26+KK lock (R26\b)),Forward-pointer to PAPER_1171/1172 (xi=13/3 R26+KK lock) + PAPER_1173
372,,PAPER_372_Compressed_UQFF_Bcrit.md,D,PROMOTED from H -> D (content: xi=13/3 R26+KK lock (R26\b)),Forward-pointer to PAPER_1171/1172 (xi=13/3 R26+KK lock) + PAPER_1173
373,,PAPER_373_MorrisThorne_Wormhole_Null_Geodesics.md,E,filename: DESI,Forward-pointer to PAPER_1174 P1-P14 suite + PAPER_1177-1180
374,,PAPER_374_J1610_Relativistic_Quasar_Jet.md,D,PROMOTED from H -> D (content: xi=13/3 R26+KK lock (R26\b)),Forward-pointer to PAPER_1171/1172 (xi=13/3 R26+KK lock) + PAPER_1173
375,,PAPER_375_UQFF_Advanced_Integration.md,D,PROMOTED from H -> D (content: xi=13/3 R26+KK lock (R26\b)),Forward-pointer to PAPER_1171/1172 (xi=13/3 R26+KK lock) + PAPER_1173
376,,PAPER_376_UQFF_Formal_Proof_Set.md,D,PROMOTED from H -> D (content: xi=13/3 R26+KK lock (R26\b)),Forward-pointer to PAPER_1171/1172 (xi=13/3 R26+KK lock) + PAPER_1173
376,b,PAPER_376b_UQFF_Formal_Proof_Set_Extended.md,H,filename: no v5.78 trigger -> default H,NO UPDATE (specific system / framework application)
377,,PAPER_377_Wormhole_MUGE_Impl_Safety.md,D,PROMOTED from H -> D (content: xi=13/3 R26+KK lock (R26\b)),Forward-pointer to PAPER_1171/1172 (xi=13/3 R26+KK lock) + PAPER_1173
378,,PAPER_378_CohesiveUQFF_IntegrationFormula.md,D,PROMOTED from H -> D (content: xi=13/3 R26+KK lock (R26\b)),Forward-pointer to PAPER_1171/1172 (xi=13/3 R26+KK lock) + PAPER_1173
379,,PAPER_379_MUGE_DualModel_7System_Comparison.md,D,PROMOTED from H -> D (content: xi=13/3 R26+KK lock (R26\b)),Forward-pointer to PAPER_1171/1172 (xi=13/3 R26+KK lock) + PAPER_1173
380,,PAPER_380_UQFF_Solvable_Equation_Set.md,D,PROMOTED from H -> D (content: xi=13/3 R26+KK lock (R26\b)),Forward-pointer to PAPER_1171/1172 (xi=13/3 R26+KK lock) + PAPER_1173
381,,PAPER_381_SGR1745_Compressed_MUGE_Spectral_Term_Decomposition.md,D,PROMOTED from H -> D (content: xi=13/3 R26+KK lock (R26\b)),Forward-pointer to PAPER_1171/1172 (xi=13/3 R26+KK lock) + PAPER_1173
382,,PAPER_382_UQFF_12Term_Spectral_Ladder_SGR1745.md,D,PROMOTED from H -> D (content: xi=13/3 R26+KK lock (R26\b)),Forward-pointer to PAPER_1171/1172 (xi=13/3 R26+KK lock) + PAPER_1173
383,,PAPER_383_Ug4i_Transient_Age_Decay_Law.md,D,PROMOTED from H -> D (content: xi=13/3 R26+KK lock (R26\b)),Forward-pointer to PAPER_1171/1172 (xi=13/3 R26+KK lock) + PAPER_1173
384,,PAPER_384_SagAStar_Full_Resonance_Term_Decomposition.md,D,PROMOTED from H -> D (content: xi=13/3 R26+KK lock (R26\b)),Forward-pointer to PAPER_1171/1172 (xi=13/3 R26+KK lock) + PAPER_1173
385,,PAPER_385_Canonical_7System_UQFF_Parameter_Registry.md,F,filename: _Registry,"Update tables; add P6-P14, CP4 #254-#264, ref PAPER_1167/1170/1174"
386,,PAPER_386_LaTeX_DualBlock_Master_UQFF_May2025_Document_Integration.md,D,PROMOTED from H -> D (content: xi=13/3 R26+KK lock (R26\b)),Forward-pointer to PAPER_1171/1172 (xi=13/3 R26+KK lock) + PAPER_1173
387,,PAPER_387_vSCm_Relativistic_Parameter_Update.md,D,PROMOTED from H -> D (content: xi=13/3 R26+KK lock (R26\b)),Forward-pointer to PAPER_1171/1172 (xi=13/3 R26+KK lock) + PAPER_1173
388,,PAPER_388_YangMills_MassGap_VacuumDensity_Evolution.md,G,filename: YangMills,Verify v5.78 closed-Lagrangian/ledger cross-ref is present (Sess 225 baseline)
389,,PAPER_389_Galactic_OmegaS_VelocityDispersion_Calibration.md,D,PROMOTED from H -> D (content: xi=13/3 R26+KK lock (R26\b)),Forward-pointer to PAPER_1171/1172 (xi=13/3 R26+KK lock) + PAPER_1173
390,,PAPER_390_SMBH_Mass_Sigma_Dispersion_UQFF_Anchor.md,D,PROMOTED from H -> D (content: xi=13/3 R26+KK lock (R26\b)),Forward-pointer to PAPER_1171/1172 (xi=13/3 R26+KK lock) + PAPER_1173
391,,PAPER_391_Hybrid_MUGE_Meissner_Blending_Model.md,D,PROMOTED from H -> D (content: xi=13/3 R26+KK lock (R26\b)),Forward-pointer to PAPER_1171/1172 (xi=13/3 R26+KK lock) + PAPER_1173
392,,PAPER_392_Aether_Metric_Tensor_UQFF_Perturbation.md,D,PROMOTED from H -> D (content: xi=13/3 R26+KK lock (R26\b)),Forward-pointer to PAPER_1171/1172 (xi=13/3 R26+KK lock) + PAPER_1173
393,,PAPER_393_SCm_Reactor_Efficiency_Kappa_Decay.md,D,PROMOTED from H -> D (content: xi=13/3 R26+KK lock (R26\b)),Forward-pointer to PAPER_1171/1172 (xi=13/3 R26+KK lock) + PAPER_1173
394,,PAPER_394_FU_Complete_ThreeTerm_StarMagic_Master.md,D,PROMOTED from H -> D (content: xi=13/3 R26+KK lock (R26\b)),Forward-pointer to PAPER_1171/1172 (xi=13/3 R26+KK lock) + PAPER_1173
395,,PAPER_395_Wormhole_UQFF_Resonance_Acceleration_Term.md,D,PROMOTED from H -> D (content: xi=13/3 R26+KK lock (R26\b)),Forward-pointer to PAPER_1171/1172 (xi=13/3 R26+KK lock) + PAPER_1173
396,,PAPER_396_Higgs_Emergent_Level18_UQFF_Stratum.md,D,PROMOTED from H -> D (content: xi=13/3 R26+KK lock (R26\b)),Forward-pointer to PAPER_1171/1172 (xi=13/3 R26+KK lock) + PAPER_1173
397,,PAPER_397_UQFF_Solvable_15_Equations_Taxonomy.md,D,PROMOTED from H -> D (content: xi=13/3 R26+KK lock (R26\b)),Forward-pointer to PAPER_1171/1172 (xi=13/3 R26+KK lock) + PAPER_1173
398,,PAPER_398_CoAnQi_PImath_Encryption_UQFF_Pi_Cycle.md,D,PROMOTED from H -> D (content: xi=13/3 R26+KK lock (R26\b)),Forward-pointer to PAPER_1171/1172 (xi=13/3 R26+KK lock) + PAPER_1173
399,,PAPER_399_7System_MUGE_Numerical_Validation_Table.md,D,PROMOTED from H -> D (content: xi=13/3 R26+KK lock (R26\b)),Forward-pointer to PAPER_1171/1172 (xi=13/3 R26+KK lock) + PAPER_1173
400,,PAPER_400_Ug2_Heliosphere_Bubble_Charge_Coupled_Ereact.md,D,PROMOTED from H -> D (content: xi=13/3 R26+KK lock (R26\b)),Forward-pointer to PAPER_1171/1172 (xi=13/3 R26+KK lock) + PAPER_1173
401,,PAPER_401_Ug3_Magnetic_Strings_Disk_Pcore.md,D,PROMOTED from H -> D (content: xi=13/3 R26+KK lock (R26\b)),Forward-pointer to PAPER_1171/1172 (xi=13/3 R26+KK lock) + PAPER_1173
402,,PAPER_402_Ug4_Vacuum_BH_Feedback_Cconcentration.md,D,PROMOTED from H -> D (content: xi=13/3 R26+KK lock (R26\b)),Forward-pointer to PAPER_1171/1172 (xi=13/3 R26+KK lock) + PAPER_1173
403,,PAPER_403_Ubi_4Term_Solar_Wind_Buoyancy_EpsilonSw.md,D,PROMOTED from H -> D (content: xi=13/3 R26+KK lock (R26\b)),Forward-pointer to PAPER_1171/1172 (xi=13/3 R26+KK lock) + PAPER_1173
404,,PAPER_404_MusSCm_Augmented_Magnetic_Dipole.md,D,PROMOTED from H -> D (content: xi=13/3 R26+KK lock (R26\b)),Forward-pointer to PAPER_1171/1172 (xi=13/3 R26+KK lock) + PAPER_1173
405,,PAPER_405_SCmDensity_Planetary_Scaling_Law.md,D,PROMOTED from H -> D (content: xi=13/3 R26+KK lock (R26\b)),Forward-pointer to PAPER_1171/1172 (xi=13/3 R26+KK lock) + PAPER_1173
406,,PAPER_406_Ts00_Two_Component_Stress_Energy.md,D,PROMOTED from H -> D (content: xi=13/3 R26+KK lock (R26\b)),Forward-pointer to PAPER_1171/1172 (xi=13/3 R26+KK lock) + PAPER_1173
407,,PAPER_407_FU_4Body_Solar_System_Numerical_Verification.md,D,PROMOTED from H -> D (content: xi=13/3 R26+KK lock (R26\b)),Forward-pointer to PAPER_1171/1172 (xi=13/3 R26+KK lock) + PAPER_1173
408,,PAPER_408_ResonanceMUGE_14Term_Wormhole_Complete_Sum.md,D,PROMOTED from H -> D (content: xi=13/3 R26+KK lock (R26\b)),Forward-pointer to PAPER_1171/1172 (xi=13/3 R26+KK lock) + PAPER_1173
409,,PAPER_409_26_Quantum_Levels_Magnitude_Framework.md,D,PROMOTED from H -> D (content: xi=13/3 R26+KK lock (R26\b)),Forward-pointer to PAPER_1171/1172 (xi=13/3 R26+KK lock) + PAPER_1173
410,,PAPER_410_SCm_Hidden_Element_Undetectable_Qs_Quasar_Ignition.md,D,PROMOTED from H -> D (content: xi=13/3 R26+KK lock (R26\b)),Forward-pointer to PAPER_1171/1172 (xi=13/3 R26+KK lock) + PAPER_1173
411,,PAPER_411_Ug1_DPM_DiPseudoMonopole_Internal_Dipole_Solar_Calibration.md,D,PROMOTED from H -> D (content: xi=13/3 R26+KK lock (R26\b)),Forward-pointer to PAPER_1171/1172 (xi=13/3 R26+KK lock) + PAPER_1173
412,,PAPER_412_Heliosphere_SCm_Hydrogen_Complex_SolarWind_Stellar_Age_Indicator.md,D,PROMOTED from H -> D (content: xi=13/3 R26+KK lock (R26\b)),Forward-pointer to PAPER_1171/1172 (xi=13/3 R26+KK lock) + PAPER_1173
413,,PAPER_413_Ug3_CCW_CW_DifferentialRotation_SCm_PlanetaryCore_Disk.md,D,PROMOTED from H -> D (content: xi=13/3 R26+KK lock (R26\b)),Forward-pointer to PAPER_1171/1172 (xi=13/3 R26+KK lock) + PAPER_1173
414,,PAPER_414_QuasarJet_NavierStokes_UQFF_FluidSolver_SCm_BodyForce_Coupling.md,G,filename: NavierStokes,Verify v5.78 closed-Lagrangian/ledger cross-ref is present (Sess 225 baseline)
415,,PAPER_415_Ereact_SCm_Reactivity_Aether_Density_ReactorEfficiency_Factor.md,D,PROMOTED from H -> D (content: xi=13/3 R26+KK lock (R26\b)),Forward-pointer to PAPER_1171/1172 (xi=13/3 R26+KK lock) + PAPER_1173
416,,PAPER_416_Ts00_FiveComponent_StressEnergy_SCm_UA_SolarWind_Full_Decomposition.md,D,PROMOTED from H -> D (content: xi=13/3 R26+KK lock (R26\b)),Forward-pointer to PAPER_1171/1172 (xi=13/3 R26+KK lock) + PAPER_1173
417,,PAPER_417_PiCycles_NegativeTime_TemporalReversal_CosPiTn_UQFF_Framework.md,D,PROMOTED from H -> D (content: xi=13/3 R26+KK lock (R26\b)),Forward-pointer to PAPER_1171/1172 (xi=13/3 R26+KK lock) + PAPER_1173
418,,PAPER_418_FU_Sun_Complete_SCm_SolarCycle_FinalCalibration.md,D,PROMOTED from H -> D (content: xi=13/3 R26+KK lock (R26\b)),Forward-pointer to PAPER_1171/1172 (xi=13/3 R26+KK lock) + PAPER_1173
419,,PAPER_419_Hamiltonian_PlanetaryCore_HUg3_HSCm_HUA_YangMills_MassGap.md,G,filename: YangMills,Verify v5.78 closed-Lagrangian/ledger cross-ref is present (Sess 225 baseline)
420,,PAPER_420_FU_Complete_Lambda_i_4th_Dissipation_Sum_Code_Gap.md,A,filename: _Lambda_,Add closing section: v5.78 27-decade vacuum ledger (PAPER_1170) + xi=13/3
421,,PAPER_421_Um_Heaviside_QuasiPeriodic_SCm_PhaseTransition_Amplifier.md,D,PROMOTED from H -> D (content: xi=13/3 R26+KK lock (R26\b)),Forward-pointer to PAPER_1171/1172 (xi=13/3 R26+KK lock) + PAPER_1173
422,,PAPER_422_UQFF_29System_CrossValidation_Matrix.md,D,PROMOTED from H -> D (content: xi=13/3 R26+KK lock (R26\b)),Forward-pointer to PAPER_1171/1172 (xi=13/3 R26+KK lock) + PAPER_1173
423,,PAPER_423_Um_Complete_SSq_Vacuum_Thermal_Damping.md,D,PROMOTED from H -> D (content: xi=13/3 R26+KK lock (R26\b)),Forward-pointer to PAPER_1171/1172 (xi=13/3 R26+KK lock) + PAPER_1173
424,,PAPER_424_FUBii_Um_Universal_Companion_Catalog.md,F,filename: _Catalog,"Update tables; add P6-P14, CP4 #254-#264, ref PAPER_1167/1170/1174"
425,,PAPER_425_DPM_Four_Component_Correlation.md,D,PROMOTED from H -> D (content: xi=13/3 R26+KK lock (R26\b)),Forward-pointer to PAPER_1171/1172 (xi=13/3 R26+KK lock) + PAPER_1173
426,,PAPER_426_UA_SCm_JWST_ALMA_CERN_Validation_Table.md,D,PROMOTED from H -> D (content: xi=13/3 R26+KK lock (R26\b)),Forward-pointer to PAPER_1171/1172 (xi=13/3 R26+KK lock) + PAPER_1173
427,,PAPER_427_26D_Resonance_Layer_Amplitude_Frequency.md,D,PROMOTED from H -> D (content: xi=13/3 R26+KK lock (R26\b)),Forward-pointer to PAPER_1171/1172 (xi=13/3 R26+KK lock) + PAPER_1173
428,,PAPER_428_HRes_Periodic_Table_Universal_Nuclear.md,D,PROMOTED from H -> D (content: xi=13/3 R26+KK lock (R26\b)),Forward-pointer to PAPER_1171/1172 (xi=13/3 R26+KK lock) + PAPER_1173
429,,PAPER_429_Three_New_Number_Systems_Vacuum_Dipole_Buoyancy.md,D,PROMOTED from H -> D (content: xi=13/3 R26+KK lock (R26\b)),Forward-pointer to PAPER_1171/1172 (xi=13/3 R26+KK lock) + PAPER_1173
430,,PAPER_430_SGR0501_4516_Magnetar_PerSystem_MUGE.md,D,PROMOTED from H -> D (content: xi=13/3 R26+KK lock (R26\b)),Forward-pointer to PAPER_1171/1172 (xi=13/3 R26+KK lock) + PAPER_1173
431,,PAPER_431_SGR1745_2900_Complete_PerSystem_MUGE_BHProximity.md,D,PROMOTED from H -> D (content: xi=13/3 R26+KK lock (R26\b)),Forward-pointer to PAPER_1171/1172 (xi=13/3 R26+KK lock) + PAPER_1173
432,,PAPER_432_SgrA_SMBH_PerSystem_MUGE_Accretion_DM_Precession.md,D,PROMOTED from H -> D (content: xi=13/3 R26+KK lock (R26\b)),Forward-pointer to PAPER_1171/1172 (xi=13/3 R26+KK lock) + PAPER_1173
433,,PAPER_433_Tapestry_Starbirth_PerSystem_MUGE_WindFeedback.md,D,PROMOTED from H -> D (content: xi=13/3 R26+KK lock (R26\b)),Forward-pointer to PAPER_1171/1172 (xi=13/3 R26+KK lock) + PAPER_1173
434,,PAPER_434_Westerlund2_PerSystem_MUGE_TauSF2Myr.md,D,PROMOTED from H -> D (content: xi=13/3 R26+KK lock (R26\b)),Forward-pointer to PAPER_1171/1172 (xi=13/3 R26+KK lock) + PAPER_1173
435,,PAPER_435_PillarsOfCreation_PerSystem_MUGE_ErosionCoupling.md,D,PROMOTED from H -> D (content: xi=13/3 R26+KK lock (R26\b)),Forward-pointer to PAPER_1171/1172 (xi=13/3 R26+KK lock) + PAPER_1173
436,,PAPER_436_RingsOfRelativity_PerSystem_MUGE_LensingAmplification.md,D,PROMOTED from H -> D (content: xi=13/3 R26+KK lock (R26\b)),Forward-pointer to PAPER_1171/1172 (xi=13/3 R26+KK lock) + PAPER_1173
437,,PAPER_437_UQFFLearningAssessment_EvB_AdvancementMetric.md,D,PROMOTED from H -> D (content: xi=13/3 R26+KK lock (R26\b)),Forward-pointer to PAPER_1171/1172 (xi=13/3 R26+KK lock) + PAPER_1173
438,,PAPER_438_NGC2525_PerSystem_MUGE_SNMassLoss_BHProximity.md,D,PROMOTED from H -> D (content: xi=13/3 R26+KK lock (R26\b)),Forward-pointer to PAPER_1171/1172 (xi=13/3 R26+KK lock) + PAPER_1173
439,,PAPER_439_NGC3603_PerSystem_MUGE_CavityPressure_DualWind.md,D,PROMOTED from H -> D (content: xi=13/3 R26+KK lock (R26\b)),Forward-pointer to PAPER_1171/1172 (xi=13/3 R26+KK lock) + PAPER_1173
440,,PAPER_440_BubbleNebula_NGC7635_PerSystem_MUGE_GrowingExpansion.md,D,PROMOTED from H -> D (content: xi=13/3 R26+KK lock (R26\b)),Forward-pointer to PAPER_1171/1172 (xi=13/3 R26+KK lock) + PAPER_1173
441,,PAPER_441_AntennaeGalaxies_PerSystem_MUGE_MergerInteractionBoost.md,D,PROMOTED from H -> D (content: xi=13/3 R26+KK lock (R26\b)),Forward-pointer to PAPER_1171/1172 (xi=13/3 R26+KK lock) + PAPER_1173
442,,PAPER_442_HorseheadNebula_PerSystem_MUGE_GrowingErosion5Myr.md,D,PROMOTED from H -> D (content: xi=13/3 R26+KK lock (R26\b)),Forward-pointer to PAPER_1171/1172 (xi=13/3 R26+KK lock) + PAPER_1173
443,,PAPER_443_NGC1275_PerseusA_PerSystem_MUGE_BDecay_FilamentCoupling_CoolingFlow.md,D,PROMOTED from H -> D (content: xi=13/3 R26+KK lock (R26\b)),Forward-pointer to PAPER_1171/1172 (xi=13/3 R26+KK lock) + PAPER_1173
444,,PAPER_444_HUDF_GalaxiesGalore_PerSystem_MUGE_CosmicScale_HighRedshift.md,D,PROMOTED from H -> D (content: xi=13/3 R26+KK lock (R26\b)),Forward-pointer to PAPER_1171/1172 (xi=13/3 R26+KK lock) + PAPER_1173
445,,PAPER_445_NGC1792_StellarForge_PerSystem_MUGE_StarburstWindDominance.md,D,PROMOTED from H -> D (content: xi=13/3 R26+KK lock (R26\b)),Forward-pointer to PAPER_1171/1172 (xi=13/3 R26+KK lock) + PAPER_1173
446,,PAPER_446_UQFFSource10_5ForceFramework_TriadicGravity_FirstPrimaryTextModule.md,D,PROMOTED from H -> D (content: xi=13/3 R26+KK lock (R26\b)),Forward-pointer to PAPER_1171/1172 (xi=13/3 R26+KK lock) + PAPER_1173
447,,PAPER_447_OrionNebula_UQFF_MUGE_HAlpha_SFR_Evolution.md,D,PROMOTED from H -> D (content: xi=13/3 R26+KK lock (R26\b)),Forward-pointer to PAPER_1171/1172 (xi=13/3 R26+KK lock) + PAPER_1173
448,,PAPER_448_MultiSystem_UQFF_Core_Compression_Framework_Fenv_Architecture.md,D,PROMOTED from H -> D (content: xi=13/3 R26+KK lock (R26\b)),Forward-pointer to PAPER_1171/1172 (xi=13/3 R26+KK lock) + PAPER_1173
449,,PAPER_449_YoungStars_Outflows_Pressure_Vout100kms_MUGE_UQFF.md,D,PROMOTED from H -> D (content: xi=13/3 R26+KK lock (R26\b)),Forward-pointer to PAPER_1171/1172 (xi=13/3 R26+KK lock) + PAPER_1173
450,,PAPER_450_Eagle_Nebula_Wind_Radiation_Pressure_NGC6611_UQFF.md,D,PROMOTED from H -> D (content: xi=13/3 R26+KK lock (R26\b)),Forward-pointer to PAPER_1171/1172 (xi=13/3 R26+KK lock) + PAPER_1173
451,,PAPER_451_BigBang_Gravity_Evolution_MUGE_QG_DM_GW_Composite_Fcosmo.md,A,filename: BigBang,Add closing section: v5.78 27-decade vacuum ledger (PAPER_1170) + xi=13/3
452,,PAPER_452_Compressed_UQFF_Env_Modular_7System_Cycle2_Registry.md,F,filename: _Registry,"Update tables; add P6-P14, CP4 #254-#264, ref PAPER_1167/1170/1174"
453,,PAPER_453_Magnetar_DualMode_UQFF_Compressed_Frequency_SGR1745_AetherResonance.md,D,PROMOTED from H -> D (content: xi=13/3 R26+KK lock (R26\b)),Forward-pointer to PAPER_1171/1172 (xi=13/3 R26+KK lock) + PAPER_1173
454,,PAPER_454_MultiSystem_Compression_Cycle2_19System_Registry_Universal.md,F,filename: _Registry,"Update tables; add P6-P14, CP4 #254-#264, ref PAPER_1167/1170/1174"
455,,PAPER_455_UQFF_29System_Expanded_Registry_Saturn_Hydrogen_HRes_Session115Hub.md,F,filename: _Registry,"Update tables; add P6-P14, CP4 #254-#264, ref PAPER_1167/1170/1174"
456,,PAPER_456_MUGE_29System_Compressed_Unified_Gravity_Duniverse_4Factor_13Fenv.md,D,PROMOTED from H -> D (content: xi=13/3 R26+KK lock (R26\b)),Forward-pointer to PAPER_1171/1172 (xi=13/3 R26+KK lock) + PAPER_1173
457,,PAPER_457_MUGE_38System_Extended_Env_Ftorque_Fshock_Fcosmo_AutoCascade.md,D,PROMOTED from H -> D (content: xi=13/3 R26+KK lock (R26\b)),Forward-pointer to PAPER_1171/1172 (xi=13/3 R26+KK lock) + PAPER_1173
458,,PAPER_458_MUGE_Final_7System_Resonance_10Term_Acceleration_Suite_getSolutions.md,D,PROMOTED from H -> D (content: xi=13/3 R26+KK lock (R26\b)),Forward-pointer to PAPER_1171/1172 (xi=13/3 R26+KK lock) + PAPER_1173
459,,PAPER_459_UFE_Orb_Plasmoid_Dynamics_RedDwarf_tMinus_Transform_26QuantumLevels.md,D,PROMOTED from H -> D (content: xi=13/3 R26+KK lock (R26\b)),Forward-pointer to PAPER_1171/1172 (xi=13/3 R26+KK lock) + PAPER_1173
460,,PAPER_460_Nebular_UQFF_Drawing32_LENR_NonLocal_Higgs_DNA_Energy.md,D,PROMOTED from I -> D (content: xi=13/3 R26+KK lock (R26\b)),Forward-pointer to PAPER_1171/1172 (xi=13/3 R26+KK lock) + PAPER_1173
461,,PAPER_461_RedDwarf_LENR_Basel_Pi_Series_S2_Wmag_Cyclotron_Buoyancy.md,D,PROMOTED from I -> D (content: xi=13/3 R26+KK lock (R26\b)),Forward-pointer to PAPER_1171/1172 (xi=13/3 R26+KK lock) + PAPER_1173
462,,PAPER_462_Inertia_UQFF_Wave_Energy_Inertial_Operator_ThreeLeg_Proofset.md,A,PROMOTED from H -> A (content: 27-decade vacuum ledger / Lambda closure (rho_?\s*Lambda)),Add closing section: v5.78 27-decade vacuum ledger (PAPER_1170) + xi=13/3
463,,PAPER_463_Hydrogen_Compressed_Space_Espace_7Factor_HiggsFreq_MayanPrecession.md,D,PROMOTED from H -> D (content: xi=13/3 R26+KK lock (R26\b)),Forward-pointer to PAPER_1171/1172 (xi=13/3 R26+KK lock) + PAPER_1173
464,,PAPER_464_M51_WhirlpoolGalaxy_MUGE_UQFF_Tidal_NGC5195_DensityWaves.md,D,PROMOTED from H -> D (content: xi=13/3 R26+KK lock (R26\b)),Forward-pointer to PAPER_1171/1172 (xi=13/3 R26+KK lock) + PAPER_1173
465,,PAPER_465_NGC1316_CosmicDustBunnies_MUGE_UQFF_Merger_AGNJets_ClusterDisruption.md,D,PROMOTED from H -> D (content: xi=13/3 R26+KK lock (R26\b)),Forward-pointer to PAPER_1171/1172 (xi=13/3 R26+KK lock) + PAPER_1173
466,,PAPER_466_V838Mon_LightEcho_UQFF_Ug1_DustModulation_TRZ_VacuumCorrection.md,D,PROMOTED from H -> D (content: xi=13/3 R26+KK lock (R26\b)),Forward-pointer to PAPER_1171/1172 (xi=13/3 R26+KK lock) + PAPER_1173
467,,PAPER_467_NGC1300_BarredSpiral_MUGE_UQFF_BarGasFunneling_DensityWaves_SFR.md,D,PROMOTED from H -> D (content: xi=13/3 R26+KK lock (R26\b)),Forward-pointer to PAPER_1171/1172 (xi=13/3 R26+KK lock) + PAPER_1173
468,,PAPER_468_SMBHBinary_MUGE_UQFF_FrequencyDerived_DPM_THz_Coalescence.md,D,PROMOTED from H -> D (content: xi=13/3 R26+KK lock (R26\b)),Forward-pointer to PAPER_1171/1172 (xi=13/3 R26+KK lock) + PAPER_1173
469,,PAPER_469_NGC346_Nebula_MUGE_UQFF_Ug3Collapse_ClusterEntanglement_BlueshiftedQuantum.md,D,PROMOTED from H -> D (content: xi=13/3 R26+KK lock (R26\b)),Forward-pointer to PAPER_1171/1172 (xi=13/3 R26+KK lock) + PAPER_1173
470,,PAPER_470_SMBH_Msigma_UQFF_Resonance_FeedbackCalibration_f0063_26StateModel.md,D,PROMOTED from H -> D (content: xi=13/3 R26+KK lock (R26\b)),Forward-pointer to PAPER_1171/1172 (xi=13/3 R26+KK lock) + PAPER_1173
471,,PAPER_471_LENR_Keta_NeutronProduction_Calibration_NonLocal_SSq_26D_UmMediated.md,D,PROMOTED from I -> D (content: xi=13/3 R26+KK lock (R26\b)),Forward-pointer to PAPER_1171/1172 (xi=13/3 R26+KK lock) + PAPER_1173
472,,PAPER_472_Abell2256_UQFF_FUBii_Enhanced.md,D,PROMOTED from H -> D (content: xi=13/3 R26+KK lock (R26\b)),Forward-pointer to PAPER_1171/1172 (xi=13/3 R26+KK lock) + PAPER_1173
473,,PAPER_473_MUGEModule_7System_Compressed_Resonance.md,D,PROMOTED from H -> D (content: xi=13/3 R26+KK lock (R26\b)),Forward-pointer to PAPER_1171/1172 (xi=13/3 R26+KK lock) + PAPER_1173
474,,PAPER_474_MUGEResonanceModule_12System_Superconductive.md,D,PROMOTED from H -> D (content: xi=13/3 R26+KK lock (R26\b)),Forward-pointer to PAPER_1171/1172 (xi=13/3 R26+KK lock) + PAPER_1173
475,,PAPER_475_UQFF_SubTerm_Modules_Catalogue.md,F,filename: _Catalog,"Update tables; add P6-P14, CP4 #254-#264, ref PAPER_1167/1170/1174"
476,,PAPER_476_DPM_PreBigBang_26Sphere_Birth_Model.md,A,filename: BigBang,Add closing section: v5.78 27-decade vacuum ledger (PAPER_1170) + xi=13/3
477,,PAPER_477_Buoyancy_Coupling_Constants_Beta_i.md,D,PROMOTED from H -> D (content: xi=13/3 R26+KK lock (R26\b)),Forward-pointer to PAPER_1171/1172 (xi=13/3 R26+KK lock) + PAPER_1173
478,,PAPER_478_Aether_Coupling_Background_Field.md,D,PROMOTED from H -> D (content: xi=13/3 R26+KK lock (R26\b)),Forward-pointer to PAPER_1171/1172 (xi=13/3 R26+KK lock) + PAPER_1173
479,,PAPER_479_UQFFBuoyancyAstroModule_ComplexArithmetic_5System.md,D,PROMOTED from H -> D (content: xi=13/3 R26+KK lock (R26\b)),Forward-pointer to PAPER_1171/1172 (xi=13/3 R26+KK lock) + PAPER_1173
480,,PAPER_480_UQFFBuoyancyCNBModule_CosmicNeutrinoBackground_6System.md,D,PROMOTED from H -> D (content: xi=13/3 R26+KK lock (R26\b)),Forward-pointer to PAPER_1171/1172 (xi=13/3 R26+KK lock) + PAPER_1173
481,,PAPER_481_18System_UQFF_Module_Suite_Oct2025_Batch_FUBii_Implementations.md,D,PROMOTED from H -> D (content: xi=13/3 R26+KK lock (R26\b)),Forward-pointer to PAPER_1171/1172 (xi=13/3 R26+KK lock) + PAPER_1173
482,,PAPER_482_HydrogenResonanceUQFFModule_PTOE_Nuclear_Resonance_UnifiedField.md,D,PROMOTED from H -> D (content: xi=13/3 R26+KK lock (R26\b)),Forward-pointer to PAPER_1171/1172 (xi=13/3 R26+KK lock) + PAPER_1173
483,,PAPER_483_MultiSystem_UQFF_Compiler_Modules_4_5_7_8_AstroSystems.md,D,PROMOTED from H -> D (content: xi=13/3 R26+KK lock (R26\b)),Forward-pointer to PAPER_1171/1172 (xi=13/3 R26+KK lock) + PAPER_1173
484,,PAPER_484_UQFF_Five_System_Calculations_Ug1_Ug3_Eta.md,D,PROMOTED from H -> D (content: xi=13/3 R26+KK lock (R26\b)),Forward-pointer to PAPER_1171/1172 (xi=13/3 R26+KK lock) + PAPER_1173
485,,PAPER_485_UQFF_Buoyancy_SNR_Five_System_Master_Equation.md,D,PROMOTED from H -> D (content: xi=13/3 R26+KK lock (R26\b)),Forward-pointer to PAPER_1171/1172 (xi=13/3 R26+KK lock) + PAPER_1173
486,,PAPER_486_UQFF_Cassini_Complex_Ring_Buoyancy.md,D,PROMOTED from H -> D (content: xi=13/3 R26+KK lock (R26\b)),Forward-pointer to PAPER_1171/1172 (xi=13/3 R26+KK lock) + PAPER_1173
487,,PAPER_487_UQFF_MultiAstro_Eleven_System_Simultaneous_Triad.md,D,PROMOTED from H -> D (content: xi=13/3 R26+KK lock (R26\b)),Forward-pointer to PAPER_1171/1172 (xi=13/3 R26+KK lock) + PAPER_1173
488,,PAPER_488_UQFF_Eight_Astro_StarForming_Seven_Step_Proofs.md,D,PROMOTED from H -> D (content: xi=13/3 R26+KK lock (R26\b)),Forward-pointer to PAPER_1171/1172 (xi=13/3 R26+KK lock) + PAPER_1173
489,,PAPER_489_UQFF_Nineteen_System_26D_Polynomial_Framework.md,D,PROMOTED from H -> D (content: xi=13/3 R26+KK lock (R26\b)),Forward-pointer to PAPER_1171/1172 (xi=13/3 R26+KK lock) + PAPER_1173
490,,PAPER_490_Wolfram_Field_Unity_Hypergraph_PI_Decoder_Sacred_Time.md,B,filename: Wolfram_Field_Unity,Add closed-Lagrangian cross-ref (PAPER_1159-1167 G1-G8) + CP4 #254
491,,PAPER_491_MUGE_Compressed_Nine_Term_Gravity_Framework.md,D,PROMOTED from H -> D (content: xi=13/3 R26+KK lock (R26\b)),Forward-pointer to PAPER_1171/1172 (xi=13/3 R26+KK lock) + PAPER_1173
492,,PAPER_492_MUGE_Resonance_Thirteen_Mode_Frequency_Spectrum.md,D,PROMOTED from H -> D (content: xi=13/3 R26+KK lock (R26\b)),Forward-pointer to PAPER_1171/1172 (xi=13/3 R26+KK lock) + PAPER_1173
493,,PAPER_493_Universal_Field_Decomposition_Ug1234_Ub_Um_UA.md,D,PROMOTED from H -> D (content: xi=13/3 R26+KK lock (R26\b)),Forward-pointer to PAPER_1171/1172 (xi=13/3 R26+KK lock) + PAPER_1173
494,,PAPER_494_BSM_Particle_Observables_Tau_CKM_LFV_VLQ.md,D,PROMOTED from H -> D (content: xi=13/3 R26+KK lock (R26\b)),Forward-pointer to PAPER_1171/1172 (xi=13/3 R26+KK lock) + PAPER_1173
495,,PAPER_495_Cosmic_Quantum_Egg_Theory.md,D,PROMOTED from H -> D (content: xi=13/3 R26+KK lock (R26\b)),Forward-pointer to PAPER_1171/1172 (xi=13/3 R26+KK lock) + PAPER_1173
496,,PAPER_496_DPM_DiPseudoMonopole_Full_Formulation.md,D,PROMOTED from H -> D (content: xi=13/3 R26+KK lock (R26\b)),Forward-pointer to PAPER_1171/1172 (xi=13/3 R26+KK lock) + PAPER_1173
497,,PAPER_497_26D_Downward_Projection_Framework.md,D,PROMOTED from H -> D (content: xi=13/3 R26+KK lock (R26\b)),Forward-pointer to PAPER_1171/1172 (xi=13/3 R26+KK lock) + PAPER_1173
498,,PAPER_498_3D_IPO_SCm_UA_Grinding_Sequence.md,D,PROMOTED from H -> D (content: xi=13/3 R26+KK lock (R26\b)),Forward-pointer to PAPER_1171/1172 (xi=13/3 R26+KK lock) + PAPER_1173
499,,PAPER_499_Higgs_Inertial_Gradient_Shift_Marker.md,D,PROMOTED from H -> D (content: xi=13/3 R26+KK lock (R26\b)),Forward-pointer to PAPER_1171/1172 (xi=13/3 R26+KK lock) + PAPER_1173
500,,PAPER_500_Proto_Hydrogen_26Shell_First_Atom.md,D,PROMOTED from H -> D (content: xi=13/3 R26+KK lock (R26\b)),Forward-pointer to PAPER_1171/1172 (xi=13/3 R26+KK lock) + PAPER_1173
501,,PAPER_501_BBDT_Feynman_Globular_Clusters_1st_Epoch_BH.md,D,PROMOTED from H -> D (content: xi=13/3 R26+KK lock (R26\b)),Forward-pointer to PAPER_1171/1172 (xi=13/3 R26+KK lock) + PAPER_1173
502,,PAPER_502_WSTP_Embedded_Kernel_Bridge.md,D,PROMOTED from H -> D (content: xi=13/3 R26+KK lock (R26\b)),Forward-pointer to PAPER_1171/1172 (xi=13/3 R26+KK lock) + PAPER_1173
503,,PAPER_503_UQFF_Lagrangian_Wolfram_Export.md,D,PROMOTED from H -> D (content: xi=13/3 R26+KK lock (R26\b)),Forward-pointer to PAPER_1171/1172 (xi=13/3 R26+KK lock) + PAPER_1173
504,,PAPER_504_WOLFRAM_TERM_AutoCollection_Framework.md,D,PROMOTED from H -> D (content: xi=13/3 R26+KK lock (R26\b)),Forward-pointer to PAPER_1171/1172 (xi=13/3 R26+KK lock) + PAPER_1173
505,,PAPER_505_MSVC_Release_MaxCompress_Build_Profile.md,D,PROMOTED from H -> D (content: xi=13/3 R26+KK lock (R26\b)),Forward-pointer to PAPER_1171/1172 (xi=13/3 R26+KK lock) + PAPER_1173
506,,PAPER_506_PI_Infinity_Decoder_Quantum_Mapping.md,D,PROMOTED from H -> D (content: xi=13/3 R26+KK lock (R26\b)),Forward-pointer to PAPER_1171/1172 (xi=13/3 R26+KK lock) + PAPER_1173
507,,PAPER_507_Wolfram_Field_Unity_Engine_Hypergraph.md,B,filename: Wolfram_Field_Unity,Add closed-Lagrangian cross-ref (PAPER_1159-1167 G1-G8) + CP4 #254
508,,PAPER_508_Sacred_Time_Constants_Phase_Modulation.md,D,PROMOTED from H -> D (content: xi=13/3 R26+KK lock (R26\b)),Forward-pointer to PAPER_1171/1172 (xi=13/3 R26+KK lock) + PAPER_1173
509,,PAPER_509_PI_Co_Resonance_Field_Equations.md,D,PROMOTED from H -> D (content: xi=13/3 R26+KK lock (R26\b)),Forward-pointer to PAPER_1171/1172 (xi=13/3 R26+KK lock) + PAPER_1173
510,,PAPER_510_GW150914_LIGO_BinaryBH_UQFF_Validation.md,D,PROMOTED from H -> D (content: xi=13/3 R26+KK lock (R26\b)),Forward-pointer to PAPER_1171/1172 (xi=13/3 R26+KK lock) + PAPER_1173
511,,PAPER_511_PSR_J0437_SacredQuantumOrbit.md,D,PROMOTED from H -> D (content: xi=13/3 R26+KK lock (R26\b)),Forward-pointer to PAPER_1171/1172 (xi=13/3 R26+KK lock) + PAPER_1173
512,,PAPER_512_Eta_Carinae_BuoyantGravity_PCR.md,D,PROMOTED from H -> D (content: xi=13/3 R26+KK lock (R26\b)),Forward-pointer to PAPER_1171/1172 (xi=13/3 R26+KK lock) + PAPER_1173
513,,PAPER_513_NGC1277_Hypergraph_SpacetimeDimension.md,D,PROMOTED from H -> D (content: xi=13/3 R26+KK lock (R26\b)),Forward-pointer to PAPER_1171/1172 (xi=13/3 R26+KK lock) + PAPER_1173
514,,PAPER_514_TON618_SacredTimePhase_Integral.md,D,PROMOTED from H -> D (content: xi=13/3 R26+KK lock (R26\b)),Forward-pointer to PAPER_1171/1172 (xi=13/3 R26+KK lock) + PAPER_1173
515,,PAPER_515_TXS0506_IceCube_PICoSum_SpectralIndex.md,D,PROMOTED from H -> D (content: xi=13/3 R26+KK lock (R26\b)),Forward-pointer to PAPER_1171/1172 (xi=13/3 R26+KK lock) + PAPER_1173
516,,PAPER_516_DPM_Layered_Shell_Energy_Radiance_Phase_Cascade.md,D,PROMOTED from H -> D (content: xi=13/3 R26+KK lock (R26\b)),Forward-pointer to PAPER_1171/1172 (xi=13/3 R26+KK lock) + PAPER_1173
517,,PAPER_517_Negative_Time_Dilation_Proof_Spooky_Distance_Dual_Existence.md,D,PROMOTED from H -> D (content: xi=13/3 R26+KK lock (R26\b)),Forward-pointer to PAPER_1171/1172 (xi=13/3 R26+KK lock) + PAPER_1173
518,,PAPER_518_DPM_Unified_Inertia_Centripetal_Centrifugal_Forces.md,D,PROMOTED from H -> D (content: xi=13/3 R26+KK lock (R26\b)),Forward-pointer to PAPER_1171/1172 (xi=13/3 R26+KK lock) + PAPER_1173
519,,PAPER_519_Shell_Radiance_Prototype_Full_26D_Layer_Formulation.md,D,PROMOTED from H -> D (content: xi=13/3 R26+KK lock (R26\b)),Forward-pointer to PAPER_1171/1172 (xi=13/3 R26+KK lock) + PAPER_1173
520,,PAPER_520_Session140_Hub_DPM_Shell_Radiance_Negative_Time_Forces.md,D,PROMOTED from H -> D (content: xi=13/3 R26+KK lock (R26\b)),Forward-pointer to PAPER_1171/1172 (xi=13/3 R26+KK lock) + PAPER_1173
521,,PAPER_521_Universal_Spectrum_Spectral_Divisions_ReRinging_BigBang_Vacuum_Gradient.md,A,filename: BigBang,Add closing section: v5.78 27-decade vacuum ledger (PAPER_1170) + xi=13/3
522,,PAPER_522_DPM_Frequency_Drive_Ug1_Spectra_UQFF_Spectral_Tensor.md,D,PROMOTED from H -> D (content: xi=13/3 R26+KK lock (R26\b)),Forward-pointer to PAPER_1171/1172 (xi=13/3 R26+KK lock) + PAPER_1173
523,,PAPER_523_Quantum_Egg_Frequency_Numerical_Simulation_Orion_Nebula_Validation.md,D,PROMOTED from H -> D (content: xi=13/3 R26+KK lock (R26\b)),Forward-pointer to PAPER_1171/1172 (xi=13/3 R26+KK lock) + PAPER_1173
524,,PAPER_524_Plasma_Orb_Emergence_Threshold_Orion_Proplyd_Calibration.md,D,PROMOTED from H -> D (content: xi=13/3 R26+KK lock (R26\b)),Forward-pointer to PAPER_1171/1172 (xi=13/3 R26+KK lock) + PAPER_1173
525,,PAPER_525_Session141_Hub_Universal_Spectrum_DPM_Quantum_Egg_Plasma_Orb_Proplyds.md,D,PROMOTED from H -> D (content: xi=13/3 R26+KK lock (R26\b)),Forward-pointer to PAPER_1171/1172 (xi=13/3 R26+KK lock) + PAPER_1173
526,,PAPER_526_3D_IPO_Non_Linear_Three_Helix_Progression_Overlay.md,D,PROMOTED from H -> D (content: xi=13/3 R26+KK lock (R26\b)),Forward-pointer to PAPER_1171/1172 (xi=13/3 R26+KK lock) + PAPER_1173
527,,PAPER_527_Pymander_Sphere_Six_Pyramid_Prob_order_Geometry.md,D,PROMOTED from H -> D (content: xi=13/3 R26+KK lock (R26\b)),Forward-pointer to PAPER_1171/1172 (xi=13/3 R26+KK lock) + PAPER_1173
528,,PAPER_528_UQFF_comp_Spectral_Compression_Eigenvalue_Stability.md,D,PROMOTED from H -> D (content: xi=13/3 R26+KK lock (R26\b)),Forward-pointer to PAPER_1171/1172 (xi=13/3 R26+KK lock) + PAPER_1173
529,,PAPER_529_Navier_Stokes_UQFF_Quasar_Jet_Regularity.md,G,filename: Navier_Stokes,Verify v5.78 closed-Lagrangian/ledger cross-ref is present (Sess 225 baseline)
530,,PAPER_530_Session142_Hub_Millennium_YangMills_Riemann_PvsNP_UQFF.md,G,filename: YangMills,Verify v5.78 closed-Lagrangian/ledger cross-ref is present (Sess 225 baseline)
531,,PAPER_531_BB_Hypergraph_Origin_VDS_SCm_Expansion.md,D,PROMOTED from H -> D (content: xi=13/3 R26+KK lock (R26\b)),Forward-pointer to PAPER_1171/1172 (xi=13/3 R26+KK lock) + PAPER_1173
532,,PAPER_532_Quantum_Plasma_Orb_USorb_BH_Harmonic_Spectrum.md,D,PROMOTED from H -> D (content: xi=13/3 R26+KK lock (R26\b)),Forward-pointer to PAPER_1171/1172 (xi=13/3 R26+KK lock) + PAPER_1173
533,,PAPER_533_Solar_System_Proplyd_DVP_Orbital_Quantization.md,D,PROMOTED from H -> D (content: xi=13/3 R26+KK lock (R26\b)),Forward-pointer to PAPER_1171/1172 (xi=13/3 R26+KK lock) + PAPER_1173
534,,PAPER_534_Centripetal_Centrifugal_UQFF_Encompassment_Proof.md,D,PROMOTED from H -> D (content: xi=13/3 R26+KK lock (R26\b)),Forward-pointer to PAPER_1171/1172 (xi=13/3 R26+KK lock) + PAPER_1173
535,,PAPER_535_VDS_DVP_BH_Number_Systems_Unified_Catalogue_Hub.md,F,filename: _Catalog,"Update tables; add P6-P14, CP4 #254-#264, ref PAPER_1167/1170/1174"
536,,PAPER_536_DPM_Split_Monopole_MHD_Proplyd_Topology.md,D,PROMOTED from H -> D (content: xi=13/3 R26+KK lock (R26\b)),Forward-pointer to PAPER_1171/1172 (xi=13/3 R26+KK lock) + PAPER_1173
537,,PAPER_537_Solar_Body_Proplyd_Legacy_10_Body_Table.md,D,PROMOTED from H -> D (content: xi=13/3 R26+KK lock (R26\b)),Forward-pointer to PAPER_1171/1172 (xi=13/3 R26+KK lock) + PAPER_1173
538,,PAPER_538_UQFF_Orion_Triple_Telescope_Encompassment_Fit.md,D,PROMOTED from H -> D (content: xi=13/3 R26+KK lock (R26\b)),Forward-pointer to PAPER_1171/1172 (xi=13/3 R26+KK lock) + PAPER_1173
539,,PAPER_539_Extended_10_Body_Centripetal_Table_NS_Residual.md,D,PROMOTED from H -> D (content: xi=13/3 R26+KK lock (R26\b)),Forward-pointer to PAPER_1171/1172 (xi=13/3 R26+KK lock) + PAPER_1173
540,,PAPER_540_YangMills_DPM_Quantization_Millennium_Hub.md,G,filename: YangMills,Verify v5.78 closed-Lagrangian/ledger cross-ref is present (Sess 225 baseline)
541,,PAPER_541_DPM_Proplyd_Bidirectional_Encompassment_Framework.md,D,PROMOTED from H -> D (content: xi=13/3 R26+KK lock (R26\b)),Forward-pointer to PAPER_1171/1172 (xi=13/3 R26+KK lock) + PAPER_1173
542,,PAPER_542_UQFF_OffDiag_Proplyd_Orion_Four_Telescope_Fit.md,D,PROMOTED from H -> D (content: xi=13/3 R26+KK lock (R26\b)),Forward-pointer to PAPER_1171/1172 (xi=13/3 R26+KK lock) + PAPER_1173
543,,PAPER_543_Navier_Stokes_Discrete_Hypergraph_Regularity_Proof.md,G,filename: Navier_Stokes,Verify v5.78 closed-Lagrangian/ledger cross-ref is present (Sess 225 baseline)
544,,PAPER_544_YangMills_DPM_Gauge_Field_Mass_Gap_Proof.md,G,filename: YangMills,Verify v5.78 closed-Lagrangian/ledger cross-ref is present (Sess 225 baseline)
545,,PAPER_545_Simultaneous_Multi_Method_Equivalence_Merger_Hub.md,D,PROMOTED from H -> D (content: xi=13/3 R26+KK lock (R26\b)),Forward-pointer to PAPER_1171/1172 (xi=13/3 R26+KK lock) + PAPER_1173
546,,PAPER_546_UgUb_Boundary_Overlap_Simultaneous_Displacement.md,D,PROMOTED from H -> D (content: xi=13/3 R26+KK lock (R26\b)),Forward-pointer to PAPER_1171/1172 (xi=13/3 R26+KK lock) + PAPER_1173
547,,PAPER_547_Ug4_BH_Tidal_Timereversal_Stability.md,D,PROMOTED from H -> D (content: xi=13/3 R26+KK lock (R26\b)),Forward-pointer to PAPER_1171/1172 (xi=13/3 R26+KK lock) + PAPER_1173
548,,PAPER_548_FUBi_Universal_Buoyancy_Collapse_Prevention_Eigenproof.md,D,PROMOTED from H -> D (content: xi=13/3 R26+KK lock (R26\b)),Forward-pointer to PAPER_1171/1172 (xi=13/3 R26+KK lock) + PAPER_1173
549,,PAPER_549_Galaxy_Merger_UQFF_vs_Newton_Einstein_ThreeMethod_Hub.md,D,PROMOTED from H -> D (content: xi=13/3 R26+KK lock (R26\b)),Forward-pointer to PAPER_1171/1172 (xi=13/3 R26+KK lock) + PAPER_1173
550,,PAPER_550_Um26D_Polynomial_DPM_Quantization_Confinement.md,D,PROMOTED from H -> D (content: xi=13/3 R26+KK lock (R26\b)),Forward-pointer to PAPER_1171/1172 (xi=13/3 R26+KK lock) + PAPER_1173
551,,PAPER_551_Ug26D_Factorial_AntiCollapse_Ug4_Split.md,D,PROMOTED from H -> D (content: xi=13/3 R26+KK lock (R26\b)),Forward-pointer to PAPER_1171/1172 (xi=13/3 R26+KK lock) + PAPER_1173
552,,PAPER_552_UQFFComp26D_Tensor_OffDiag13_NS_YM_Hub.md,D,PROMOTED from H -> D (content: xi=13/3 R26+KK lock (R26\b)),Forward-pointer to PAPER_1171/1172 (xi=13/3 R26+KK lock) + PAPER_1173
553,,PAPER_553_FUBi26th_Gaussian_Polynomial_Bounded_Proof.md,D,PROMOTED from H -> D (content: xi=13/3 R26+KK lock (R26\b)),Forward-pointer to PAPER_1171/1172 (xi=13/3 R26+KK lock) + PAPER_1173
554,,PAPER_554_BSFG_Riemann_Curvature_Aether_Metric.md,D,PROMOTED from H -> D (content: xi=13/3 R26+KK lock (R26\b)),Forward-pointer to PAPER_1171/1172 (xi=13/3 R26+KK lock) + PAPER_1173
555,,PAPER_555_BSFG_Geodesic_Metric_Compatibility.md,E,filename: DESI,Forward-pointer to PAPER_1174 P1-P14 suite + PAPER_1177-1180
556,,PAPER_556_BSFG_26D_Line_Element_Factorial_Compactification.md,D,filename: Compactification,Forward-pointer to PAPER_1171/1172 (xi=13/3 R26+KK lock) + PAPER_1173
557,,PAPER_557_BSFG_Symmetry_Group_Isometry_Analysis.md,D,PROMOTED from H -> D (content: xi=13/3 R26+KK lock (R26\b)),Forward-pointer to PAPER_1171/1172 (xi=13/3 R26+KK lock) + PAPER_1173
558,,PAPER_558_BSFG_Unification_Atlas_Theorem_Hub.md,B,filename: BSFG_Unification,Add closed-Lagrangian cross-ref (PAPER_1159-1167 G1-G8) + CP4 #254
559,,PAPER_559_BSFG_Einstein_Tensor_Field_Equations.md,D,PROMOTED from H -> D (content: xi=13/3 R26+KK lock (R26\b)),Forward-pointer to PAPER_1171/1172 (xi=13/3 R26+KK lock) + PAPER_1173
560,,PAPER_560_BSFG_Holonomy_Group_Parallel_Transport.md,D,PROMOTED from H -> D (content: xi=13/3 R26+KK lock (R26\b)),Forward-pointer to PAPER_1171/1172 (xi=13/3 R26+KK lock) + PAPER_1173
561,,PAPER_561_BSFG_BlackHole_Horizon_Solution.md,D,PROMOTED from H -> D (content: xi=13/3 R26+KK lock (R26\b)),Forward-pointer to PAPER_1171/1172 (xi=13/3 R26+KK lock) + PAPER_1173
562,,PAPER_562_BSFG_BohrSommerfeld_Aether_Quantization.md,D,PROMOTED from H -> D (content: xi=13/3 R26+KK lock (R26\b)),Forward-pointer to PAPER_1171/1172 (xi=13/3 R26+KK lock) + PAPER_1173
563,,PAPER_563_Millennium_Prize_UQFF_Coordinator_All_Six_Problems.md,G,filename: Millennium,Verify v5.78 closed-Lagrangian/ledger cross-ref is present (Sess 225 baseline)
564,,PAPER_564_AldersOlbers_DPM_26Shell_Radiance_Cascade.md,D,PROMOTED from H -> D (content: xi=13/3 R26+KK lock (R26\b)),Forward-pointer to PAPER_1171/1172 (xi=13/3 R26+KK lock) + PAPER_1173
565,,PAPER_565_AldersOlbers_VDS_DVP_BH_NumberSystem_Resolution.md,D,PROMOTED from H -> D (content: xi=13/3 R26+KK lock (R26\b)),Forward-pointer to PAPER_1171/1172 (xi=13/3 R26+KK lock) + PAPER_1173
566,,PAPER_566_AldersOlbers_BSFG_Metric_GapAnalysis.md,D,PROMOTED from H -> D (content: xi=13/3 R26+KK lock (R26\b)),Forward-pointer to PAPER_1171/1172 (xi=13/3 R26+KK lock) + PAPER_1173
567,,PAPER_567_Olbers_StellarDensityEvolution_nstar_z.md,D,PROMOTED from H -> D (content: xi=13/3 R26+KK lock (R26\b)),Forward-pointer to PAPER_1171/1172 (xi=13/3 R26+KK lock) + PAPER_1173
568,,PAPER_568_Olbers_WavelengthOpacity_kappa_lambda.md,D,PROMOTED from H -> D (content: xi=13/3 R26+KK lock (R26\b)),Forward-pointer to PAPER_1171/1172 (xi=13/3 R26+KK lock) + PAPER_1173
569,,PAPER_569_Olbers_EBL_Benchmark_3p1e-6_Validation.md,D,PROMOTED from H -> D (content: xi=13/3 R26+KK lock (R26\b)),Forward-pointer to PAPER_1171/1172 (xi=13/3 R26+KK lock) + PAPER_1173
570,,PAPER_570_Olbers_DVP_PhotonPhoton_PrimeVortex_Scatter.md,D,PROMOTED from H -> D (content: xi=13/3 R26+KK lock (R26\b)),Forward-pointer to PAPER_1171/1172 (xi=13/3 R26+KK lock) + PAPER_1173
571,,PAPER_571_Olbers_tNeg_PhotonArrival_NegativeTimeDelay.md,D,PROMOTED from H -> D (content: xi=13/3 R26+KK lock (R26\b)),Forward-pointer to PAPER_1171/1172 (xi=13/3 R26+KK lock) + PAPER_1173
572,,PAPER_572_Olbers_ShellRadiance_WattPerSr_Calibration.md,D,PROMOTED from H -> D (content: xi=13/3 R26+KK lock (R26\b)),Forward-pointer to PAPER_1171/1172 (xi=13/3 R26+KK lock) + PAPER_1173
573,,PAPER_573_Universal_Epoch_3DIPO_Nuclear_Convergence_Hub.md,D,PROMOTED from H -> D (content: xi=13/3 R26+KK lock (R26\b)),Forward-pointer to PAPER_1171/1172 (xi=13/3 R26+KK lock) + PAPER_1173
574,,PAPER_574_Mayan_5Cycle_Cosmic_Architecture_Universal_Epoch_UQFF.md,D,PROMOTED from H -> D (content: xi=13/3 R26+KK lock (R26\b)),Forward-pointer to PAPER_1171/1172 (xi=13/3 R26+KK lock) + PAPER_1173
575,,PAPER_575_DPM_Pyramid_Sum_Nuclear_Binding_Periodic_Table.md,D,PROMOTED from H -> D (content: xi=13/3 R26+KK lock (R26\b)),Forward-pointer to PAPER_1171/1172 (xi=13/3 R26+KK lock) + PAPER_1173
576,,PAPER_576_UQFF_Atomic_Mass_Error_Factor_Standard_Model_Validation.md,D,PROMOTED from H -> D (content: xi=13/3 R26+KK lock (R26\b)),Forward-pointer to PAPER_1171/1172 (xi=13/3 R26+KK lock) + PAPER_1173
577,,PAPER_577_Island_Stability_5th_Epoch_Superheavy_Z119_126.md,D,PROMOTED from H -> D (content: xi=13/3 R26+KK lock (R26\b)),Forward-pointer to PAPER_1171/1172 (xi=13/3 R26+KK lock) + PAPER_1173
578,,PAPER_578_UQFFComp_Eigenvalue_Mass_Gap_Quantum_Gravity_Linkage.md,D,PROMOTED from H -> D (content: xi=13/3 R26+KK lock (R26\b)),Forward-pointer to PAPER_1171/1172 (xi=13/3 R26+KK lock) + PAPER_1173
579,,PAPER_579_UQFF_All_Forms_Evolution_Catalogue_Triadic_Solution.md,F,filename: _Catalog,"Update tables; add P6-P14, CP4 #254-#264, ref PAPER_1167/1170/1174"
580,,PAPER_580_UQFF_GW_Amplitude_Lambda_CDM_Emergence.md,A,filename: Lambda_CDM,Add closing section: v5.78 27-decade vacuum ledger (PAPER_1170) + xi=13/3
581,,PAPER_581_UQFF_LQG_LambdaCDM_Triple_System_QG_Comparison.md,A,filename: LambdaCDM,Add closing section: v5.78 27-decade vacuum ledger (PAPER_1170) + xi=13/3
582,,PAPER_582_String_GW_Planar_Frequency_Rebound_Disk_Formation.md,D,PROMOTED from H -> D (content: xi=13/3 R26+KK lock (R26\b)),Forward-pointer to PAPER_1171/1172 (xi=13/3 R26+KK lock) + PAPER_1173
583,,PAPER_583_UQFF_Six_Form_Simultaneous_Solver.md,D,PROMOTED from H -> D (content: xi=13/3 R26+KK lock (R26\b)),Forward-pointer to PAPER_1171/1172 (xi=13/3 R26+KK lock) + PAPER_1173
584,,PAPER_584_UQFF_Collatz_Convergence_26D.md,D,PROMOTED from H -> D (content: xi=13/3 R26+KK lock (R26\b)),Forward-pointer to PAPER_1171/1172 (xi=13/3 R26+KK lock) + PAPER_1173
585,,PAPER_585_UQFF_Euler_Equations_Inviscid_Proof.md,D,PROMOTED from H -> D (content: xi=13/3 R26+KK lock (R26\b)),Forward-pointer to PAPER_1171/1172 (xi=13/3 R26+KK lock) + PAPER_1173
586,,PAPER_586_UQFF_Big_Bang_Expansion_Dynamics.md,A,filename: Big_Bang,Add closing section: v5.78 27-decade vacuum ledger (PAPER_1170) + xi=13/3
587,,PAPER_587_UQFF_Inflationary_Epoch_Details.md,A,filename: Inflation,Add closing section: v5.78 27-decade vacuum ledger (PAPER_1170) + xi=13/3
588,,PAPER_588_UQFF_Maxwell_Power_Large_26th_Order.md,D,PROMOTED from H -> D (content: xi=13/3 R26+KK lock (R26\b)),Forward-pointer to PAPER_1171/1172 (xi=13/3 R26+KK lock) + PAPER_1173
589,,PAPER_589_UQFF_Dark_Energy_Void_Buoyancy.md,A,filename: Dark_Energy,Add closing section: v5.78 27-decade vacuum ledger (PAPER_1170) + xi=13/3
590,,PAPER_590_UQFF_Planck_Constant_Derived.md,C,filename: PAPER_590_,Three-anchor SI closure banner (Sess 237-241); STRUCTURAL tier
591,,PAPER_591_UQFF_Fine_Structure_Constant_Derived.md,C,filename: PAPER_591_,Three-anchor SI closure banner (Sess 237-241); STRUCTURAL tier
592,,PAPER_592_UQFF_Speed_of_Light_Triad_Equilibrium.md,C,filename: PAPER_592_,Three-anchor SI closure banner (Sess 237-241); STRUCTURAL tier
593,,PAPER_593_UQFF_Gravitational_Constant_Void_Coupling.md,C,filename: PAPER_593_,Three-anchor SI closure banner (Sess 237-241); STRUCTURAL tier
594,,PAPER_594_UQFF_Black_Hole_Finite_Bound.md,C,PROMOTED from H -> C (content: three-anchor SI closure (PAPER_593)),Three-anchor SI closure banner (Sess 237-241); STRUCTURAL tier
595,,PAPER_595_UQFF_Sgr_A_Star_Bound_Application.md,C,PROMOTED from H -> C (content: three-anchor SI closure (PAPER_593)),Three-anchor SI closure banner (Sess 237-241); STRUCTURAL tier
596,,PAPER_596_UQFF_Quantum_Gravity_Unification.md,D,PROMOTED from H -> D (content: xi=13/3 R26+KK lock (R26\b)),Forward-pointer to PAPER_1171/1172 (xi=13/3 R26+KK lock) + PAPER_1173
597,,PAPER_597_UQFF_Negative_Time_Dual_Existence.md,D,PROMOTED from H -> D (content: xi=13/3 R26+KK lock (R26\b)),Forward-pointer to PAPER_1171/1172 (xi=13/3 R26+KK lock) + PAPER_1173
598,,PAPER_598_VDS_DVP_BH26_Integration_Reference.md,C,PROMOTED from H -> C (content: three-anchor SI closure (PAPER_590)),Three-anchor SI closure banner (Sess 237-241); STRUCTURAL tier
599,,PAPER_599_UQFF_BSD_Conjecture_Rank_Cohomology.md,D,PROMOTED from H -> D (content: xi=13/3 R26+KK lock (R26\b)),Forward-pointer to PAPER_1171/1172 (xi=13/3 R26+KK lock) + PAPER_1173
600,,PAPER_600_UQFF_Hodge_Conjecture_Algebraic_Cycles.md,G,filename: Hodge_Conjecture,Verify v5.78 closed-Lagrangian/ledger cross-ref is present (Sess 225 baseline)
601,,PAPER_601_UQFF_Magnetic_Gateway_Cosmic_Flux.md,D,PROMOTED from H -> D (content: xi=13/3 R26+KK lock (R26\b)),Forward-pointer to PAPER_1171/1172 (xi=13/3 R26+KK lock) + PAPER_1173
602,,PAPER_602_UQFF_Cosmic_Egg_Pre_Fertilization_Energy.md,D,PROMOTED from H -> D (content: xi=13/3 R26+KK lock (R26\b)),Forward-pointer to PAPER_1171/1172 (xi=13/3 R26+KK lock) + PAPER_1173
603,,PAPER_603_UQFF_26D_Egg_Total_Energy.md,D,PROMOTED from H -> D (content: xi=13/3 R26+KK lock (R26\b)),Forward-pointer to PAPER_1171/1172 (xi=13/3 R26+KK lock) + PAPER_1173
604,,PAPER_604_UQFF_Proto_Hydrogen_Shell_Alignment.md,D,PROMOTED from H -> D (content: xi=13/3 R26+KK lock (R26\b)),Forward-pointer to PAPER_1171/1172 (xi=13/3 R26+KK lock) + PAPER_1173
605,,PAPER_605_UQFF_26th_Order_Factorial_Bounds.md,D,PROMOTED from H -> D (content: xi=13/3 R26+KK lock (R26\b)),Forward-pointer to PAPER_1171/1172 (xi=13/3 R26+KK lock) + PAPER_1173
606,,PAPER_606_UQFF_Inertia_26D_Shell_Force.md,D,PROMOTED from H -> D (content: xi=13/3 R26+KK lock (R26\b)),Forward-pointer to PAPER_1171/1172 (xi=13/3 R26+KK lock) + PAPER_1173
607,,PAPER_607_UQFF_Centripetal_26D_Shell.md,D,PROMOTED from H -> D (content: xi=13/3 R26+KK lock (R26\b)),Forward-pointer to PAPER_1171/1172 (xi=13/3 R26+KK lock) + PAPER_1173
608,,PAPER_608_UQFF_Centrifugal_26D_Shell.md,D,PROMOTED from H -> D (content: xi=13/3 R26+KK lock (R26\b)),Forward-pointer to PAPER_1171/1172 (xi=13/3 R26+KK lock) + PAPER_1173
609,,PAPER_609_UQFF_Riemann_Hypothesis_Critical_Line.md,G,filename: Riemann_Hypothesis,Verify v5.78 closed-Lagrangian/ledger cross-ref is present (Sess 225 baseline)
610,,PAPER_610_UQFF_Mayan_Calendar_Nuclei_Epochs.md,D,PROMOTED from H -> D (content: xi=13/3 R26+KK lock (R26\b)),Forward-pointer to PAPER_1171/1172 (xi=13/3 R26+KK lock) + PAPER_1173
611,,PAPER_611_UQFF_Solar_System_Proplyd_Legacy.md,D,PROMOTED from H -> D (content: xi=13/3 R26+KK lock (R26\b)),Forward-pointer to PAPER_1171/1172 (xi=13/3 R26+KK lock) + PAPER_1173
612,,PAPER_612_UQFF_Probability_Of_Order_Partition.md,D,PROMOTED from H -> D (content: xi=13/3 R26+KK lock (R26\b)),Forward-pointer to PAPER_1171/1172 (xi=13/3 R26+KK lock) + PAPER_1173
613,,PAPER_613_UQFF_NASA_ATP_Grant_Framework_Validation.md,D,PROMOTED from H -> D (content: xi=13/3 R26+KK lock (R26\b)),Forward-pointer to PAPER_1171/1172 (xi=13/3 R26+KK lock) + PAPER_1173
614,,PAPER_614_UQFF_FU_Complete_26D_Projection_Operator.md,D,PROMOTED from H -> D (content: xi=13/3 R26+KK lock (R26\b)),Forward-pointer to PAPER_1171/1172 (xi=13/3 R26+KK lock) + PAPER_1173
615,,PAPER_615_UQFF_Ug_26D_Polynomial_Defect_Expansion.md,D,PROMOTED from H -> D (content: xi=13/3 R26+KK lock (R26\b)),Forward-pointer to PAPER_1171/1172 (xi=13/3 R26+KK lock) + PAPER_1173
616,,PAPER_616_UQFF_Um_DPM_Time_Derivative_26th_Order.md,D,PROMOTED from H -> D (content: xi=13/3 R26+KK lock (R26\b)),Forward-pointer to PAPER_1171/1172 (xi=13/3 R26+KK lock) + PAPER_1173
617,,PAPER_617_UQFF_SCm_Laurent_Series_26D_Expansion.md,D,PROMOTED from H -> D (content: xi=13/3 R26+KK lock (R26\b)),Forward-pointer to PAPER_1171/1172 (xi=13/3 R26+KK lock) + PAPER_1173
618,,PAPER_618_UQFF_Ub_Density_Gradient_26th_Derivative.md,D,PROMOTED from H -> D (content: xi=13/3 R26+KK lock (R26\b)),Forward-pointer to PAPER_1171/1172 (xi=13/3 R26+KK lock) + PAPER_1173
619,,PAPER_619_UQFF_Comp_Tensor_Full_26D_13D_Cross.md,D,PROMOTED from H -> D (content: xi=13/3 R26+KK lock (R26\b)),Forward-pointer to PAPER_1171/1172 (xi=13/3 R26+KK lock) + PAPER_1173
620,,PAPER_620_UQFF_3DIPO_Degree26_Tensor_Overlay.md,D,PROMOTED from H -> D (content: xi=13/3 R26+KK lock (R26\b)),Forward-pointer to PAPER_1171/1172 (xi=13/3 R26+KK lock) + PAPER_1173
621,,PAPER_621_UQFF_Pymander_Sphere_26D_Pyramid_Thread.md,D,PROMOTED from H -> D (content: xi=13/3 R26+KK lock (R26\b)),Forward-pointer to PAPER_1171/1172 (xi=13/3 R26+KK lock) + PAPER_1173
622,,PAPER_622_UQFF_Zero_Mass_Aether_Vacuum_Gradient_Reformulation.md,D,PROMOTED from H -> D (content: xi=13/3 R26+KK lock (R26\b)),Forward-pointer to PAPER_1171/1172 (xi=13/3 R26+KK lock) + PAPER_1173
623,,PAPER_623_UQFF_Nine_Dimensional_Wolfram_Force_Triad_Projection.md,D,PROMOTED from H -> D (content: xi=13/3 R26+KK lock (R26\b)),Forward-pointer to PAPER_1171/1172 (xi=13/3 R26+KK lock) + PAPER_1173
624,,PAPER_624_UQFF_26D_Simultaneous_Geometric_Infinity_Sculpting.md,D,PROMOTED from H -> D (content: xi=13/3 R26+KK lock (R26\b)),Forward-pointer to PAPER_1171/1172 (xi=13/3 R26+KK lock) + PAPER_1173
625,,PAPER_625_UQFF_Exotic_Pocketed_Shell_Quantum_Frequency_Events.md,D,PROMOTED from H -> D (content: xi=13/3 R26+KK lock (R26\b)),Forward-pointer to PAPER_1171/1172 (xi=13/3 R26+KK lock) + PAPER_1173
626,,PAPER_626_UQFF_M87_Jet_9D_Hypergraph_Pocket_Shell_Simulation.md,D,PROMOTED from H -> D (content: xi=13/3 R26+KK lock (R26\b)),Forward-pointer to PAPER_1171/1172 (xi=13/3 R26+KK lock) + PAPER_1173
627,,PAPER_627_UQFF_Centaurus_A_Knotted_Jet_VHE_Hypergraph.md,D,PROMOTED from H -> D (content: xi=13/3 R26+KK lock (R26\b)),Forward-pointer to PAPER_1171/1172 (xi=13/3 R26+KK lock) + PAPER_1173
628,,PAPER_628_UQFF_NGC6278_Dwarf_Galaxy_Void_Pocket_Shell.md,D,PROMOTED from H -> D (content: xi=13/3 R26+KK lock (R26\b)),Forward-pointer to PAPER_1171/1172 (xi=13/3 R26+KK lock) + PAPER_1173
629,,PAPER_629_UQFF_MS073567421_Cluster_AGN_Jet_Void_Pocket.md,D,PROMOTED from H -> D (content: xi=13/3 R26+KK lock (R26\b)),Forward-pointer to PAPER_1171/1172 (xi=13/3 R26+KK lock) + PAPER_1173
630,,PAPER_630_UQFF_Perseus_Cluster_IXPE_XRay_Polarization_Jet_Solution.md,D,PROMOTED from H -> D (content: xi=13/3 R26+KK lock (R26\b)),Forward-pointer to PAPER_1171/1172 (xi=13/3 R26+KK lock) + PAPER_1173
631,,PAPER_631_UQFF_Multi_System_Jet_Hypergraph_Comparison.md,D,PROMOTED from H -> D (content: xi=13/3 R26+KK lock (R26\b)),Forward-pointer to PAPER_1171/1172 (xi=13/3 R26+KK lock) + PAPER_1173
632,,PAPER_632_UQFF_Grant_Proposal_Dataset_Compression_Framework.md,D,PROMOTED from H -> D (content: xi=13/3 R26+KK lock (R26\b)),Forward-pointer to PAPER_1171/1172 (xi=13/3 R26+KK lock) + PAPER_1173
633,,PAPER_633_UQFF_Tau_Lepton_G2_SM_Bridge.md,D,PROMOTED from H -> D (content: xi=13/3 R26+KK lock (R26\b)),Forward-pointer to PAPER_1171/1172 (xi=13/3 R26+KK lock) + PAPER_1173
634,,PAPER_634_UQFF_CKM_Vcb_Flavor_Vacuum_Coupling.md,D,PROMOTED from H -> D (content: xi=13/3 R26+KK lock (R26\b)),Forward-pointer to PAPER_1171/1172 (xi=13/3 R26+KK lock) + PAPER_1173
635,,PAPER_635_UQFF_VectorLike_Quark_Kappa_Heavy_Mode.md,D,PROMOTED from H -> D (content: xi=13/3 R26+KK lock (R26\b)),Forward-pointer to PAPER_1171/1172 (xi=13/3 R26+KK lock) + PAPER_1173
636,,PAPER_636_UQFF_LFV_BDecay_TimeReversal_Constraint.md,D,PROMOTED from H -> D (content: xi=13/3 R26+KK lock (R26\b)),Forward-pointer to PAPER_1171/1172 (xi=13/3 R26+KK lock) + PAPER_1173
637,,PAPER_637_UQFF_ALICE_Run3_Multiplicity_Vacuum_Density.md,A,filename: Vacuum_Density,Add closing section: v5.78 27-decade vacuum ledger (PAPER_1170) + xi=13/3
638,,PAPER_638_UQFF_BESIII_DCS_Cabibbo_Dipole.md,D,PROMOTED from H -> D (content: xi=13/3 R26+KK lock (R26\b)),Forward-pointer to PAPER_1171/1172 (xi=13/3 R26+KK lock) + PAPER_1173
639,,PAPER_639_UQFF_Higgs_125GeV_VEV_Buoyancy_Coupling.md,D,PROMOTED from H -> D (content: xi=13/3 R26+KK lock (R26\b)),Forward-pointer to PAPER_1171/1172 (xi=13/3 R26+KK lock) + PAPER_1173
640,,PAPER_640_UQFF_Proton_Decay_Kappa_Rate_Scale_Separation.md,D,PROMOTED from H -> D (content: xi=13/3 R26+KK lock (R26\b)),Forward-pointer to PAPER_1171/1172 (xi=13/3 R26+KK lock) + PAPER_1173
641,,PAPER_641_UQFF_Electroweak_SinThetaW_SCm_Vacuum.md,D,PROMOTED from H -> D (content: xi=13/3 R26+KK lock (R26\b)),Forward-pointer to PAPER_1171/1172 (xi=13/3 R26+KK lock) + PAPER_1173
642,,PAPER_642_UQFF_SM_Parameter_Bridge_Master_Comparison.md,D,PROMOTED from H -> D (content: xi=13/3 R26+KK lock (R26\b)),Forward-pointer to PAPER_1171/1172 (xi=13/3 R26+KK lock) + PAPER_1173
643,,PAPER_643_UQFF_Thermal_Lens_Equation_LENR_Applications.md,D,PROMOTED from I -> D (content: xi=13/3 R26+KK lock (R26\b)),Forward-pointer to PAPER_1171/1172 (xi=13/3 R26+KK lock) + PAPER_1173
644,,PAPER_644_UQFF_Quantum_Like_Classical_Chip_Emulation.md,D,PROMOTED from H -> D (content: xi=13/3 R26+KK lock (R26\b)),Forward-pointer to PAPER_1171/1172 (xi=13/3 R26+KK lock) + PAPER_1173
645,,PAPER_645_UQFF_Einstein_Field_Equations_Black_Hole_Singularity_Resolution.md,D,PROMOTED from H -> D (content: xi=13/3 R26+KK lock (R26\b)),Forward-pointer to PAPER_1171/1172 (xi=13/3 R26+KK lock) + PAPER_1173
646,,PAPER_646_UQFF_Universal_Inertial_Operator_Caduceus_Wave.md,D,PROMOTED from H -> D (content: xi=13/3 R26+KK lock (R26\b)),Forward-pointer to PAPER_1171/1172 (xi=13/3 R26+KK lock) + PAPER_1173
647,,PAPER_647_UQFF_Vacuum_Density_Series_Aether_Scaffold.md,A,filename: Vacuum_Density,Add closing section: v5.78 27-decade vacuum ledger (PAPER_1170) + xi=13/3
648,,PAPER_648_UQFF_Ultra_Dense_Hydrogen_LENR_Meson_Cascade.md,D,PROMOTED from I -> D (content: xi=13/3 R26+KK lock (R26\b)),Forward-pointer to PAPER_1171/1172 (xi=13/3 R26+KK lock) + PAPER_1173
649,,PAPER_649_UQFF_Dipole_Vortex_Primes_nWave_Energy_Mixing.md,D,PROMOTED from H -> D (content: xi=13/3 R26+KK lock (R26\b)),Forward-pointer to PAPER_1171/1172 (xi=13/3 R26+KK lock) + PAPER_1173
650,,PAPER_650_UQFF_Buoyancy_Harmonics_Discrete_Anti_Gravity.md,D,PROMOTED from H -> D (content: xi=13/3 R26+KK lock (R26\b)),Forward-pointer to PAPER_1171/1172 (xi=13/3 R26+KK lock) + PAPER_1173
651,,PAPER_651_UQFF_Schwarzschild_Proton_Vacuum_Concentration.md,D,PROMOTED from H -> D (content: xi=13/3 R26+KK lock (R26\b)),Forward-pointer to PAPER_1171/1172 (xi=13/3 R26+KK lock) + PAPER_1173
652,,PAPER_652_UQFF_Fine_Structure_Constant_QED_Precision.md,C,filename: PAPER_652_,Three-anchor SI closure banner (Sess 237-241); STRUCTURAL tier
653,,PAPER_653_UQFF_Pi_Wave_Energy_Correspondence.md,D,PROMOTED from H -> D (content: xi=13/3 R26+KK lock (R26\b)),Forward-pointer to PAPER_1171/1172 (xi=13/3 R26+KK lock) + PAPER_1173
654,,PAPER_654_UQFF_Observable_Universe_Diameter_LCDM.md,A,filename: LCDM,Add closing section: v5.78 27-decade vacuum ledger (PAPER_1170) + xi=13/3
655,,PAPER_655_UQFF_Galactic_Discrete_Gravity_Bands_Simulator.md,D,PROMOTED from H -> D (content: xi=13/3 R26+KK lock (R26\b)),Forward-pointer to PAPER_1171/1172 (xi=13/3 R26+KK lock) + PAPER_1173
656,,PAPER_656_UQFF_V838_Mon_Light_Echo_Master_Equation.md,D,PROMOTED from H -> D (content: xi=13/3 R26+KK lock (R26\b)),Forward-pointer to PAPER_1171/1172 (xi=13/3 R26+KK lock) + PAPER_1173
657,,PAPER_657_UQFF_Knowledge_Base_7.md,F,filename: Knowledge_Base,"Update tables; add P6-P14, CP4 #254-#264, ref PAPER_1167/1170/1174"
658,,PAPER_658_UQFF_LQG_Black_Hole_Bounce.md,D,PROMOTED from H -> D (content: xi=13/3 R26+KK lock (R26\b)),Forward-pointer to PAPER_1171/1172 (xi=13/3 R26+KK lock) + PAPER_1173
659,,PAPER_659_UQFF_Black_to_White_Hole_Transition.md,D,PROMOTED from H -> D (content: xi=13/3 R26+KK lock (R26\b)),Forward-pointer to PAPER_1171/1172 (xi=13/3 R26+KK lock) + PAPER_1173
660,,PAPER_660_WhiteHoleRadiationUQFF.md,D,PROMOTED from H -> D (content: xi=13/3 R26+KK lock (R26\b)),Forward-pointer to PAPER_1171/1172 (xi=13/3 R26+KK lock) + PAPER_1173
661,,PAPER_661_UQFFPBHDarkMatter.md,D,PROMOTED from H -> D (content: xi=13/3 R26+KK lock (R26\b)),Forward-pointer to PAPER_1171/1172 (xi=13/3 R26+KK lock) + PAPER_1173
662,,PAPER_662_UQFFHawkingDerivation.md,D,PROMOTED from H -> D (content: xi=13/3 R26+KK lock (R26\b)),Forward-pointer to PAPER_1171/1172 (xi=13/3 R26+KK lock) + PAPER_1173
663,,PAPER_663_UQFFBlackHoleInversion.md,D,PROMOTED from H -> D (content: xi=13/3 R26+KK lock (R26\b)),Forward-pointer to PAPER_1171/1172 (xi=13/3 R26+KK lock) + PAPER_1173
664,,PAPER_664_WhiteHoleStabilityUQFF.md,D,PROMOTED from H -> D (content: xi=13/3 R26+KK lock (R26\b)),Forward-pointer to PAPER_1171/1172 (xi=13/3 R26+KK lock) + PAPER_1173
665,,PAPER_665_UQFFSuppressionEquationsHawking.md,D,PROMOTED from H -> D (content: xi=13/3 R26+KK lock (R26\b)),Forward-pointer to PAPER_1171/1172 (xi=13/3 R26+KK lock) + PAPER_1173
666,,PAPER_666_UQFFGWSuppression.md,D,PROMOTED from H -> D (content: xi=13/3 R26+KK lock (R26\b)),Forward-pointer to PAPER_1171/1172 (xi=13/3 R26+KK lock) + PAPER_1173
667,,PAPER_667_UQFFBlackHoleStabilityProofs.md,D,PROMOTED from H -> D (content: xi=13/3 R26+KK lock (R26\b)),Forward-pointer to PAPER_1171/1172 (xi=13/3 R26+KK lock) + PAPER_1173
668,,PAPER_668_UQFFStabilityPrimordialBH.md,D,PROMOTED from H -> D (content: xi=13/3 R26+KK lock (R26\b)),Forward-pointer to PAPER_1171/1172 (xi=13/3 R26+KK lock) + PAPER_1173
669,,PAPER_669_UQFFComparedToGW150914.md,D,PROMOTED from H -> D (content: xi=13/3 R26+KK lock (R26\b)),Forward-pointer to PAPER_1171/1172 (xi=13/3 R26+KK lock) + PAPER_1173
670,,PAPER_670_UQFFBlackHoleAccretionModel.md,D,PROMOTED from H -> D (content: xi=13/3 R26+KK lock (R26\b)),Forward-pointer to PAPER_1171/1172 (xi=13/3 R26+KK lock) + PAPER_1173
671,,PAPER_671_UQFFDMDtDerivation.md,D,PROMOTED from H -> D (content: xi=13/3 R26+KK lock (R26\b)),Forward-pointer to PAPER_1171/1172 (xi=13/3 R26+KK lock) + PAPER_1173
672,,PAPER_672_UQFFEvaporationTimescale.md,D,PROMOTED from H -> D (content: xi=13/3 R26+KK lock (R26\b)),Forward-pointer to PAPER_1171/1172 (xi=13/3 R26+KK lock) + PAPER_1173
673,,PAPER_673_UQFFAdvancementsAndTHzHoles.md,D,PROMOTED from H -> D (content: xi=13/3 R26+KK lock (R26\b)),Forward-pointer to PAPER_1171/1172 (xi=13/3 R26+KK lock) + PAPER_1173
674,,PAPER_674_UQFFComparedToLIGOData.md,D,PROMOTED from H -> D (content: xi=13/3 R26+KK lock (R26\b)),Forward-pointer to PAPER_1171/1172 (xi=13/3 R26+KK lock) + PAPER_1173
675,,PAPER_675_UQFFComparedToGW170817.md,D,PROMOTED from H -> D (content: xi=13/3 R26+KK lock (R26\b)),Forward-pointer to PAPER_1171/1172 (xi=13/3 R26+KK lock) + PAPER_1173
676,,PAPER_676_UQFFComparedToGW190425.md,D,PROMOTED from H -> D (content: xi=13/3 R26+KK lock (R26\b)),Forward-pointer to PAPER_1171/1172 (xi=13/3 R26+KK lock) + PAPER_1173
677,,PAPER_677_UQFFPredictionsForLISA.md,D,PROMOTED from H -> D (content: xi=13/3 R26+KK lock (R26\b)),Forward-pointer to PAPER_1171/1172 (xi=13/3 R26+KK lock) + PAPER_1173
678,,PAPER_678_LISAVsLIGOComparisons.md,D,PROMOTED from H -> D (content: xi=13/3 R26+KK lock (R26\b)),Forward-pointer to PAPER_1171/1172 (xi=13/3 R26+KK lock) + PAPER_1173
679,,PAPER_679_AetherSuperfluidDynamics.md,D,PROMOTED from H -> D (content: xi=13/3 R26+KK lock (R26\b)),Forward-pointer to PAPER_1171/1172 (xi=13/3 R26+KK lock) + PAPER_1173
680,,PAPER_680_VortexQuantization.md,D,PROMOTED from H -> D (content: xi=13/3 R26+KK lock (R26\b)),Forward-pointer to PAPER_1171/1172 (xi=13/3 R26+KK lock) + PAPER_1173
681,,PAPER_681_GrossPitaevskiiVortexSimulation.md,D,PROMOTED from H -> D (content: xi=13/3 R26+KK lock (R26\b)),Forward-pointer to PAPER_1171/1172 (xi=13/3 R26+KK lock) + PAPER_1173
682,,PAPER_682_UQFFStabilityNumericallyForSgrA.md,D,PROMOTED from H -> D (content: xi=13/3 R26+KK lock (R26\b)),Forward-pointer to PAPER_1171/1172 (xi=13/3 R26+KK lock) + PAPER_1173
683,,PAPER_683_UQFFHawkingTemperatureModulation.md,D,PROMOTED from H -> D (content: xi=13/3 R26+KK lock (R26\b)),Forward-pointer to PAPER_1171/1172 (xi=13/3 R26+KK lock) + PAPER_1173
684,,PAPER_684_UQFFPrimordialBHEvaporation.md,D,PROMOTED from H -> D (content: xi=13/3 R26+KK lock (R26\b)),Forward-pointer to PAPER_1171/1172 (xi=13/3 R26+KK lock) + PAPER_1173
685,,PAPER_685_UQFFPBHDarkMatterImplications.md,D,PROMOTED from H -> D (content: xi=13/3 R26+KK lock (R26\b)),Forward-pointer to PAPER_1171/1172 (xi=13/3 R26+KK lock) + PAPER_1173
686,,PAPER_686_UQFFModulationForM87.md,D,PROMOTED from H -> D (content: xi=13/3 R26+KK lock (R26\b)),Forward-pointer to PAPER_1171/1172 (xi=13/3 R26+KK lock) + PAPER_1173
687,,PAPER_687_M87MassEvolutionSimulation.md,D,PROMOTED from H -> D (content: xi=13/3 R26+KK lock (R26\b)),Forward-pointer to PAPER_1171/1172 (xi=13/3 R26+KK lock) + PAPER_1173
688,,PAPER_688_NGC1316MUGECalculation.md,D,PROMOTED from H -> D (content: xi=13/3 R26+KK lock (R26\b)),Forward-pointer to PAPER_1171/1172 (xi=13/3 R26+KK lock) + PAPER_1173
689,,PAPER_689_AGNJetDynamicsBlandfordZnajek.md,D,PROMOTED from H -> D (content: xi=13/3 R26+KK lock (R26\b)),Forward-pointer to PAPER_1171/1172 (xi=13/3 R26+KK lock) + PAPER_1173
690,,PAPER_690_FornaxClusterGravitational.md,D,PROMOTED from H -> D (content: xi=13/3 R26+KK lock (R26\b)),Forward-pointer to PAPER_1171/1172 (xi=13/3 R26+KK lock) + PAPER_1173
691,,PAPER_691_NBodySimulation3D.md,D,PROMOTED from H -> D (content: xi=13/3 R26+KK lock (R26\b)),Forward-pointer to PAPER_1171/1172 (xi=13/3 R26+KK lock) + PAPER_1173
692,,PAPER_692_M51WhirlpoolTidalInteraction.md,D,PROMOTED from H -> D (content: xi=13/3 R26+KK lock (R26\b)),Forward-pointer to PAPER_1171/1172 (xi=13/3 R26+KK lock) + PAPER_1173
693,,PAPER_693_SombreroGalaxyM104NGC4594.md,D,PROMOTED from H -> D (content: xi=13/3 R26+KK lock (R26\b)),Forward-pointer to PAPER_1171/1172 (xi=13/3 R26+KK lock) + PAPER_1173
694,,PAPER_694_CrabNebulaPWNUQFF.md,D,PROMOTED from H -> D (content: xi=13/3 R26+KK lock (R26\b)),Forward-pointer to PAPER_1171/1172 (xi=13/3 R26+KK lock) + PAPER_1173
695,,PAPER_695_NGC7635BubbleNebula.md,D,PROMOTED from H -> D (content: xi=13/3 R26+KK lock (R26\b)),Forward-pointer to PAPER_1171/1172 (xi=13/3 R26+KK lock) + PAPER_1173
696,,PAPER_696_AntennaeMergerNGC4038NGC4039.md,D,PROMOTED from H -> D (content: xi=13/3 R26+KK lock (R26\b)),Forward-pointer to PAPER_1171/1172 (xi=13/3 R26+KK lock) + PAPER_1173
697,,PAPER_697_NGC2525WithSupernovaeSN2018gv.md,D,PROMOTED from H -> D (content: xi=13/3 R26+KK lock (R26\b)),Forward-pointer to PAPER_1171/1172 (xi=13/3 R26+KK lock) + PAPER_1173
698,,PAPER_698_EinsteinRingGALCLUS022058s.md,D,PROMOTED from H -> D (content: xi=13/3 R26+KK lock (R26\b)),Forward-pointer to PAPER_1171/1172 (xi=13/3 R26+KK lock) + PAPER_1173
699,,PAPER_699_FornaxConstellationUHDF.md,D,PROMOTED from H -> D (content: xi=13/3 R26+KK lock (R26\b)),Forward-pointer to PAPER_1171/1172 (xi=13/3 R26+KK lock) + PAPER_1173
700,,PAPER_700_UQFFEquationMathematicalDerivation.md,D,PROMOTED from H -> D (content: xi=13/3 R26+KK lock (R26\b)),Forward-pointer to PAPER_1171/1172 (xi=13/3 R26+KK lock) + PAPER_1173
701,,PAPER_701_UQFFKnowledgeBaseRedDwarf.md,F,filename: KnowledgeBase,"Update tables; add P6-P14, CP4 #254-#264, ref PAPER_1167/1170/1174"
702,,PAPER_702_SaturnRingSystemUQFF.md,D,PROMOTED from H -> D (content: xi=13/3 R26+KK lock (R26\b)),Forward-pointer to PAPER_1171/1172 (xi=13/3 R26+KK lock) + PAPER_1173
703,,PAPER_703_NGC1275MagneticMonsterUQFF.md,D,PROMOTED from H -> D (content: xi=13/3 R26+KK lock (R26\b)),Forward-pointer to PAPER_1171/1172 (xi=13/3 R26+KK lock) + PAPER_1173
704,,PAPER_704_HorseheadNebulaBarnard33UQFF.md,D,PROMOTED from H -> D (content: xi=13/3 R26+KK lock (R26\b)),Forward-pointer to PAPER_1171/1172 (xi=13/3 R26+KK lock) + PAPER_1173
705,,PAPER_705_NGC3603StarCluster2UQFF.md,D,PROMOTED from H -> D (content: xi=13/3 R26+KK lock (R26\b)),Forward-pointer to PAPER_1171/1172 (xi=13/3 R26+KK lock) + PAPER_1173
706,,PAPER_706_NGC3603StarClusterPrimaryUQFF.md,D,PROMOTED from H -> D (content: xi=13/3 R26+KK lock (R26\b)),Forward-pointer to PAPER_1171/1172 (xi=13/3 R26+KK lock) + PAPER_1173
707,,PAPER_707_NGC2525BarredSpiral2UQFF.md,D,PROMOTED from H -> D (content: xi=13/3 R26+KK lock (R26\b)),Forward-pointer to PAPER_1171/1172 (xi=13/3 R26+KK lock) + PAPER_1173
708,,PAPER_708_PillarsOfCreationM16UQFF.md,D,PROMOTED from H -> D (content: xi=13/3 R26+KK lock (R26\b)),Forward-pointer to PAPER_1171/1172 (xi=13/3 R26+KK lock) + PAPER_1173
709,,PAPER_709_Westerlund2StarClusterUQFF.md,D,PROMOTED from H -> D (content: xi=13/3 R26+KK lock (R26\b)),Forward-pointer to PAPER_1171/1172 (xi=13/3 R26+KK lock) + PAPER_1173
710,,PAPER_710_NGC2014NGC2020StarformingUQFF.md,D,PROMOTED from H -> D (content: xi=13/3 R26+KK lock (R26\b)),Forward-pointer to PAPER_1171/1172 (xi=13/3 R26+KK lock) + PAPER_1173
711,,PAPER_711_NGC2014NGC2020Variant2UQFF.md,D,PROMOTED from H -> D (content: xi=13/3 R26+KK lock (R26\b)),Forward-pointer to PAPER_1171/1172 (xi=13/3 R26+KK lock) + PAPER_1173
712,,PAPER_712_PillarsOfCreationM16v2UQFF.md,D,PROMOTED from H -> D (content: xi=13/3 R26+KK lock (R26\b)),Forward-pointer to PAPER_1171/1172 (xi=13/3 R26+KK lock) + PAPER_1173
713,,PAPER_713_UQFFKnowledgeBaseKB19.md,F,filename: KnowledgeBase,"Update tables; add P6-P14, CP4 #254-#264, ref PAPER_1167/1170/1174"
714,,PAPER_714_UQFFKnowledgeBaseKB18.md,F,filename: KnowledgeBase,"Update tables; add P6-P14, CP4 #254-#264, ref PAPER_1167/1170/1174"
715,,PAPER_715_UQFFKnowledgeBaseKB17.md,F,filename: KnowledgeBase,"Update tables; add P6-P14, CP4 #254-#264, ref PAPER_1167/1170/1174"
716,,PAPER_716_UQFFKnowledgeBaseKB1.md,F,filename: KnowledgeBase,"Update tables; add P6-P14, CP4 #254-#264, ref PAPER_1167/1170/1174"
717,,PAPER_717_UQFFKnowledgeBaseKB2.md,F,filename: KnowledgeBase,"Update tables; add P6-P14, CP4 #254-#264, ref PAPER_1167/1170/1174"
718,,PAPER_718_UQFFKnowledgeBaseKB3.md,F,filename: KnowledgeBase,"Update tables; add P6-P14, CP4 #254-#264, ref PAPER_1167/1170/1174"
719,,PAPER_719_UQFFKnowledgeBaseKB4.md,F,filename: KnowledgeBase,"Update tables; add P6-P14, CP4 #254-#264, ref PAPER_1167/1170/1174"
720,,PAPER_720_UQFFKnowledgeBaseKB5.md,F,filename: KnowledgeBase,"Update tables; add P6-P14, CP4 #254-#264, ref PAPER_1167/1170/1174"
721,,PAPER_721_UQFFKnowledgeBaseKB6.md,F,filename: KnowledgeBase,"Update tables; add P6-P14, CP4 #254-#264, ref PAPER_1167/1170/1174"
722,,PAPER_722_UQFFKnowledgeBaseKB8.md,F,filename: KnowledgeBase,"Update tables; add P6-P14, CP4 #254-#264, ref PAPER_1167/1170/1174"
723,,PAPER_723_UQFFKnowledgeBaseKB9.md,F,filename: KnowledgeBase,"Update tables; add P6-P14, CP4 #254-#264, ref PAPER_1167/1170/1174"
724,,PAPER_724_UQFFKnowledgeBaseKB10.md,F,filename: KnowledgeBase,"Update tables; add P6-P14, CP4 #254-#264, ref PAPER_1167/1170/1174"
725,,PAPER_725_UQFFKnowledgeBaseKB11.md,F,filename: KnowledgeBase,"Update tables; add P6-P14, CP4 #254-#264, ref PAPER_1167/1170/1174"
726,,PAPER_726_UQFFKnowledgeBaseKB12.md,F,filename: KnowledgeBase,"Update tables; add P6-P14, CP4 #254-#264, ref PAPER_1167/1170/1174"
727,,PAPER_727_UQFFKnowledgeBaseKB13.md,F,filename: KnowledgeBase,"Update tables; add P6-P14, CP4 #254-#264, ref PAPER_1167/1170/1174"
728,,PAPER_728_UQFFKnowledgeBaseKB14.md,F,filename: KnowledgeBase,"Update tables; add P6-P14, CP4 #254-#264, ref PAPER_1167/1170/1174"
729,,PAPER_729_UQFFKnowledgeBaseKB15.md,F,filename: KnowledgeBase,"Update tables; add P6-P14, CP4 #254-#264, ref PAPER_1167/1170/1174"
730,,PAPER_730_UQFFKnowledgeBaseKB16.md,F,filename: KnowledgeBase,"Update tables; add P6-P14, CP4 #254-#264, ref PAPER_1167/1170/1174"
731,,PAPER_731_NGC1316MergerEvolution.md,D,PROMOTED from H -> D (content: xi=13/3 R26+KK lock (R26\b)),Forward-pointer to PAPER_1171/1172 (xi=13/3 R26+KK lock) + PAPER_1173
732,,PAPER_732_TenAstroSystemsMUGE.md,D,PROMOTED from H -> D (content: xi=13/3 R26+KK lock (R26\b)),Forward-pointer to PAPER_1171/1172 (xi=13/3 R26+KK lock) + PAPER_1173
733,,PAPER_733_EighteenAstroSystemsMUGE.md,D,PROMOTED from H -> D (content: xi=13/3 R26+KK lock (R26\b)),Forward-pointer to PAPER_1171/1172 (xi=13/3 R26+KK lock) + PAPER_1173
734,,PAPER_734_LENR_Kn_ThreeScenario_Calibration_Constants.md,D,PROMOTED from I -> D (content: xi=13/3 R26+KK lock (R26\b)),Forward-pointer to PAPER_1171/1172 (xi=13/3 R26+KK lock) + PAPER_1173
735,,PAPER_735_Ug2_Electron_Shell_Energy_Eshell.md,D,PROMOTED from H -> D (content: xi=13/3 R26+KK lock (R26\b)),Forward-pointer to PAPER_1171/1172 (xi=13/3 R26+KK lock) + PAPER_1173
736,,PAPER_736_UQFF_ThreeSystem_Simultaneous_Framework.md,D,PROMOTED from H -> D (content: xi=13/3 R26+KK lock (R26\b)),Forward-pointer to PAPER_1171/1172 (xi=13/3 R26+KK lock) + PAPER_1173
737,,PAPER_737_Nine_AstroSystems_NGC4826_CassiniGaps_LMC.md,D,PROMOTED from H -> D (content: xi=13/3 R26+KK lock (R26\b)),Forward-pointer to PAPER_1171/1172 (xi=13/3 R26+KK lock) + PAPER_1173
738,,PAPER_738_DPM_ACP_AtomicCreation_ProtoNucleus.md,D,PROMOTED from H -> D (content: xi=13/3 R26+KK lock (R26\b)),Forward-pointer to PAPER_1171/1172 (xi=13/3 R26+KK lock) + PAPER_1173
739,,PAPER_739_Tapestry26D_ThreeSystem_Simultaneous_Full.md,D,PROMOTED from H -> D (content: xi=13/3 R26+KK lock (R26\b)),Forward-pointer to PAPER_1171/1172 (xi=13/3 R26+KK lock) + PAPER_1173
740,,PAPER_740_MassWithoutWeight_fUb_BuoyancyCalibration.md,D,PROMOTED from H -> D (content: xi=13/3 R26+KK lock (R26\b)),Forward-pointer to PAPER_1171/1172 (xi=13/3 R26+KK lock) + PAPER_1173
741,,PAPER_741_UQFF_Compression_Cycle2_38System_FEnv_Master.md,D,PROMOTED from H -> D (content: xi=13/3 R26+KK lock (R26\b)),Forward-pointer to PAPER_1171/1172 (xi=13/3 R26+KK lock) + PAPER_1173
742,,PAPER_742_Sombrero_Galaxy_MUGE_Dust_Lane_Drag.md,D,PROMOTED from H -> D (content: xi=13/3 R26+KK lock (R26\b)),Forward-pointer to PAPER_1171/1172 (xi=13/3 R26+KK lock) + PAPER_1173
743,,PAPER_743_Saturn_Ring_Tidal_MUGE_T_ring_F_wind.md,D,PROMOTED from H -> D (content: xi=13/3 R26+KK lock (R26\b)),Forward-pointer to PAPER_1171/1172 (xi=13/3 R26+KK lock) + PAPER_1173
744,,PAPER_744_M16_Eagle_Nebula_MUGE_Msf_Erad_Radiation_Erosion.md,D,PROMOTED from H -> D (content: xi=13/3 R26+KK lock (R26\b)),Forward-pointer to PAPER_1171/1172 (xi=13/3 R26+KK lock) + PAPER_1173
745,,PAPER_745_Crab_Nebula_Expanding_MUGE_Pulsar_Wind_Magnetic.md,D,PROMOTED from H -> D (content: xi=13/3 R26+KK lock (R26\b)),Forward-pointer to PAPER_1171/1172 (xi=13/3 R26+KK lock) + PAPER_1173
746,,PAPER_746_Generalized_Hydrogen_Resonance_All_Elements_Z1_118.md,D,PROMOTED from H -> D (content: xi=13/3 R26+KK lock (R26\b)),Forward-pointer to PAPER_1171/1172 (xi=13/3 R26+KK lock) + PAPER_1173
747,,PAPER_747_Universe_Diameter_UQFF_182_Billion_Light_Years.md,A,filename: Universe_Diameter,Add closing section: v5.78 27-decade vacuum ledger (PAPER_1170) + xi=13/3
748,,PAPER_748_Doc43d_Inertia_Aether_Superconductive_Ug5_Framework.md,D,PROMOTED from H -> D (content: xi=13/3 R26+KK lock (R26\b)),Forward-pointer to PAPER_1171/1172 (xi=13/3 R26+KK lock) + PAPER_1173
749,,PAPER_749_Five_Quantum_Variable_Sets_rj_dg_FU_Omega_fHeaviside_Mbh_gamma_Ereact.md,D,PROMOTED from H -> D (content: xi=13/3 R26+KK lock (R26\b)),Forward-pointer to PAPER_1171/1172 (xi=13/3 R26+KK lock) + PAPER_1173
750,,PAPER_750_M51_NGC1316_MUGE_Simulation_Whirlpool_FornaxA.md,D,PROMOTED from H -> D (content: xi=13/3 R26+KK lock (R26\b)),Forward-pointer to PAPER_1171/1172 (xi=13/3 R26+KK lock) + PAPER_1173
751,,PAPER_751_THz_QScope_Earth_Core_Signals_1to50.md,D,PROMOTED from H -> D (content: xi=13/3 R26+KK lock (R26\b)),Forward-pointer to PAPER_1171/1172 (xi=13/3 R26+KK lock) + PAPER_1173
752,,PAPER_752_V838_Mon_Light_Echo_UQFF_Intensity.md,D,PROMOTED from H -> D (content: xi=13/3 R26+KK lock (R26\b)),Forward-pointer to PAPER_1171/1172 (xi=13/3 R26+KK lock) + PAPER_1173
753,,PAPER_753_Magnetar_Evolution_UQFF_Spin_Magnetic_Decay.md,D,PROMOTED from H -> D (content: xi=13/3 R26+KK lock (R26\b)),Forward-pointer to PAPER_1171/1172 (xi=13/3 R26+KK lock) + PAPER_1173
754,,PAPER_754_SgrAStar_SMBH_Evolution_UQFF_Accretion_Spin.md,D,PROMOTED from H -> D (content: xi=13/3 R26+KK lock (R26\b)),Forward-pointer to PAPER_1171/1172 (xi=13/3 R26+KK lock) + PAPER_1173
755,,PAPER_755_Tapestry_Blazing_Starbirth_NGC2014_UQFF_Wind.md,D,PROMOTED from H -> D (content: xi=13/3 R26+KK lock (R26\b)),Forward-pointer to PAPER_1171/1172 (xi=13/3 R26+KK lock) + PAPER_1173
756,,PAPER_756_Westerlund2_Super_Star_Cluster_UQFF_Wind.md,D,PROMOTED from H -> D (content: xi=13/3 R26+KK lock (R26\b)),Forward-pointer to PAPER_1171/1172 (xi=13/3 R26+KK lock) + PAPER_1173
757,,PAPER_757_Pillars_of_Creation_M16_UQFF_Photo_Erosion.md,D,PROMOTED from H -> D (content: xi=13/3 R26+KK lock (R26\b)),Forward-pointer to PAPER_1171/1172 (xi=13/3 R26+KK lock) + PAPER_1173
758,,PAPER_758_Rings_of_Relativity_Einstein_Ring_GCLUS022058s.md,D,PROMOTED from H -> D (content: xi=13/3 R26+KK lock (R26\b)),Forward-pointer to PAPER_1171/1172 (xi=13/3 R26+KK lock) + PAPER_1173
759,,PAPER_759_Horsehead_Nebula_Barnard33_UQFF_Radiation_Erosion.md,D,PROMOTED from H -> D (content: xi=13/3 R26+KK lock (R26\b)),Forward-pointer to PAPER_1171/1172 (xi=13/3 R26+KK lock) + PAPER_1173
760,,PAPER_760_NGC1275_Magnetic_Monster_Perseus_A_UQFF.md,D,PROMOTED from H -> D (content: xi=13/3 R26+KK lock (R26\b)),Forward-pointer to PAPER_1171/1172 (xi=13/3 R26+KK lock) + PAPER_1173
761,,PAPER_761_Hubble_Ultra_Deep_Field_UQFF_Galaxy_Evolution.md,D,PROMOTED from H -> D (content: xi=13/3 R26+KK lock (R26\b)),Forward-pointer to PAPER_1171/1172 (xi=13/3 R26+KK lock) + PAPER_1173
762,,PAPER_762_NGC1792_Stellar_Forge_UQFF_Starburst_Evolution.md,D,PROMOTED from H -> D (content: xi=13/3 R26+KK lock (R26\b)),Forward-pointer to PAPER_1171/1172 (xi=13/3 R26+KK lock) + PAPER_1173
763,,PAPER_763_Sombrero_Galaxy_M104_UQFF_SMBH_Dust_Lane.md,D,PROMOTED from H -> D (content: xi=13/3 R26+KK lock (R26\b)),Forward-pointer to PAPER_1171/1172 (xi=13/3 R26+KK lock) + PAPER_1173
764,,PAPER_764_Saturn_Ring_System_26D_UQFF_Planetary_Evolution.md,D,PROMOTED from H -> D (content: xi=13/3 R26+KK lock (R26\b)),Forward-pointer to PAPER_1171/1172 (xi=13/3 R26+KK lock) + PAPER_1173
765,,PAPER_765_M16_Eagle_Nebula_New_Stars_26D_UQFF_Formation.md,D,PROMOTED from H -> D (content: xi=13/3 R26+KK lock (R26\b)),Forward-pointer to PAPER_1171/1172 (xi=13/3 R26+KK lock) + PAPER_1173
766,,PAPER_766_Crab_Nebula_Pulsar_Wind_26D_UQFF_SNR.md,D,PROMOTED from H -> D (content: xi=13/3 R26+KK lock (R26\b)),Forward-pointer to PAPER_1171/1172 (xi=13/3 R26+KK lock) + PAPER_1173
767,,PAPER_767_NGC2264_Cone_Nebula_UQFF_Star_Formation.md,D,PROMOTED from H -> D (content: xi=13/3 R26+KK lock (R26\b)),Forward-pointer to PAPER_1171/1172 (xi=13/3 R26+KK lock) + PAPER_1173
768,,PAPER_768_UGC10214_Tadpole_Galaxy_Tidal_UQFF.md,D,PROMOTED from H -> D (content: xi=13/3 R26+KK lock (R26\b)),Forward-pointer to PAPER_1171/1172 (xi=13/3 R26+KK lock) + PAPER_1173
769,,PAPER_769_NGC4676_Mice_Galaxies_Dual_Merger_UQFF.md,D,PROMOTED from H -> D (content: xi=13/3 R26+KK lock (R26\b)),Forward-pointer to PAPER_1171/1172 (xi=13/3 R26+KK lock) + PAPER_1173
770,,PAPER_770_Red_Spider_Nebula_NGC6537_UQFF_Bipolar.md,D,PROMOTED from H -> D (content: xi=13/3 R26+KK lock (R26\b)),Forward-pointer to PAPER_1171/1172 (xi=13/3 R26+KK lock) + PAPER_1173
771,,PAPER_771_NGC3372_Eta_Carinae_Nebula_UQFF_LBV_Wind.md,D,PROMOTED from H -> D (content: xi=13/3 R26+KK lock (R26\b)),Forward-pointer to PAPER_1171/1172 (xi=13/3 R26+KK lock) + PAPER_1173
772,,PAPER_772_AG_Carinae_Nebula_UQFF_LBV_Eruptive.md,D,PROMOTED from H -> D (content: xi=13/3 R26+KK lock (R26\b)),Forward-pointer to PAPER_1171/1172 (xi=13/3 R26+KK lock) + PAPER_1173
773,,PAPER_773_M42_Orion_Nebula_UQFF_HII_Star_Nursery.md,D,PROMOTED from H -> D (content: xi=13/3 R26+KK lock (R26\b)),Forward-pointer to PAPER_1171/1172 (xi=13/3 R26+KK lock) + PAPER_1173
774,,PAPER_774_Tarantula_Nebula_30Dor_UQFF_Extreme_Starburst.md,D,PROMOTED from H -> D (content: xi=13/3 R26+KK lock (R26\b)),Forward-pointer to PAPER_1171/1172 (xi=13/3 R26+KK lock) + PAPER_1173
775,,PAPER_775_NGC2841_Quiet_Flocculent_Spiral_UQFF.md,D,PROMOTED from H -> D (content: xi=13/3 R26+KK lock (R26\b)),Forward-pointer to PAPER_1171/1172 (xi=13/3 R26+KK lock) + PAPER_1173
776,,PAPER_776_Mystic_Mountain_Carina_UQFF_Dust_Pillar.md,D,PROMOTED from H -> D (content: xi=13/3 R26+KK lock (R26\b)),Forward-pointer to PAPER_1171/1172 (xi=13/3 R26+KK lock) + PAPER_1173
777,,PAPER_777_NGC6217_Barred_Spiral_UQFF.md,D,PROMOTED from H -> D (content: xi=13/3 R26+KK lock (R26\b)),Forward-pointer to PAPER_1171/1172 (xi=13/3 R26+KK lock) + PAPER_1173
778,,PAPER_778_Stephans_Quintet_UQFF_Galaxy_Group.md,D,PROMOTED from H -> D (content: xi=13/3 R26+KK lock (R26\b)),Forward-pointer to PAPER_1171/1172 (xi=13/3 R26+KK lock) + PAPER_1173
779,,PAPER_779_NGC7049_Lenticular_UQFF.md,D,PROMOTED from H -> D (content: xi=13/3 R26+KK lock (R26\b)),Forward-pointer to PAPER_1171/1172 (xi=13/3 R26+KK lock) + PAPER_1173
780,,PAPER_780_Carina_NGC3324_Cosmic_Cliffs_UQFF.md,D,PROMOTED from H -> D (content: xi=13/3 R26+KK lock (R26\b)),Forward-pointer to PAPER_1171/1172 (xi=13/3 R26+KK lock) + PAPER_1173
781,,PAPER_781_M74_Phantom_Galaxy_UQFF.md,D,PROMOTED from H -> D (content: xi=13/3 R26+KK lock (R26\b)),Forward-pointer to PAPER_1171/1172 (xi=13/3 R26+KK lock) + PAPER_1173
782,,PAPER_782_NGC1672_Barred_Spiral_UQFF.md,D,PROMOTED from H -> D (content: xi=13/3 R26+KK lock (R26\b)),Forward-pointer to PAPER_1171/1172 (xi=13/3 R26+KK lock) + PAPER_1173
783,,PAPER_783_NGC5866_Edge_On_Lenticular_UQFF.md,D,PROMOTED from H -> D (content: xi=13/3 R26+KK lock (R26\b)),Forward-pointer to PAPER_1171/1172 (xi=13/3 R26+KK lock) + PAPER_1173
784,,PAPER_784_M82_Cigar_Starburst_Galaxy_UQFF.md,D,PROMOTED from H -> D (content: xi=13/3 R26+KK lock (R26\b)),Forward-pointer to PAPER_1171/1172 (xi=13/3 R26+KK lock) + PAPER_1173
785,,PAPER_785_Spirograph_IC418_Planetary_Nebula_UQFF.md,D,PROMOTED from H -> D (content: xi=13/3 R26+KK lock (R26\b)),Forward-pointer to PAPER_1171/1172 (xi=13/3 R26+KK lock) + PAPER_1173
786,,PAPER_786_NGC4826_Black_Eye_Galaxy_Three_UQFF.md,D,PROMOTED from H -> D (content: xi=13/3 R26+KK lock (R26\b)),Forward-pointer to PAPER_1171/1172 (xi=13/3 R26+KK lock) + PAPER_1173
787,,PAPER_787_NGC1805_LMC_Cluster_Three_UQFF.md,D,PROMOTED from H -> D (content: xi=13/3 R26+KK lock (R26\b)),Forward-pointer to PAPER_1171/1172 (xi=13/3 R26+KK lock) + PAPER_1173
788,,PAPER_788_NGC6307_NGC7027_PN_Pair_Three_UQFF.md,D,PROMOTED from H -> D (content: xi=13/3 R26+KK lock (R26\b)),Forward-pointer to PAPER_1171/1172 (xi=13/3 R26+KK lock) + PAPER_1173
789,,PAPER_789_Cassini_Ring_Gaps_Three_UQFF.md,D,PROMOTED from H -> D (content: xi=13/3 R26+KK lock (R26\b)),Forward-pointer to PAPER_1171/1172 (xi=13/3 R26+KK lock) + PAPER_1173
790,,PAPER_790_ESO391_12_Lenticular_Three_UQFF.md,D,PROMOTED from H -> D (content: xi=13/3 R26+KK lock (R26\b)),Forward-pointer to PAPER_1171/1172 (xi=13/3 R26+KK lock) + PAPER_1173
791,,PAPER_791_M57_Ring_Nebula_Three_UQFF.md,D,PROMOTED from H -> D (content: xi=13/3 R26+KK lock (R26\b)),Forward-pointer to PAPER_1171/1172 (xi=13/3 R26+KK lock) + PAPER_1173
792,,PAPER_792_LMC_Large_Magellanic_Cloud_Three_UQFF.md,D,PROMOTED from H -> D (content: xi=13/3 R26+KK lock (R26\b)),Forward-pointer to PAPER_1171/1172 (xi=13/3 R26+KK lock) + PAPER_1173
793,,PAPER_793_ESO510_G13_Warped_Spiral_Three_UQFF.md,D,PROMOTED from H -> D (content: xi=13/3 R26+KK lock (R26\b)),Forward-pointer to PAPER_1171/1172 (xi=13/3 R26+KK lock) + PAPER_1173
794,,PAPER_794_NGC2525_SN2018gv_Barred_Spiral_UQFF.md,D,PROMOTED from H -> D (content: xi=13/3 R26+KK lock (R26\b)),Forward-pointer to PAPER_1171/1172 (xi=13/3 R26+KK lock) + PAPER_1173
795,,PAPER_795_NGC3603_Extreme_Star_Cluster_UQFF.md,D,PROMOTED from H -> D (content: xi=13/3 R26+KK lock (R26\b)),Forward-pointer to PAPER_1171/1172 (xi=13/3 R26+KK lock) + PAPER_1173
796,,PAPER_796_NGC1275_Perseus_AGN_Filamentary_UQFF.md,D,PROMOTED from H -> D (content: xi=13/3 R26+KK lock (R26\b)),Forward-pointer to PAPER_1171/1172 (xi=13/3 R26+KK lock) + PAPER_1173
797,,PAPER_797_NGC1792_Stellar_Forge_Starburst_UQFF.md,D,PROMOTED from H -> D (content: xi=13/3 R26+KK lock (R26\b)),Forward-pointer to PAPER_1171/1172 (xi=13/3 R26+KK lock) + PAPER_1173
798,,PAPER_798_AFGL5180_Massive_SFR_Three_UQFF.md,D,PROMOTED from H -> D (content: xi=13/3 R26+KK lock (R26\b)),Forward-pointer to PAPER_1171/1172 (xi=13/3 R26+KK lock) + PAPER_1173
799,,PAPER_799_NGC2174_Monkey_Head_Nebula_Three_UQFF.md,D,PROMOTED from H -> D (content: xi=13/3 R26+KK lock (R26\b)),Forward-pointer to PAPER_1171/1172 (xi=13/3 R26+KK lock) + PAPER_1173
800,,PAPER_800_NGC685_Barred_Spiral_Three_UQFF.md,D,PROMOTED from H -> D (content: xi=13/3 R26+KK lock (R26\b)),Forward-pointer to PAPER_1171/1172 (xi=13/3 R26+KK lock) + PAPER_1173
801,,PAPER_801_NGC3507_Spiral_Three_UQFF.md,D,PROMOTED from H -> D (content: xi=13/3 R26+KK lock (R26\b)),Forward-pointer to PAPER_1171/1172 (xi=13/3 R26+KK lock) + PAPER_1173
802,,PAPER_802_NGC3511_Spiral_Crater_Three_UQFF.md,D,PROMOTED from H -> D (content: xi=13/3 R26+KK lock (R26\b)),Forward-pointer to PAPER_1171/1172 (xi=13/3 R26+KK lock) + PAPER_1173
803,,PAPER_803_NGC3596_Gas_Nebula_Spiral_Three_UQFF.md,D,PROMOTED from H -> D (content: xi=13/3 R26+KK lock (R26\b)),Forward-pointer to PAPER_1171/1172 (xi=13/3 R26+KK lock) + PAPER_1173
804,,PAPER_804_NGC1961_Spiral_Three_UQFF.md,D,PROMOTED from H -> D (content: xi=13/3 R26+KK lock (R26\b)),Forward-pointer to PAPER_1171/1172 (xi=13/3 R26+KK lock) + PAPER_1173
805,,PAPER_805_NGC5335_Spiral_Three_UQFF.md,D,PROMOTED from H -> D (content: xi=13/3 R26+KK lock (R26\b)),Forward-pointer to PAPER_1171/1172 (xi=13/3 R26+KK lock) + PAPER_1173
806,,PAPER_806_DPM_Species_Index_ACP_UQFF.md,F,filename: _Index,"Update tables; add P6-P14, CP4 #254-#264, ref PAPER_1167/1170/1174"
807,,PAPER_807_CGM_Metal_Retention_UQFF_Theorem.md,D,PROMOTED from H -> D (content: xi=13/3 R26+KK lock (R26\b)),Forward-pointer to PAPER_1171/1172 (xi=13/3 R26+KK lock) + PAPER_1173
808,,PAPER_808_ACP_Universal_Cycle_Notes_Physics.md,D,PROMOTED from H -> D (content: xi=13/3 R26+KK lock (R26\b)),Forward-pointer to PAPER_1171/1172 (xi=13/3 R26+KK lock) + PAPER_1173
809,,PAPER_809_NGC3603_Clean_UQFF_Streamlined_Gravity.md,D,PROMOTED from H -> D (content: xi=13/3 R26+KK lock (R26\b)),Forward-pointer to PAPER_1171/1172 (xi=13/3 R26+KK lock) + PAPER_1173
810,,PAPER_810_BubbleNebula_NGC7635_Clean_UQFF_StellarWind.md,D,PROMOTED from H -> D (content: xi=13/3 R26+KK lock (R26\b)),Forward-pointer to PAPER_1171/1172 (xi=13/3 R26+KK lock) + PAPER_1173
811,,PAPER_811_Antennae_Galaxies_NGC4038_4039_Clean_UQFF_Merger.md,D,PROMOTED from H -> D (content: xi=13/3 R26+KK lock (R26\b)),Forward-pointer to PAPER_1171/1172 (xi=13/3 R26+KK lock) + PAPER_1173
812,,PAPER_812_ACP_Dynamic_Qwave_THz_Hole_UBmi_Belly_Button_UQFF.md,D,PROMOTED from H -> D (content: xi=13/3 R26+KK lock (R26\b)),Forward-pointer to PAPER_1171/1172 (xi=13/3 R26+KK lock) + PAPER_1173
813,,PAPER_813_NASA_Magnetic_Buoyancy_Thorium_Aether_Vortex_Bi_Field_UQFF.md,D,PROMOTED from H -> D (content: xi=13/3 R26+KK lock (R26\b)),Forward-pointer to PAPER_1171/1172 (xi=13/3 R26+KK lock) + PAPER_1173
814,,PAPER_814_Quadriadic_UQFF_NANOGrav_15yr_AGN_SMBH_Coevolution.md,D,PROMOTED from H -> D (content: xi=13/3 R26+KK lock (R26\b)),Forward-pointer to PAPER_1171/1172 (xi=13/3 R26+KK lock) + PAPER_1173
815,,PAPER_815_VDF_GSMF_SMBH_Mass_Function_Velocity_Dispersion_UQFF.md,D,PROMOTED from H -> D (content: xi=13/3 R26+KK lock (R26\b)),Forward-pointer to PAPER_1171/1172 (xi=13/3 R26+KK lock) + PAPER_1173
816,,PAPER_816_EHT_ngEHT_BHEX_New_SMBH_Population_Photon_Ring_UQFF.md,D,PROMOTED from H -> D (content: xi=13/3 R26+KK lock (R26\b)),Forward-pointer to PAPER_1171/1172 (xi=13/3 R26+KK lock) + PAPER_1173
817,,PAPER_817_GRMHD_Binary_BH_Merger_Accretion_Modulation_UQFF.md,D,PROMOTED from H -> D (content: xi=13/3 R26+KK lock (R26\b)),Forward-pointer to PAPER_1171/1172 (xi=13/3 R26+KK lock) + PAPER_1173
818,,PAPER_818_GRMHD_3D_BH_ISCO_Stress_Accretion_Efficiency_UQFF.md,D,PROMOTED from H -> D (content: xi=13/3 R26+KK lock (R26\b)),Forward-pointer to PAPER_1171/1172 (xi=13/3 R26+KK lock) + PAPER_1173
819,,PAPER_819_GRMHD_NS_Merger_Disk_GW170817_Extended_Kilonova_UQFF.md,D,PROMOTED from H -> D (content: xi=13/3 R26+KK lock (R26\b)),Forward-pointer to PAPER_1171/1172 (xi=13/3 R26+KK lock) + PAPER_1173
820,,PAPER_820_Neutrino_Cooled_Accretion_Disk_Dynamo_Cycle_UQFF.md,D,PROMOTED from H -> D (content: xi=13/3 R26+KK lock (R26\b)),Forward-pointer to PAPER_1171/1172 (xi=13/3 R26+KK lock) + PAPER_1173
821,,PAPER_821_RIAF_CRP_IceCube_Neutrino_Background_LLAGN_UQFF.md,D,PROMOTED from H -> D (content: xi=13/3 R26+KK lock (R26\b)),Forward-pointer to PAPER_1171/1172 (xi=13/3 R26+KK lock) + PAPER_1173
822,,PAPER_822_Quantum_Open_Energy_Integral_Proto_Shell_ACP_UQFF.md,D,PROMOTED from H -> D (content: xi=13/3 R26+KK lock (R26\b)),Forward-pointer to PAPER_1171/1172 (xi=13/3 R26+KK lock) + PAPER_1173
823,,PAPER_823_UQFF_Compression_Cycle2_Derivation_Method.md,D,PROMOTED from H -> D (content: xi=13/3 R26+KK lock (R26\b)),Forward-pointer to PAPER_1171/1172 (xi=13/3 R26+KK lock) + PAPER_1173
824,,PAPER_824_Spirals_Supernovae_Tspiral_SNterm_UQFF.md,D,PROMOTED from H -> D (content: xi=13/3 R26+KK lock (R26\b)),Forward-pointer to PAPER_1171/1172 (xi=13/3 R26+KK lock) + PAPER_1173
825,,PAPER_825_NGC6302_Bipolar_Wshock_YoungStars_Poutflow_UQFF.md,D,PROMOTED from H -> D (content: xi=13/3 R26+KK lock (R26\b)),Forward-pointer to PAPER_1171/1172 (xi=13/3 R26+KK lock) + PAPER_1173
826,,PAPER_826_Gravity_Since_BigBang_QG_DM_GW_Terms_UQFF.md,A,filename: BigBang,Add closing section: v5.78 27-decade vacuum ledger (PAPER_1170) + xi=13/3
827,,PAPER_827_Wstellar_Pterm_Orion_Eagle_HydrogenAtom_UQFF.md,D,PROMOTED from H -> D (content: xi=13/3 R26+KK lock (R26\b)),Forward-pointer to PAPER_1171/1172 (xi=13/3 R26+KK lock) + PAPER_1173
828,,PAPER_828_Aether_Resistance_Full_UQFF_FAether_kAether_dstop.md,D,PROMOTED from H -> D (content: xi=13/3 R26+KK lock (R26\b)),Forward-pointer to PAPER_1171/1172 (xi=13/3 R26+KK lock) + PAPER_1173
829,,PAPER_829_Aether_Ion_Concentration_nions_Cosmic_F_ion_evo_UQFF.md,D,PROMOTED from H -> D (content: xi=13/3 R26+KK lock (R26\b)),Forward-pointer to PAPER_1171/1172 (xi=13/3 R26+KK lock) + PAPER_1173
830,,PAPER_830_Hydrogen_Experiment1_D2O_Ethanol_Graphene_Fuel_n_isotope_UQFF.md,D,PROMOTED from H -> D (content: xi=13/3 R26+KK lock (R26\b)),Forward-pointer to PAPER_1171/1172 (xi=13/3 R26+KK lock) + PAPER_1173
831,,PAPER_831_New10Systems_F_rel_im_BSM_Imaginary_UQFF.md,D,PROMOTED from H -> D (content: xi=13/3 R26+KK lock (R26\b)),Forward-pointer to PAPER_1171/1172 (xi=13/3 R26+KK lock) + PAPER_1173
832,,PAPER_832_Ub_Model_Kepler_OrreryV_Exoplanetary_UQFF.md,D,PROMOTED from H -> D (content: xi=13/3 R26+KK lock (R26\b)),Forward-pointer to PAPER_1171/1172 (xi=13/3 R26+KK lock) + PAPER_1173
833,,PAPER_833_Universal_Gravity_Equation_Catalog_All29_UQFF_Systems.md,F,filename: _Catalog,"Update tables; add P6-P14, CP4 #254-#264, ref PAPER_1167/1170/1174"
834,,PAPER_834_Fgal_Galactic_DarkMatter_NFW_Coupling_UQFF.md,D,PROMOTED from H -> D (content: xi=13/3 R26+KK lock (R26\b)),Forward-pointer to PAPER_1171/1172 (xi=13/3 R26+KK lock) + PAPER_1173
835,,PAPER_835_ColmanGillespie_LENR_Field_Generator_UQFF.md,D,PROMOTED from I -> D (content: xi=13/3 R26+KK lock (R26\b)),Forward-pointer to PAPER_1171/1172 (xi=13/3 R26+KK lock) + PAPER_1173
836,,PAPER_836_Chandra_35System_UQFF_Survey_NegativeBuoyancy.md,D,PROMOTED from H -> D (content: xi=13/3 R26+KK lock (R26\b)),Forward-pointer to PAPER_1171/1172 (xi=13/3 R26+KK lock) + PAPER_1173
837,,PAPER_837_Fquark_Fneutrino_FALP_Fdark_ArXiv_Bridge_UQFF.md,D,PROMOTED from H -> D (content: xi=13/3 R26+KK lock (R26\b)),Forward-pointer to PAPER_1171/1172 (xi=13/3 R26+KK lock) + PAPER_1173
838,,PAPER_838_Chandra_SNR_Nebula_UQFF_Batch2.md,D,PROMOTED from H -> D (content: xi=13/3 R26+KK lock (R26\b)),Forward-pointer to PAPER_1171/1172 (xi=13/3 R26+KK lock) + PAPER_1173
839,,PAPER_839_ADD_Large_Extra_Dimensions_FLED_UQFF.md,D,filename: Extra_Dimensions,Forward-pointer to PAPER_1171/1172 (xi=13/3 R26+KK lock) + PAPER_1173
840,,PAPER_840_Kozima_LENR_Neutron_Drop_Fneutron_UQFF.md,D,PROMOTED from I -> D (content: xi=13/3 R26+KK lock (R26\b)),Forward-pointer to PAPER_1171/1172 (xi=13/3 R26+KK lock) + PAPER_1173
841,,PAPER_841_UQFF_Millennium_Prize_Applications.md,G,filename: Millennium,Verify v5.78 closed-Lagrangian/ledger cross-ref is present (Sess 225 baseline)
842,,PAPER_842_Floyd_Sweet_VTA_6Document_PCVT_Motional_Efield.md,D,PROMOTED from H -> D (content: xi=13/3 R26+KK lock (R26\b)),Forward-pointer to PAPER_1171/1172 (xi=13/3 R26+KK lock) + PAPER_1173
843,,PAPER_843_Chandra_Batch1_GC_Eagle_HBC672_NGC7469_Virgo.md,D,PROMOTED from H -> D (content: xi=13/3 R26+KK lock (R26\b)),Forward-pointer to PAPER_1171/1172 (xi=13/3 R26+KK lock) + PAPER_1173
844,,PAPER_844_Chandra_25th_Anniversary_Crab_Orion_NGC6334.md,D,PROMOTED from H -> D (content: xi=13/3 R26+KK lock (R26\b)),Forward-pointer to PAPER_1171/1172 (xi=13/3 R26+KK lock) + PAPER_1173
845,,PAPER_845_Chandra_Survey_MACSJ0416_3C58_Exo_SMBH_Westerlund1.md,D,PROMOTED from H -> D (content: xi=13/3 R26+KK lock (R26\b)),Forward-pointer to PAPER_1171/1172 (xi=13/3 R26+KK lock) + PAPER_1173
846,,PAPER_846_Chandra_DeathStar_16SMBH_GCVent_Timelapse.md,D,PROMOTED from H -> D (content: xi=13/3 R26+KK lock (R26\b)),Forward-pointer to PAPER_1171/1172 (xi=13/3 R26+KK lock) + PAPER_1173
847,,PAPER_847_SNR_Nebulae_DeepSearch_Vela_Tycho_Helix_SNR1181_NGC6543.md,D,PROMOTED from H -> D (content: xi=13/3 R26+KK lock (R26\b)),Forward-pointer to PAPER_1171/1172 (xi=13/3 R26+KK lock) + PAPER_1173
848,,PAPER_848_Sonification_H1821_IC443_M74_MSH1552_SDSSJ1531_SgrA.md,D,PROMOTED from H -> D (content: xi=13/3 R26+KK lock (R26\b)),Forward-pointer to PAPER_1171/1172 (xi=13/3 R26+KK lock) + PAPER_1173
849,,PAPER_849_ArXiv_24Paper_BSM_Landscape_Fquark_Fneutrino_FALP_Fdark.md,D,PROMOTED from H -> D (content: xi=13/3 R26+KK lock (R26\b)),Forward-pointer to PAPER_1171/1172 (xi=13/3 R26+KK lock) + PAPER_1173
850,,PAPER_850_ADD_Graviton_Leakage_Negative_Buoyancy_SgrA.md,D,PROMOTED from H -> D (content: xi=13/3 R26+KK lock (R26\b)),Forward-pointer to PAPER_1171/1172 (xi=13/3 R26+KK lock) + PAPER_1173
851,,PAPER_851_Kozima_Neutron_Drop_Density_Scaled_8System_PSRJ0030.md,D,PROMOTED from I -> D (content: xi=13/3 R26+KK lock (R26\b)),Forward-pointer to PAPER_1171/1172 (xi=13/3 R26+KK lock) + PAPER_1173
852,,PAPER_852_LENR_Next_Steps_Experimental_Design_PSRJ0030.md,E,filename: DESI,Forward-pointer to PAPER_1174 P1-P14 suite + PAPER_1177-1180
853,,PAPER_853_Solfeggio_Frequency_Pi_Encoding_Resonance_UQFF_Triadic.md,D,PROMOTED from H -> D (content: xi=13/3 R26+KK lock (R26\b)),Forward-pointer to PAPER_1171/1172 (xi=13/3 R26+KK lock) + PAPER_1173
854,,PAPER_854_LENR_Keta_3Environment_DeltaK_Buoyancy.md,D,PROMOTED from I -> D (content: xi=13/3 R26+KK lock (R26\b)),Forward-pointer to PAPER_1171/1172 (xi=13/3 R26+KK lock) + PAPER_1173
855,,PAPER_855_PseudoMonopole_26State_Vacuum_Density.md,A,filename: Vacuum_Density,Add closing section: v5.78 27-decade vacuum ledger (PAPER_1170) + xi=13/3
856,,PAPER_856_Higgs_UH_Vacuum_Excitation_KHiggs.md,D,PROMOTED from H -> D (content: xi=13/3 R26+KK lock (R26\b)),Forward-pointer to PAPER_1171/1172 (xi=13/3 R26+KK lock) + PAPER_1173
857,,PAPER_857_NGC346_Ug3_StarFormation_Temp_Vrad.md,D,PROMOTED from H -> D (content: xi=13/3 R26+KK lock (R26\b)),Forward-pointer to PAPER_1171/1172 (xi=13/3 R26+KK lock) + PAPER_1173
858,,PAPER_858_Westerlund2_Quadriadic_RealImaginary.md,D,PROMOTED from H -> D (content: xi=13/3 R26+KK lock (R26\b)),Forward-pointer to PAPER_1171/1172 (xi=13/3 R26+KK lock) + PAPER_1173
859,,PAPER_859_MicroPlasmoid_25um_LENR_BuoyancyReversal.md,D,PROMOTED from I -> D (content: xi=13/3 R26+KK lock (R26\b)),Forward-pointer to PAPER_1171/1172 (xi=13/3 R26+KK lock) + PAPER_1173
860,,PAPER_860_Neutrino_Energy_UQFF_Vacuum_Ratio.md,D,PROMOTED from H -> D (content: xi=13/3 R26+KK lock (R26\b)),Forward-pointer to PAPER_1171/1172 (xi=13/3 R26+KK lock) + PAPER_1173
861,,PAPER_861_KeplerOrreryV_35Frame_Iterative_Ub.md,D,PROMOTED from H -> D (content: xi=13/3 R26+KK lock (R26\b)),Forward-pointer to PAPER_1171/1172 (xi=13/3 R26+KK lock) + PAPER_1173
862,,PAPER_862_Universal_Magnetism_Um_Master_Equation.md,D,PROMOTED from H -> D (content: xi=13/3 R26+KK lock (R26\b)),Forward-pointer to PAPER_1171/1172 (xi=13/3 R26+KK lock) + PAPER_1173
863,,PAPER_863_Water_Reactor_Birkeland_H2_Electrolysis_Efficiency.md,D,PROMOTED from H -> D (content: xi=13/3 R26+KK lock (R26\b)),Forward-pointer to PAPER_1171/1172 (xi=13/3 R26+KK lock) + PAPER_1173
864,,PAPER_864_LRC_PseudoMonopole_SparkGap_Resonance.md,D,PROMOTED from H -> D (content: xi=13/3 R26+KK lock (R26\b)),Forward-pointer to PAPER_1171/1172 (xi=13/3 R26+KK lock) + PAPER_1173
865,,PAPER_865_FieldGenerator_Spooky_NonLocal_TempDrop.md,D,PROMOTED from H -> D (content: xi=13/3 R26+KK lock (R26\b)),Forward-pointer to PAPER_1171/1172 (xi=13/3 R26+KK lock) + PAPER_1173
866,,PAPER_866_DCEACE_Reversal_NdFeB_Caduceus_Motor.md,D,PROMOTED from H -> D (content: xi=13/3 R26+KK lock (R26\b)),Forward-pointer to PAPER_1171/1172 (xi=13/3 R26+KK lock) + PAPER_1173
867,,PAPER_867_Mosquito_BioThermal_Efficiency_Benchmark.md,D,PROMOTED from H -> D (content: xi=13/3 R26+KK lock (R26\b)),Forward-pointer to PAPER_1171/1172 (xi=13/3 R26+KK lock) + PAPER_1173
868,,PAPER_868_Topoconductor_Quantum_Cooling_Comparison.md,D,PROMOTED from H -> D (content: xi=13/3 R26+KK lock (R26\b)),Forward-pointer to PAPER_1171/1172 (xi=13/3 R26+KK lock) + PAPER_1173
869,,PAPER_869_MilkyWay_82Day_StarTracking_UFT_Analysis.md,D,PROMOTED from H -> D (content: xi=13/3 R26+KK lock (R26\b)),Forward-pointer to PAPER_1171/1172 (xi=13/3 R26+KK lock) + PAPER_1173
870,,PAPER_870_DPM_Extended_Periodic_Table_Proportion.md,D,PROMOTED from H -> D (content: xi=13/3 R26+KK lock (R26\b)),Forward-pointer to PAPER_1171/1172 (xi=13/3 R26+KK lock) + PAPER_1173
871,,PAPER_871_Universal_Speed_Range_Photon_Deceleration.md,D,PROMOTED from H -> D (content: KK tower / sub-mm Yukawa (L_?KK)),Forward-pointer to PAPER_1171/1172 (xi=13/3 R26+KK lock) + PAPER_1173
872,,PAPER_872_ProtoIronProtoSiliconNuclearIdentityCalc.md,D,PROMOTED from H -> D (content: xi=13/3 R26+KK lock (R26\b)),Forward-pointer to PAPER_1171/1172 (xi=13/3 R26+KK lock) + PAPER_1173
873,,PAPER_873_Ug1DPMGeophysicalGeometrySummationCalc.md,D,PROMOTED from H -> D (content: xi=13/3 R26+KK lock (R26\b)),Forward-pointer to PAPER_1171/1172 (xi=13/3 R26+KK lock) + PAPER_1173
874,,PAPER_874_Ug3ElectronTaggingTHzCirculationCalc.md,D,PROMOTED from H -> D (content: xi=13/3 R26+KK lock (R26\b)),Forward-pointer to PAPER_1171/1172 (xi=13/3 R26+KK lock) + PAPER_1173
875,,PAPER_875_SMMagSurfaceConductionFragmentAssemblyCalc.md,D,PROMOTED from H -> D (content: xi=13/3 R26+KK lock (R26\b)),Forward-pointer to PAPER_1171/1172 (xi=13/3 R26+KK lock) + PAPER_1173
876,,PAPER_876_DPMCoherentConsciousnessSpookyActionCalc.md,D,PROMOTED from H -> D (content: xi=13/3 R26+KK lock (R26\b)),Forward-pointer to PAPER_1171/1172 (xi=13/3 R26+KK lock) + PAPER_1173
877,,PAPER_877_Three_Assumption_UQFF_Cosmogenesis.md,A,filename: Cosmogenesis,Add closing section: v5.78 27-decade vacuum ledger (PAPER_1170) + xi=13/3
878,,PAPER_878_SCm_Gaussian_Activation_BField_Suppression.md,D,PROMOTED from H -> D (content: xi=13/3 R26+KK lock (R26\b)),Forward-pointer to PAPER_1171/1172 (xi=13/3 R26+KK lock) + PAPER_1173
879,,PAPER_879_Buoyancy_Klein_Gordon_Scalar_Field_EOM.md,D,PROMOTED from H -> D (content: xi=13/3 R26+KK lock (R26\b)),Forward-pointer to PAPER_1171/1172 (xi=13/3 R26+KK lock) + PAPER_1173
880,,PAPER_880_Positive_Et_Buoyancy_Expansion_Master.md,D,PROMOTED from H -> D (content: xi=13/3 R26+KK lock (R26\b)),Forward-pointer to PAPER_1171/1172 (xi=13/3 R26+KK lock) + PAPER_1173
881,,PAPER_881_Kozima_Expansion_Neutron_Drop_Coupling.md,D,PROMOTED from I -> D (content: xi=13/3 R26+KK lock (R26\b)),Forward-pointer to PAPER_1171/1172 (xi=13/3 R26+KK lock) + PAPER_1173
882,,PAPER_882_Expansion_Lagrangian_Euler_Lagrange.md,B,filename: Lagrangian_Euler_Lagrange,Add closed-Lagrangian cross-ref (PAPER_1159-1167 G1-G8) + CP4 #254
883,,PAPER_883_Negative_Et_Buoyancy_Erosion_Master.md,D,PROMOTED from H -> D (content: xi=13/3 R26+KK lock (R26\b)),Forward-pointer to PAPER_1171/1172 (xi=13/3 R26+KK lock) + PAPER_1173
884,,PAPER_884_Net_Energy_Eplus_Eminus_Evolution.md,D,PROMOTED from H -> D (content: xi=13/3 R26+KK lock (R26\b)),Forward-pointer to PAPER_1171/1172 (xi=13/3 R26+KK lock) + PAPER_1173
885,,PAPER_885_GW_Damping_Erosion_66_Percent.md,D,PROMOTED from H -> D (content: xi=13/3 R26+KK lock (R26\b)),Forward-pointer to PAPER_1171/1172 (xi=13/3 R26+KK lock) + PAPER_1173
886,,PAPER_886_Erosion_Lagrangian_Euler_Lagrange.md,B,filename: Lagrangian_Euler_Lagrange,Add closed-Lagrangian cross-ref (PAPER_1159-1167 G1-G8) + CP4 #254
887,,PAPER_887_UQFF_Vs_String_Theory_10_Aspect_Comparison.md,D,PROMOTED from H -> D (content: xi=13/3 R26+KK lock (R26\b)),Forward-pointer to PAPER_1171/1172 (xi=13/3 R26+KK lock) + PAPER_1173
888,,PAPER_888_Et_Full_Lagrangian_Unified_Derivation.md,B,filename: Full_Lagrangian_Unified,Add closed-Lagrangian cross-ref (PAPER_1159-1167 G1-G8) + CP4 #254
889,,PAPER_889_Et_Vs_LambdaCDM_Dark_Energy_Contrast.md,A,filename: Dark_Energy,Add closing section: v5.78 27-decade vacuum ledger (PAPER_1170) + xi=13/3
890,,PAPER_890_SCm_Vacuum_Density_Evolution.md,A,filename: Vacuum_Density,Add closing section: v5.78 27-decade vacuum ledger (PAPER_1170) + xi=13/3
891,,PAPER_891_SCm_Net_Energy_Buoyancy_Regime.md,D,PROMOTED from H -> D (content: xi=13/3 R26+KK lock (R26\b)),Forward-pointer to PAPER_1171/1172 (xi=13/3 R26+KK lock) + PAPER_1173
892,,PAPER_892_SCm_Kozima_Phonon_Resonance_Coupling.md,D,PROMOTED from I -> D (content: xi=13/3 R26+KK lock (R26\b)),Forward-pointer to PAPER_1171/1172 (xi=13/3 R26+KK lock) + PAPER_1173
893,,PAPER_893_SCm_Phonon_Modulated_Energy_Phi.md,D,PROMOTED from H -> D (content: xi=13/3 R26+KK lock (R26\b)),Forward-pointer to PAPER_1171/1172 (xi=13/3 R26+KK lock) + PAPER_1173
894,,PAPER_894_SCm_Et_Lagrangian_Variation.md,D,PROMOTED from H -> D (content: xi=13/3 R26+KK lock (R26\b)),Forward-pointer to PAPER_1171/1172 (xi=13/3 R26+KK lock) + PAPER_1173
895,,PAPER_895_Et_Vs_Quintessence_Scalar_Field_Contrast.md,A,filename: Quintessence,Add closing section: v5.78 27-decade vacuum ledger (PAPER_1170) + xi=13/3
896,,PAPER_896_Phonon_Modulation_Factor_125THz_Gaussian.md,D,PROMOTED from H -> D (content: xi=13/3 R26+KK lock (R26\b)),Forward-pointer to PAPER_1171/1172 (xi=13/3 R26+KK lock) + PAPER_1173
897,,PAPER_897_Phonon_Modulated_Energy_Enet_Phonon.md,D,PROMOTED from H -> D (content: xi=13/3 R26+KK lock (R26\b)),Forward-pointer to PAPER_1171/1172 (xi=13/3 R26+KK lock) + PAPER_1173
898,,PAPER_898_Phonon_Lagrangian_Phi_S26_Derivation.md,D,PROMOTED from H -> D (content: xi=13/3 R26+KK lock (R26\b)),Forward-pointer to PAPER_1171/1172 (xi=13/3 R26+KK lock) + PAPER_1173
899,,PAPER_899_Buoyancy_Reversal_Sign_Flip_Resonance.md,D,PROMOTED from H -> D (content: xi=13/3 R26+KK lock (R26\b)),Forward-pointer to PAPER_1171/1172 (xi=13/3 R26+KK lock) + PAPER_1173
900,,PAPER_900_Et_Vs_KEssence_Scherrer_Model_Contrast.md,D,PROMOTED from H -> D (content: xi=13/3 R26+KK lock (R26\b)),Forward-pointer to PAPER_1171/1172 (xi=13/3 R26+KK lock) + PAPER_1173
901,,PAPER_901_Phonon_Modified_Christoffel_Geodesic_Equation.md,E,filename: DESI,Forward-pointer to PAPER_1174 P1-P14 suite + PAPER_1177-1180
902,,PAPER_902_Master_Stellar_Wind_Phonon_Et_Equation.md,H,filename: no v5.78 trigger -> default H,NO UPDATE (specific system / framework application)
903,,PAPER_903_Rosette_Nebula_NGC2237_UQFF.md,H,filename: no v5.78 trigger -> default H,NO UPDATE (specific system / framework application)
904,,PAPER_904_Nebula_Observation_Comparison_UQFF.md,H,filename: no v5.78 trigger -> default H,NO UPDATE (specific system / framework application)
905,,PAPER_905_Phonon_Ergosphere_Superradiance.md,H,filename: no v5.78 trigger -> default H,NO UPDATE (specific system / framework application)
906,,PAPER_906_Phonon_QPO_Accretion_Disk_Coupling.md,H,filename: no v5.78 trigger -> default H,NO UPDATE (specific system / framework application)
907,,PAPER_907_Stellar_Wind_Buoyancy_Lagrangian_Variation.md,H,filename: no v5.78 trigger -> default H,NO UPDATE (specific system / framework application)
908,,PAPER_908_Phonon_Jet_Launching_M87_SgrA.md,H,filename: no v5.78 trigger -> default H,NO UPDATE (specific system / framework application)
909,,PAPER_909_Phonon_Modulated_Hawking_Temperature.md,H,filename: no v5.78 trigger -> default H,NO UPDATE (specific system / framework application)
910,,PAPER_910_Numerical_BH_Jet_Modulation_Factor.md,H,filename: no v5.78 trigger -> default H,NO UPDATE (specific system / framework application)
911,,PAPER_911_Jet_Collimation_Linewidth_Gamma.md,H,filename: no v5.78 trigger -> default H,NO UPDATE (specific system / framework application)
912,,PAPER_912_Phonon_NS_Spin_Down_Magnetic_Dipole.md,H,filename: no v5.78 trigger -> default H,NO UPDATE (specific system / framework application)
913,,PAPER_913_Magnetar_Spin_Down_Phonon_Timescale.md,H,filename: no v5.78 trigger -> default H,NO UPDATE (specific system / framework application)
914,,PAPER_914_Tidal_Deformability_Phonon_Correction.md,H,filename: no v5.78 trigger -> default H,NO UPDATE (specific system / framework application)
915,,PAPER_915_GW170817_Phonon_Strain_Damping.md,H,filename: no v5.78 trigger -> default H,NO UPDATE (specific system / framework application)
916,,PAPER_916_GW190425_Mass_Gap_Phonon_Suppression.md,H,filename: no v5.78 trigger -> default H,NO UPDATE (specific system / framework application)
917,,PAPER_917_Exponential_Strain_Phonon_Evolution.md,H,filename: no v5.78 trigger -> default H,NO UPDATE (specific system / framework application)
918,,PAPER_918_Matched_Filter_SNR_Phonon_Damping.md,H,filename: no v5.78 trigger -> default H,NO UPDATE (specific system / framework application)
919,,PAPER_919_SgrA_Flare_Contrast_Phonon_Gamma.md,H,filename: no v5.78 trigger -> default H,NO UPDATE (specific system / framework application)
920,,PAPER_920_Monte_Carlo_Jet_Power_Sampling.md,H,filename: no v5.78 trigger -> default H,NO UPDATE (specific system / framework application)
921,,PAPER_921_Inspiral_Phase_Lag_Phonon_Integral.md,H,filename: no v5.78 trigger -> default H,NO UPDATE (specific system / framework application)
922,,PAPER_922_M87_Jet_Power_Curve_Gamma_Match.md,H,filename: no v5.78 trigger -> default H,NO UPDATE (specific system / framework application)
923,,PAPER_923_SCm_Phonon_Resonance_Acceleration.md,H,filename: no v5.78 trigger -> default H,NO UPDATE (specific system / framework application)
924,,PAPER_924_BH_Phonon_Ergosphere_Superradiance.md,H,filename: no v5.78 trigger -> default H,NO UPDATE (specific system / framework application)
925,,PAPER_925_Quasar_Jet_Phonon_Modulation.md,H,filename: no v5.78 trigger -> default H,NO UPDATE (specific system / framework application)
926,,PAPER_926_Multi_AGN_Monte_Carlo_Jet_Power.md,H,filename: no v5.78 trigger -> default H,NO UPDATE (specific system / framework application)
927,,PAPER_927_GW190425_Phonon_Suppressed_Strain.md,H,filename: no v5.78 trigger -> default H,NO UPDATE (specific system / framework application)
928,,PAPER_928_GW190425_Wavelength_Phonon_Correction.md,H,filename: no v5.78 trigger -> default H,NO UPDATE (specific system / framework application)
929,,PAPER_929_NS_Phonon_Spindown_Correction.md,H,filename: no v5.78 trigger -> default H,NO UPDATE (specific system / framework application)
930,,PAPER_930_Production_Scaling_V7_Benchmark.md,H,filename: no v5.78 trigger -> default H,NO UPDATE (specific system / framework application)
931,,PAPER_931_SCm_Phonon_Linewidth_Enet_Evolution.md,H,filename: no v5.78 trigger -> default H,NO UPDATE (specific system / framework application)
932,,PAPER_932_Blazar_Ergosphere_Phonon_Resonance.md,H,filename: no v5.78 trigger -> default H,NO UPDATE (specific system / framework application)
933,,PAPER_933_Extended_AGN_Three_Point_Jet_Power_Curves.md,H,filename: no v5.78 trigger -> default H,NO UPDATE (specific system / framework application)
934,,PAPER_934_GW170817_Phonon_Suppressed_Strain.md,H,filename: no v5.78 trigger -> default H,NO UPDATE (specific system / framework application)
935,,PAPER_935_GW170817_Tidal_Deformability_Phonon_Correction.md,H,filename: no v5.78 trigger -> default H,NO UPDATE (specific system / framework application)
936,,PAPER_936_GW170817_Inspiral_Phase_Lag.md,H,filename: no v5.78 trigger -> default H,NO UPDATE (specific system / framework application)
937,,PAPER_937_Blazar_Multi_Messenger_Phonon_Correlation.md,H,filename: no v5.78 trigger -> default H,NO UPDATE (specific system / framework application)
938,,PAPER_938_Production_Scaling_V8_Benchmark.md,H,filename: no v5.78 trigger -> default H,NO UPDATE (specific system / framework application)
939,,PAPER_939_Centaurus_A_Jet_Power_Curves.md,H,filename: no v5.78 trigger -> default H,NO UPDATE (specific system / framework application)
940,,PAPER_940_TXS_0506_Jet_Power_Curves.md,H,filename: no v5.78 trigger -> default H,NO UPDATE (specific system / framework application)
941,,PAPER_941_Linewidth_Jet_Modulation_Engine.md,H,filename: no v5.78 trigger -> default H,NO UPDATE (specific system / framework application)
942,,PAPER_942_Collimation_Power_Mapping.md,H,filename: no v5.78 trigger -> default H,NO UPDATE (specific system / framework application)
943,,PAPER_943_SMBH_Binary_Merger_Phonon.md,H,filename: no v5.78 trigger -> default H,NO UPDATE (specific system / framework application)
944,,PAPER_944_Merger_Strain_Damping.md,H,filename: no v5.78 trigger -> default H,NO UPDATE (specific system / framework application)
945,,PAPER_945_Merger_Phase_Lag.md,H,filename: no v5.78 trigger -> default H,NO UPDATE (specific system / framework application)
946,,PAPER_946_Merger_Lagrangian_Variation.md,H,filename: no v5.78 trigger -> default H,NO UPDATE (specific system / framework application)
947,,PAPER_947_GW190425_Mass_Gap_Phonon.md,H,filename: no v5.78 trigger -> default H,NO UPDATE (specific system / framework application)
948,,PAPER_948_Production_Scaling_V9_Benchmark.md,H,filename: no v5.78 trigger -> default H,NO UPDATE (specific system / framework application)
949,,PAPER_949_BCS_Gap_Equation_SCm.md,H,filename: no v5.78 trigger -> default H,NO UPDATE (specific system / framework application)
950,,PAPER_950_BCS_Critical_Temperature.md,H,filename: no v5.78 trigger -> default H,NO UPDATE (specific system / framework application)
951,,PAPER_951_Cooper_Pair_Phonon_Coupling.md,H,filename: no v5.78 trigger -> default H,NO UPDATE (specific system / framework application)
952,,PAPER_952_26_State_HRes_Spectral_Ladder.md,H,filename: no v5.78 trigger -> default H,NO UPDATE (specific system / framework application)
953,,PAPER_953_Ramanujan_Accelerated_S26.md,H,filename: no v5.78 trigger -> default H,NO UPDATE (specific system / framework application)
954,,PAPER_954_Et_Linewidth_Modulation.md,H,filename: no v5.78 trigger -> default H,NO UPDATE (specific system / framework application)
955,,PAPER_955_BCS_Phonon_Resonance.md,H,filename: no v5.78 trigger -> default H,NO UPDATE (specific system / framework application)
956,,PAPER_956_Spectral_Ladder_Phonon_Mapping.md,H,filename: no v5.78 trigger -> default H,NO UPDATE (specific system / framework application)
957,,PAPER_957_Cooper_Pair_Lagrangian.md,H,filename: no v5.78 trigger -> default H,NO UPDATE (specific system / framework application)
958,,PAPER_958_Production_Scaling_V10_Benchmark.md,H,filename: no v5.78 trigger -> default H,NO UPDATE (specific system / framework application)
959,,PAPER_959_26D_Ramanujan_Summation.md,H,filename: no v5.78 trigger -> default H,NO UPDATE (specific system / framework application)
960,,PAPER_960_VDS_Polylog26_Reference.md,H,filename: no v5.78 trigger -> default H,NO UPDATE (specific system / framework application)
961,,PAPER_961_Compressed_Gravity_Triadic.md,H,filename: no v5.78 trigger -> default H,NO UPDATE (specific system / framework application)
962,,PAPER_962_Resonant_Gravity_Triadic.md,H,filename: no v5.78 trigger -> default H,NO UPDATE (specific system / framework application)
963,,PAPER_963_Buoyancy_Gravity_Triadic.md,H,filename: no v5.78 trigger -> default H,NO UPDATE (specific system / framework application)
964,,PAPER_964_3D_MUGE_Magnetar_Sim.md,H,filename: no v5.78 trigger -> default H,NO UPDATE (specific system / framework application)
965,,PAPER_965_NS_Phonon_GW190425.md,H,filename: no v5.78 trigger -> default H,NO UPDATE (specific system / framework application)
966,,PAPER_966_Unified_Triadic_Solver.md,H,filename: no v5.78 trigger -> default H,NO UPDATE (specific system / framework application)
967,,PAPER_967_NS_Phonon_Tidal_Deformability.md,H,filename: no v5.78 trigger -> default H,NO UPDATE (specific system / framework application)
968,,PAPER_968_Production_Scaling_V11_Benchmark.md,H,filename: no v5.78 trigger -> default H,NO UPDATE (specific system / framework application)
969,,PAPER_969_Expanded_26D_Ramanujan_Higher_Order.md,H,filename: no v5.78 trigger -> default H,NO UPDATE (specific system / framework application)
970,,PAPER_970_QGP_Vacuum_Density.md,A,filename: Vacuum_Density,Add closing section: v5.78 27-decade vacuum ledger (PAPER_1170) + xi=13/3
971,,PAPER_971_Yang_Mills_Mass_Gap.md,G,filename: Yang_Mills,Verify v5.78 closed-Lagrangian/ledger cross-ref is present (Sess 225 baseline)
972,,PAPER_972_ALICE_Centrality_Multiplicity.md,H,filename: no v5.78 trigger -> default H,NO UPDATE (specific system / framework application)
973,,PAPER_973_Color_Deconfinement_Phase.md,H,filename: no v5.78 trigger -> default H,NO UPDATE (specific system / framework application)
974,,PAPER_974_99_System_Master_Equation.md,H,filename: no v5.78 trigger -> default H,NO UPDATE (specific system / framework application)
975,,PAPER_975_Triadic_QGP_Validation.md,H,filename: no v5.78 trigger -> default H,NO UPDATE (specific system / framework application)
976,,PAPER_976_MUGE_Galaxy_Cluster_3D.md,H,filename: no v5.78 trigger -> default H,NO UPDATE (specific system / framework application)
977,,PAPER_977_Production_Scaling_V12_Benchmark.md,H,filename: no v5.78 trigger -> default H,NO UPDATE (specific system / framework application)
978,,PAPER_978_QCalcGeom_Vectorized_Pipeline.md,H,filename: no v5.78 trigger -> default H,NO UPDATE (specific system / framework application)
979,,PAPER_979_FUBi_Master_Buoyancy_6Layer.md,H,filename: no v5.78 trigger -> default H,NO UPDATE (specific system / framework application)
980,,PAPER_980_Solar_Surface_Buoyancy_Calibration.md,H,filename: no v5.78 trigger -> default H,NO UPDATE (specific system / framework application)
981,,PAPER_981_FUBi_Variational_Derivation.md,H,filename: no v5.78 trigger -> default H,NO UPDATE (specific system / framework application)
982,,PAPER_982_Gamma_Linewidth_Curves.md,H,filename: no v5.78 trigger -> default H,NO UPDATE (specific system / framework application)
983,,PAPER_983_SCm_First_Axiom_Validation.md,H,filename: no v5.78 trigger -> default H,NO UPDATE (specific system / framework application)
984,,PAPER_984_99_System_Aggregate_FUBi.md,H,filename: no v5.78 trigger -> default H,NO UPDATE (specific system / framework application)
985,,PAPER_985_Production_Kernel_FUBi_Complete.md,H,filename: no v5.78 trigger -> default H,NO UPDATE (specific system / framework application)
986,,PAPER_986_BCS_Spectral_Ladder_Master_Coupling.md,H,filename: no v5.78 trigger -> default H,NO UPDATE (specific system / framework application)
987,,PAPER_987_WSTP_FUBi_Symbolic_Export.md,H,filename: no v5.78 trigger -> default H,NO UPDATE (specific system / framework application)
988,,PAPER_988_REST_FUBi_Endpoint.md,H,filename: no v5.78 trigger -> default H,NO UPDATE (specific system / framework application)
989,,PAPER_989_FUBi_Inside_Out_Mass.md,H,filename: no v5.78 trigger -> default H,NO UPDATE (specific system / framework application)
990,,PAPER_990_FUBi_vs_FUBii_Distinction.md,H,filename: no v5.78 trigger -> default H,NO UPDATE (specific system / framework application)
991,,PAPER_991_CenA_AGN_FUBi_Curves.md,H,filename: no v5.78 trigger -> default H,NO UPDATE (specific system / framework application)
992,,PAPER_992_GW190425_NS_Merger_Curves.md,H,filename: no v5.78 trigger -> default H,NO UPDATE (specific system / framework application)
993,,PAPER_993_TXS0506_Blazar_Jet_Mod.md,H,filename: no v5.78 trigger -> default H,NO UPDATE (specific system / framework application)
994,,PAPER_994_Solar_Calibration_147.md,H,filename: no v5.78 trigger -> default H,NO UPDATE (specific system / framework application)
995,,PAPER_995_99System_Gamma_Sweep.md,H,filename: no v5.78 trigger -> default H,NO UPDATE (specific system / framework application)
996,,PAPER_996_WSTP_Gamma_Sweep_Runner.md,H,filename: no v5.78 trigger -> default H,NO UPDATE (specific system / framework application)
997,,PAPER_997_Production_Scaling_V13.md,H,filename: no v5.78 trigger -> default H,NO UPDATE (specific system / framework application)
998,,PAPER_998_REST_FUBi_GammaSweep.md,H,filename: no v5.78 trigger -> default H,NO UPDATE (specific system / framework application)
999,,PAPER_999_AGN_FUBi_Merger_S26_3rd.md,H,filename: no v5.78 trigger -> default H,NO UPDATE (specific system / framework application)
1000,,PAPER_1000_NS_Merger_FUBi_Strain.md,H,filename: no v5.78 trigger -> default H,NO UPDATE (specific system / framework application)
1001,,PAPER_1001_SMBH_Binary_Merger_FUBi.md,H,filename: no v5.78 trigger -> default H,NO UPDATE (specific system / framework application)
1002,,PAPER_1002_AGN_Accretion_Buoyancy.md,H,filename: no v5.78 trigger -> default H,NO UPDATE (specific system / framework application)
1003,,PAPER_1003_Spectral_Ladder_Merger.md,H,filename: no v5.78 trigger -> default H,NO UPDATE (specific system / framework application)
1004,,PAPER_1004_QGP_Vacuum_Density_SCm.md,A,filename: Vacuum_Density,Add closing section: v5.78 27-decade vacuum ledger (PAPER_1170) + xi=13/3
1005,,PAPER_1005_YangMills_MassGap_SCm.md,G,filename: YangMills,Verify v5.78 closed-Lagrangian/ledger cross-ref is present (Sess 225 baseline)
1006,,PAPER_1006_ALICE_Multiplicity_SCm.md,H,filename: no v5.78 trigger -> default H,NO UPDATE (specific system / framework application)
1007,,PAPER_1007_Deconfinement_Phase_Diagram.md,H,filename: no v5.78 trigger -> default H,NO UPDATE (specific system / framework application)
1008,,PAPER_1008_Production_Scaling_V14.md,H,filename: no v5.78 trigger -> default H,NO UPDATE (specific system / framework application)
1009,,PAPER_1009_3C273_AGN_FUBi_i_Curves.md,H,filename: no v5.78 trigger -> default H,NO UPDATE (specific system / framework application)
1010,,PAPER_1010_TON618_AGN_FUBi_i_Curves.md,H,filename: no v5.78 trigger -> default H,NO UPDATE (specific system / framework application)
1011,,PAPER_1011_GW170817_NS_Merger_FUBi_i.md,H,filename: no v5.78 trigger -> default H,NO UPDATE (specific system / framework application)
1012,,PAPER_1012_GW190425_Upgraded_FUBi_i.md,H,filename: no v5.78 trigger -> default H,NO UPDATE (specific system / framework application)
1013,,PAPER_1013_QGP_ALICE_Centrality_FUBi_i.md,H,filename: no v5.78 trigger -> default H,NO UPDATE (specific system / framework application)
1014,,PAPER_1014_SMBH_Merger_FUBi.md,H,filename: no v5.78 trigger -> default H,NO UPDATE (specific system / framework application)
1015,,PAPER_1015_SCm_DM_Halos_NFW.md,H,filename: no v5.78 trigger -> default H,NO UPDATE (specific system / framework application)
1016,,PAPER_1016_TXS0506_ThreeGamma_Profile.md,H,filename: no v5.78 trigger -> default H,NO UPDATE (specific system / framework application)
1017,,PAPER_1017_99System_WSTP_Gamma_V1.md,H,filename: no v5.78 trigger -> default H,NO UPDATE (specific system / framework application)
1018,,PAPER_1018_Production_Scaling_V15.md,H,filename: no v5.78 trigger -> default H,NO UPDATE (specific system / framework application)
1019,,PAPER_1019_Dark_Matter_Phonon_Buoyancy.md,H,filename: no v5.78 trigger -> default H,NO UPDATE (specific system / framework application)
1020,,PAPER_1020_Cosmic_Ray_Phonon_Acceleration.md,H,filename: no v5.78 trigger -> default H,NO UPDATE (specific system / framework application)
1021,,PAPER_1021_Pulsar_Timing_Phonon_Residual.md,H,filename: no v5.78 trigger -> default H,NO UPDATE (specific system / framework application)
1022,,PAPER_1022_GW_Phonon_Strain_Modifier.md,H,filename: no v5.78 trigger -> default H,NO UPDATE (specific system / framework application)
1023,,PAPER_1023_Neutrino_Oscillation_Phonon_Mixing.md,H,filename: no v5.78 trigger -> default H,NO UPDATE (specific system / framework application)
1024,,PAPER_1024_Magnetar_Giant_Flare_Energy.md,H,filename: no v5.78 trigger -> default H,NO UPDATE (specific system / framework application)
1025,,PAPER_1025_BH_Shadow_Phonon_Deflection.md,H,filename: no v5.78 trigger -> default H,NO UPDATE (specific system / framework application)
1026,,PAPER_1026_Reionization_Bubble_Phonon.md,A,filename: Reionization,Add closing section: v5.78 27-decade vacuum ledger (PAPER_1170) + xi=13/3
1027,,PAPER_1027_Tidal_Disruption_Event.md,H,filename: no v5.78 trigger -> default H,NO UPDATE (specific system / framework application)
1028,,PAPER_1028_Cosmic_String_Gravitational_Lens.md,H,filename: no v5.78 trigger -> default H,NO UPDATE (specific system / framework application)
1029,,PAPER_1029_Barocentric_Earth_Orbital_Buoyancy.md,H,filename: no v5.78 trigger -> default H,NO UPDATE (specific system / framework application)
1030,,PAPER_1030_Quantum_Gravity_Minimum_Length.md,H,filename: no v5.78 trigger -> default H,NO UPDATE (specific system / framework application)
1031,,PAPER_1031_Photon_Sphere_Phonon_Orbital.md,H,filename: no v5.78 trigger -> default H,NO UPDATE (specific system / framework application)
1032,,PAPER_1032_ISM_Dust_Grain_Buoyancy.md,H,filename: no v5.78 trigger -> default H,NO UPDATE (specific system / framework application)
1033,,PAPER_1033_Galactic_Bar_Resonance.md,H,filename: no v5.78 trigger -> default H,NO UPDATE (specific system / framework application)
1034,,PAPER_1034_FRB_Dispersion_Measure_Buoyancy.md,H,filename: no v5.78 trigger -> default H,NO UPDATE (specific system / framework application)
1035,,PAPER_1035_Kilonova_Buoyancy_Light_Curve.md,H,filename: no v5.78 trigger -> default H,NO UPDATE (specific system / framework application)
1036,,PAPER_1036_Primordial_Nucleosynthesis_Phonon.md,H,filename: no v5.78 trigger -> default H,NO UPDATE (specific system / framework application)
1037,,PAPER_1037_AGN_Buoyancy_Jet.md,H,filename: no v5.78 trigger -> default H,NO UPDATE (specific system / framework application)
1038,,PAPER_1038_WD_Crystallization_Buoyancy.md,H,filename: no v5.78 trigger -> default H,NO UPDATE (specific system / framework application)
1039,,PAPER_1039_SCm_Galaxy_Cluster_Buoyancy_Profile.md,H,filename: no v5.78 trigger -> default H,NO UPDATE (specific system / framework application)
1040,,PAPER_1040_SCm_Cluster_Merger_Shock_Dissipation.md,H,filename: no v5.78 trigger -> default H,NO UPDATE (specific system / framework application)
1041,,PAPER_1041_SCm_Cool_Core_Buoyancy_Balance.md,H,filename: no v5.78 trigger -> default H,NO UPDATE (specific system / framework application)
1042,,PAPER_1042_Mock_Theta_Phonon_Partition.md,H,filename: no v5.78 trigger -> default H,NO UPDATE (specific system / framework application)
1043,,PAPER_1043_FUBii_Multi_System_Buoyancy_Curve.md,H,filename: no v5.78 trigger -> default H,NO UPDATE (specific system / framework application)
1044,,PAPER_1044_SCm_Cluster_Thermal_SZ_Effect.md,H,filename: no v5.78 trigger -> default H,NO UPDATE (specific system / framework application)
1045,,PAPER_1045_SCm_Cluster_Radio_Relic_Polarization.md,H,filename: no v5.78 trigger -> default H,NO UPDATE (specific system / framework application)
1046,,PAPER_1046_SCm_Cluster_Lensing_Mass_Phonon.md,H,filename: no v5.78 trigger -> default H,NO UPDATE (specific system / framework application)
1047,,PAPER_1047_Type_Iax_Supernova_Buoyancy_Reversal.md,H,filename: no v5.78 trigger -> default H,NO UPDATE (specific system / framework application)
1048,,PAPER_1048_M_Sigma_Phonon_Corrected.md,H,filename: no v5.78 trigger -> default H,NO UPDATE (specific system / framework application)
1049,,PAPER_1049_Source10_GPU_DPM_Spectral_Atlas.md,H,filename: no v5.78 trigger -> default H,NO UPDATE (specific system / framework application)
1050,,PAPER_1050_MUGE_FUBii_9System_Synthesis.md,H,filename: no v5.78 trigger -> default H,NO UPDATE (specific system / framework application)
1051,,PAPER_1051_Universal_Duality_SCm_UA_Theorem.md,H,filename: no v5.78 trigger -> default H,NO UPDATE (specific system / framework application)
1052,,PAPER_1052_TQFT_Anyon_Braiding_ChernSimons.md,H,filename: no v5.78 trigger -> default H,NO UPDATE (specific system / framework application)
1053,,PAPER_1053_Swampland_Conjecture_SCm.md,H,filename: no v5.78 trigger -> default H,NO UPDATE (specific system / framework application)
1054,,PAPER_1054_SUSY_Breaking_Soft_Terms.md,H,filename: no v5.78 trigger -> default H,NO UPDATE (specific system / framework application)
1055,,PAPER_1055_cMERA_Entanglement_RG.md,H,filename: no v5.78 trigger -> default H,NO UPDATE (specific system / framework application)
1056,,PAPER_1056_QEC_Topological_Codes_SCm.md,H,filename: no v5.78 trigger -> default H,NO UPDATE (specific system / framework application)
1057,,PAPER_1057_NCG_Matrix_Model_SCm.md,H,filename: no v5.78 trigger -> default H,NO UPDATE (specific system / framework application)
1058,,PAPER_1058_LQG_Ashtekar_Area_Spectrum.md,H,filename: no v5.78 trigger -> default H,NO UPDATE (specific system / framework application)
1059,,PAPER_1059_CGC_BK_Saturation_SCm.md,H,filename: no v5.78 trigger -> default H,NO UPDATE (specific system / framework application)
1060,,PAPER_1060_VDS_LENR_Isotopic_Evolution.md,I,filename: _LENR,NO UPDATE unless ledger/xi/KK/P-suite enters body (per Job B doc)
1061,,PAPER_1061_Kozima_SCm_Integration.md,I,filename: Kozima,NO UPDATE unless ledger/xi/KK/P-suite enters body (per Job B doc)
1062,,PAPER_1062_Wormhole_Traversability_SCm.md,H,filename: no v5.78 trigger -> default H,NO UPDATE (specific system / framework application)
1063,,PAPER_1063_Higher_Curvature_Gravity_EFT.md,D,PROMOTED from H -> D (content: xi=13/3 R26+KK lock (Gauss-?Bonnet)),Forward-pointer to PAPER_1171/1172 (xi=13/3 R26+KK lock) + PAPER_1173
1064,,PAPER_1064_Resummation_Effective_Coupling.md,H,filename: no v5.78 trigger -> default H,NO UPDATE (specific system / framework application)
1065,,PAPER_1065_Buoyancy_Lagrangian_EOM.md,H,filename: no v5.78 trigger -> default H,NO UPDATE (specific system / framework application)
1066,,PAPER_1066_UQFF_Lagrangian_Derivation.md,B,filename: Lagrangian_Derivation,Add closed-Lagrangian cross-ref (PAPER_1159-1167 G1-G8) + CP4 #254
1067,,PAPER_1067_QCalc_Geometry_Bridge.md,H,filename: no v5.78 trigger -> default H,NO UPDATE (specific system / framework application)
1068,,PAPER_1068_Wolfram_Physics_Bridge.md,H,filename: no v5.78 trigger -> default H,NO UPDATE (specific system / framework application)
1069,,PAPER_1069_VDS_DVP_BSH_Hybrid.md,H,filename: no v5.78 trigger -> default H,NO UPDATE (specific system / framework application)
1070,,PAPER_1070_Yang_Mills_Mass_Gap_VDS.md,G,filename: Yang_Mills,Verify v5.78 closed-Lagrangian/ledger cross-ref is present (Sess 225 baseline)
1071,,PAPER_1071_JWST_Synthesis_UQFF.md,H,filename: no v5.78 trigger -> default H,NO UPDATE (specific system / framework application)
1072,,PAPER_1072_SCm_Activation_Function.md,H,filename: no v5.78 trigger -> default H,NO UPDATE (specific system / framework application)
1073,,PAPER_1073_SCm_Inflation_Phonon_Driven.md,A,filename: Inflation,Add closing section: v5.78 27-decade vacuum ledger (PAPER_1170) + xi=13/3
1074,,PAPER_1074_GPU_DPM_Spectral_Atlas.md,H,filename: no v5.78 trigger -> default H,NO UPDATE (specific system / framework application)
1075,,PAPER_1075_3D_Volumetric_MUGE_Fields.md,H,filename: no v5.78 trigger -> default H,NO UPDATE (specific system / framework application)
1076,,PAPER_1076_SCm_Dark_Energy_Gamma_Modulation.md,A,filename: Dark_Energy,Add closing section: v5.78 27-decade vacuum ledger (PAPER_1170) + xi=13/3
1077,,PAPER_1077_ALMA_Cycle12_Validation.md,H,filename: no v5.78 trigger -> default H,NO UPDATE (specific system / framework application)
1078,,PAPER_1078_QCalcGeom_Master_Equation_Derivation.md,B,filename: Master_Equation_Derivation,Add closed-Lagrangian cross-ref (PAPER_1159-1167 G1-G8) + CP4 #254
1078,,PAPER_1078_Solar_Wind_Flux_Partition.md,H,filename: no v5.78 trigger -> default H,NO UPDATE (specific system / framework application)
1079,,PAPER_1079_Frozen_Planet_Wind_Power.md,H,filename: no v5.78 trigger -> default H,NO UPDATE (specific system / framework application)
1079,,PAPER_1079_Galaxy_Cluster_Cooling_Flow_Suppression.md,H,filename: no v5.78 trigger -> default H,NO UPDATE (specific system / framework application)
1080,,PAPER_1080_Ramanujan_Binomial_Expansion_Proof.md,H,filename: no v5.78 trigger -> default H,NO UPDATE (specific system / framework application)
1080,,PAPER_1080_TwoStage_FU_Refinement.md,H,filename: no v5.78 trigger -> default H,NO UPDATE (specific system / framework application)
1081,,PAPER_1081_CME_Flare_FU_Perturbation.md,H,filename: no v5.78 trigger -> default H,NO UPDATE (specific system / framework application)
1081,,PAPER_1081_SCm_LENR_COP_Linewidth_Parametric.md,I,filename: _LENR,NO UPDATE unless ledger/xi/KK/P-suite enters body (per Job B doc)
1082,,PAPER_1082_SCm_Velocity_Bound.md,H,filename: no v5.78 trigger -> default H,NO UPDATE (specific system / framework application)
1083,,PAPER_1083_Core_Wind_Maintenance.md,H,filename: no v5.78 trigger -> default H,NO UPDATE (specific system / framework application)
1084,,PAPER_1084_SCm_Phonon_Scale_Factor.md,H,filename: no v5.78 trigger -> default H,NO UPDATE (specific system / framework application)
1085,,PAPER_1085_Phonon_Modulated_Hubble.md,H,filename: no v5.78 trigger -> default H,NO UPDATE (specific system / framework application)
1086,,PAPER_1086_SCm_Dark_Energy_Gamma_Density.md,A,filename: Dark_Energy,Add closing section: v5.78 27-decade vacuum ledger (PAPER_1170) + xi=13/3
1087,,PAPER_1087_DarkEnergy_EOS_TimeEvolving.md,A,filename: DarkEnergy,Add closing section: v5.78 27-decade vacuum ledger (PAPER_1170) + xi=13/3
1088,,PAPER_1088_FUBii_SevenComponent_Decomposition.md,H,filename: no v5.78 trigger -> default H,NO UPDATE (specific system / framework application)
1089,,PAPER_1089_Inflation_Buoyancy_Lagrangian.md,A,filename: Inflation,Add closing section: v5.78 27-decade vacuum ledger (PAPER_1170) + xi=13/3
1090,,PAPER_1090_DarkEnergy_Buoyancy_Lagrangian.md,A,filename: DarkEnergy,Add closing section: v5.78 27-decade vacuum ledger (PAPER_1170) + xi=13/3
1091,,PAPER_1091_Production_Scaling_V23.md,H,filename: no v5.78 trigger -> default H,NO UPDATE (specific system / framework application)
1092,,PAPER_1092_SCm_CMB_Phonon_Power_Spectrum.md,A,filename: CMB_,Add closing section: v5.78 27-decade vacuum ledger (PAPER_1170) + xi=13/3
1093,,PAPER_1093_SCm_CMB_Temperature_Fluctuation.md,A,filename: CMB_,Add closing section: v5.78 27-decade vacuum ledger (PAPER_1170) + xi=13/3
1094,,PAPER_1094_CMB_Buoyancy_Lagrangian.md,A,filename: CMB_,Add closing section: v5.78 27-decade vacuum ledger (PAPER_1170) + xi=13/3
1095,,PAPER_1095_Horizon_Buoyancy_Lagrangian.md,H,filename: no v5.78 trigger -> default H,NO UPDATE (specific system / framework application)
1096,,PAPER_1096_Eleven_Domain_Unified_SCm_Buoyancy.md,H,filename: no v5.78 trigger -> default H,NO UPDATE (specific system / framework application)
1097,,PAPER_1097_Production_Scaling_V24_Vectorized.md,H,filename: no v5.78 trigger -> default H,NO UPDATE (specific system / framework application)
1098,,PAPER_1098_Phonon_Mediated_Qubit_Gate_Fidelity.md,H,filename: no v5.78 trigger -> default H,NO UPDATE (specific system / framework application)
1099,,PAPER_1099_Production_Scaling_V25_Pipeline.md,H,filename: no v5.78 trigger -> default H,NO UPDATE (specific system / framework application)
1100,,PAPER_1100_SCm_LQG_Area_Operator_Derivation.md,H,filename: no v5.78 trigger -> default H,NO UPDATE (specific system / framework application)
1101,,PAPER_1101_SCm_Qubit_T2_Coherence_FUBi_Ratio.md,H,filename: no v5.78 trigger -> default H,NO UPDATE (specific system / framework application)
1102,,PAPER_1102_PhononModulated_Holonomy_SCm_Ashtekar.md,H,filename: no v5.78 trigger -> default H,NO UPDATE (specific system / framework application)
1103,,PAPER_1103_LQG_Buoyancy_Sector_Lagrangian_SpinFoam.md,H,filename: no v5.78 trigger -> default H,NO UPDATE (specific system / framework application)
1104,,PAPER_1104_Unified_FUBi_SMBH_Merger_Dynamics.md,H,filename: no v5.78 trigger -> default H,NO UPDATE (specific system / framework application)
1105,,PAPER_1105_Hydrogen_Universe_Dual_3D_MUGE.md,H,filename: no v5.78 trigger -> default H,NO UPDATE (specific system / framework application)
1106,,PAPER_1106_SCm_String_Theory_26D_Compactification.md,D,filename: Compactification,Forward-pointer to PAPER_1171/1172 (xi=13/3 R26+KK lock) + PAPER_1173
1107,,PAPER_1107_UQFF_26D_Geometric_Folding_Operator.md,H,filename: no v5.78 trigger -> default H,NO UPDATE (specific system / framework application)
1108,,PAPER_1108_VDS_DVP_BH_Unified_Number_System.md,H,filename: no v5.78 trigger -> default H,NO UPDATE (specific system / framework application)
1109,,PAPER_1109_26Level_Vacuum_Density_Ladder_Ramanujan.md,A,filename: Vacuum_Density,Add closing section: v5.78 27-decade vacuum ledger (PAPER_1170) + xi=13/3
1110,,PAPER_1110_Riemann_Hypothesis_PI_Cycle_Link.md,G,filename: Riemann_Hypothesis,Verify v5.78 closed-Lagrangian/ledger cross-ref is present (Sess 225 baseline)
1111,,PAPER_1111_Yang_Mills_Mass_Gap_PImath_Encryption.md,G,filename: Yang_Mills,Verify v5.78 closed-Lagrangian/ledger cross-ref is present (Sess 225 baseline)
1112,,PAPER_1112_Production_Scaling_V26_Pipeline.md,H,filename: no v5.78 trigger -> default H,NO UPDATE (specific system / framework application)
1113,,PAPER_1113_CMS_Differential_Higgs_Kappa_Coupling.md,H,filename: no v5.78 trigger -> default H,NO UPDATE (specific system / framework application)
1114,,PAPER_1114_ATLAS_OffShell_Higgs_Width_Bound.md,H,filename: no v5.78 trigger -> default H,NO UPDATE (specific system / framework application)
1115,,PAPER_1115_SCS_Constraints_21cm_Dark_Ages.md,H,filename: no v5.78 trigger -> default H,NO UPDATE (specific system / framework application)
1116,,PAPER_1116_Electroweak_Axion_String_SCS_SCm.md,H,filename: no v5.78 trigger -> default H,NO UPDATE (specific system / framework application)
1117,,PAPER_1117_SCS_Spectral_Signatures_Radio_FRB.md,H,filename: no v5.78 trigger -> default H,NO UPDATE (specific system / framework application)
1118,,PAPER_1118_Chiral_SCm_Graphene_Pairing_Level10.md,H,filename: no v5.78 trigger -> default H,NO UPDATE (specific system / framework application)
1119,,PAPER_1119_Lorentz_Regauging_Vacuum_Energy_Heaviside.md,A,filename: Vacuum_Energy,Add closing section: v5.78 27-decade vacuum ledger (PAPER_1170) + xi=13/3
1120,,PAPER_1120_Higgs_Production_Decay_Mode_Breakdown.md,H,filename: no v5.78 trigger -> default H,NO UPDATE (specific system / framework application)
1121,,PAPER_1121_Interstellar_Shock_Prestellar_Collapse_Molecules.md,H,filename: no v5.78 trigger -> default H,NO UPDATE (specific system / framework application)
1122,,PAPER_1122_Bow_Shock_ISM_Chemistry_Prebiotic.md,H,filename: no v5.78 trigger -> default H,NO UPDATE (specific system / framework application)
1123,,PAPER_1123_H2O_Maser_J_Shock_Emission.md,H,filename: no v5.78 trigger -> default H,NO UPDATE (specific system / framework application)
1124,,PAPER_1124_CGM_Dwarf_Galaxy_Metal_Retention.md,H,filename: no v5.78 trigger -> default H,NO UPDATE (specific system / framework application)
1125,,PAPER_1125_AGN_Feedback_MSigma_Scaling.md,H,filename: no v5.78 trigger -> default H,NO UPDATE (specific system / framework application)
1126,,PAPER_1126_PSR_J0030_Neutron_Star_LENR_Buoyancy.md,I,filename: _LENR,NO UPDATE unless ledger/xi/KK/P-suite enters body (per Job B doc)
1127,,PAPER_1127_SCm_LQG_Holonomy_Phonon_Modulated_Spin_Networks.md,C,PROMOTED from H -> C (content: three-anchor SI closure (PAPER_590)),Three-anchor SI closure banner (Sess 237-241); STRUCTURAL tier
1128,,PAPER_1128_SCm_String_Theory_Phonon_Coupling_26D_Compactification.md,D,filename: Compactification,Forward-pointer to PAPER_1171/1172 (xi=13/3 R26+KK lock) + PAPER_1173
1129,,PAPER_1129_VDS_DVP_BH_Longform_Mathematical_Derivations.md,H,filename: no v5.78 trigger -> default H,NO UPDATE (specific system / framework application)
1130,,PAPER_1130_UQFF_26D_Geometric_Folding_Wolfram_Parallel_Hypergraph.md,H,filename: no v5.78 trigger -> default H,NO UPDATE (specific system / framework application)
1131,,PAPER_1131_SCm_Vacuum_Manifold_Primordial_First_Principle.md,H,filename: no v5.78 trigger -> default H,NO UPDATE (specific system / framework application)
1132,,PAPER_1132_SCm_Primordial_Split_26D_Ladder.md,H,filename: no v5.78 trigger -> default H,NO UPDATE (specific system / framework application)
1133,,PAPER_1133_Holmlid_Rydberg_SCm_Bridge.md,I,filename: Holmlid,NO UPDATE unless ledger/xi/KK/P-suite enters body (per Job B doc)
1134,,PAPER_1134_SCm_Riemann_Hypothesis_Closure.md,G,filename: Riemann_Hypothesis,Verify v5.78 closed-Lagrangian/ledger cross-ref is present (Sess 225 baseline)
1135,,PAPER_1135_SCm_Vacuum_Manifold_Hub_Reactor_Validation.md,H,filename: no v5.78 trigger -> default H,NO UPDATE (specific system / framework application)
1136,,PAPER_1136_SCm_Holmlid_KER_Reactor_Validation.md,I,filename: Holmlid,NO UPDATE unless ledger/xi/KK/P-suite enters body (per Job B doc)
1137,,PAPER_1137_SCm_Holmlid_Rossi_Parkhomov_Validation.md,I,filename: Holmlid,NO UPDATE unless ledger/xi/KK/P-suite enters body (per Job B doc)
1138,,PAPER_1138_SCm_Holmlid_Parkhomov_PonsFleischmann_Upgrade.md,I,filename: Holmlid,NO UPDATE unless ledger/xi/KK/P-suite enters body (per Job B doc)
1139,,PAPER_1139_SCm_PonsFleischmann_Derivation.md,I,filename: Pons[_-]?Fleischmann,NO UPDATE unless ledger/xi/KK/P-suite enters body (per Job B doc)
1140,,PAPER_1140_SCm_Mizuno_LENR_Transmutation.md,I,filename: _LENR,NO UPDATE unless ledger/xi/KK/P-suite enters body (per Job B doc)
1141,,PAPER_1141_SCm_Rossi_ECat_Variants_Unified.md,H,filename: no v5.78 trigger -> default H,NO UPDATE (specific system / framework application)
1142,,PAPER_1142_Polyakov_Action_Details_SCm_26D.md,H,filename: no v5.78 trigger -> default H,NO UPDATE (specific system / framework application)
1143,,PAPER_1143_Nambu_Goto_Bosonic_String_SCm_26D.md,H,filename: no v5.78 trigger -> default H,NO UPDATE (specific system / framework application)
1144,,PAPER_1144_Type_IIB_Superstring_SCm_10D_Compactification.md,D,filename: Compactification,Forward-pointer to PAPER_1171/1172 (xi=13/3 R26+KK lock) + PAPER_1173
1145,,PAPER_1145_Type_IIA_Superstring_SCm_10D_Compactification.md,D,filename: Compactification,Forward-pointer to PAPER_1171/1172 (xi=13/3 R26+KK lock) + PAPER_1173
1146,,PAPER_1146_Heterotic_String_SCm_Gauge_Sector.md,H,filename: no v5.78 trigger -> default H,NO UPDATE (specific system / framework application)
1147,,PAPER_1147_Calabi_Yau_3fold_Compactification_SCm.md,D,filename: Compactification,Forward-pointer to PAPER_1171/1172 (xi=13/3 R26+KK lock) + PAPER_1173
1148,,PAPER_1148_M_Theory_Unification_SCm_26D.md,B,filename: M_Theory_Unification,Add closed-Lagrangian cross-ref (PAPER_1159-1167 G1-G8) + CP4 #254
1149,,PAPER_1149_PSZ2G181_Stroe2025_Xray_Mach_UQFF_Global_Connections.md,H,filename: no v5.78 trigger -> default H,NO UPDATE (specific system / framework application)
1150,,PAPER_1150_June20_2025_10System_Chandra_FUBii_RareMathematicalOccurrences.md,H,filename: no v5.78 trigger -> default H,NO UPDATE (specific system / framework application)
1151,,PAPER_1151_VDS_DVP_BH26_Variant_Branches_Coupled_Field.md,H,filename: no v5.78 trigger -> default H,NO UPDATE (specific system / framework application)
1152,,PAPER_1152_QCalcGeom_SimEngine_12Stage_CPT_Pipeline.md,H,filename: no v5.78 trigger -> default H,NO UPDATE (specific system / framework application)
1153,,PAPER_1153_Primordial_Timing_Function_Net_Zero_Pi_Epoch_Clock.md,H,filename: no v5.78 trigger -> default H,NO UPDATE (specific system / framework application)
1154,,PAPER_1154_SSq_057_First_Principles_DPM_Relativistic_Geometry.md,H,filename: no v5.78 trigger -> default H,NO UPDATE (specific system / framework application)
1155,,PAPER_1155_DPM_26Layer_Amplification_Particle_Masses.md,H,filename: no v5.78 trigger -> default H,NO UPDATE (specific system / framework application)
1156,,PAPER_1156_UQFF_Cosmological_Constant_Closure.md,A,filename: Cosmolog,Add closing section: v5.78 27-decade vacuum ledger (PAPER_1170) + xi=13/3
1157,,PAPER_1157_UQFF_H0_Anchor_Asymmetry_Falsifiability.md,E,filename: Falsifiab,Forward-pointer to PAPER_1174 P1-P14 suite + PAPER_1177-1180
1158,,PAPER_1158_UQFF_Overdetermination_Epistemology.md,B,PROMOTED from H -> B (content: G1-G8 closed Lagrangian (G1[-\s]?G8)),Add closed-Lagrangian cross-ref (PAPER_1159-1167 G1-G8) + CP4 #254
1159,,PAPER_1159_UQFF_Phi_Res_Codimension_Closure.md,B,filename: UQFF_Phi_Res,Add closed-Lagrangian cross-ref (PAPER_1159-1167 G1-G8) + CP4 #254
1160,,PAPER_1160_UQFF_F_TRZ_SO5_Closure.md,B,filename: UQFF_F_TRZ,Add closed-Lagrangian cross-ref (PAPER_1159-1167 G1-G8) + CP4 #254
1161,,PAPER_1161_UQFF_26_Factorial_Pochhammer_Closure.md,B,filename: UQFF_26_Factorial,Add closed-Lagrangian cross-ref (PAPER_1159-1167 G1-G8) + CP4 #254
1162,,PAPER_1162_UQFF_KK_Tower_Mode_By_Mode_Closure.md,D,filename: _KK_,Forward-pointer to PAPER_1171/1172 (xi=13/3 R26+KK lock) + PAPER_1173
1163,,PAPER_1163_UQFF_DPM_SO2_LightCone_Closure.md,B,filename: UQFF_DPM_SO2,Add closed-Lagrangian cross-ref (PAPER_1159-1167 G1-G8) + CP4 #254
1164,,PAPER_1164_UQFF_T22_Moduli_Stabilization_Closure.md,B,filename: UQFF_T22_Moduli,Add closed-Lagrangian cross-ref (PAPER_1159-1167 G1-G8) + CP4 #254
1165,,PAPER_1165_UQFF_beta_i_Triangular_Closure.md,B,PROMOTED from H -> B (content: G1-G8 closed Lagrangian (PAPER_116[0-7])),Add closed-Lagrangian cross-ref (PAPER_1159-1167 G1-G8) + CP4 #254
1166,,PAPER_1166_UQFF_V_UA_Polynomial_Closure.md,B,PROMOTED from H -> B (content: G1-G8 closed Lagrangian (PAPER_116[0-7])),Add closed-Lagrangian cross-ref (PAPER_1159-1167 G1-G8) + CP4 #254
1167,,PAPER_1167_UQFF_All_8_Lagrangian_Gaps_Closed_Master_Synthesis.md,F,filename: All_8_Lagrangian_Gaps_Closed,"Update tables; add P6-P14, CP4 #254-#264, ref PAPER_1167/1170/1174"
1168,,PAPER_1168_UQFF_Falsifiable_Predictions_Closed_Lagrangian.md,E,filename: Falsifiab,Forward-pointer to PAPER_1174 P1-P14 suite + PAPER_1177-1180
1169,,PAPER_1169_UQFF_Numerical_Confrontation_P1_P5_With_Archival_Data.md,E,filename: _P[0-9]+_,Forward-pointer to PAPER_1174 P1-P14 suite + PAPER_1177-1180
1170,,PAPER_1170_UQFF_Vacuum_Energy_Ledger_R26_KK_BSFG_Saturation.md,D,filename: _KK_,Forward-pointer to PAPER_1171/1172 (xi=13/3 R26+KK lock) + PAPER_1173
1171,,PAPER_1171_UQFF_KK_Regulator_First_Principles_Derivation.md,D,filename: _KK_,Forward-pointer to PAPER_1171/1172 (xi=13/3 R26+KK lock) + PAPER_1173
1172,,PAPER_1172_UQFF_R26_Independent_Re_Derivation_Gauss_Bonnet.md,A,"PROMOTED from H -> A (content: 27-decade vacuum ledger / Lambda closure (vacuum.{0,12}ledger))",Add closing section: v5.78 27-decade vacuum ledger (PAPER_1170) + xi=13/3
1173,,PAPER_1173_UQFF_KK_Tower_Hbar_Tracked_Derivation.md,D,filename: _KK_,Forward-pointer to PAPER_1171/1172 (xi=13/3 R26+KK lock) + PAPER_1173
1174,,PAPER_1174_UQFF_Closed_Ledger_Falsifiability_P6_P10.md,E,filename: Falsifiab,Forward-pointer to PAPER_1174 P1-P14 suite + PAPER_1177-1180
1175,,PAPER_1175_UQFF_P11_LIGO_O5_Ringdown_Spectral_Offset.md,E,filename: _P[0-9]+_,Forward-pointer to PAPER_1174 P1-P14 suite + PAPER_1177-1180
1176,,PAPER_1176_UQFF_P12_Euclid_Sigma8_R26_Saturation.md,E,filename: _P[0-9]+_,Forward-pointer to PAPER_1174 P1-P14 suite + PAPER_1177-1180
1177,,PAPER_1177_UQFF_2027_Joint_Falsifier_Triple.md,E,filename: Falsifier,Forward-pointer to PAPER_1174 P1-P14 suite + PAPER_1177-1180
1178,,PAPER_1178_UQFF_P13_DESI_Y5_w_Second_Derivative.md,E,filename: _P[0-9]+_,Forward-pointer to PAPER_1174 P1-P14 suite + PAPER_1177-1180
1179,,PAPER_1179_UQFF_2027_2028_Quadruple_Falsifier.md,E,filename: Falsifier,Forward-pointer to PAPER_1174 P1-P14 suite + PAPER_1177-1180
1180,,PAPER_1180_UQFF_P14_CMB_S4_mu_Distortion.md,E,filename: _P[0-9]+_,Forward-pointer to PAPER_1174 P1-P14 suite + PAPER_1177-1180
