paper_id,filename,title,bucket,matched_keyword,suggested_action,status,session,commit
001,PAPER_001_GW170817_UQFF_Damping_Analysis.md,GW170817 UQFF Damping Analysis,H*,,DONE - G1-G8 + 27-decade ledger block inserted; tailored P-suite hook,DONE v5.78,262,7fadd27d
002,PAPER_002_GW190425_Mass_Gap_Interpretation.md,GW190425 Mass Gap Interpretation via UQFF,H*,,DONE - G1-G8 + 27-decade ledger block inserted; tailored P-suite hook,DONE v5.78,262,7fadd27d
003,PAPER_003_GW150914_UQFF_vs_LIGO_Strain.md,GW150914 UQFF vs LIGO Strain Comparison,H*,,DONE - G1-G8 + 27-decade ledger block inserted; tailored P-suite hook,DONE v5.78,262,7fadd27d
004,PAPER_004_GW170817_BNS_Chirp_Phase_Evolution.md,GW170817 BNS Chirp Phase Evolution — GR vs UQFF,H*,,DONE - G1-G8 + 27-decade ledger block inserted; tailored P-suite hook,DONE v5.78,262,7fadd27d
005,PAPER_005_BH_Merger_Energy_Retention_UQFF.md,BH Merger Energy Retention in UQFF Framework,H*,,DONE - G1-G8 + 27-decade ledger block inserted; tailored P-suite hook,DONE v5.78,262,7fadd27d
006,PAPER_006_GW170817_Multi_Messenger_Full_Inspiral.md,Multi-Messenger GW170817 — Kilonova + UQFF Predictions,H*,,DONE - G1-G8 + 27-decade ledger block inserted; tailored P-suite hook,DONE v5.78,262,7fadd27d
007,PAPER_007_Tidal_Deformability_Constraints_BNS_UQFF.md,Tidal Deformability Constraints from BNS Mergers in UQFF,H*,,DONE - G1-G8 + 27-decade ledger block inserted; tailored P-suite hook,DONE v5.78,262,7fadd27d
008,PAPER_008_UQFF_Waveform_Phase_Evolution_Template_Mismatch.md,UQFF Waveform Phase Evolution and Template Mismatch,H*,,DONE - G1-G8 + 27-decade ledger block inserted; tailored P-suite hook,DONE v5.78,262,7fadd27d
008,PAPER_008b_Full_Inspiral_Waveform_UQFF.md,Full Inspiral Waveform Modeling with UQFF — GW170817 100-Second Analysis,H*,,DONE - G1-G8 + 27-decade ledger block inserted; tailored P-suite hook,DONE v5.78,262,7fadd27d
009,PAPER_009_Damping_Mechanism_Decomposition_UQFF.md,Damping Mechanism Decomposition in UQFF Framework,H*,,DONE - G1-G8 + 27-decade ledger block inserted; tailored P-suite hook,DONE v5.78,262,7fadd27d
009,PAPER_009b_Aether_String_TRZ_Damping_GW.md,"Aether, String, TRZ, and SCm Damping Decomposition in Gravitational Wave Strain",H*,,DONE - G1-G8 + 27-decade ledger block inserted; tailored P-suite/ledger/xi hook,DONE v5.78,262,67e6a25a
010,PAPER_010_Post_Merger_Oscillations_Remnant_Mass_UQFF.md,Post-Merger Oscillations and Remnant Mass in UQFF,H*,,DONE - G1-G8 + 27-decade ledger block inserted; tailored P-suite hook,DONE v5.78,262,d2665820
010,PAPER_010b_Time_Domain_Chirp_23Hz_UQFF.md,Time-Domain Chirp Analysis — 23 Hz Onset and UQFF Frequency Evolution,H*,,DONE - G1-G8 + 27-decade ledger block inserted; tailored P-suite hook,DONE v5.78,262,d2665820
011,PAPER_011_Stochastic_GW_Background_UQFF_Implications.md,Stochastic Gravitational Wave Background in UQFF,H*,,DONE - G1-G8 + 27-decade ledger block inserted; tailored P-suite hook,DONE v5.78,262,d2665820
011,PAPER_011b_Amplitude_Reduction_Factor_UQFF.md,UQFF Amplitude Reduction Factor — Derivation and Calibration,H*,,DONE - G1-G8 + 27-decade ledger block inserted; tailored P-suite hook,DONE v5.78,262,d2665820
012,PAPER_012_Eccentric_Binary_Circularization_UQFF.md,Eccentric Binary Circularization in UQFF,H*,,DONE - G1-G8 + 27-decade ledger block inserted; tailored P-suite hook,DONE v5.78,262,d2665820
012,PAPER_012b_GW150914_Waveform_Validation.md,"GW150914 Waveform Validation — Peak Strain, Phase Lag, and Damping Ratio",H*,,DONE - G1-G8 + 27-decade ledger block inserted; tailored P-suite hook,DONE v5.78,262,d2665820
013,PAPER_013_Magnetar_Spin_Down_UQFF_Framework.md,Magnetar Spin-Down in UQFF Framework,H*,,DONE - G1-G8 + 27-decade ledger block inserted; tailored P-suite hook,DONE v5.78,262,d2665820
013,PAPER_013b_LISA_SMBH_Merger_Rate_UQFF.md,LISA SMBH Merger Rate Predictions Under UQFF,H*,,DONE - G1-G8 + 27-decade ledger block inserted; tailored P-suite hook,DONE v5.78,262,d2665820
014,PAPER_014_Primordial_Black_Holes_UQFF_Formation.md,Primordial Black Holes and UQFF Formation Mechanisms,H*,,DONE - G1-G8 + 27-decade ledger block inserted; tailored P-suite hook,DONE v5.78,262,d2665820
014,PAPER_014b_EMRI_Aether_Damping_UQFF.md,EMRI Signal Modification by Aether Damping and String Harmonics,H*,,DONE - G1-G8 + 27-decade ledger block inserted; tailored P-suite hook,DONE v5.78,262,d2665820
015,PAPER_015_Cosmological_Implications_UQFF_Modified_GW_Propagation.md,Cosmological Implications of UQFF Modified GW Propagation,A*,Cosmological_,DONE - G1-G8 + 27-decade ledger block inserted; tailored P-suite/ledger/xi hook,DONE v5.78,262,67e6a25a
015,PAPER_015b_Multiband_GW_LISA_LIGO_UQFF.md,PAPER_015b: Multi-Band Gravitational Wave Astronomy: LISA+LIGO Synergy Under UQFF,H*,,DONE - G1-G8 + 27-decade ledger block inserted; tailored P-suite/ledger/xi hook,DONE v5.78,262,67e6a25a
016,PAPER_016_Quantum_Entanglement_UQFF_Nonlocal_Correlations.md,Quantum Entanglement and UQFF Nonlocal Correlations,H*,,DONE - G1-G8 + 27-decade ledger block inserted; tailored P-suite/ledger/xi hook,DONE v5.78,262,67e6a25a
016,PAPER_016b_White_Dwarf_Foreground_UQFF.md,PAPER_016b: White Dwarf Binary Foreground Reduction via UQFF,H*,,DONE - G1-G8 + 27-decade ledger block inserted; tailored P-suite/ledger/xi hook,DONE v5.78,262,67e6a25a
017,PAPER_017_Redshift_Corrections_z1_in_UQFF_GW_Propagation.md,Redshift Corrections (z=1) in UQFF GW Propagation,H*,,DONE - G1-G8 + 27-decade ledger block inserted; tailored P-suite/ledger/xi hook,DONE v5.78,262,67e6a25a
018,PAPER_018_Aether_Noise_Spectrum_Characterization_for_LISA.md,Aether Noise Spectrum Characterization for LISA,H*,,DONE - G1-G8 + 27-decade ledger block inserted; tailored P-suite/ledger/xi hook,DONE v5.78,262,67e6a25a
019,PAPER_019_Pulsar_Timing_Array_Anomalies_UQFF.md,PAPER_019,H*,,DONE - G1-G8 + 27-decade ledger block inserted; tailored P-suite/ledger/xi hook,DONE v5.78,262,67e6a25a
020,PAPER_020_Cosmic_Ray_Propagation_UQFF_Spacetime.md,Cosmic Ray Propagation in UQFF Spacetime,H*,,DONE - G1-G8 + 27-decade ledger block inserted; tailored P-suite/ledger/xi hook,DONE v5.78,262,67e6a25a
021,PAPER_021_Gravitational_Lensing_Corrections_UQFF_Vacuum_Density.md,Gravitational Lensing Corrections from UQFF Vacuum Density,H*,,DONE - G1-G8 + 27-decade ledger block inserted; tailored P-suite/ledger/xi hook,DONE v5.78,262,67e6a25a
022,PAPER_022_String_Compactification_Signatures_GW_Background.md,String Compactification Signatures in Gravitational Wave Background,D,Compactification,Forward-pointer to PAPER_1171/1172 (xi=13/3 R26+KK lock) + PAPER_1173,,,
023,PAPER_023_Tau_Anomalous_Magnetic_Moment_g2_UQFF.md,UQFF Analysis,H,,NO UPDATE (specific system / framework application),,,
024,PAPER_024_Tau_Electric_Dipole_Moment_UQFF.md,UQFF Analysis,H,,NO UPDATE (specific system / framework application),,,
025,PAPER_025_Dark_Matter_Direct_Detection_UQFF.md,UQFF Analysis,H,,NO UPDATE (specific system / framework application),,,
025,PAPER_025b_Neutrino_Polarizability_UQFF.md,Neutrino Polarizability — UQFF Quantum Field Contributions,H,,NO UPDATE (specific system / framework application),,,
026,PAPER_026_Sterile_Neutrino_Mass_Generation_UQFF.md,UQFF Analysis,H,,NO UPDATE (specific system / framework application),,,
026,PAPER_026_Sterile_Neutrino_Mass_UQFF.md,PAPER_026: Sterile Neutrino Mass Derivation in the UQFF Framework,H,,NO UPDATE (specific system / framework application),,,
026,PAPER_026b_Vector_Like_Quarks_UQFF.md,Vector-Like Quarks — UQFF Mass Generation and LHC Constraints,H,,NO UPDATE (specific system / framework application),,,
027,PAPER_027_Lepton_Flavor_Violation_UQFF.md,Lepton Flavor Violation Processes in UQFF,H,,NO UPDATE (specific system / framework application),,,
028,PAPER_028_BSM_Coupling_Constants_UQFF.md,BSM Coupling Constants from UQFF Framework,H,,NO UPDATE (specific system / framework application),,,
029,PAPER_029_New_Physics_TeV_Scale_UQFF.md,Whitepaper #29  New Physics at TeV Scale: UQFF Predictions,H,,NO UPDATE (specific system / framework application),,,
030,PAPER_030_Dark_Sector_Mediators_UQFF.md,PAPER #30b -- Dark Sector Mediators in UQFF,H,,NO UPDATE (specific system / framework application),,,
031,PAPER_031_Flavor_Anomalies_Resolution_UQFF.md,PAPER #31b -- Flavor Anomalies Resolution via UQFF,H,,NO UPDATE (specific system / framework application),,,
032,PAPER_032_BSM_Scalar_Sectors_UQFF.md,BSM Scalar Sectors in UQFF,H,,NO UPDATE (specific system / framework application),,,
033,PAPER_033_Electroweak_Precision_UQFF.md,Electroweak Precision Observables: UQFF Corrections,H,,NO UPDATE (specific system / framework application),,,
034,PAPER_034_Higgs_Kappa_t_Coupling_UQFF.md,Higgs $\kappa$_t Coupling: UQFF vs CERN HL-LHC Data,H,,NO UPDATE (specific system / framework application),,,
035,PAPER_035_Higgs_CP_Violation_UQFF.md,Higgs CP Violation: UQFF Phase Predictions,H,,NO UPDATE (specific system / framework application),,,
036,PAPER_036_FUBii_Buoyancy_Variant1_Archimedes_UQFF.md,The Unified Quantum Buoyancy Force F_UBii: Derivation from Archimedes' Principle to the UQFF,H,,NO UPDATE (specific system / framework application),,,
037,PAPER_037_FUBii_Buoyancy_Variants2to6_Thermodynamic.md,"UQFF Buoyancy Proof Variants 26: Terminal Velocity, Ionization, Energy Coupling, Orbital",H,,NO UPDATE (specific system / framework application),,,
038,PAPER_038_FUBii_Buoyancy_Variants7to11_Quantum.md,"UQFF Buoyancy Proof Variants 711: Fermi Acceleration, Cosmic Ray Knee, WHIM Temperature,",H,,NO UPDATE (specific system / framework application),,,
039,PAPER_039_FUBii_Buoyancy_Variants12to17_ICM.md,"UQFF Buoyancy Proof Variants 1217: Hawking Radiation, Quantum Bounce, Roche Lobe Overflow,",H,,NO UPDATE (specific system / framework application),,,
040,PAPER_040_XRay_Cluster_Buoyancy_Perseus_Coma_Virgo.md,UQFF F_UBii Virial Buoyancy Applied to Three Canonical X-Ray Galaxy Clusters: Perseus,H,,NO UPDATE (specific system / framework application),,,
041,PAPER_041_Intracluster_Medium_Physics_UQFF.md,"Intracluster Medium Thermodynamics Through the UQFF Lens: Cooling Flows, AGN Feedback,",H,,NO UPDATE (specific system / framework application),,,
042,PAPER_042_Monte_Carlo_26Layer_Compressed_Gravity.md,"Monte Carlo Ensemble Validation of UQFF 26-Layer Compressed Gravity: Ug1 Formula, Layer",H,,NO UPDATE (specific system / framework application),,,
043,PAPER_043_26D_Energy_Structure_Mathematical_Foundation.md,The UQFF 26-Level Polynomial Energy Hierarchy: From Sub-Quantum Fluctuations to Universal,H,,NO UPDATE (specific system / framework application),,,
044,PAPER_044_Pre_Big_Bang_Configuration_26D_UQFF.md,"The Pre-Big Bang 26-Center DPM Manifold: Quantum Numbers, Primordial Energy, and the",A,Big_Bang,Add closing section: v5.78 27-decade vacuum ledger (PAPER_1170) + xi=13/3,,,
045,PAPER_045_Quantum_Phase_Transitions_UQFF_26D.md,Solid ? Liquid ? Gas ? Plasma: UQFF 26-Level Quantum Phase Transitions at Levels 10-13,H,,NO UPDATE (specific system / framework application),,,
046,PAPER_046_DPM_Cosmology_Dark_Photon_Manifold.md,"DPM Yin-Yang Cosmology: 26-Center Pre-Inflationary Dynamics, Universal Aether-SCm Duality,",A,Cosmolog,Add closing section: v5.78 27-decade vacuum ledger (PAPER_1170) + xi=13/3,,,
047,PAPER_047_Nuclear_Binding_Energy_26Level_Polynomial.md,"UQFF Nuclear Binding Energy: SEMF Enhancement by the 26-Level Polynomial, UA-SCm Coupling,",H,,NO UPDATE (specific system / framework application),,,
048,PAPER_048_Black_Hole_Interaction_Energy_26D_UQFF.md,"Ug4 Black Hole Vacuum Pressure: 26-Level Polynomial Classification, Time Decay, and the",H,,NO UPDATE (specific system / framework application),,,
049,PAPER_049_Vacuum_Density_Contributions_UQFF_26Layer.md,"Three-Component Vacuum Energy in UQFF: [SCm], [UA], and the 26-Level Polynomial vs.",H,,NO UPDATE (specific system / framework application),,,
050,PAPER_050_26D_Manifold_Compactification_3plus1_Spacetime.md,Compactification of the 26-Dimensional UQFF Manifold: How Sub-Nuclear Levels Fold into,D,Compactification,Forward-pointer to PAPER_1171/1172 (xi=13/3 R26+KK lock) + PAPER_1173,,,
051,PAPER_051_UQFF_Predictions_vs_arXiv_2024.md,Systematic Cross-Validation of UQFF Predictions Against 2024 ArXiv Publications:,H,,NO UPDATE (specific system / framework application),,,
052,PAPER_052_UQFF_Predictions_vs_arXiv_2025.md,"UQFF Predictions vs arXiv 2025: CMS Higgs Boson Measurements, Page Curve Unitarity, and the",H,,NO UPDATE (specific system / framework application),,,
053,PAPER_053_NGC2264_Star_Formation_UQFF.md,"NGC 2264 Cone Nebula Star-Forming Region: 8-Test UQFF Validation of Compressed Gravity,",H,,NO UPDATE (specific system / framework application),,,
054,PAPER_054_Tadpole_Galaxy_UGC10214_UQFF.md,UGC 10214 Tadpole Galaxy: UQFF Tidal Compression Analysis of the Extended Stellar Tail and,H,,NO UPDATE (specific system / framework application),,,
055,PAPER_055_Mice_Galaxies_NGC4676_UQFF.md,NGC 4676 \,H,,NO UPDATE (specific system / framework application),,,
056,PAPER_056_Red_Spider_Nebula_UQFF.md,Red Spider Nebula (NGC 6537): UQFF Analysis of the Fastest Known Stellar Wind  2 Compressed,H,,NO UPDATE (specific system / framework application),,,
057,PAPER_057_Carina_Nebula_Multi_Scale_UQFF.md,The Carina Nebula Complex: Multi-Scale UQFF Validation Across Three Spatial Orders – NGC,H,,NO UPDATE (specific system / framework application),,,
058,PAPER_058_M42_Orion_Nebula_UQFF.md,M42 Great Orion Nebula: The Highest g_grav Object in the UQFF Cross-Validation Suite –,H,,NO UPDATE (specific system / framework application),,,
059,PAPER_059_Alpha_BEC_Heavy_Ion_Collisions_UQFF.md,Alpha-Conjugate Nuclear Collisions at 35 MeV/nucleon: Bose-Einstein Condensate Signatures,H,,NO UPDATE (specific system / framework application),,,
060,PAPER_060_Bose_Occupancy_NIMROD_ISiS_UQFF.md,NIMROD-ISiS Alpha Multiplicity Distributions: UQFF Bose-Einstein Occupancy N_B =,H,,NO UPDATE (specific system / framework application),,,
061,PAPER_061_Nuclear_BEC_Formation_UQFF.md,Nuclear Bose-Einstein Condensate Formation: From the C Hoyle State to Neutron Star Surface,H,,NO UPDATE (specific system / framework application),,,
062,PAPER_062_Widom_Larsen_LENR_UQFF.md,Widom-Larsen Low-Energy Nuclear Reactions: UQFF Integration via the Heavy Electron Mechanism,I,LENR_,NO UPDATE unless ledger/xi enters; verify only,,,
063,PAPER_063_F_U_Bi_i_Integral_UQFF.md,"The F_{U\_Bi\_i} Integral: Master Buoyant Force Derivation, Ensemble Statistics, and KAPPA_MCMC",H,,NO UPDATE (specific system / framework application),,,
064,PAPER_064_4_UQFF_Operational_Modes.md,"The Four UQFF Operational Modes: Compressed, Resonant, Buoyant, and Superconductive –",H,,NO UPDATE (specific system / framework application),,,
065,PAPER_065_121_System_UQFF_Validation_Statistical_Summary.md,"Automated UQFF Validation Across 121 Astrophysical Systems: Statistical Summary, Pass Rate",H,,NO UPDATE (specific system / framework application),,,
066,PAPER_066_Magnetar_Systems_SGR1745_Crab_Vela_UQFF.md,"Magnetar Systems in the UQFF: Field Predictions for SGR1745, Crab, Vela, and ASKAP",H,,NO UPDATE (specific system / framework application),,,
067,PAPER_067_AGN_SgrA_M87_CentaurusA_UQFF.md,"Active Galactic Nuclei in the UQFF: Ug4 Vacuum Concentration Field Analysis for Sgr A*,",H,,NO UPDATE (specific system / framework application),,,
068,PAPER_068_Globular_Cluster_Dynamics_UQFF.md,"Globular Cluster Dynamics via the UQFF: Ui_galaxy Field Mediation, Velocity Dispersions, and",H,,NO UPDATE (specific system / framework application),,,
069,PAPER_069_Radio_Transient_ASKAP_J1832_UQFF.md,Long-Period Radio Transient ASKAP J1832-0911: UQFF Numeric Stability Analysis and F_{U\_Bi\_i},H,,NO UPDATE (specific system / framework application),,,
070,PAPER_070_Planetary_Nebula_Dynamics_Helix_UQFF.md,Planetary Nebula Shell Dynamics in the UQFF: Helix Nebula (NGC 7293) Destroyed Planet Theory,H,,NO UPDATE (specific system / framework application),,,
071,PAPER_071_Stellar_Superflare_Energy_Budget_UQFF.md,Stellar Superflare Energy Budget: UQFF F_{U\_Bi\_i} Integral and Vacuum-Mediated Energy Release,H,,NO UPDATE (specific system / framework application),,,
072,PAPER_072_Red_Dwarf_Reactor_Physics_UQFF.md,"Red Dwarf Reactor (RDR) Physics — UQFF TRZ Factor Validation, COP > 1, and Plasma",H,,NO UPDATE (specific system / framework application),,,
073,PAPER_073_GAIA_DR4_Stellar_UQFF_Validation.md,GAIA DR4 Astrometric Cross-Validation of UQFF Stellar Gravity Predictions,H,,NO UPDATE (specific system / framework application),,,
074,PAPER_074_NED_SIMBAD_Galactic_Structure_UQFF.md,Galactic Structure Cross-Validation: NED and SIMBAD Multi-Object Queries vs UQFF Predicted,H,,NO UPDATE (specific system / framework application),,,
075,PAPER_075_XRay_Binaries_Chandra_UQFF.md,X-Ray Binary Field Analysis: Chandra Source Catalog vs UQFF Magnetic Buoyancy Predictions,H,,NO UPDATE (specific system / framework application),,,
076,PAPER_076_FermiLAT_GammaRay_UQFF.md,Fermi-LAT 4FGL Gamma-Ray Source Catalog: UQFF Resonant Mode Emission Predictions,H,,NO UPDATE (specific system / framework application),,,
077,PAPER_077_LIGO_GWTC4_Cross_Validation_UQFF.md,LIGO-Virgo GWTC-4.0 Gravitational Wave Catalog: UQFF Waveform and Ringdown Cross-Validation,H,,NO UPDATE (specific system / framework application),,,
078,PAPER_078_NED_Extragalactic_UQFF.md,NED Multi-Wavelength Extragalactic Physics: AGN Luminosity Functions and UQFF,H,,NO UPDATE (specific system / framework application),,,
079,PAPER_079_HEASARC_HighEnergy_UQFF.md,"HEASARC Multi-Mission High-Energy Source Catalog: UQFF Field Predictions for X-Ray, UV, and",H,,NO UPDATE (specific system / framework application),,,
080,PAPER_080_Complete_MultiWavelength_UQFF_Suite.md,"Complete Multi-Wavelength UQFF Validation Suite: Synthesis of GAIA DR4, NED, Chandra, Fermi,",H,,NO UPDATE (specific system / framework application),,,
081,PAPER_081_UQFF_Hawking_Temperature_Derivation.md,UQFF-Modified Hawking Temperature: Derivation via f_TRZ and ?_vac_SCm Vacuum Corrections,H,,NO UPDATE (specific system / framework application),,,
082,PAPER_082_BH_Evaporation_Timescales_UQFF.md,UQFF-Corrected Black Hole Evaporation Timescales: Stellar Mass Through Primordial Black,H,,NO UPDATE (specific system / framework application),,,
083,PAPER_083_Primordial_BH_UQFF.md,Primordial Black Hole Mass Distribution: UQFF Corrections to Formation Thresholds and,H,,NO UPDATE (specific system / framework application),,,
084,PAPER_084_Information_Paradox_26D_UQFF.md,Information Paradox Resolution in the 26D UQFF Framework via Holographic Channel Encoding,H,,NO UPDATE (specific system / framework application),,,
085,PAPER_085_Page_Curve_UQFF.md,Page Curve Derivation in the UQFF: Entropy Evolution with Modified Hawking Temperature,H,,NO UPDATE (specific system / framework application),,,
086,PAPER_086_Ug4_AGN_Feedback_UQFF.md,Ug4 AGN Feedback Energy Density: An 8-Parameter UQFF Formula for Black HoleHost Galaxy,H,,NO UPDATE (specific system / framework application),,,
087,PAPER_087_AT2019qiz_TDE_UQFF.md,AT2019qiz Tidal Disruption Event: UQFF Flare Luminosity and Debris Disk Dynamics,H,,NO UPDATE (specific system / framework application),,,
088,PAPER_088_Neutrino_SED_UQFF.md,Neutrino Spectral Energy Distribution from Sgr A*: UQFF Multi-Flavor Emission Framework,H,,NO UPDATE (specific system / framework application),,,
089,PAPER_089_UQFF_Master_Equation_Derivation.md,The UQFF Master Equation: Analytic Derivation and Implementation across 8 Calculator,B,Master_Equation_Derivation,Add v5.78 closed-Lagrangian cross-ref (PAPER_1159-1167 G1-G8) + CP4 #254,,,
090,PAPER_090_MUGE_Compressed_Gravity.md,MUGE Compressed Gravity: A 10-Term Framework Correcting DPM-seeded Gravity at,H,,NO UPDATE (specific system / framework application),,,
091,PAPER_091_MUGE_Resonance_14_Mode.md,MUGE Resonance Gravity: 14-Mode Framework from aDPM Base Through Wormhole Metric,H,,NO UPDATE (specific system / framework application),,,
092,PAPER_092_SgrA_MUGE_Comparison.md,Sagittarius A* SMBH Gravitational Field: 8-Term MUGE Decomposition and Quantum Coherence,H,,NO UPDATE (specific system / framework application),,,
093,PAPER_093_M87_Event_Horizon_UQFF.md,M87* Event Horizon UQFF Field Analysis: 8-Term MUGE Gravity and Relativistic Jet Coupling,H,,NO UPDATE (specific system / framework application),,,
094,PAPER_094_Magnetar_SGR1745_UQFF_Calibration.md,SGR1745-2900 Magnetar UQFF Calibration: Determining $\kappa$ = 0.0005/day and [SSq] = 0.57 from,H,,NO UPDATE (specific system / framework application),,,
095,PAPER_095_UQFF_99pt9_Solvability.md,"UQFF 99.9% Solvability: Grok 4 Statistical Validation Across Radio Transients, Nebulae, and",H,,NO UPDATE (specific system / framework application),,,
096,PAPER_096_FRB_UQFF_Emission_Model.md,Fast Radio Burst Physical Origin: UQFF Coherent Ug1 Dipole Emission from Magnetar Toroidal,H,,NO UPDATE (specific system / framework application),,,
097,PAPER_097_Whittaker_Decomposition_UQFF.md,Whittaker Decomposition in UQFF Spacetime: Separating Scalar Fields via 26-Layer Basis,H,,NO UPDATE (specific system / framework application),,,
098,PAPER_098_Big_Bang_UQFF.md,Big Bang Origin in UQFF: Pre-Inflationary Vacuum State and the Cosmic Quantum Egg,A,Big_Bang,Add closing section: v5.78 27-decade vacuum ledger (PAPER_1170) + xi=13/3,,,
099,PAPER_099_Plasma_Shield_UQFF.md,Plasma Shield-Capture Physics: UQFF Electromagnetic Trapping of Plasma via Ug2,H,,NO UPDATE (specific system / framework application),,,
100,PAPER_100_THz_Resonance_Holes_UQFF.md,Terahertz Resonance Holes in UQFF Vacuum: Physical Mechanism and Laboratory Predictions,H,,NO UPDATE (specific system / framework application),,,
101,PAPER_101_Yang_Mills_Mass_Gap_UQFF.md,Yang-Mills Existence and Mass Gap in the UQFF Framework: Vacuum Concentration as Gap,G,Yang_Mills,Verify v5.78 closed-Lagrangian/ledger cross-ref present (Sess 225 baseline),,,
102,PAPER_102_Navier_Stokes_UQFF.md,Navier-Stokes Existence and Smoothness via UQFF Fluid Regularization: The d_Fluid Term as,G,Navier_Stokes,Verify v5.78 closed-Lagrangian/ledger cross-ref present (Sess 225 baseline),,,
103,PAPER_103_Riemann_Hypothesis_UQFF.md,Riemann Hypothesis and UQFF Spectral Analysis: Non-trivial Zeros as UQFF Resonance,G,Riemann_Hypothesis,Verify v5.78 closed-Lagrangian/ledger cross-ref present (Sess 225 baseline),,,
104,PAPER_104_P_vs_NP_UQFF.md,P vs NP and the UQFF: 26-Dimensional Quantum Algorithms and Computational Complexity Beyond,G,P_vs_NP,Verify v5.78 closed-Lagrangian/ledger cross-ref present (Sess 225 baseline),,,
105,PAPER_105_BH_Phases_Nebulae_Galaxy_Models.md,"Black Hole Phases, Planetary Nebulae, and 10 Galaxy/Nebula UQFF Models: Complete §1.13",H,,NO UPDATE (specific system / framework application),,,
106,PAPER_106_UQFF_Vacuum_Energy_Dark_Energy_Connection.md,UQFF Vacuum Energy and Dark Energy Connection,A,Dark_Energy,Add closing section: v5.78 27-decade vacuum ledger (PAPER_1170) + xi=13/3,,,
107,PAPER_107_EP12_BoseEinstein_Nuclear_BEC_Proof.md,Empirical Proof EP-12: TohsakiFunaki AMD Alpha-BEC Nuclear Condensate – UQFF N_B Calibration,E,EP12_,Forward-pointer to PAPER_1174 P1-P14 suite + PAPER_1177-1180,,,
108,PAPER_108_EP10_IceCube_Neutrino_SED_Proof.md,Empirical Proof EP-10: IceCube Neutrino Spectral Energy Distribution Below 0.1 PeV – UQFF,E,EP10_,Forward-pointer to PAPER_1174 P1-P14 suite + PAPER_1177-1180,,,
109,PAPER_109_EP11_GW170817_rProcess_Proof.md,Empirical Proof EP-11: GW170817 Binary Neutron Star Merger – UQFF Ub_i Outflow Mechanism,E,EP11_,Forward-pointer to PAPER_1174 P1-P14 suite + PAPER_1177-1180,,,
110,PAPER_110_EP06_Gaia_SgrA_Distance_Proof.md,Empirical Proof EP-06: Gaia DR3/DR4 Measurement of Galactic Center Distance and Sgr A* Mass,H,,NO UPDATE (specific system / framework application),,,
111,PAPER_111_EP01_Chandra_RACS_NaivierStokes_Proof.md,Empirical Proof EP-01: Chandra X-Ray Observatory RACS J0320-35 One-Sided Jet – UQFF,H,,NO UPDATE (specific system / framework application),,,
112,PAPER_112_EP02_PDG2025_EnergyLadder_Proof.md,Empirical Proof EP-02: Particle Data Group 2025 Mass Table Cross-Correlation with UQFF,H,,NO UPDATE (specific system / framework application),,,
113,PAPER_113_EP05_FermiLAT_Blazar_Ereact_Proof.md,Empirical Proof EP-05: Fermi-LAT 4th LAC Blazar Catalog – UQFF E_react = 1046 e^(-?t) Decay,H,,NO UPDATE (specific system / framework application),,,
114,PAPER_114_EP07_ParkerProbe_Heliosheath_Proof.md,Empirical Proof EP-07 — Parker Solar Probe Heliosheath: UQFF Ug2 Charge-Reactivity Field,H,,NO UPDATE (specific system / framework application),,,
115,PAPER_115_EP09_3C273_QuasarJet_Proof.md,Empirical Proof EP-09: 3C 273 MNRAS Quasar Jet One-Sidedness >100:1  UQFF Ub_i,H,,NO UPDATE (specific system / framework application),,,
116,PAPER_116_EP03_LHC_VirtualQuark_Proof.md,Empirical Proof EP-03: ATLAS-CONF-2025-007 Run 3 Virtual Quark Contact Interactions – UQFF,H,,NO UPDATE (specific system / framework application),,,
117,PAPER_117_EP04_ENSDF_Pb206_BindingLadder_Proof.md,Empirical Proof EP-04: ENSDF/NNDC Pb-206 Nuclear Excitation Spectrum – UQFF Energy Ladder,H,,NO UPDATE (specific system / framework application),,,
118,PAPER_118_EP08_JCAP_DarkMatter_Vacuum_Proof.md,Empirical Proof EP-08: JCAP 2024 Dark Matter Density Constraints and Planck 2018 Vacuum,H,,NO UPDATE (specific system / framework application),,,
119,PAPER_119_UQFF_7System_Equation_Reference.md,"UQFF General Equation Systems – Compressed, Resonant, Buoyancy, Superconductive, Triadic,",H,,NO UPDATE (specific system / framework application),,,
120,PAPER_120_UQFF_Astronomical_Systems_Catalog.md,"Complete Catalog of Astronomical Systems Used in UQFF Calculations — Parameters,",H,,NO UPDATE (specific system / framework application),,,
121,PAPER_121_UQFF_71Equation_Catalog_Complete_Framework.md,The Unified Quantum Field Superconductive Framework 71-Equation Catalog: Complete,F,_Catalog_,"Update tables; add P6-P14, CP4 #254-#264, ref PAPER_1167/1170/1174",,,
122,PAPER_122_UQFF_Compressed_PDG_241Particle_Ladder.md,UQFF Compressed Mode Verification – PDG 2025 241-Particle Nuclear Energy Ladder: E_n = E_0 \times,H,,NO UPDATE (specific system / framework application),,,
123,PAPER_123_UQFF_SubQuantum_ATLAS_LHC_Virtual_Quark_n4.md,UQFF Compressed Mode Sub-Quantum Verification – ATLAS-CONF-2025-007 LHC Virtual Quark,H,,NO UPDATE (specific system / framework application),,,
124,PAPER_124_UQFF_Buoyancy_Nuclear_ENSDF_Pb206_Sn.md,UQFF Buoyancy Mode Nuclear Verification – ENSDF Pb-206 Neutron Separation Energy S_n =,H,,NO UPDATE (specific system / framework application),,,
125,PAPER_125_UQFF_Superconductive_Fermi4LAC_Ereact_Kappa.md,UQFF Superconductive Mode E_react Calibration – Fermi LAT 4LAC Blazar Catalog: ? =,H,,NO UPDATE (specific system / framework application),,,
126,PAPER_126_UQFF_MasterBuoyancy_Gaia_SgrA_Calibration.md,UQFF Master Buoyancy Mode Galactic Calibration – Gaia DR3/DR4 Sagittarius A* Distance d_g =,H,,NO UPDATE (specific system / framework application),,,
127,PAPER_127_UQFF_Resonant_ParkerSolarProbe_DeltaSW.md,UQFF Resonant Mode Heliospheric Verification – Parker Solar Probe CDAWeb Solar Wind,H,,NO UPDATE (specific system / framework application),,,
128,PAPER_128_UQFF_Quadratic_JCAP_DarkMatter_SSq3_Cascade.md,UQFF Quadratic Mode Dark Matter Discovery – JCAP 2025 ?_DM = ?_?  [SSq] with N=3 Vacuum,H,,NO UPDATE (specific system / framework application),,,
129,PAPER_129_UQFF_Triadic_3C273_Jet_NegativeTime_N13.md,"UQFF Triadic Mode Negative Time Discovery — 3C273 Asymmetric Quasar Jet: t_n < 0, R=130,",H,,NO UPDATE (specific system / framework application),,,
130,PAPER_130_UQFF_Buoyancy_IceCube_Beta_i_CRP_Calibration.md,UQFF Buoyancy Mode Universal Coupling Calibration – IceCube Neutrino Background \kappa_i = 0.61 \times,H,,NO UPDATE (specific system / framework application),,,
131,PAPER_131_UQFF_Superconductive_GW170817_Chandra_Jets_Combined.md,UQFF Superconductive Mode Dual Synthesis — GW170817 LIGO Kilonova Y_e \approx 0.1 r-Process and,H,,NO UPDATE (specific system / framework application),,,
132,PAPER_132_UQFF_Quadratic_BEC_Tohsaki_Hoyle_NB3_Tc.md,UQFF Quadratic Mode Condensate Verification – Tohsaki AMD Alpha-Cluster BEC in Carbon-12,H,,NO UPDATE (specific system / framework application),,,
133,PAPER_133_UQFF_F_U_Genesis_Complete_Derivation_4Component_Framework.md,UQFF Star-Magic F_U Genesis – First Principles Construction of the 4-Component Unified,H,,NO UPDATE (specific system / framework application),,,
134,PAPER_134_UQFF_Heliosphere_Ug2_SolarWind_Transmutation_HelioAge_PlanetaryWater.md,UQFF Buoyant Mode Heliosphere – Ug2 Outer Field Bubble Transmutes Solar Winds into Hydrogen,H,,NO UPDATE (specific system / framework application),,,
135,PAPER_135_UQFF_Quasar_Jets_NegativeTime_cos_pi_tn_NS_Millennium.md,UQFF Superconductive Mode Quasar Jet Dynamics – Unequal Opposing Jet Lengths as Direct,G,Millennium,Verify v5.78 closed-Lagrangian/ledger cross-ref present (Sess 225 baseline),,,
136,PAPER_136_UQFF_PlanetaryCore_Ug3_SCm_Exclusivity_OrbitalHamiltonian.md,UQFF Compressed Mode Planetary Core — Ug3 SCm Exclusivity (P_SCm = 10-3) and Quantum Orbital,H,,NO UPDATE (specific system / framework application),,,
137,PAPER_137_UQFF_26QuantumLevels_EnergyLadder_E0to10n_Higgs_GalacticVacuum.md,UQFF Compressed Mode Universal Energy Ladder — 26 Quantum Levels (E_n = E_0 \times 10ⁿ): Atomic,H,,NO UPDATE (specific system / framework application),,,
138,PAPER_138_UQFF_NGC3603_ClusterBurst_MassEvolution_SCm_PFeedback.md,UQFF MasterBuoyancy + Superconductive Mode Star Cluster Burst -- NGC 3603 Mass Evolution M(t),H,,NO UPDATE (specific system / framework application),,,
139,PAPER_139_UQFF_HydrogenAtom_Ug4i_InverseBoyle_MetallicH_CrystallineMUGE.md,UQFF Quadratic Mode Hydrogen Atom – Ug4i Inverse Void Dynamics (Reverse Boyle's Law at >500,H,,NO UPDATE (specific system / framework application),,,
140,PAPER_140_UQFF_UAprSCm10_DualMonopole_VacuumDensity_UniversalRatio.md,UQFF All-Modes Universal Calibration Constant [(UA')]:[SCm] = 10  The Dual,H,,NO UPDATE (specific system / framework application),,,
141,PAPER_141_UQFF_H2O_Azeotrope_OceanicSalinity_Buoy_Ug4_NOAAValidation.md,UQFF Buoyancy + Quadratic Mode Water Azeotrope – Oceanic Salinity Buoy_term = 1.262\times10?8,H,,NO UPDATE (specific system / framework application),,,
142,PAPER_142_UQFF_Hydrogen_PToE_Resonance_Hres_Z1to126_ShellMagicNumbers.md,UQFF Resonant + Quadratic Mode Hydrogen-to-Extended-Periodic-Table Resonance – H_res Full,H,,NO UPDATE (specific system / framework application),,,
143,PAPER_143_UQFF_40pct_Contribution_MUGE_vs_Prior_SchrodingerDirac_Bridge.md,UQFF Compressed Mode Quantum-Gravity Bridge -- The 40% UQFF vs 60% Schrdinger/Dirac Split in,H,,NO UPDATE (specific system / framework application),,,
144,PAPER_144_StarMagic_SCm_CosmicGlue_Paradigm_Complete_Framework_Overview.md,"Star Magic SCm as Cosmic Glue -- The Complete UQFF Framework Paradigm: F_U, 5-Force",H,,NO UPDATE (specific system / framework application),,,
145,PAPER_145_UQFF_MUGE_Compression_Cycle3_Unified_Framework_12Term_Resonance.md,UQFF Star-Magic MUGE Compression Cycle 3 — Complete Unified Architecture: F_U Master,H,,NO UPDATE (specific system / framework application),,,
146,PAPER_146_UQFF_SuperconductiveResonance_12Term_MUGE_Master_Equation.md,UQFF Star-Magic Superconductive Resonance — First-Principles Derivation of All 12 MUGE,H,,NO UPDATE (specific system / framework application),,,
147,PAPER_147_UQFF_FDPM_VorticalResonance_DPM_Driver_Aether_Coupling.md,UQFF Star-Magic FDPM Vortical Resonance — First-Principles Derivation of the DPM Driver,H,,NO UPDATE (specific system / framework application),,,
148,PAPER_148_UQFF_SGR1745_Magnetar_MUGE_FluidDynamics_Dominant.md,UQFF Star-Magic SGR1745-2900 Magnetar — MUGE 12-Term Resonance Validation: afluid_freq,H,,NO UPDATE (specific system / framework application),,,
149,PAPER_149_UQFF_SgrA_MUGE_FDPM_Dominance_Extreme_Gravity.md,UQFF Star-Magic Sagittarius A* — MUGE 12-Term Resonance at the Galactic SMBH: aDPM,H,,NO UPDATE (specific system / framework application),,,
150,PAPER_150_UQFF_Tapestry_Westerlund2_MUGE_StarFormation_Resonance.md,UQFF Star-Magic Tapestry Blazing Starbirth and Westerlund 2 Star Cluster — MUGE 12-Term,H,,NO UPDATE (specific system / framework application),,,
151,PAPER_151_UQFF_Pillars_RingsOfRelativity_MUGE_Cascade_Gravity.md,UQFF Star-Magic Pillars of Creation and Rings of Relativity Gravitational Lens — MUGE,H,,NO UPDATE (specific system / framework application),,,
152,PAPER_152_UQFF_StudentsGuide_Cosmological_MUGE_Baseline.md,UQFF Star-Magic Student's Guide to the Universe – Cosmological Scale MUGE 12-Term Resonance,A,Cosmological_,Add closing section: v5.78 27-decade vacuum ledger (PAPER_1170) + xi=13/3,,,
153,PAPER_153_UQFF_MorrisThorne_Wormhole_Geodesics_UQFF_Metric.md,UQFF Star-Magic Morris-Thorne Wormhole Metric  fTRZ Throat Geometry and Geodesic Structure,H,,NO UPDATE (specific system / framework application),,,
154,PAPER_154_UQFF_NavierStokes_QuasarJets_JosStam_SCm_Force.md,UQFF Star-Magic Navier-Stokes Quasar Jet Equation – Jos Stam Stable Fluids Solver with SCm,G,NavierStokes,Verify v5.78 closed-Lagrangian/ledger cross-ref present (Sess 225 baseline),,,
155,PAPER_155_UQFF_SM_Gravity_MUGE_Resonance_Equilibrium_LimitingCase.md,UQFF Star-Magic Standard Model Gravity as MUGE Resonance Equilibrium  lim(fTRZ?0)[g_UQFF] =,H,,NO UPDATE (specific system / framework application),,,
156,PAPER_156_UQFF_Millennium_Prize_Roadmap_10_Equations_Clay_Bridge.md,UQFF Star-Magic Millennium Prize Roadmap  10 Master Equations Bridging the UQFF Framework to,G,Millennium,Verify v5.78 closed-Lagrangian/ledger cross-ref present (Sess 225 baseline),,,
157,PAPER_157_SolarSystem_UQFF_FU_Validation_Sun_Earth_Jupiter_Neptune.md,"Solar System UQFF: FU Field Validation for Sun, Earth, Jupiter, Neptune",H,,NO UPDATE (specific system / framework application),,,
158,PAPER_158_Hybrid_MUGE_Blending_Model_Beta_Compressed_Resonance.md,Hybrid MUGE Blending Model: g_hybrid = $\beta$$\cdot$g_compressed + (1-$\beta$)$\cdot$g_resonance,H,,NO UPDATE (specific system / framework application),,,
159,PAPER_159_13th_Resonance_Term_MorrisThorne_Wormhole_MUGE.md,13th Resonance Term: Morris-Thorne Wormhole in MUGE (a_worm = f_worm$\cdot$E_vac/(b2+r2)),H,,NO UPDATE (specific system / framework application),,,
160,PAPER_160_Ug4_Extended_Vacuum_Concentration_AGN_Feedback_rhov_Calibration.md,"Ug4 Extended: Vacuum Concentration, AGN Feedback, and rho_v=6e-27 Calibration",H,,NO UPDATE (specific system / framework application),,,
161,PAPER_161_Relativistic_SCm_Jet_vSCm_099c_J1610_Quasar.md,Relativistic SCm Jet Dynamics: v_SCm = 0.99c and J1610+1811 Quasar (z=3.122),H,,NO UPDATE (specific system / framework application),,,
162,PAPER_162_SolarCycle_UQFF_omegac_TimeVarying_Bt.md,"Solar Cycle UQFF: omega_c = 2\pi/(11yr), Time-Varying B(t), delta_def Defect Factor",H,,NO UPDATE (specific system / framework application),,,
163,PAPER_163_UQFF_Modular_Compressed_MUGE_Decomposed_Functions.md,UQFF Modular Architecture: Decomposed Compressed MUGE Functions,H,,NO UPDATE (specific system / framework application),,,
164,PAPER_164_HighEnergy_Dataset_UQFF_Validation_CERN_GWOSC_EHT_Chandra.md,"High-Energy Dataset UQFF Validation Framework: CERN, GWOSC, EHT, Chandra",H,,NO UPDATE (specific system / framework application),,,
165,PAPER_165_UQFF_StressEnergy_Tensor_Coupling_Amu_nu.md,UQFF Stress-Energy Tensor Coupling: A_\mu\nu = g_\mu\nu + \eta\cdot T_s00\cdot \cos(\pi t_n),H,,NO UPDATE (specific system / framework application),,,
166,PAPER_166_UQFF_SolarWind_Modulation_epsilon_sw_delta_sw_HSCm.md,UQFF Solar Wind Modulation: epsilon_sw and Wind-Modified Buoyancy,H,,NO UPDATE (specific system / framework application),,,
167,PAPER_167_GW231123_225Msun_BH_Merger_UQFF_Ug4_MassGap.md,"GW231123: 225 M_sol BH Merger, UQFF Ug4 Feedback, and Yang-Mills Mass Gap",H,,NO UPDATE (specific system / framework application),,,
168,PAPER_168_MUGE_3D_Simulation_Entity_Framework_GPU_Rendering.md,"MUGE 3D Simulation Entity Framework: GPU Rendering, Per-System Archives, OpenGL",H,,NO UPDATE (specific system / framework application),,,
169,PAPER_169_CoAnQi_Architecture_UQFF_3D_Plugin_System.md,CoAnQi Architecture — Multi-Tier UQFF+3D+Plugin System,H,,NO UPDATE (specific system / framework application),,,
170,PAPER_170_CelestialBody_12Field_UQFF_Parameter_Space.md,CelestialBody 12-Field UQFF Parameter Space,H,,NO UPDATE (specific system / framework application),,,
171,PAPER_171_UniversalGravity_Ug1_Ug4_Full_Decomposition.md,Universal Gravity Ug1–Ug4 Full Decomposition,H,,NO UPDATE (specific system / framework application),,,
172,PAPER_172_FU_Complete_Unified_Field_Assembly.md,F_U Complete Unified Field Assembly,H,,NO UPDATE (specific system / framework application),,,
173,PAPER_173_Modular_Compressed_MUGE_9Term_Decomposition.md,Modular Compressed MUGE — 9-Term Mathematical Decomposition,H,,NO UPDATE (specific system / framework application),,,
174,PAPER_174_Modular_Resonance_MUGE_13Term_Wormhole.md,Modular Resonance MUGE — 13-Term + Wormhole 14th Term,H,,NO UPDATE (specific system / framework application),,,
175,PAPER_175_26_Quantum_Energy_Levels_Vacuum_Energy_Density.md,26 Quantum Energy Levels and Vacuum Energy Density ?_vac,A,Vacuum_Energy,Add closing section: v5.78 27-decade vacuum ledger (PAPER_1170) + xi=13/3,,,
176,PAPER_176_SCm_Superconducting_Manifold_Discovery_Properties.md,"SCm — Superconducting Manifold Discovery, Properties, and Cosmic Role",H,,NO UPDATE (specific system / framework application),,,
177,PAPER_177_FluidSolver_NavierStokes_UQFF_Coupling.md,FluidSolver Navier-Stokes + UQFF Coupling — Quasar Jet Dynamics,G,NavierStokes,Verify v5.78 closed-Lagrangian/ledger cross-ref present (Sess 225 baseline),,,
178,PAPER_178_CoAnQi_3D_Simulation_Entity_Framework.md,CoAnQi 3D Simulation Entity Framework,H,,NO UPDATE (specific system / framework application),,,
179,PAPER_179_Star_Magic_5Chapter_Theory_DPM_Universal_Field_Taxonomy.md,Star Magic 5-Chapter Theory — DPM and Universal Field Taxonomy,H,,NO UPDATE (specific system / framework application),,,
180,PAPER_180_CoAnQi_Unit_Test_Suite_26_Validated_Functions.md,CoAnQi Unit Test Suite — 26 Validated Functions and MUGE Proof Sets,H,,NO UPDATE (specific system / framework application),,,
181,PAPER_181_Graph_Theory_H_Magic_Labelings_Star_Magic_Combinatorics.md,Graph Theory H-Magic Labelings and Star Magic Combinatorics,H,,NO UPDATE (specific system / framework application),,,
182,PAPER_182_UQFF_Complete_Variable_Reference_Table.md,UQFF Complete Variable Reference Table,F,Variable_Reference_Table,"Update tables; add P6-P14, CP4 #254-#264, ref PAPER_1167/1170/1174",,,
183,PAPER_183_Yang_Mills_Hamiltonian_SCm_UA_Framework.md,Yang-Mills Hamiltonian Framework via SCm and UA Fields,G,Yang_Mills,Verify v5.78 closed-Lagrangian/ledger cross-ref present (Sess 225 baseline),,,
184,PAPER_184_Quasar_Navier_Stokes_SCm_Forcing_Negative_Time_Asymmetry.md,Quasar Navier-Stokes with SCm Forcing and Negative Time Asymmetry,G,Navier_Stokes,Verify v5.78 closed-Lagrangian/ledger cross-ref present (Sess 225 baseline),,,
185,PAPER_185_UQFF_Pi_Cycle_Riemann_Zeta_Connection.md,UQFF \pi-Cycle Riemann Zeta Connection,H,,NO UPDATE (specific system / framework application),,,
186,PAPER_186_Solar_System_Canonical_Body_Reference.md,Solar System Canonical Body Reference — Four-Body Parameterization,F,Canonical_Body_Reference,"Update tables; add P6-P14, CP4 #254-#264, ref PAPER_1167/1170/1174",,,
187,PAPER_187_Canonical_7_Object_MUGESystem_Catalog.md,Canonical 7-Object MUGESystem Catalog — Exact Numerical Parameters,H,,NO UPDATE (specific system / framework application),,,
188,PAPER_188_CoAnQi_Build_Distribution_Architecture.md,CoAnQi Build Distribution Architecture --- NSIS and Debian Packaging,H,,NO UPDATE (specific system / framework application),,,
189,PAPER_189_SC_Scientific_Calculator_Architecture.md,S-C Scientific Calculator Architecture -- Qt5/ANTLR4/SymEngine/Units Stack,H,,NO UPDATE (specific system / framework application),,,
190,PAPER_190_SC_Symbolic_Integration_Engine.md,S-C Symbolic Integration Engine -- 10+ Function Types and ODE Ramanujan Fallback,H,,NO UPDATE (specific system / framework application),,,
191,PAPER_191_SC_Multi_Modal_Calculator_Features.md,"S-C Multi-Modal Calculator Features — VR/AR, Voice, Blockchain, IoT, Haptics, ML",H,,NO UPDATE (specific system / framework application),,,
192,PAPER_192_SC_Collaborative_Real_Time_Math.md,"S-C Collaborative Real-Time Mathematics — WebSocket, OT, ECDSA, and Snappy",H,,NO UPDATE (specific system / framework application),,,
193,PAPER_193_CoAnQi_Namespaced_Modular_Cpp_Architecture.md,CoAnQi Namespaced Modular C++ Architecture — Seven Sub-Namespace Decomposition,H,,NO UPDATE (specific system / framework application),,,
194,PAPER_194_Assimp_LoadOBJ_VTK_ExportToSTL.md,Complete Assimp LoadOBJ and VTK ExportToSTL Implementation,H,,NO UPDATE (specific system / framework application),,,
195,PAPER_195_CoAnQi_JSON_YAML_CSV_Data_Loader_Framework.md,CoAnQi Universal JSON/YAML/CSV Data Loader Framework,H,,NO UPDATE (specific system / framework application),,,
196,PAPER_196_Triadic_Master_Equation_System_Compressed_Resonance_Buoyancy_UQFF.md,"Triadic Master Equation System — Compressed, Resonance, and Buoyancy UQFF",H,,NO UPDATE (specific system / framework application),,,
197,PAPER_197_F_U_Bi_i_Extended_Integral_UV_mm_Wave_Hybrid_Hierarchical.md,"F_{U\_Bi\_i} Extended Integral — UV, mm-Wave, Hybrid, and Hierarchical Terms",H,,NO UPDATE (specific system / framework application),,,
198,PAPER_198_F_UBii_Taxonomy_Part1_Compact_Object_Stellar_Buoyancy_Forces.md,F_UBii Taxonomy Part 1 --- Compact Object and Stellar Physics Buoyancy Forces,H,,NO UPDATE (specific system / framework application),,,
199,PAPER_199_F_UBii_Taxonomy_Part2_Cosmological_Dark_Sector_Buoyancy_Forces.md,F_UBii Taxonomy Part 2 — Cosmological and Dark Sector Buoyancy Forces,A,Cosmological_,Add closing section: v5.78 27-decade vacuum ledger (PAPER_1170) + xi=13/3,,,
200,PAPER_200_Um_Universal_Magnetism_Taxonomy_Complete_Variant_Catalogue.md,Um Universal Magnetism Taxonomy — Complete Variant Catalogue,H,,NO UPDATE (specific system / framework application),,,
201,PAPER_201_UQFF_Gravitational_Waves_Chirp_QNM_BZ_OrbitalDecay_Kilonova.md,"UQFF Gravitational Waves — Chirp Mass, QNM, BZ, Orbital Decay, and Kilonova",H,,NO UPDATE (specific system / framework application),,,
202,PAPER_202_UQFF_Reionization_BBN_Recombination_Cosmic_Dawn_Physics.md,"UQFF Reionization, BBN, Recombination, and Cosmic Dawn Physics",A,BBN_,Add closing section: v5.78 27-decade vacuum ledger (PAPER_1170) + xi=13/3,,,
203,PAPER_203_UQFF_CMB_Structure_Growth_Non_Gaussianity_Curvature_Perturbation.md,"UQFF CMB, Structure Growth, Non-Gaussianity, and Curvature Perturbation",A,_CMB_,Add closing section: v5.78 27-decade vacuum ledger (PAPER_1170) + xi=13/3,,,
204,PAPER_204_UQFF_Dark_Matter_NFW_SIDM_Rotation_Curves_Virial_Theorem.md,"UQFF Dark Matter — NFW, SIDM, Rotation Curves, and Virial Theorem",H,,NO UPDATE (specific system / framework application),,,
205,PAPER_205_Ramanujan_Polynomials_Q26_UQFF_26State_Summations.md,Ramanujan Polynomials Q_n(x) and UQFF 26-State Summations,H,,NO UPDATE (specific system / framework application),,,
206,PAPER_206_Magnetar_Vortex_Avalanche_Simulation_2D_3D_Power_Law_Glitch.md,Magnetar Vortex Avalanche Simulation — 2D/3D Power-Law and Glitch Dynamics,H,,NO UPDATE (specific system / framework application),,,
207,PAPER_207_QuTiP_Quantum_Entanglement_Chain_CNOT_VonNeumann_Magnetar.md,QuTiP Quantum Entanglement Chain — CNOT Propagation and von Neumann Entropy,H,,NO UPDATE (specific system / framework application),,,
208,PAPER_208_UQFF_Variable_Calibration_phi_fTRZ_rhoUA_SSq_Qwave_CIA.md,"UQFF Variable Calibration — ?, f_TRZ, ?_vac,[UA], [SSq], Q_wave, and CIA Cross-Section",H,,NO UPDATE (specific system / framework application),,,
209,PAPER_209_UQFF_vs_LambdaCDM_Comparison_Framework.md,UQFF vs Lambda-CDM Comparison Framework,A,LambdaCDM,Add closing section: v5.78 27-decade vacuum ledger (PAPER_1170) + xi=13/3,,,
210,PAPER_210_UQFF_vs_MOND_Comparison_Framework.md,UQFF vs MOND Comparison Framework,H,,NO UPDATE (specific system / framework application),,,
211,PAPER_211_UQFF_99System_Complete_Framework_Compression_Cycle3.md,UQFF 99-System Complete Framework and Compression Cycle 3,H,,NO UPDATE (specific system / framework application),,,
212,PAPER_212_UQFF_48Scale_Molecular_Rotor_CIA_CrossSection_Framework.md,UQFF 48-Scale Molecular Rotor and CIA Cross-Section Framework,H,,NO UPDATE (specific system / framework application),,,
213,PAPER_213_H_res_Suite_D_universe_Master_Equations.md,H_res Suite and D_universe Master Equations,H,,NO UPDATE (specific system / framework application),,,
214,PAPER_214_MHD_Clusters_Jets_Accretion_UQFF_Framework.md,"MHD Clusters, Jets, and Accretion in the UQFF Framework",H,,NO UPDATE (specific system / framework application),,,
215,PAPER_215_Cosmic_Rays_WHIM_Fermi_Acceleration_CR_Knee_UQFF.md,"Cosmic Rays, WHIM, Fermi Acceleration, and CR Knee in UQFF",H,,NO UPDATE (specific system / framework application),,,
216,PAPER_216_Triadic_UQFF_Numerical_Validation_Westerlund2_Pillars.md,Triadic UQFF Numerical Validation Suite — Westerlund 2 and Pillars of Creation,H,,NO UPDATE (specific system / framework application),,,
217,PAPER_217_DeepSearch_FUBii_Polynomial_Rare_Mathematical_Discoveries.md,DeepSearch F_{U\_Bi\_i} Polynomial Verification and Rare Mathematical Discoveries,H,,NO UPDATE (specific system / framework application),,,
218,PAPER_218_NGC3603_Stellar_Pressure_Dispersal_UQFF.md,NGC 3603 Stellar Pressure Dispersal — UQFF (1-P(t)) Compressed Framework,H,,NO UPDATE (specific system / framework application),,,
219,PAPER_219_M16_Eagle_Nebula_Radiation_SFR_UQFF.md,M16 Eagle Nebula UQFF — Star Formation Rate Enhancement and Radiation Subtraction,H,,NO UPDATE (specific system / framework application),,,
220,PAPER_220_Crab_Nebula_PWN_UQFF_F_wind_M_mag.md,Crab Nebula Pulsar Wind Nebula UQFF — F_wind and M_mag in Expanding PWN,H,,NO UPDATE (specific system / framework application),,,
221,PAPER_221_Bubble_Nebula_Positive_Enhancement_UQFF.md,PAPER_221: Bubble Nebula Positive Enhancement via UQFF,H,,NO UPDATE (specific system / framework application),,,
221,PAPER_221_Bubble_Nebula_Positive_Expansion_UQFF.md,Bubble Nebula UQFF — (1+E(t)) Positive Shell Expansion Enhancement,H,,NO UPDATE (specific system / framework application),,,
221,PAPER_221b_Bubble_Nebula_Positive_Enhancement_UQFF.md,Bubble Nebula UQFF — (1+E(t)) Positive Shell Expansion Enhancement,H,,NO UPDATE (specific system / framework application),,,
222,PAPER_222_Horsehead_Nebula_Prad_Blackbody_UQFF.md,Horsehead Nebula UQFF â€” P_rad Stefan-Boltzmann Blackbody Radiation Pressure,H,,NO UPDATE (specific system / framework application),,,
223,PAPER_223_NGC1275_Perseus_AGN_Filament_UQFF.md,NGC 1275 Perseus AGN UQFF — F_BH Jet Feedback and M_fil Cold Filaments,H,,NO UPDATE (specific system / framework application),,,
224,PAPER_224_Saturn_Dual_Gravity_Ring_Tension_UQFF.md,Saturn UQFF --- Dual-Source Gravity and Ring Tidal Tension T_ring,H,,NO UPDATE (specific system / framework application),,,
225,PAPER_225_Early_Universe_Relativistic_UV_UQFF.md,UQFF Early-Universe Relativistic UV Coupling — (v/c)2 $\cdot$ L_UV for Proto-Galactic Formation at,H,,NO UPDATE (specific system / framework application),,,
226,PAPER_226_MagnetarSGR0501_11Term_MUGE_UQFF.md,"SGR 0501+4516 Magnetar — 11-Term Full MUGE with GW Back-Reaction, Magnetic Energy, and",H,,NO UPDATE (specific system / framework application),,,
227,PAPER_227_Tapestry_LMC_Stellar_Wind_UQFF.md,"Tapestry of Blazing Starbirth (NGC 2014/2020, LMC) — MUGE with Gas-Accreting Mass M(t) and",H,,NO UPDATE (specific system / framework application),,,
228,PAPER_228_Westerlund2_OB_StellarWind_MUGE.md,Westerlund 2 Super Star Cluster â€” MUGE with High-Density OB-Supergiant Wind Feedback (10Ã—,H,,NO UPDATE (specific system / framework application),,,
229,PAPER_229_Pillars_Creation_Erosion_MUGE.md,Pillars of Creation (Eagle Nebula M16) — MUGE with Decaying Photoevaporation Erosion Factor,H,,NO UPDATE (specific system / framework application),,,
230,PAPER_230_NGC2525_SN2018gv_Negative_MassLoss_MUGE.md,NGC 2525 + SN 2018gv — MUGE with Negative Supernova Mass-Loss Acceleration (Only Negative,H,,NO UPDATE (specific system / framework application),,,
231,PAPER_231_HUDF_Cosmic_Field_z3p5_MUGE.md,Hubble Ultra Deep Field Galaxies — MUGE at Cosmic Scale z = 3.5 with Double I(t) Interaction,H,,NO UPDATE (specific system / framework application),,,
232,PAPER_232_NGC1792_Stellar_Forge_Starburst_MUGE.md,NGC 1792 \,H,,NO UPDATE (specific system / framework application),,,
233,PAPER_233_SGR1745_BH_Proximity_Enhanced_MUGE.md,"SGR 1745-2900 Enhanced — SMBH Tidal Proximity Coupling, Static B-Field Magnetic Energy, ATNF",H,,NO UPDATE (specific system / framework application),,,
234,PAPER_234_SgrAStar_Accretion_Precession_Enhanced_MUGE.md,"Sagittarius A* Enhanced — Secular SMBH Accretion Mass Growth M(t), Gauss→Tesla B-Field",H,,NO UPDATE (specific system / framework application),,,
235,PAPER_235_Antennae_NGC4038_Double_Merger_Interaction_MUGE.md,Antennae Galaxies (NGC 4038/4039) Enhanced — Double I(t) Merger Modulation Applied to Both,H,,NO UPDATE (specific system / framework application),,,
236,PAPER_236_UQFF_Learning_Advancement_Meta_Assessment.md,UQFF Learning Assessment Evolution_B — Framework Meta-Assessment Advancement Score,H,,NO UPDATE (specific system / framework application),,,
237,PAPER_237_UQFFSource10_Catalogue_Master_Buoyancy_26Layer_UQFF.md,UQFFSource10 Catalogue — Master Buoyancy Integral F_{U\_Bi\_i} and 26-Layer Triadic g_UQFF,H,,NO UPDATE (specific system / framework application),,,
238,PAPER_238_UQFF_Vacuum_Repulsion_Surface_Tension_Analogy.md,UQFF Vacuum Repulsion Force — Surface-Tension Analogy F_{vac\_rep},H,,NO UPDATE (specific system / framework application),,,
239,PAPER_239_UQFF_THz_Conduit_Shock_StarFormation_Forces.md,UQFF THz Shock Force and H$_2$O Conduit Force --- 26-Layer Star-Formation Coupling,H,,NO UPDATE (specific system / framework application),,,
240,PAPER_240_UQFF_Spooky_Action_DPM_Resonance_gH_Hydrogen.md,UQFF Spooky Action Force and DPM Resonance Energy --- Quantum String-Wave Coupling and,H,,NO UPDATE (specific system / framework application),,,
241,PAPER_241_UQFF_Validation_CrossReference_ArXiv_Experimental_92pct.md,"UQFF Validation Cross-Reference Report â€” 92.53% ArXiv Alignment, 93.3% Experimental Pass",H,,NO UPDATE (specific system / framework application),,,
242,PAPER_242_RingsOfRelativityEinsteinLensingMUGE.md,Rings of Relativity: Einstein Ring Lensing Amplification in the Full MUGE,H,,NO UPDATE (specific system / framework application),,,
243,PAPER_243_NGC3603FullMUGECavityPressure.md,NGC 3603 Full MUGE: Time-Varying Mass M(t) and Additive Cavity Pressure P(t)/$\rho$,H,,NO UPDATE (specific system / framework application),,,
244,PAPER_244_MUGE_Quantum_Uncertainty_Gravity_SubTerm_Universal.md,MUGE Quantum Uncertainty Gravity Sub-Term — Universal Cosmological-Scale Coupling,H,,NO UPDATE (specific system / framework application),,,
245,PAPER_245_MUGE_Fluid_Self_Gravity_Archimedes_Buoyancy_SubTerm.md,MUGE Fluid Self-Gravity Archimedes Buoyancy Sub-Term — Universal Gravitational Buoyancy,H,,NO UPDATE (specific system / framework application),,,
246,PAPER_246_MUGE_Dual_Mode_Oscillatory_Gravity_Standing_Traveling_Wave.md,MUGE Dual-Mode Oscillatory Gravity -- Standing Wave and Hubble-Normalised Traveling Wave,H,,NO UPDATE (specific system / framework application),,,
247,PAPER_247_MUGE_Merger_Interaction_Modulation_Tidal_Gravity_Boost.md,MUGE Merger Interaction Modulation — Tidal Gravity Boost with Exponential Decay,H,,NO UPDATE (specific system / framework application),,,
248,PAPER_248_UQFF_Source10_Batch_OpenMP_DPM_Resonance_Profiling.md,UQFF Source10 Batch OpenMP Profiling — DPM Resonance Calibration and Parallel Architecture,H,,NO UPDATE (specific system / framework application),,,
249,PAPER_249_UQFF_CUDA_GPU_Tiled_GEMM_Multi_System_Acceleration.md,UQFF CUDA GPU Tiled GEMM — Multi-System 26-Layer Acceleration,H,,NO UPDATE (specific system / framework application),,,
250,PAPER_250_SN1006_TypeIa_SNR_FUBi_Ejecta_Knot_Stabilisation.md,SN 1006 Type Ia SNR F_{U\_Bi\_i} — Ejecta Knot Stabilisation and Force Equivalence Class,H,,NO UPDATE (specific system / framework application),,,
251,PAPER_251_EtaCarina_Homunculus_DPM_Invisibility_LENR_Resonance.md,Eta Carinae Homunculus F_{U\_Bi\_i} — DPM Invisibility and LENR Force Hierarchy Discovery,I,LENR_,NO UPDATE unless ledger/xi enters; verify only,,,
252,PAPER_252_Chandra_Archive_Force_Equivalence_Class_UQFF.md,Chandra Archive Multi-System Composite F_{U\_Bi\_i} — Force Equivalence Class Confirmation,H,,NO UPDATE (specific system / framework application),,,
253,PAPER_253_SgrA_Negative_Buoyancy_Inversion_omega0_Critical.md,Sgr A* Galactic Center Negative Buoyancy Inversion — ?0 Critical Frequency and Fermi Bubble,H,,NO UPDATE (specific system / framework application),,,
254,PAPER_254_KeplerSNR1604_Force_Equivalence_Class_Historical_Anchor.md,Kepler's Supernova Remnant 1604 CE — Force Equivalence Class Historical Anchor,H,,NO UPDATE (specific system / framework application),,,
255,PAPER_255_PSRJ0030_NeutronStar_Density_Regime_Positive_Buoyancy.md,PSR J0030+0451 Isolated Neutron Star — Density Regime Positive Buoyancy and F_neutron,H,,NO UPDATE (specific system / framework application),,,
256,PAPER_256_CrabNebula_M1_DPM_Geometry_Compact_Visible_Diffuse_Invisible.md,Crab Nebula M1 DPM Geometry Probe — Compact-Object DPM Visibility vs Diffuse-Gas,H,,NO UPDATE (specific system / framework application),,,
257,PAPER_257_CassiopeiaA_SNR_Force_Equivalence_Class_53Order_Extension.md,Cassiopeia A SNR Neutron Star â€” Force Equivalence Class Extension Across 53 Orders in Ïƒ_n,H,,NO UPDATE (specific system / framework application),,,
258,PAPER_258_MultiMessenger_UQFF_Validator_ALMA_EHT_Chandra_Observational.md,"Multi-Messenger UQFF Validator — ALMA, EHT, and Chandra Observational Detection Map",H,,NO UPDATE (specific system / framework application),,,
259,PAPER_259_NGC1275_AGN_Feedback_Buoyancy_Equilibrium_Cooling_Flow_BCG.md,NGC 1275 --- AGN Feedback-Buoyancy Equilibrium in Cooling-Flow BCGs,H,,NO UPDATE (specific system / framework application),,,
260,PAPER_260_HorseheadNebula_Universal_Erosion_Buoyancy_Coupling_PDR_Structural_Form_Independence.md,Horsehead Nebula – Universal Erosion-Buoyancy Coupling: Structural-Form Independence in,H,,NO UPDATE (specific system / framework application),,,
261,PAPER_261_NGC3603_Dual_Dynamic_Feedback_Equilibrium_Timescale_Scale_Invariant_Theorem_YMC.md,NGC 3603 --- Dual-Dynamic Feedback Equilibrium Timescale and Scale-Invariant Feedback Theorem,H,,NO UPDATE (specific system / framework application),,,
262,PAPER_262_NGC2525_SN_TypeIa_Negative_Mass_Loss_Gravitational_Sign_Reversal_UQFF.md,Galaxy NGC 2525 --- SN Type Ia Negative-Mass-Loss Gravitational Sign Reversal: A New UQFF,H,,NO UPDATE (specific system / framework application),,,
263,PAPER_263_UQFF_Simultaneous_CoAction_Universality_Dissipative_Buoyancy_Pair_Master_Theorem.md,UQFF Simultaneous Co-action Universality — The Dissipative-Buoyancy Pair as a Universal MUGE,H,,NO UPDATE (specific system / framework application),,,
264,PAPER_264_HUDF_TRZ_CPT_Asymmetric_Gravitational_Phase_Transition_NegativeTime.md,HUDF Time-Reversal Zeroing (TRZ) Factor — CPT-Asymmetric UQFF Gravity at Cosmic Redshift,H,,NO UPDATE (specific system / framework application),,,
265,PAPER_265_HUDF_DualChannel_Interaction_Cascade_Buoyancy_Quadratic_Merger_Amplification.md,HUDF Dual-Channel Interaction Cascade Buoyancy --- Quadratic I(t) Amplification at Cosmic,H,,NO UPDATE (specific system / framework application),,,
266,PAPER_266_HUDF_Primordial_IGM_Superconducting_Gravitational_Meissner_Effect_Bcrit.md,HUDF Primordial IGM Magnetic Field — UQFF Gravitational Meissner Effect and Superconducting,H,,NO UPDATE (specific system / framework application),,,
267,PAPER_267_NGC1792_SFR_Normalization_Starburst_Buoyancy_Coherence.md,SFR Normalization as Dimensionless Coupling Constant --- Starburst-Buoyancy Coherence in NGC,H,,NO UPDATE (specific system / framework application),,,
268,PAPER_268_NGC1792_Dual_OscillatoryMode_Hubble_SlowMode_StarburstGW_Amplitude_Modulation.md,Dual Oscillatory Mode Superposition --- Hubble Slow Mode Starburst GW Amplitude Modulation in,H,,NO UPDATE (specific system / framework application),,,
269,PAPER_269_NGC1792_SN_RamPressure_Degeneracy_Point_Kinematic_Invariant_StarburstGravity.md,Supernova Ram Pressure Degeneracy Point — Kinematic Invariant in NGC 1792 Starburst Gravity,H,,NO UPDATE (specific system / framework application),,,
270,PAPER_270_Source10_DPM_ResonanceQuantumOrbitalAmplification_gH_CosmicBridgeConstant.md,DPM Resonance Quantum Orbital Amplification — g_H = 1.252\times1046 as UQFF Cosmic Orbital,H,,NO UPDATE (specific system / framework application),,,
271,PAPER_271_Source10_THz_DoubleGate_StarFormation_DualBinaryConditions_MaxConduitForce.md,THz Double-Gate Star Formation — Dual Binary Conditions for Maximum UQFF Conduit Force,H,,NO UPDATE (specific system / framework application),,,
272,PAPER_272_Source10_GravitationalVacuumDrag_kVac_equals_G_VacuumGravitationalDuality.md,"Gravitational Vacuum Drag — k_vac = G, Velocity-Dependent Gravitational Force, and UQFF",H,,NO UPDATE (specific system / framework application),,,
273,PAPER_273_Andromeda_BlueshiftUQFF_kappa_approach_NegativeRedshiftGravitationalAmplifier.md,Blueshift UQFF Gravitational Approach Amplifier — $\kappa$_approach = 1/(1+z) for Negative Redshift,H,,NO UPDATE (specific system / framework application),,,
274,PAPER_274_Andromeda_HI21cm_UQFF_GalacticBuoyancyResonanceFrequency_omegaHI_Bridging.md,HI 21-cm Line as UQFF Galactic Buoyancy Resonance Frequency — \omega_HI Bridges Atomic Hyperfine,H,,NO UPDATE (specific system / framework application),,,
275,PAPER_275_Andromeda_DarkMatter_8020_UQFF_ShellPartition_fDM_NFWCouplingExponent_xiDM.md,UQFF Dark Matter 80/20 Shell Partition  f_DM^(1/3) NFW Coupling Exponent and the xi_DM,H,,NO UPDATE (specific system / framework application),,,
276,PAPER_276_Andromeda_FriedmannUQFF_HzExpansionCoupling_H_UQFF_NearUnityResonance.md,UQFF,H,,NO UPDATE (specific system / framework application),,,
277,PAPER_277_Sombrero_UQFF_Gravitational_Recession_Damping_kappa_recession_z_positive.md,UQFF Gravitational Recession Damping Factor \kappa_recession for Positive Redshift,H,,NO UPDATE (specific system / framework application),,,
278,PAPER_278_Sombrero_DustRing_UQFF_GravitationalRingResonator_omega_ring_r_ring.md,Sombrero Dust Ring UQFF Gravitational Ring Resonator: \omega_ring and r_ring,H,,NO UPDATE (specific system / framework application),,,
279,PAPER_279_Sombrero_SMBH_Dominance_Ratio_gamma_BH_SphereOfInfluence_r_SOI.md,Sombrero SMBH Dominance Ratio \gamma_BH and UQFF Sphere of Influence r_SOI,H,,NO UPDATE (specific system / framework application),,,
280,PAPER_280_Saturn_UQFF_SolarTidalPerturbationRatio_tau_Sun_g_Sun_tidal.md,Saturn UQFF Solar Tidal Perturbation Ratio \tau_Sun,H,,NO UPDATE (specific system / framework application),,,
281,PAPER_281_Saturn_Ring_UQFF_TidalGravityResonance_omega_ring_kep_T_ring.md,"Saturn Ring UQFF Tidal Gravity Resonance — \omega_{ring\_kep}, T_ring = 11.78 h, g_{ring\_tidal}",H,,NO UPDATE (specific system / framework application),,,
282,PAPER_282_Saturn_UQFF_AtmosphericWind_KineticPressure_a_wind_eta_wind.md,"Saturn UQFF Atmospheric Wind Kinetic Pressure Term — a_wind, \eta_wind",H,,NO UPDATE (specific system / framework application),,,
283,PAPER_283_Saturn_UQFF_SolarTidalHubbleExpansionCoupling_g_ST_HE_hubble_tidal_factor.md,Saturn UQFF Solar Tidal Hubble Expansion Coupling,H,,NO UPDATE (specific system / framework application),,,
284,PAPER_284_M16_UQFF_DualMassCoActionProduct_Phi_dm_SFR_Erosion.md,M16 Eagle Nebula UQFF — Dual Mass Co-Action Product (\Phi_dm),H,,NO UPDATE (specific system / framework application),,,
285,PAPER_285_M16_UQFF_ErosionSaturationHalfTime_t_half_DeltaGMax.md,M16 Eagle Nebula UQFF — Erosion Saturation Half-Time and \DeltagMax,H,,NO UPDATE (specific system / framework application),,,
286,PAPER_286_M16_UQFF_NebularFriedmannRedshift_kappa_neb_z0p0015.md,M16 Eagle Nebula UQFF — Nebular Friedmann Redshift Parameter \kappa_neb,H,,NO UPDATE (specific system / framework application),,,
287,PAPER_287_ResonanceSC_UQFF_DPMTHz_PlasmoticVacuumCascadeAmplification.md,DPM-THz Plasmotic Vacuum Cascade Amplification (G_THz = 3.33\times107),H,,NO UPDATE (specific system / framework application),,,
288,PAPER_288_ResonanceSC_UQFF_CosmicAgeStandingWaveBridge_2pi13p8.md,Cosmic-Age Standing-Traveling Wave Bridge — 2\pi/13.8 Oscillatory Phase Factor (T/S = 0.2277),H,,NO UPDATE (specific system / framework application),,,
289,PAPER_289_ResonanceSC_UQFF_CooperDPM_DualFreqSCSynthesis_Asc6p994e21.md,Cooper-DPM Dual-Frequency SC Synthesis — ħ$\times$f_super$\times$f_DPM Triple-Mode Quantum Product (A_sc =,H,,NO UPDATE (specific system / framework application),,,
290,PAPER_290_CrabResonance_UQFF_SNRDPMDilution_DynamicVolumeExpansion.md,Crab SNR DPM Vacuum Dilution — a_DPM(t) ∝ r(t)-3 in Expanding Pulsar Wind Nebula,H,,NO UPDATE (specific system / framework application),,,
291,PAPER_291_CrabResonance_UQFF_FilamentSpectralTriad_QuantumFluidExpansion9Decades.md,Crab Filament Spectral Triad — Quantum-Fluid-Expansion 9-Decade DPM Seeding with Volumetric,H,,NO UPDATE (specific system / framework application),,,
292,PAPER_292_CrabResonance_UQFF_Pulsar30Hz60sResonanceWindow_SpinVacuumDPMLock.md,Crab Pulsar 60-Second UQFF Resonance Window — f_osc = 1812 Hz Spin-to-Vacuum DPM Lock,H,,NO UPDATE (specific system / framework application),,,
293,PAPER_293_CompressedResonanceUQFF24_DualChannelCoSumArchitecture_10TermCR.md,UQFF Compressed+Resonance Dual-Channel Co-Sum Architecture (10-Term CR Module),H,,NO UPDATE (specific system / framework application),,,
294,PAPER_294_CompressedResonanceUQFF24_VacuumDifferentialHarmonic_hbarDenominatorCoupling.md,UQFF Vacuum Differential Harmonic: ħ-Denominator Quantum-Volume Diffusion Coupling,H,,NO UPDATE (specific system / framework application),,,
295,PAPER_295_CompressedResonanceUQFF24_CompressedCooperSuperSeeding_fDPMSquaredScalingLaw.md,UQFF Compressed Cooper Super-Seeding: f_DPM2 Quadratic Class Scaling Law,H,,NO UPDATE (specific system / framework application),,,
296,PAPER_296_UniverseDiameter_CosmologicalConstantDirectVacuumAcceleration_LambdaC2Over3.md,UQFF Cosmological Constant Direct Vacuum Acceleration,A,_Cosmological,Add closing section: v5.78 27-decade vacuum ledger (PAPER_1170) + xi=13/3,,,
297,PAPER_297_UniverseDiameter_SuperluminalHubbleExpansionRatio_etaExpGreaterThan1.md,UQFF Superluminal Hubble Expansion Ratio $\eta$_exp = 3.328 > 1,H,,NO UPDATE (specific system / framework application),,,
298,PAPER_298_UniverseDiameter_GRCurvatureDominance_epsilonGRGreaterThan1.md,UQFF Universe-Scale GR Curvature Dominance: $\varepsilon$_GR = 3GM/(rc2) = 5.056 > 1,H,,NO UPDATE (specific system / framework application),,,
299,PAPER_299_HydrogenAtom_ElectrogravitationalDominanceRatio_etaEM_9p65e29.md,Hydrogen Atom UQFF Electrogravitational Dominance Ratio: $\eta$_EM = 9.65$\times$1029,H,,NO UPDATE (specific system / framework application),,,
300,PAPER_300_HydrogenAtom_LymanAlphaCosmicBridge_ToverS_pi_over_13p8.md,Hydrogen Atom Lyman-Alpha Cosmic Bridge: T/S = \pi/13.8 = 0.2277 at Atomic Scale,H,,NO UPDATE (specific system / framework application),,,
301,PAPER_301_HydrogenAtom_ProtonGRSpectralMinimum_epsilonGR_7p04e44.md,Hydrogen Atom Proton GR Spectral Minimum: $\varepsilon$_GR = 7.04$\times$10-44,H,,NO UPDATE (specific system / framework application),,,
302,PAPER_302_HydrogenPToE_Ug4iReactiveResonanceVacuumBridge_Gamma_4p704e36.md,Hydrogen PToE U_g4i Reactive-Resonance Vacuum Bridge: \Gamma_u4i = 4.704\times1036,H,,NO UPDATE (specific system / framework application),,,
303,PAPER_303_HydrogenPToE_LymanAlphaTripleFrequencyResonanceLock_freqRatio_1p000.md,Hydrogen PToE Lyman-Alpha Triple-Frequency Resonance Lock: f_THz/f_DPM = 1.000,H,,NO UPDATE (specific system / framework application),,,
304,PAPER_304_HydrogenPToE_AetherGravitationalDominanceAtomicScale_xiAether_1p852e24.md,Aether-Gravitational Dominance at Atomic Scale: $\xi$_aether = 1.852$\times$1024,H,,NO UPDATE (specific system / framework application),,,
305,PAPER_305_LagoonNebula_SFRMassRunawayAmplifier_DeltaM_10_100kyr.md,"Lagoon Nebula SFR Mass Runaway Amplifier: \DeltaM/M0 = 10.0 at 1 Myr, t_consume = 100 kyr",H,,NO UPDATE (specific system / framework application),,,
306,PAPER_306_LagoonNebula_HerschelRadiationErosion_etaRad_1p53e18.md,Lagoon Nebula Herschel 36 Radiation Erosion: \eta_rad = 1.53\times1018,H,,NO UPDATE (specific system / framework application),,,
307,PAPER_307_LagoonNebula_DualRadiationEMBarrier_aEM_over_aRad_12p77.md,Lagoon Nebula Dual Radiation-EM Barrier: a_EM/a_rad = 12.77,H,,NO UPDATE (specific system / framework application),,,
308,PAPER_308_SpiralGalaxy_TorqueGravitationalAmplifier_tau_2p046_307Myr.md,Spiral Arm Torque Gravitational Amplifier,H,,NO UPDATE (specific system / framework application),,,
309,PAPER_309_SpiralSNIa_HubbleTensionImprint_deltaSN_2p52pct_etaSN_2e16.md,SN Ia Hubble Tension Gravitational Imprint,H,,NO UPDATE (specific system / framework application),,,
310,PAPER_310_SpiralGalaxy_DMVisiblePartition_etaDM_5p667_vExcess_67pct.md,Dark Matter / Visible Mass Partition Rotation Curve Excess,H,,NO UPDATE (specific system / framework application),,,
311,PAPER_311_NGC6302_BipolarPN_WindShockDominance_eta_wind_7p127e5_KE_3p564e5.md,NGC 6302 Bipolar Planetary Nebula — UQFF Wind Shock Gravitational Dominance,H,,NO UPDATE (specific system / framework application),,,
312,PAPER_312_NGC6302_CentralWD_UVRadiationPressure_eta_rad_1p913e20_arad_5p672e8.md,NGC 6302 Central Star UV Radiation Pressure — UQFF Photoionization Gravitational Signature,H,,NO UPDATE (specific system / framework application),,,
313,PAPER_313_NGC6302_EquatorialTorus_MagneticConfinement_etaB_3p979e5_vAlfven_8p921e7.md,NGC 6302 Equatorial Torus Magnetic Confinement --- UQFF Plasma \beta and Alfvén Analysis,H,,NO UPDATE (specific system / framework application),,,
314,PAPER_314_NGC6302Resonance_PN_DPM_MacroAntenna_F_DPM_1p267e50_ratio_2p017e13.md,NGC6302 Bipolar PN Lobe DPM Macro-Antenna Force: F_DPM = 1.267\times105 N (13-Order PN-to-Compact,H,,NO UPDATE (specific system / framework application),,,
315,PAPER_315_NGC6302Resonance_VacDiffTHz_CrossoverRadius_3p280km_domRatio_8p118e37.md,NGC6302 UQFF Resonance VacDiff-THz Crossover Radius: r_cross = 3.280 km (38-Order PN,H,,NO UPDATE (specific system / framework application),,,
316,PAPER_316_NGC6302Resonance_CooperDPM_Asc_6p994e21_asuper_1p747e9_P295confirm.md,"NGC6302 Cooper-DPM f_DPM=10 Hz Class Confirmation: A_sc=6.994\times10, a_super=1.747\times10?? m/s",H,,NO UPDATE (specific system / framework application),,,
317,PAPER_317_OrionM42_TrapeziumWindRamPressure_etaWind_28p47_tErosion_467kyr.md,Orion M42 Trapezium Wind Ram Pressure Dominance,H,,NO UPDATE (specific system / framework application),,,
318,PAPER_318_OrionM42_TrapeziumOBUV_etaRad_7p664e18_champagneFlow.md,Trapezium OB Cluster UV Radiation Dominance — Champagne Flow Condition,H,,NO UPDATE (specific system / framework application),,,
319,PAPER_319_OrionM42_CompactHII_SFRBindingCrossover_tCross_67p7kyr_sSFR_50xLagoon.md,Compact HII SFR Gravitational Binding Phase Transition,H,,NO UPDATE (specific system / framework application),,,
320,PAPER_320_CR34_DPMForceDensitySpectralAtlas_xiSpan_1e35_7systems.md,CR34: 7-System DPM Force Density Spectral Atlas (\xi-Span = 1035),H,,NO UPDATE (specific system / framework application),,,
321,PAPER_321_CR34_CrossChannelDominanceCrossover_Vf_5p43e28_CompressedResonanceReversal.md,CR34: Cross-Channel Dominance Reversal — V_sys/f_react Crossover at 5.43\times1028 m3/Hz,H,,NO UPDATE (specific system / framework application),,,
322,PAPER_322_CR34_HiIRegionTHzGeometricDifferential_ratio_8p59_OrionLagoon.md,CR34: Intra-HII THz Geometric Amplification Differential (Orion/Lagoon ratio = 8.59),H,,NO UPDATE (specific system / framework application),,,
323,PAPER_323_CR34b_VacuumAetherFrequencyMode_FAether_1p576e35_11thUQFFTerm.md,"CR34b Vacuum Aether Frequency Mode: F_AETHER=1.576e-35 Hz, 11th UQFF Accelerative Term",H,,NO UPDATE (specific system / framework application),,,
324,PAPER_324_CR34b_SaturnFirstPlanetaryDualChannel_g_vac_diff_1p29e-2.md,CR34b Saturn: FIRST Planetary Body in UQFF Dual-Channel Framework,H,,NO UPDATE (specific system / framework application),,,
325,PAPER_325_CR34b_RhoISMFluidDensityCoupling_ffluid_rho_1p269e-35.md,CR34b Rho-ISM Fluid Density Coupling: f_fluid?_ISM = 1.269\times10?5 kg/m/Hz,H,,NO UPDATE (specific system / framework application),,,
326,PAPER_326_TriadicMasterUQFF_26State_Ramanujan_CoSumArchitecture_FUg1_Rt_FUBi.md,Triadic Master UQFF 26-State Ramanujan Co-Sum Architecture,H,,NO UPDATE (specific system / framework application),,,
327,PAPER_327_Qwave47_NonGaussian_ShapiroWilk_SSq_ModulatedDistribution.md,Q_{wave\_47} Non-Parametric Distribution Survey,H,,NO UPDATE (specific system / framework application),,,
328,PAPER_328_NuclearAlphaBEC_LENR_NB_TBEC14p52MeV_deltapair0p1_sigmaCS10p50.md,Nuclear \alpha-BEC LENR Enhancement: Bose-Einstein \alpha-Clustering at T_BEC = 14.52 MeV,I,LENR_,NO UPDATE unless ledger/xi enters; verify only,,,
329,PAPER_329_Um_Bilinear_Heaviside_Quasi_Neutrino_VacuumCascade_DoubleExponentialSSq.md,Um Bilinear Heaviside/Quasi Architecture + Vacuum Neutrino Energy Cascade with Nested,H,,NO UPDATE (specific system / framework application),,,
330,PAPER_330_H_res_6Equation_Nuclear_Resonance_Udp_Dipole_kNuc_NZ_Scaling.md,H_res Complete 6-Equation Nuclear Resonance Sub-System with U_dp Dipole Coupling and k_nuc,H,,NO UPDATE (specific system / framework application),,,
331,PAPER_331_26State_MUGE_FrequencyBasis_fAether_fSuper_Magnetar_SpinDown_ProofIdentities.md,26-State MUGE Frequency-Basis Representation with Calibrated 7-Frequency Set and 6 Proof,H,,NO UPDATE (specific system / framework application),,,
332,PAPER_332_FUBi_i_12Term_Integrand_kAct_kDE_Zeeman_kNeutron_kRel_FSweet_FKozima.md,"F_{U\_Bi\_i} Complete 12-Term Explicit Integrand: k_act, k_DE, Zeeman Coupling, k_neutron,",I,Kozima,NO UPDATE unless ledger/xi enters; verify only,,,
333,PAPER_333_BSM_UQFF_10Experiment_Package_EDM_ALICE_Comag_Tau_JUNO_BESIII_LHCb_ATLAS.md,"BSM-UQFF Multi-Experiment Coupling Package: EDM, ALICE, Comagnetometer, Tau Dipole, JUNO,",H,,NO UPDATE (specific system / framework application),,,
334,PAPER_334_Ui_Complex_Superconductive_VacuumDensity_OmegaS_fTRZ_BetaI_CompactGalacticBifurcation.md,"U_i Complex-Valued Superconductive Vacuum Density: ?_s, f_TRZ, ß_i and Compact/Galactic",H,,NO UPDATE (specific system / framework application),,,
335,PAPER_335_kkREB_FUBii_Ramanujan_CoSum_FUBi_Buoyancy_Kernel_fUb_VolumeRatio.md,k^k REB-Coupled F_{U\_Bi\_i} Triadic Ramanujan Form and F_{U\_Bi} Explicit Buoyancy Kernel with,H,,NO UPDATE (specific system / framework application),,,
336,PAPER_336_gCompressed_AllForces_DM_Perturbation_Rt_26State_4Subterm_Resonant_Decomposition.md,g_Compressed Complete All-Forces Equation and R(t) 26-Component 4-Subterm Resonant,H,,NO UPDATE (specific system / framework application),,,
337,PAPER_337_Qwave81_Updated_Statistics_Phase_Separation_Cosine_Vela_Validation.md,Q_{wave\_81} Updated Statistics and Phase Separation Validation Model (Vela Pulsar),H,,NO UPDATE (specific system / framework application),,,
338,PAPER_338_NineSystem_Sep2025_Astro_Parameter_Catalogue_Vela_NGC1365_ESO137_Abell2256_Crab_IC2163_Jupiter_LagoonM8_NGC2207.md,"Nine-System September 2025 Astrophysical Parameter Catalogue: Vela, NGC 1365, ESO 137-001,",H,,NO UPDATE (specific system / framework application),,,
339,PAPER_339_UmRotor_StringTorque_TauRot_H2OH2_Thermal_QWave48_Extension.md,Um Rotor String-Rotation Torque Integration: t_rot in the UQFF Um Framework,H,,NO UPDATE (specific system / framework application),,,
340,PAPER_340_EDM_SO10_BSMRefined_Fu_Coupling_Darkonia_PSCm1_VcbCoupling.md,EDM SO(10) BSM Refined F_u Coupling: Darkonia Phase Boundary P_SCm = 1,H,,NO UPDATE (specific system / framework application),,,
341,PAPER_341_UQFF_3Variable_Calibration_Kappa_HSCm_UUA_MCMC_GaiaDR4_ParkerProbe.md,"UQFF 3-Variable Calibration Meta-Framework: ?, H_SCm, U_UA Residuals",H,,NO UPDATE (specific system / framework application),,,
342,PAPER_342_Magnetar_7Component_DPM_THz_Sigma26_SpinDown_MagneticEnergy.md,Magnetar 7-Component DPM-THz Frequency Form: S26 Spin-Down Plus THz Modes,H,,NO UPDATE (specific system / framework application),,,
343,PAPER_343_SGR1745_2900_SCm_Mass_Modified_LX_Luminosity_fReact_Doubled_June2013.md,SGR J1745-2900: SC_m Mass-Modified Luminosity and Doubled f_react (June 2013),H,,NO UPDATE (specific system / framework application),,,
344,PAPER_344_SgrA_GW_Precession_Squared_JWST2025_Flare_fTRZ_Calibration.md,Sgr A* GW Precession-Squared Form and JWST 2025 Flare Frequency Derivation,H,,NO UPDATE (specific system / framework application),,,
345,PAPER_345_Tapestry_Starbirth_DPM_THz_FreqOnly_Sigma26_SFR_Coupling.md,Tapestry Starbirth Region: DPM-THz Frequency-Only S26 Gravity and SFR Coupling,H,,NO UPDATE (specific system / framework application),,,
346,PAPER_346_M87_Jet_BlandfordZnajek_FUBi_OmegaAct_Day_Scale.md,M87 Jet Blandford-Znajek Model: Full F_{U\_Bi\_i} Calculation,H,,NO UPDATE (specific system / framework application),,,
347,PAPER_347_CentaurusA_FUBi_VShape_Jet_12pt5yr_OmegaAct_Point5c_Knots.md,Centaurus A: F_{U\_Bi\_i} with V-Shape Jet and 12.5-Year ?_act Timescale,H,,NO UPDATE (specific system / framework application),,,
348,PAPER_348_StephansQuintet_Shock_Ridge_FUBi_KE_Density_LENR_Coupling.md,Stephan's Quintet Shock Ridge: F_{U\_Bi\_i} with KE Density and LENR Energy Coupling,I,LENR_,NO UPDATE unless ledger/xi enters; verify only,,,
349,PAPER_349_SPTClJ2215_CoolCore_Starburst_Highest_FUBi_z116.md,SPT-CL J2215: Highest F_{U\_Bi\_i} in UQFF Dataset — Cool Core Starburst at z=1.16,H,,NO UPDATE (specific system / framework application),,,
350,PAPER_350_ElGordo_ACTCLJ0102_SuperVirial_Merger_FUBi_z087.md,El Gordo (ACT-CL J0102-4915): Most Massive z>0.5 Cluster — Super-Virial Merger F_{U\_Bi\_i},H,,NO UPDATE (specific system / framework application),,,
351,PAPER_351_ASASSN14li_TDE_Outflow_FUBi_0p3c_Kozima_LENR.md,ASASSN-14li Tidal Disruption Event: Ultrafast Outflow F_{U\_Bi\_i} and Kozima LENR Force,I,_LENR,NO UPDATE unless ledger/xi enters; verify only,,,
352,PAPER_352_RAquarii_Symbiotic_Binary_FUBi_Kepler_44yr_HST2025_Jets.md,R Aquarii Symbiotic Binary: F_{U\_Bi\_i} with Kepler 44-Year Orbital Period,H,,NO UPDATE (specific system / framework application),,,
353,PAPER_353_DoubleExp_Vacuum_Decay_Rate_RhoSCm_RhoUA_NearThreshold.md,Double-Exponential Vacuum Decay Rate: \rho_SCm/\rho_UA Ratio with Near-Threshold Behavior,H,,NO UPDATE (specific system / framework application),,,
354,PAPER_354_DUniverse_5th_Spatial_Curvature_Factor_Completes_PAPER296_Chain.md,D_Universe 5th Factor: Spatial Curvature Completion of the 4-Factor Chain (PAPER_296),H,,NO UPDATE (specific system / framework application),,,
355,PAPER_355_PLCKG287_Merger_Relic_Triadic_FUg1_Rt_FUBi_DeltaRho.md,PLCK G287.0+32.9 Merger Relic: Triadic FU_g1 / R(t) / FU_Bi Form,H,,NO UPDATE (specific system / framework application),,,
356,PAPER_356_ASKAP_UltraLongPeriod_Transient_SSq_Burst_Modulation_FUBi.md,ASKAP Ultra-Long Period Transient: [SSq]-Modulated Burst Luminosity and F_{U\_Bi\_i},H,,NO UPDATE (specific system / framework application),,,
357,PAPER_357_TOI1227b_Young_Neptune_Exoplanet_TidalGravity_DiskUQFF_Coupling.md,TOI-1227b: Young Neptune Exoplanet with Tidal Gravity and Disk-UQFF Coupling,H,,NO UPDATE (specific system / framework application),,,
358,PAPER_358_AT2024tvd_Wandering_MBH_TDE_OffNuclear_TidalRadius_FrictionalTimescale.md,AT2024tvd Wandering Massive Black Hole TDE: Off-Nuclear Disruption Physics,H,,NO UPDATE (specific system / framework application),,,
359,PAPER_359_G359_GalacticCenter_Filament_MagneticErosion_NegativeEt_Fmag.md,G359 Galactic Center Filament: Magnetic Erosion E(t) and Negative F_{U\_Bi\_i},H,,NO UPDATE (specific system / framework application),,,
360,PAPER_360_J1610_HighZ_Quasar_Jet_z65_Lorentz_krel_Gamma_Squared.md,J1610+1811 High-z Quasar Jet at z=6.5: Relativistic Lorentz Factor k_rel Coupling,H,,NO UPDATE (specific system / framework application),,,
361,PAPER_361_BubbleNebula_NGC7635_Positive_Et_Expansion_StellarWind_UQFF.md,Bubble Nebula (NGC 7635): Positive Expansion E(t) Form in UQFF – Stellar Wind Bubble,H,,NO UPDATE (specific system / framework application),,,
362,PAPER_362_H2O_H2_Rotor_Phillips_CrossSection_kRate_UQFF_Calibration.md,H2O/H2 Rotor Phillips Cross-Section: s(E) = a(1-e^{-bE}) Form and UQFF Rate Constant,H,,NO UPDATE (specific system / framework application),,,
363,PAPER_363_NOMAD_Monophoton_Neutrino_Vacuum_Coupling_Bound_Kpol.md,NOMAD Monophoton Search: UQFF Neutrino-Vacuum Coupling Bound at P_? < 10? cm,H,,NO UPDATE (specific system / framework application),,,
364,PAPER_364_ALICE_Multiplicity_Centrality_RhoVac_Ratio_n18_kEta_Derivation.md,ALICE Multiplicity Centrality: \rho_vac Ratio at Channel 18 and k_\eta Derivation,H,,NO UPDATE (specific system / framework application),,,
365,PAPER_365_Magnetar_Mmag_Outburst_Timescale_12pt7yr_SpinDown_fReact.md,Magnetar Magnetic Energy and Outburst Timescale: M_mag = 2.01\times1037 J and \tau = 12.7 yr,H,,NO UPDATE (specific system / framework application),,,
366,PAPER_366_SgrA_JWST2025_Flare_OmegaAct_kact_Contrast_fTRZ_Calibration.md,Sgr A* JWST 2025 NIR Flare: \omega_act Derivation from k_act Contrast Amplitude,H,,NO UPDATE (specific system / framework application),,,
367,PAPER_367_PSZ2G181_Merger_Relic_Full5Eq_Triadic_FUBi_Compressed_Resonant_Buoyancy_Ui.md,PSZ2 G181.06+48.47 Merger Relic: Full 5-Equation UQFF Triadic Proof,H,,NO UPDATE (specific system / framework application),,,
368,PAPER_368_Ug4_VacuumEnergy_LambdaCDM_GalacticBH_Coupling_k4_2p0_rho_v_6e-27.md,Ug4 Vacuum Energy ?CDM Galactic Black Hole Coupling,A,LambdaCDM,Add closing section: v5.78 27-decade vacuum ledger (PAPER_1170) + xi=13/3,,,
369,PAPER_369_NavierStokes_StableFluids_UQFF_QuasarJet_SCm_Integration.md,Navier-Stokes Stable Fluids UQFF Quasar Jet Integration,G,NavierStokes,Verify v5.78 closed-Lagrangian/ledger cross-ref present (Sess 225 baseline),,,
370,PAPER_370_MultiBody_Solar_Pcore_PlanetaryScalingLaw_OrbitalFreqBridge_NeptuneIceGiant.md,Multi-Body Solar CelestialBody Pcore Planetary Scaling Law,H,,NO UPDATE (specific system / framework application),,,
371,PAPER_371_MUGE_12Term_Superconductive_Resonance.md,MUGE 12-Term Superconductive Resonance Framework,H,,NO UPDATE (specific system / framework application),,,
372,PAPER_372_Compressed_UQFF_Bcrit.md,Compressed UQFF with B/Bcrit Superconductivity,H,,NO UPDATE (specific system / framework application),,,
373,PAPER_373_MorrisThorne_Wormhole_Null_Geodesics.md,Morris-Thorne Wormhole Null Geodesics,H,,NO UPDATE (specific system / framework application),,,
374,PAPER_374_J1610_Relativistic_Quasar_Jet.md,J1610+1811 Relativistic Quasar Jet UQFF-NS Coupling,H,,NO UPDATE (specific system / framework application),,,
375,PAPER_375_UQFF_Advanced_Integration.md,UQFF Advanced Integration,H,,NO UPDATE (specific system / framework application),,,
376,PAPER_376_UQFF_Formal_Proof_Set.md,UQFF Resonance Superconductive Formal Proof Set,H,,NO UPDATE (specific system / framework application),,,
376,PAPER_376b_UQFF_Formal_Proof_Set_Extended.md,UQFF Formal Proof Set: Extended Dimensional Analysis,H,,NO UPDATE (specific system / framework application),,,
377,PAPER_377_Wormhole_MUGE_Impl_Safety.md,compute_{a\_wormhole}() Implementation & MUGE Safety Infrastructure,H,,NO UPDATE (specific system / framework application),,,
378,PAPER_378_CohesiveUQFF_IntegrationFormula.md,Cohesive UQFF Integration Formula: Compressed$\times$Resonance Unification with Resonance Damping,H,,NO UPDATE (specific system / framework application),,,
379,PAPER_379_MUGE_DualModel_7System_Comparison.md,MUGE Dual-Model 7-System Numeric Comparison: Compressed vs Resonance,H,,NO UPDATE (specific system / framework application),,,
380,PAPER_380_UQFF_Solvable_Equation_Set.md,UQFF Framework Solvable Equation Set (10 Classical + Millennium Problems),H,,NO UPDATE (specific system / framework application),,,
381,PAPER_381_SGR1745_Compressed_MUGE_Spectral_Term_Decomposition.md,SGR1745 Compressed MUGE Spectral Term Decomposition & Perturbation Dominance Law,H,,NO UPDATE (specific system / framework application),,,
382,PAPER_382_UQFF_12Term_Spectral_Ladder_SGR1745.md,UQFF 12-Term Full Spectral Ladder for SGR1745,H,,NO UPDATE (specific system / framework application),,,
383,PAPER_383_Ug4i_Transient_Age_Decay_Law.md,Ug4i Transient Age-Dependent Decay Law,H,,NO UPDATE (specific system / framework application),,,
384,PAPER_384_SagAStar_Full_Resonance_Term_Decomposition.md,Sagittarius A* Full Resonance + Compressed Term Decomposition,H,,NO UPDATE (specific system / framework application),,,
385,PAPER_385_Canonical_7System_UQFF_Parameter_Registry.md,Canonical 7-System UQFF Parameter Registry,H,,NO UPDATE (specific system / framework application),,,
386,PAPER_386_LaTeX_DualBlock_Master_UQFF_May2025_Document_Integration.md,LaTeX Dual-Block Cohesive UQFF Master Equation & May-2025 Document Integration,H,,NO UPDATE (specific system / framework application),,,
387,PAPER_387_vSCm_Relativistic_Parameter_Update.md,Relativistic SCm Velocity Parameter Update: v_SCm = 0.99c,H,,NO UPDATE (specific system / framework application),,,
388,PAPER_388_YangMills_MassGap_VacuumDensity_Evolution.md,Yang-Mills Mass Gap via SCm Vacuum Density Ratio Evolution,G,YangMills,Verify v5.78 closed-Lagrangian/ledger cross-ref present (Sess 225 baseline),,,
389,PAPER_389_Galactic_OmegaS_VelocityDispersion_Calibration.md,Galactic \omega_s Calibration from Stellar Velocity Dispersion,H,,NO UPDATE (specific system / framework application),,,
390,PAPER_390_SMBH_Mass_Sigma_Dispersion_UQFF_Anchor.md,SMBH Mass–Velocity Dispersion Relation (M-\sigma) in UQFF Framework,H,,NO UPDATE (specific system / framework application),,,
391,PAPER_391_Hybrid_MUGE_Meissner_Blending_Model.md,Hybrid MUGE Blending Model: Meissner-Weighted Interpolation,H,,NO UPDATE (specific system / framework application),,,
392,PAPER_392_Aether_Metric_Tensor_UQFF_Perturbation.md,Aether Metric Tensor UQFF Perturbation: A_\mu\nu = g_\mu\nu + \eta\cdot T_s00\cdot \cos(\pi t_n),H,,NO UPDATE (specific system / framework application),,,
393,PAPER_393_SCm_Reactor_Efficiency_Kappa_Decay.md,SCm Reactor Efficiency with \kappa-Decay: E_react = (\rho_SCm\cdot v_SCm2/\rho_A)\cdot exp(−\kappa t),H,,NO UPDATE (specific system / framework application),,,
394,PAPER_394_FU_Complete_ThreeTerm_StarMagic_Master.md,F_U Complete Three-Term Star Magic Master Equation,H,,NO UPDATE (specific system / framework application),,,
395,PAPER_395_Wormhole_UQFF_Resonance_Acceleration_Term.md,Wormhole UQFF Acceleration: 13th Resonance Term a_worm = f_worm\cdotE_{vac\_neb}/(b2+r2),H,,NO UPDATE (specific system / framework application),,,
396,PAPER_396_Higgs_Emergent_Level18_UQFF_Stratum.md,Higgs as Emergent Level-18 UQFF Stratum: \delta_n(n) = \phi\cdot(2\pi)^{n/6},H,,NO UPDATE (specific system / framework application),,,
397,PAPER_397_UQFF_Solvable_15_Equations_Taxonomy.md,UQFF Solvable Equations Taxonomy: 15 Classical Laws Unified,H,,NO UPDATE (specific system / framework application),,,
398,PAPER_398_CoAnQi_PImath_Encryption_UQFF_Pi_Cycle.md,CoAnQi PImath Encryption Key and UQFF \pi-Cycle Connection,H,,NO UPDATE (specific system / framework application),,,
399,PAPER_399_7System_MUGE_Numerical_Validation_Table.md,7-System MUGE Numerical Validation Table: Compressed & Resonance Outputs,H,,NO UPDATE (specific system / framework application),,,
400,PAPER_400_Ug2_Heliosphere_Bubble_Charge_Coupled_Ereact.md,Ug2: Heliosphere Bubble Charge-Coupled E_react Form,H,,NO UPDATE (specific system / framework application),,,
401,PAPER_401_Ug3_Magnetic_Strings_Disk_Pcore.md,Ug3: Magnetic Strings Disk Pcore Coupled Form,H,,NO UPDATE (specific system / framework application),,,
402,PAPER_402_Ug4_Vacuum_BH_Feedback_Cconcentration.md,Ug4: Vacuum-BH Feedback Coupling with f_feedback and C_concentration,H,,NO UPDATE (specific system / framework application),,,
403,PAPER_403_Ubi_4Term_Solar_Wind_Buoyancy_EpsilonSw.md,Ubi: 4-Term Solar Wind Buoyancy Decomposition with \epsilon_sw,H,,NO UPDATE (specific system / framework application),,,
404,PAPER_404_MusSCm_Augmented_Magnetic_Dipole.md,\mu_s(t): SCm-Augmented Magnetic Dipole with \omega_c Body-Specific Oscillation,H,,NO UPDATE (specific system / framework application),,,
405,PAPER_405_SCmDensity_Planetary_Scaling_Law.md,SCm Density Planetary Scaling Law: \rho_SCm ∝ M^\alpha,H,,NO UPDATE (specific system / framework application),,,
406,PAPER_406_Ts00_Two_Component_Stress_Energy.md,Ts00: Two-Component Stress-Energy Decomposition,H,,NO UPDATE (specific system / framework application),,,
407,PAPER_407_FU_4Body_Solar_System_Numerical_Verification.md,FU: Complete 4-Body Solar System Numerical Verification Table,H,,NO UPDATE (specific system / framework application),,,
408,PAPER_408_ResonanceMUGE_14Term_Wormhole_Complete_Sum.md,Resonance MUGE Complete 14-Term Sum with Wormhole as 14th Term,H,,NO UPDATE (specific system / framework application),,,
409,PAPER_409_26_Quantum_Levels_Magnitude_Framework.md,26 Quantum Levels of Magnitude: Discrete Energy Scale Framework,H,,NO UPDATE (specific system / framework application),,,
410,PAPER_410_SCm_Hidden_Element_Undetectable_Qs_Quasar_Ignition.md,"SCm: The Hidden Element — Undetectability, Zero Quantum Signature, and Quasar Ignition",H,,NO UPDATE (specific system / framework application),,,
411,PAPER_411_Ug1_DPM_DiPseudoMonopole_Internal_Dipole_Solar_Calibration.md,Ug1: Di-Pseudo-Monopole (DPM) Internal Dipole — Solar Calibration and Defect Mechanism,H,,NO UPDATE (specific system / framework application),,,
412,PAPER_412_Heliosphere_SCm_Hydrogen_Complex_SolarWind_Stellar_Age_Indicator.md,Heliosphere Hydrogen Complex Formation: SCm-Mediated Solar Wind Transmutation as Stellar Age,H,,NO UPDATE (specific system / framework application),,,
413,PAPER_413_Ug3_CCW_CW_DifferentialRotation_SCm_PlanetaryCore_Disk.md,Ug3 CCW/CW Differential Rotation: SCm Planetary Core Disk Penetration Framework,H,,NO UPDATE (specific system / framework application),,,
414,PAPER_414_QuasarJet_NavierStokes_UQFF_FluidSolver_SCm_BodyForce_Coupling.md,Quasar Jet Mechanism: Navier-Stokes UQFF Body Force Coupling via SCm Expulsion,G,NavierStokes,Verify v5.78 closed-Lagrangian/ledger cross-ref present (Sess 225 baseline),,,
415,PAPER_415_Ereact_SCm_Reactivity_Aether_Density_ReactorEfficiency_Factor.md,E_react: SCm Reactivity Aether Density Reactor Efficiency Factor,H,,NO UPDATE (specific system / framework application),,,
416,PAPER_416_Ts00_FiveComponent_StressEnergy_SCm_UA_SolarWind_Full_Decomposition.md,"T_s^\mu\nu Full Five-Component Stress-Energy Decomposition: SCm, UA, Solar Wind, Stellar, and",H,,NO UPDATE (specific system / framework application),,,
417,PAPER_417_PiCycles_NegativeTime_TemporalReversal_CosPiTn_UQFF_Framework.md,\pi Cycles and Negative Time: cos(\pi t_n) Temporal Reversal Framework in UQFF,H,,NO UPDATE (specific system / framework application),,,
418,PAPER_418_FU_Sun_Complete_SCm_SolarCycle_FinalCalibration.md,F_U Sun: Complete SCm Solar Cycle Final Calibration with All Five Components,H,,NO UPDATE (specific system / framework application),,,
419,PAPER_419_Hamiltonian_PlanetaryCore_HUg3_HSCm_HUA_YangMills_MassGap.md,Hamiltonian Planetary Core Quantum Gravity: H_Ug3 + H_SCm + H_UA and Yang-Mills Mass Gap,G,YangMills,Verify v5.78 closed-Lagrangian/ledger cross-ref present (Sess 225 baseline),,,
420,PAPER_420_FU_Complete_Lambda_i_4th_Dissipation_Sum_Code_Gap.md,F_U Complete: The \lambda_i 4th Dissipation Sum — Missing Term and Code Gap,A,_Lambda_,Add closing section: v5.78 27-decade vacuum ledger (PAPER_1170) + xi=13/3,,,
421,PAPER_421_Um_Heaviside_QuasiPeriodic_SCm_PhaseTransition_Amplifier.md,Um Full Formula: Heaviside Phase-Transition Amplifier (1013) and Quasi-Periodic Beating,H,,NO UPDATE (specific system / framework application),,,
422,PAPER_422_UQFF_29System_CrossValidation_Matrix.md,UQFF 29-System Compressed Cross-Validation Matrix,H,,NO UPDATE (specific system / framework application),,,
423,PAPER_423_Um_Complete_SSq_Vacuum_Thermal_Damping.md,Um Complete Three-Modifier Formula: [SSq] Vacuum Thermal Damping Factor,H,,NO UPDATE (specific system / framework application),,,
424,PAPER_424_FUBii_Um_Universal_Companion_Catalog.md,F_UBii / Um Universal Companion Catalog: 276+ Domain-Specific Equation Pairs,H,,NO UPDATE (specific system / framework application),,,
425,PAPER_425_DPM_Four_Component_Correlation.md,DPM Four-Component Correlation Within the F_{U\_Bi\_i} Master Integral,H,,NO UPDATE (specific system / framework application),,,
426,PAPER_426_UA_SCm_JWST_ALMA_CERN_Validation_Table.md,UA/SCm JWST/ALMA/CERN 2025 Four-Component Validation Table,H,,NO UPDATE (specific system / framework application),,,
427,PAPER_427_26D_Resonance_Layer_Amplitude_Frequency.md,26D Resonance Layer Amplitude and Frequency Correlation Table,H,,NO UPDATE (specific system / framework application),,,
428,PAPER_428_HRes_Periodic_Table_Universal_Nuclear.md,H_res Periodic Table Universal Nuclear Correlation,I,Periodic_Table,NO UPDATE unless ledger/xi enters; verify only,,,
429,PAPER_429_Three_New_Number_Systems_Vacuum_Dipole_Buoyancy.md,"Three New UQFF Number Systems: Vacuum Density Series, Dipole Vortex Primes, Buoyancy",H,,NO UPDATE (specific system / framework application),,,
430,PAPER_430_SGR0501_4516_Magnetar_PerSystem_MUGE.md,SGR 0501+4516 Magnetar: First Complete Per-System MUGE Derivation,H,,NO UPDATE (specific system / framework application),,,
431,PAPER_431_SGR1745_2900_Complete_PerSystem_MUGE_BHProximity.md,SGR 1745-2900 Complete Per-System MUGE: Black Hole Proximity + All-Channel Derivation,H,,NO UPDATE (specific system / framework application),,,
432,PAPER_432_SgrA_SMBH_PerSystem_MUGE_Accretion_DM_Precession.md,Sagittarius A* SMBH: Per-System MUGE with M(t) Accretion and DM Precession,H,,NO UPDATE (specific system / framework application),,,
433,PAPER_433_Tapestry_Starbirth_PerSystem_MUGE_WindFeedback.md,Tapestry of Blazing Starbirth: Per-System MUGE with Stellar Wind Feedback M(t),H,,NO UPDATE (specific system / framework application),,,
434,PAPER_434_Westerlund2_PerSystem_MUGE_TauSF2Myr.md,"Westerlund 2: Per-System MUGE with $\tau$=2 Myr Wind Evolution and M0=30,000 MM_sun",H,,NO UPDATE (specific system / framework application),,,
435,PAPER_435_PillarsOfCreation_PerSystem_MUGE_ErosionCoupling.md,"Pillars of Creation: Per-System MUGE with E(t) Erosion Coupling and M0=10,100 MM_sun",H,,NO UPDATE (specific system / framework application),,,
436,PAPER_436_RingsOfRelativity_PerSystem_MUGE_LensingAmplification.md,Rings of Relativity: Per-System MUGE with L(t) Lensing Amplification at z=0.5,H,,NO UPDATE (specific system / framework application),,,
437,PAPER_437_UQFFLearningAssessment_EvB_AdvancementMetric.md,UQFF Learning Assessment Evolution_B: Advancement Metric for Regime Diversity and Dynamic,H,,NO UPDATE (specific system / framework application),,,
438,PAPER_438_NGC2525_PerSystem_MUGE_SNMassLoss_BHProximity.md,Galaxy NGC 2525: Per-System MUGE with M_SN(t) Supernova Mass-Loss and g_BH Proximity,H,,NO UPDATE (specific system / framework application),,,
439,PAPER_439_NGC3603_PerSystem_MUGE_CavityPressure_DualWind.md,NGC 3603 Extreme Star Cluster: Per-System MUGE with P(t) Cavity Pressure and Dual Wind,H,,NO UPDATE (specific system / framework application),,,
440,PAPER_440_BubbleNebula_NGC7635_PerSystem_MUGE_GrowingExpansion.md,Bubble Nebula NGC 7635: Per-System MUGE with E(t) GROWING Expansion and Low-Mass Central,H,,NO UPDATE (specific system / framework application),,,
441,PAPER_441_AntennaeGalaxies_PerSystem_MUGE_MergerInteractionBoost.md,Antennae Galaxies NGC 4038+4039: Per-System MUGE with I(t) Merger Interaction Boost,H,,NO UPDATE (specific system / framework application),,,
442,PAPER_442_HorseheadNebula_PerSystem_MUGE_GrowingErosion5Myr.md,Horsehead Nebula (Barnard 33): Per-System MUGE with Growing Erosion E(t) $\tau$=5 Myr,H,,NO UPDATE (specific system / framework application),,,
443,PAPER_443_NGC1275_PerseusA_PerSystem_MUGE_BDecay_FilamentCoupling_CoolingFlow.md,NGC 1275 Perseus A \,H,,NO UPDATE (specific system / framework application),,,
444,PAPER_444_HUDF_GalaxiesGalore_PerSystem_MUGE_CosmicScale_HighRedshift.md,Hubble Ultra Deep Field \,H,,NO UPDATE (specific system / framework application),,,
445,PAPER_445_NGC1792_StellarForge_PerSystem_MUGE_StarburstWindDominance.md,NGC 1792 \,H,,NO UPDATE (specific system / framework application),,,
446,PAPER_446_UQFFSource10_5ForceFramework_TriadicGravity_FirstPrimaryTextModule.md,"UQFFSource10: First Primary Text Module — 5-Force Framework & 26-Layer Triadic g(r,t)",H,,NO UPDATE (specific system / framework application),,,
447,PAPER_447_OrionNebula_UQFF_MUGE_HAlpha_SFR_Evolution.md,"Orion Nebula UQFF/MUGE Evolution: H-Alpha Resonance, SFR, Trapezium Radiation",H,,NO UPDATE (specific system / framework application),,,
448,PAPER_448_MultiSystem_UQFF_Core_Compression_Framework_Fenv_Architecture.md,Multi-System UQFF Core Compression Framework: Unified F_env Architecture,H,,NO UPDATE (specific system / framework application),,,
449,PAPER_449_YoungStars_Outflows_Pressure_Vout100kms_MUGE_UQFF.md,Young Stars Sculpt Gas with Powerful Outflows: UQFF Bipolar Jet Pressure Evolution,H,,NO UPDATE (specific system / framework application),,,
450,PAPER_450_Eagle_Nebula_Wind_Radiation_Pressure_NGC6611_UQFF.md,Eagle Nebula UQFF Wind + Radiation Pressure: NGC 6611 Radiation-Dominated Environment,H,,NO UPDATE (specific system / framework application),,,
451,PAPER_451_BigBang_Gravity_Evolution_MUGE_QG_DM_GW_Composite_Fcosmo.md,MUGE Evolution of Gravity Since the Big Bang: QG + DM + GW Composite F_cosmo,A,BigBang,Add closing section: v5.78 27-decade vacuum ledger (PAPER_1170) + xi=13/3,,,
452,PAPER_452_Compressed_UQFF_Env_Modular_7System_Cycle2_Registry.md,MUGE Compression Cycle 2: Unified F_env Modular 7-System Environmental Calculator,H,,NO UPDATE (specific system / framework application),,,
453,PAPER_453_Magnetar_DualMode_UQFF_Compressed_Frequency_SGR1745_AetherResonance.md,Magnetar SGR 1745-2900 Dual-Mode UQFF: Compressed vs Frequency Resonance,H,,NO UPDATE (specific system / framework application),,,
454,PAPER_454_MultiSystem_Compression_Cycle2_19System_Registry_Universal.md,MUGE Compression Cycle 2: 19-System Multi-Registry Expanded Gravitational Calculator,F,_Registry_,"Update tables; add P6-P14, CP4 #254-#264, ref PAPER_1167/1170/1174",,,
455,PAPER_455_UQFF_29System_Expanded_Registry_Saturn_Hydrogen_HRes_Session115Hub.md,MUGE Compression Cycle 2: 29-System Expanded Registry + Saturn Ring Term + Session 115 Hub,F,_Registry_,"Update tables; add P6-P14, CP4 #254-#264, ref PAPER_1167/1170/1174",,,
456,PAPER_456_MUGE_29System_Compressed_Unified_Gravity_Duniverse_4Factor_13Fenv.md,MUGE 29-System Compressed Unified Gravity: D_universe 4-Factor + 13-Term F_env Calculator,H,,NO UPDATE (specific system / framework application),,,
457,PAPER_457_MUGE_38System_Extended_Env_Ftorque_Fshock_Fcosmo_AutoCascade.md,MUGE 38-System Extended Environment: F_torque + F_shock + F_cosmo Auto-Cascade,H,,NO UPDATE (specific system / framework application),,,
458,PAPER_458_MUGE_Final_7System_Resonance_10Term_Acceleration_Suite_getSolutions.md,MUGE Final 7-System Canonical: 10-Term Resonance Acceleration Suite,H,,NO UPDATE (specific system / framework application),,,
459,PAPER_459_UFE_Orb_Plasmoid_Dynamics_RedDwarf_tMinus_Transform_26QuantumLevels.md,UFE Orb Plasmoid Dynamics: Red Dwarf t- Time Transform + 26 Quantum Levels,H,,NO UPDATE (specific system / framework application),,,
460,PAPER_460_Nebular_UQFF_Drawing32_LENR_NonLocal_Higgs_DNA_Energy.md,Nebular UQFF Drawing 32: LENR Catalyst + Higgs Scalar + DNA Energy Non-Local Term,I,LENR_,NO UPDATE unless ledger/xi enters; verify only,,,
461,PAPER_461_RedDwarf_LENR_Basel_Pi_Series_S2_Wmag_Cyclotron_Buoyancy.md,Red Dwarf LENR: Basel \pi-Series S(2)=\pi2/6 + W_mag Cyclotron + Buoyancy Series,I,LENR_,NO UPDATE unless ledger/xi enters; verify only,,,
462,PAPER_462_Inertia_UQFF_Wave_Energy_Inertial_Operator_ThreeLeg_Proofset.md,Inertia UQFF Wave Energy: Î Inertial Operator + Three-Leg Proofset,H,,NO UPDATE (specific system / framework application),,,
463,PAPER_463_Hydrogen_Compressed_Space_Espace_7Factor_HiggsFreq_MayanPrecession.md,Hydrogen Compressed Space: E_space 7-Factor + Higgs Frequency + Mayan/Earth Precession,H,,NO UPDATE (specific system / framework application),,,
464,PAPER_464_M51_WhirlpoolGalaxy_MUGE_UQFF_Tidal_NGC5195_DensityWaves.md,"M51 Whirlpool Galaxy: MUGE UQFF Integration with NGC 5195 Tidal Interaction, Spiral Density",H,,NO UPDATE (specific system / framework application),,,
465,PAPER_465_NGC1316_CosmicDustBunnies_MUGE_UQFF_Merger_AGNJets_ClusterDisruption.md,NGC 1316 \,H,,NO UPDATE (specific system / framework application),,,
466,PAPER_466_V838Mon_LightEcho_UQFF_Ug1_DustModulation_TRZ_VacuumCorrection.md,V838 Monocerotis: UQFF Light Echo Intensity Evolution with Ug1-Modulated Dust Scattering and,H,,NO UPDATE (specific system / framework application),,,
467,PAPER_467_NGC1300_BarredSpiral_MUGE_UQFF_BarGasFunneling_DensityWaves_SFR.md,"NGC 1300 Barred Spiral Galaxy: MUGE UQFF Bar-Driven Gas Funneling, Density Waves, and Star",H,,NO UPDATE (specific system / framework application),,,
468,PAPER_468_SMBHBinary_MUGE_UQFF_FrequencyDerived_DPM_THz_Coalescence.md,"SMBH Binary Evolution: MUGE UQFF Frequency-Derived Gravitational Acceleration with DPM Core,",H,,NO UPDATE (specific system / framework application),,,
469,PAPER_469_NGC346_Nebula_MUGE_UQFF_Ug3Collapse_ClusterEntanglement_BlueshiftedQuantum.md,"NGC 346 Nebula: MUGE UQFF Protostar Formation via Ug3 Collapse, Cluster Ugi Entanglement,",H,,NO UPDATE (specific system / framework application),,,
470,PAPER_470_SMBH_Msigma_UQFF_Resonance_FeedbackCalibration_f0063_26StateModel.md,"SMBH M-sigma UQFF: Bulge Velocity Dispersion, M-\sigma Relation, and Feedback Calibration via",H,,NO UPDATE (specific system / framework application),,,
471,PAPER_471_LENR_Keta_NeutronProduction_Calibration_NonLocal_SSq_26D_UmMediated.md,LENR K_\eta Neutron Production Calibration Constant: Um-Mediated Rate \eta with Non-Local [SSq]^n,I,LENR_,NO UPDATE unless ledger/xi enters; verify only,,,
472,PAPER_472_Abell2256_UQFF_FUBii_Enhanced.md,Abell 2256 Galaxy Cluster UQFF F_{U\_Bi\_i\_enhanced} Integral,H,,NO UPDATE (specific system / framework application),,,
473,PAPER_473_MUGEModule_7System_Compressed_Resonance.md,MUGEModule: 7-System Multi-Gravity Equations (Compressed + Resonance),H,,NO UPDATE (specific system / framework application),,,
474,PAPER_474_MUGEResonanceModule_12System_Superconductive.md,MUGEResonanceModule: 12-System Superconductive Resonance MUGE,H,,NO UPDATE (specific system / framework application),,,
475,PAPER_475_UQFF_SubTerm_Modules_Catalogue.md,UQFF Sub-Term Physics Modules Catalogue (44 Standalone Calculators),H,,NO UPDATE (specific system / framework application),,,
476,PAPER_476_DPM_PreBigBang_26Sphere_Birth_Model.md,DPM Pre-Big Bang 26-Sphere Birth Model,A,BigBang,Add closing section: v5.78 27-decade vacuum ledger (PAPER_1170) + xi=13/3,,,
477,PAPER_477_Buoyancy_Coupling_Constants_Beta_i.md,Buoyancy Coupling Constants $\beta$_i in the UQFF Framework,H,,NO UPDATE (specific system / framework application),,,
478,PAPER_478_Aether_Coupling_Background_Field.md,Aether Coupling \eta and Background Aether Metric Perturbation,H,,NO UPDATE (specific system / framework application),,,
479,PAPER_479_UQFFBuoyancyAstroModule_ComplexArithmetic_5System.md,UQFF Buoyancy Complex Arithmetic Module — 5-System Astrophysical Framework,H,,NO UPDATE (specific system / framework application),,,
480,PAPER_480_UQFFBuoyancyCNBModule_CosmicNeutrinoBackground_6System.md,UQFF Cosmic Neutrino Background (CNB) Buoyancy Module — 6-System Framework,H,,NO UPDATE (specific system / framework application),,,
481,PAPER_481_18System_UQFF_Module_Suite_Oct2025_Batch_FUBii_Implementations.md,18-System UQFF Module Suite: F_{U\_Bi\_i} C++ Implementations for Astrophysical Systems (Oct,H,,NO UPDATE (specific system / framework application),,,
482,PAPER_482_HydrogenResonanceUQFFModule_PTOE_Nuclear_Resonance_UnifiedField.md,HydrogenResonanceUQFFModule: PTOE Nuclear Resonance in Unified Quantum Field Framework,H,,NO UPDATE (specific system / framework application),,,
483,PAPER_483_MultiSystem_UQFF_Compiler_Modules_4_5_7_8_AstroSystems.md,Multi-System UQFF Compiler Modules: 4/5/7/8 AstroSystems Architecture,H,,NO UPDATE (specific system / framework application),,,
484,PAPER_484_UQFF_Five_System_Calculations_Ug1_Ug3_Eta.md,UQFF Calculations Module — 5-System Unified Quantum Force Field Analysis,H,,NO UPDATE (specific system / framework application),,,
485,PAPER_485_UQFF_Buoyancy_SNR_Five_System_Master_Equation.md,UQFF SNR Buoyancy Master Equation — Five Supernova Remnant Systems,H,,NO UPDATE (specific system / framework application),,,
486,PAPER_486_UQFF_Cassini_Complex_Ring_Buoyancy.md,UQFF Cassini Complex Ring Buoyancy — Saturn Mission Analysis,H,,NO UPDATE (specific system / framework application),,,
487,PAPER_487_UQFF_MultiAstro_Eleven_System_Simultaneous_Triad.md,UQFF Multi-Astro 11-System Simultaneous Triad Solutions,H,,NO UPDATE (specific system / framework application),,,
488,PAPER_488_UQFF_Eight_Astro_StarForming_Seven_Step_Proofs.md,UQFF Eight Star-Forming Regions — Proof-Annotated Calculations,H,,NO UPDATE (specific system / framework application),,,
489,PAPER_489_UQFF_Nineteen_System_26D_Polynomial_Framework.md,UQFF 19-System 26-Dimensional Polynomial Framework — Breakthrough,H,,NO UPDATE (specific system / framework application),,,
490,PAPER_490_Wolfram_Field_Unity_Hypergraph_PI_Decoder_Sacred_Time.md,"Wolfram Field Unity — Hypergraph Spacetime, PI Infinity Decoder, and Sacred Time Constants",B,Wolfram_Field_Unity,Add v5.78 closed-Lagrangian cross-ref (PAPER_1159-1167 G1-G8) + CP4 #254,,,
491,PAPER_491_MUGE_Compressed_Nine_Term_Gravity_Framework.md,MUGE Compressed Nine-Term Gravity Framework,H,,NO UPDATE (specific system / framework application),,,
492,PAPER_492_MUGE_Resonance_Thirteen_Mode_Frequency_Spectrum.md,MUGE Resonance Thirteen-Mode Frequency Spectrum,H,,NO UPDATE (specific system / framework application),,,
493,PAPER_493_Universal_Field_Decomposition_Ug1234_Ub_Um_UA.md,"Universal Field F_U Decomposition: Ug1–Ug4, Ub, Um, UA",H,,NO UPDATE (specific system / framework application),,,
494,PAPER_494_BSM_Particle_Observables_Tau_CKM_LFV_VLQ.md,"BSM Particle Physics Observables: Tau Anomalous Dipole, CKM Vcb, LFV, VLQ",H,,NO UPDATE (specific system / framework application),,,
495,PAPER_495_Cosmic_Quantum_Egg_Theory.md,Cosmic Quantum Egg Theory — Pre-Matter Neutrino-Analogous Entities and the \rho_egg Dark Energy,H,,NO UPDATE (specific system / framework application),,,
496,PAPER_496_DPM_DiPseudoMonopole_Full_Formulation.md,Di-Pseudo-Monopole (DPM): Full UQFF Formulation,H,,NO UPDATE (specific system / framework application),,,
497,PAPER_497_26D_Downward_Projection_Framework.md,26D Downward Projection Framework: Energy Falls to Yield Mass,H,,NO UPDATE (specific system / framework application),,,
498,PAPER_498_3D_IPO_SCm_UA_Grinding_Sequence.md,3D Intertwined Progression Overlay (3D-IPO) and SCm-UA Grinding Sequence,H,,NO UPDATE (specific system / framework application),,,
499,PAPER_499_Higgs_Inertial_Gradient_Shift_Marker.md,Higgs as Inertial Gradient Shift Marker: UQFF Reinterpretation,H,,NO UPDATE (specific system / framework application),,,
500,PAPER_500_Proto_Hydrogen_26Shell_First_Atom.md,Proto-Hydrogen 26-Shell First Atom Structure,H,,NO UPDATE (specific system / framework application),,,
501,PAPER_501_BBDT_Feynman_Globular_Clusters_1st_Epoch_BH.md,BBDT and Feynman Globular Clusters: Big Bang Deceleration and 1st Epoch BH Metallicity,H,,NO UPDATE (specific system / framework application),,,
502,PAPER_502_WSTP_Embedded_Kernel_Bridge.md,WSTP Embedded Wolfram Kernel Bridge Architecture,H,,NO UPDATE (specific system / framework application),,,
503,PAPER_503_UQFF_Lagrangian_Wolfram_Export.md,UQFF Full Lagrangian Wolfram Syntax Export,H,,NO UPDATE (specific system / framework application),,,
504,PAPER_504_WOLFRAM_TERM_AutoCollection_Framework.md,WOLFRAM_TERM Auto-Collection Framework,H,,NO UPDATE (specific system / framework application),,,
505,PAPER_505_MSVC_Release_MaxCompress_Build_Profile.md,MSVC Release-MaxCompress Build Profile,H,,NO UPDATE (specific system / framework application),,,
506,PAPER_506_PI_Infinity_Decoder_Quantum_Mapping.md,PI Infinity Decoder — Quantum State Phase Mapping,H,,NO UPDATE (specific system / framework application),,,
507,PAPER_507_Wolfram_Field_Unity_Engine_Hypergraph.md,Wolfram Field Unity Engine — Hypergraph Spacetime Evolution,B,Wolfram_Field_Unity,Add v5.78 closed-Lagrangian cross-ref (PAPER_1159-1167 G1-G8) + CP4 #254,,,
508,PAPER_508_Sacred_Time_Constants_Phase_Modulation.md,Sacred Time Constants — Phase Modulation in 7-Frequency Co-Sum,H,,NO UPDATE (specific system / framework application),,,
509,PAPER_509_PI_Co_Resonance_Field_Equations.md,PI Co-Resonance Field (PCR) Equations,H,,NO UPDATE (specific system / framework application),,,
510,PAPER_510_GW150914_LIGO_BinaryBH_UQFF_Validation.md,GW150914 LIGO Binary BH Merger — UQFF PCR Validation,H,,NO UPDATE (specific system / framework application),,,
511,PAPER_511_PSR_J0437_SacredQuantumOrbit.md,PSR J0437-4715 Sacred-Quantum Orbital Field,H,,NO UPDATE (specific system / framework application),,,
512,PAPER_512_Eta_Carinae_BuoyantGravity_PCR.md,Eta Carinae LBV Binary — Buoyant Gravity with PCR Envelope,H,,NO UPDATE (specific system / framework application),,,
513,PAPER_513_NGC1277_Hypergraph_SpacetimeDimension.md,NGC 1277 Wolfram Hypergraph Spacetime Dimension,H,,NO UPDATE (specific system / framework application),,,
514,PAPER_514_TON618_SacredTimePhase_Integral.md,TON 618 Sacred Time Phase Integral at Cosmological Scale,H,,NO UPDATE (specific system / framework application),,,
515,PAPER_515_TXS0506_IceCube_PICoSum_SpectralIndex.md,TXS 0506+056 IceCube-170922A — PI Co-Sum Resonance Spectral Index,H,,NO UPDATE (specific system / framework application),,,
516,PAPER_516_DPM_Layered_Shell_Energy_Radiance_Phase_Cascade.md,DPM Layered Shell-Energy Radiance Phase Cascade,H,,NO UPDATE (specific system / framework application),,,
517,PAPER_517_Negative_Time_Dilation_Proof_Spooky_Distance_Dual_Existence.md,Negative Time Dilation Proof: Spooky Distance & Dual Existence Mathematics,H,,NO UPDATE (specific system / framework application),,,
518,PAPER_518_DPM_Unified_Inertia_Centripetal_Centrifugal_Forces.md,"DPM-Unified Inertia, Centripetal, and Centrifugal Forces: Resolving the Classical Conundrum",H,,NO UPDATE (specific system / framework application),,,
519,PAPER_519_Shell_Radiance_Prototype_Full_26D_Layer_Formulation.md,Shell Radiance Prototype Equation: Full 26D Layer Formulation,H,,NO UPDATE (specific system / framework application),,,
520,PAPER_520_Session140_Hub_DPM_Shell_Radiance_Negative_Time_Forces.md,"Session 140 Hub: grok_{share\_0f5d4c91f2c}.txt — DPM Shell-Energy Radiance, Negative Time, and",H,,NO UPDATE (specific system / framework application),,,
521,PAPER_521_Universal_Spectrum_Spectral_Divisions_ReRinging_BigBang_Vacuum_Gradient.md,Universal Spectrum Spectral Divisions: Re-Ringing Big Bang and Vacuum Gradient Proof,A,BigBang,Add closing section: v5.78 27-decade vacuum ledger (PAPER_1170) + xi=13/3,,,
522,PAPER_522_DPM_Frequency_Drive_Ug1_Spectra_UQFF_Spectral_Tensor.md,DPM as Quantum Frequency Driver: Ug1_spectra and UQFF Spectral Tensor,H,,NO UPDATE (specific system / framework application),,,
523,PAPER_523_Quantum_Egg_Frequency_Numerical_Simulation_Orion_Nebula_Validation.md,Quantum Egg Frequency Numerical Simulation with Orion Nebula Multi-Dataset Validation,H,,NO UPDATE (specific system / framework application),,,
524,PAPER_524_Plasma_Orb_Emergence_Threshold_Orion_Proplyd_Calibration.md,Plasma Orb Emergence Threshold: Probabilistic Model and Orion Nebula Proplyd Calibration,H,,NO UPDATE (specific system / framework application),,,
525,PAPER_525_Session141_Hub_Universal_Spectrum_DPM_Quantum_Egg_Plasma_Orb_Proplyds.md,"Session 141 Hub: Universal Spectrum Spectral Divisions, DPM Frequency Drive, Quantum Egg",H,,NO UPDATE (specific system / framework application),,,
526,PAPER_526_3D_IPO_Non_Linear_Three_Helix_Progression_Overlay.md,3D-IPO Non-Linear Three-Helix Progression Overlay,H,,NO UPDATE (specific system / framework application),,,
527,PAPER_527_Pymander_Sphere_Six_Pyramid_Prob_order_Geometry.md,Pymander Sphere Six-Pyramid Prob_order Geometry,H,,NO UPDATE (specific system / framework application),,,
528,PAPER_528_UQFF_comp_Spectral_Compression_Eigenvalue_Stability.md,UQFF_comp Spectral Compression Eigenvalue Stability,H,,NO UPDATE (specific system / framework application),,,
529,PAPER_529_Navier_Stokes_UQFF_Quasar_Jet_Regularity.md,Navier-Stokes UQFF Quasar Jet Regularity,G,Navier_Stokes,Verify v5.78 closed-Lagrangian/ledger cross-ref present (Sess 225 baseline),,,
530,PAPER_530_Session142_Hub_Millennium_YangMills_Riemann_PvsNP_UQFF.md,"Session 142 Hub: Yang-Mills Mass Gap, Riemann, and P-vs-NP via UQFF",G,Millennium,Verify v5.78 closed-Lagrangian/ledger cross-ref present (Sess 225 baseline),,,
531,PAPER_531_BB_Hypergraph_Origin_VDS_SCm_Expansion.md,Big Bang Hypergraph Origin & VDS Partition Function Emergence,H,,NO UPDATE (specific system / framework application),,,
532,PAPER_532_Quantum_Plasma_Orb_USorb_BH_Harmonic_Spectrum.md,Quantum Plasma Orb US_orb Buoyancy Harmonic Spectrum,H,,NO UPDATE (specific system / framework application),,,
533,PAPER_533_Solar_System_Proplyd_DVP_Orbital_Quantization.md,Solar System as Evolved Proplyd: DVP Orbital Quantization,H,,NO UPDATE (specific system / framework application),,,
534,PAPER_534_Centripetal_Centrifugal_UQFF_Encompassment_Proof.md,Centripetal/Centrifugal Force UQFF Encompassment Proof,H,,NO UPDATE (specific system / framework application),,,
535,PAPER_535_VDS_DVP_BH_Number_Systems_Unified_Catalogue_Hub.md,VDS-DVP-BH Number Systems Unified Catalogue Hub,H,,NO UPDATE (specific system / framework application),,,
536,PAPER_536_DPM_Split_Monopole_MHD_Proplyd_Topology.md,DPM Split-Monopole MHD Proplyd Topology,H,,NO UPDATE (specific system / framework application),,,
537,PAPER_537_Solar_Body_Proplyd_Legacy_10_Body_Table.md,Solar Body Proplyd Legacy: 10-Body Temperature-Frost Table,H,,NO UPDATE (specific system / framework application),,,
538,PAPER_538_UQFF_Orion_Triple_Telescope_Encompassment_Fit.md,UQFF Orion Triple-Telescope Encompassment Fit,H,,NO UPDATE (specific system / framework application),,,
539,PAPER_539_Extended_10_Body_Centripetal_Table_NS_Residual.md,Extended 10-Body Centripetal Table with Neutron Star Residual,H,,NO UPDATE (specific system / framework application),,,
540,PAPER_540_YangMills_DPM_Quantization_Millennium_Hub.md,Yang-Mills DPM Quantization: Millennium Hub,G,Millennium,Verify v5.78 closed-Lagrangian/ledger cross-ref present (Sess 225 baseline),,,
541,PAPER_541_DPM_Proplyd_Bidirectional_Encompassment_Framework.md,DPM-Proplyd Bidirectional Encompassment Framework,H,,NO UPDATE (specific system / framework application),,,
542,PAPER_542_UQFF_OffDiag_Proplyd_Orion_Four_Telescope_Fit.md,UQFF Off-Diagonal Full Proplyd Fit: Orion 4-Telescope Eigenvalue Analysis,H,,NO UPDATE (specific system / framework application),,,
543,PAPER_543_Navier_Stokes_Discrete_Hypergraph_Regularity_Proof.md,Navier-Stokes Discrete Hypergraph Regularity Proof,G,Navier_Stokes,Verify v5.78 closed-Lagrangian/ledger cross-ref present (Sess 225 baseline),,,
544,PAPER_544_YangMills_DPM_Gauge_Field_Mass_Gap_Proof.md,Yang-Mills DPM Gauge Field Mass Gap Proof,G,YangMills,Verify v5.78 closed-Lagrangian/ledger cross-ref present (Sess 225 baseline),,,
545,PAPER_545_Simultaneous_Multi_Method_Equivalence_Merger_Hub.md,Simultaneous Multi-Method Equivalence Merger Hub,H,,NO UPDATE (specific system / framework application),,,
546,PAPER_546_UgUb_Boundary_Overlap_Simultaneous_Displacement.md,Ug/Ub Boundary & Overlap: Simultaneous Displacement and Acceleration of All Astronomical,H,,NO UPDATE (specific system / framework application),,,
547,PAPER_547_Ug4_BH_Tidal_Timereversal_Stability.md,Ug4 Black Hole Tidal Term and Time-Reversal Stability in the UQFF,H,,NO UPDATE (specific system / framework application),,,
548,PAPER_548_FUBi_Universal_Buoyancy_Collapse_Prevention_Eigenproof.md,F_{U\_Bi\_i} Universal Buoyancy Collapse Prevention — Complete Eigenvalue Proof,H,,NO UPDATE (specific system / framework application),,,
549,PAPER_549_Galaxy_Merger_UQFF_vs_Newton_Einstein_ThreeMethod_Hub.md,Galaxy Merger UQFF vs DPM-seeded vs Einsteinian --- Three-Method Simultaneous Hub,H,,NO UPDATE (specific system / framework application),,,
550,PAPER_550_Um26D_Polynomial_DPM_Quantization_Confinement.md,"26th-Order DPM Polynomial — Quantization, Confinement, and CERN Monopole Masking",H,,NO UPDATE (specific system / framework application),,,
551,PAPER_551_Ug26D_Factorial_AntiCollapse_Ug4_Split.md,U_g 26th-Order Factorial Anti-Collapse and Ug4 Dual 13+13 Split,H,,NO UPDATE (specific system / framework application),,,
552,PAPER_552_UQFFComp26D_Tensor_OffDiag13_NS_YM_Hub.md,"Full UQFF_comp 26D Tensor — Off-Diagonal \partial^13 Couplings, NS Smoothness, and YM Mass Gap Hub",H,,NO UPDATE (specific system / framework application),,,
553,PAPER_553_FUBi26th_Gaussian_Polynomial_Bounded_Proof.md,F_{U\_Bi\_i} with 26th-Order Gaussian Polynomial — Truncated Exponential Anti-Collapse Proof,H,,NO UPDATE (specific system / framework application),,,
554,PAPER_554_BSFG_Riemann_Curvature_Aether_Metric.md,Buoyancy-Stratified Factorial Geometry --- Riemann Curvature of the Aether Metric,H,,NO UPDATE (specific system / framework application),,,
555,PAPER_555_BSFG_Geodesic_Metric_Compatibility.md,BSFG Metric Compatibility and Geodesic Equation — Torsion-Free Connection and Aether Fifth,H,,NO UPDATE (specific system / framework application),,,
556,PAPER_556_BSFG_26D_Line_Element_Factorial_Compactification.md,BSFG 26-Dimensional Line Element and Factorial Compactification,D,Compactification,Forward-pointer to PAPER_1171/1172 (xi=13/3 R26+KK lock) + PAPER_1173,,,
557,PAPER_557_BSFG_Symmetry_Group_Isometry_Analysis.md,BSFG Symmetry Group and Isometry Analysis --- SO(3) \times U(1)23 and the DVP 13+13 Partition,H,,NO UPDATE (specific system / framework application),,,
558,PAPER_558_BSFG_Unification_Atlas_Theorem_Hub.md,BSFG Complete Geometric System — Unification Atlas Theorem and Buoyancy-Curvature Duality,B,Unification_,Add v5.78 closed-Lagrangian cross-ref (PAPER_1159-1167 G1-G8) + CP4 #254,,,
559,PAPER_559_BSFG_Einstein_Tensor_Field_Equations.md,Buoyancy-Stratified Factorial Geometry — Einstein Tensor and Self-Sourced Field Equations,H,,NO UPDATE (specific system / framework application),,,
560,PAPER_560_BSFG_Holonomy_Group_Parallel_Transport.md,Buoyancy-Stratified Factorial Geometry — Holonomy Group and Parallel Transport,H,,NO UPDATE (specific system / framework application),,,
561,PAPER_561_BSFG_BlackHole_Horizon_Solution.md,Buoyancy-Stratified Factorial Geometry — Black Hole Horizon Solution,H,,NO UPDATE (specific system / framework application),,,
562,PAPER_562_BSFG_BohrSommerfeld_Aether_Quantization.md,Buoyancy-Stratified Factorial Geometry — Bohr-Sommerfeld Aether Quantization,H,,NO UPDATE (specific system / framework application),,,
563,PAPER_563_Millennium_Prize_UQFF_Coordinator_All_Six_Problems.md,Millennium Prize Problems: UQFF Unified Coordinator,G,Millennium,Verify v5.78 closed-Lagrangian/ledger cross-ref present (Sess 225 baseline),,,
564,PAPER_564_AldersOlbers_DPM_26Shell_Radiance_Cascade.md,Alders/Olbers Paradox Resolution via DPM 26-Shell Radiance Cascade,H,,NO UPDATE (specific system / framework application),,,
565,PAPER_565_AldersOlbers_VDS_DVP_BH_NumberSystem_Resolution.md,Alders/Olbers Paradox Resolution via VDS/DVP/BH Number Systems,H,,NO UPDATE (specific system / framework application),,,
566,PAPER_566_AldersOlbers_BSFG_Metric_GapAnalysis.md,Alders/Olbers Paradox Resolution via BSFG Aether Metric + Gap Analysis,H,,NO UPDATE (specific system / framework application),,,
567,PAPER_567_Olbers_StellarDensityEvolution_nstar_z.md,Stellar Number Density Evolution n★(z) via Madau-Dickinson SFR,H,,NO UPDATE (specific system / framework application),,,
568,PAPER_568_Olbers_WavelengthOpacity_kappa_lambda.md,Wavelength-Dependent Opacity \kappa_\lambda(\lambda) in the UQFF Olbers Framework,H,,NO UPDATE (specific system / framework application),,,
569,PAPER_569_Olbers_EBL_Benchmark_3p1e-6_Validation.md,B_{sky\_observed} = 3.1e-6 W/m2/sr — EBL Benchmark Validation,H,,NO UPDATE (specific system / framework application),,,
570,PAPER_570_Olbers_DVP_PhotonPhoton_PrimeVortex_Scatter.md,DVP Prime Vortex Photon-Photon Scattering in Olbers Framework,H,,NO UPDATE (specific system / framework application),,,
571,PAPER_571_Olbers_tNeg_PhotonArrival_NegativeTimeDelay.md,t_neg Photon Arrival Timing via Negative Time Delay in DPM Framework,H,,NO UPDATE (specific system / framework application),,,
572,PAPER_572_Olbers_ShellRadiance_WattPerSr_Calibration.md,Shell Radiance Calibration to Observable W/m2/sr Sky Background,H,,NO UPDATE (specific system / framework application),,,
573,PAPER_573_Universal_Epoch_3DIPO_Nuclear_Convergence_Hub.md,Universal Epoch 3D-IPO Nuclear Formation (Hub),H,,NO UPDATE (specific system / framework application),,,
574,PAPER_574_Mayan_5Cycle_Cosmic_Architecture_Universal_Epoch_UQFF.md,Mayan 5-Cycle Cosmic Architecture & UQFF,H,,NO UPDATE (specific system / framework application),,,
575,PAPER_575_DPM_Pyramid_Sum_Nuclear_Binding_Periodic_Table.md,DPM Pyramid Sum Nuclear Binding & Periodic Table,I,Periodic_Table,NO UPDATE unless ledger/xi enters; verify only,,,
576,PAPER_576_UQFF_Atomic_Mass_Error_Factor_Standard_Model_Validation.md,UQFF Atomic Mass Error Factor Analysis,H,,NO UPDATE (specific system / framework application),,,
577,PAPER_577_Island_Stability_5th_Epoch_Superheavy_Z119_126.md,Island of Stability 5th Epoch: Superheavy Z=119--126,H,,NO UPDATE (specific system / framework application),,,
578,PAPER_578_UQFFComp_Eigenvalue_Mass_Gap_Quantum_Gravity_Linkage.md,UQFF_comp Eigenvalue Mass Gap & Quantum Gravity Linkage,H,,NO UPDATE (specific system / framework application),,,
579,PAPER_579_UQFF_All_Forms_Evolution_Catalogue_Triadic_Solution.md,UQFF All Four Forms: Evolution Catalogue and Triadic Solution Set,H,,NO UPDATE (specific system / framework application),,,
580,PAPER_580_UQFF_GW_Amplitude_Lambda_CDM_Emergence.md,UQFF Gravitational Wave Amplitude Derivation and \Lambda_CDM Dynamical Emergence,A,Lambda_CDM,Add closing section: v5.78 27-decade vacuum ledger (PAPER_1170) + xi=13/3,,,
581,PAPER_581_UQFF_LQG_LambdaCDM_Triple_System_QG_Comparison.md,UQFF \cdot LQG \cdot \Lambda_CDM: Simultaneous Three-System Quantum Gravity Comparison,A,LambdaCDM,Add closing section: v5.78 27-decade vacuum ledger (PAPER_1170) + xi=13/3,,,
582,PAPER_582_String_GW_Planar_Frequency_Rebound_Disk_Formation.md,String GW Planar Model: Universal Frequency Rebound and Disk Formation,H,,NO UPDATE (specific system / framework application),,,
583,PAPER_583_UQFF_Six_Form_Simultaneous_Solver.md,All Six UQFF Forms Solved Simultaneously for Universal Gravity,H,,NO UPDATE (specific system / framework application),,,
584,PAPER_584_UQFF_Collatz_Convergence_26D.md,Collatz Conjecture Convergence from UQFF 26D Grinding,H,,NO UPDATE (specific system / framework application),,,
585,PAPER_585_UQFF_Euler_Equations_Inviscid_Proof.md,"Euler Equations Inviscid Proof: Existence, Smoothness, Uniqueness",H,,NO UPDATE (specific system / framework application),,,
586,PAPER_586_UQFF_Big_Bang_Expansion_Dynamics.md,Big Bang Expansion Dynamics in UQFF Framework,A,Big_Bang,Add closing section: v5.78 27-decade vacuum ledger (PAPER_1170) + xi=13/3,,,
587,PAPER_587_UQFF_Inflationary_Epoch_Details.md,Inflationary Epoch Details from UQFF Grinding,A,_Inflation,Add closing section: v5.78 27-decade vacuum ledger (PAPER_1170) + xi=13/3,,,
588,PAPER_588_UQFF_Maxwell_Power_Large_26th_Order.md,Maxwell Power-Large 26th-Order Equations (Unsolved Generalization),H,,NO UPDATE (specific system / framework application),,,
589,PAPER_589_UQFF_Dark_Energy_Void_Buoyancy.md,Dark Energy from Pre-Mass Buoyant Voids in UQFF,A,Dark_Energy,Add closing section: v5.78 27-decade vacuum ledger (PAPER_1170) + xi=13/3,,,
590,PAPER_590_UQFF_Planck_Constant_Derived.md,Planck Constant $h$ Derived from UQFF Energy Gap,C,_Planck_Constant,Add three-anchor SI closure banner (Sess 237-241); STRUCTURAL tier,,,
591,PAPER_591_UQFF_Fine_Structure_Constant_Derived.md,'Fine-Structure Constant $\alpha$ Derived from UQFF DPM Ratios',C,_Fine_Structure_Constant,Add three-anchor SI closure banner (Sess 237-241); STRUCTURAL tier,,,
592,PAPER_592_UQFF_Speed_of_Light_Triad_Equilibrium.md,Speed of Light $c$ Derived from Pre-Mass Triad Equilibrium,C,_Speed_of_Light,Add three-anchor SI closure banner (Sess 237-241); STRUCTURAL tier,,,
593,PAPER_593_UQFF_Gravitational_Constant_Void_Coupling.md,Gravitational Constant $G$ Derived from Void Coupling,C,_Gravitational_Constant,Add three-anchor SI closure banner (Sess 237-241); STRUCTURAL tier,,,
594,PAPER_594_UQFF_Black_Hole_Finite_Bound.md,Black Hole Finite Bound from UQFF 26! Factorial Barrier,H,,NO UPDATE (specific system / framework application),,,
595,PAPER_595_UQFF_Sgr_A_Star_Bound_Application.md,UQFF Black Hole Bounds Applied to Sagittarius A*,H,,NO UPDATE (specific system / framework application),,,
596,PAPER_596_UQFF_Quantum_Gravity_Unification.md,Quantum Gravity Unification from UQFF 26D Framework,H,,NO UPDATE (specific system / framework application),,,
597,PAPER_597_UQFF_Negative_Time_Dual_Existence.md,Negative Time Derivation and Dual Existence in UQFF,H,,NO UPDATE (specific system / framework application),,,
598,PAPER_598_VDS_DVP_BH26_Integration_Reference.md,VDS / DVP / BH26 Integration Reference for Six-Form UQFF Synthesis,H,,NO UPDATE (specific system / framework application),,,
599,PAPER_599_UQFF_BSD_Conjecture_Rank_Cohomology.md,UQFF Resolution of the Birch and Swinnerton-Dyer Conjecture via Eigenvalue Rank Cohomology,H,,NO UPDATE (specific system / framework application),,,
600,PAPER_600_UQFF_Hodge_Conjecture_Algebraic_Cycles.md,UQFF Resolution of the Hodge Conjecture via \pi-Confinement and Algebraic Cycle,G,Hodge_Conjecture,Verify v5.78 closed-Lagrangian/ledger cross-ref present (Sess 225 baseline),,,
601,PAPER_601_UQFF_Magnetic_Gateway_Cosmic_Flux.md,UQFF Magnetic Gateway Equation — Um as Cosmic Flux Gateway and Relativistic Jet Dynamics,H,,NO UPDATE (specific system / framework application),,,
602,PAPER_602_UQFF_Cosmic_Egg_Pre_Fertilization_Energy.md,Cosmic Egg Pre-Fertilization Energy via Pi-Digit Vacuum Density Series,H,,NO UPDATE (specific system / framework application),,,
603,PAPER_603_UQFF_26D_Egg_Total_Energy.md,26-Dimensional Cosmic Egg Total Energy with Superconductive Layer Injection,H,,NO UPDATE (specific system / framework application),,,
604,PAPER_604_UQFF_Proto_Hydrogen_Shell_Alignment.md,Proto-Hydrogen Shell Alignment via 26D Empty Shell Filling,H,,NO UPDATE (specific system / framework application),,,
605,PAPER_605_UQFF_26th_Order_Factorial_Bounds.md,26th-Order Derivative Factorial Bounds for Anti-Singularity Physics,H,,NO UPDATE (specific system / framework application),,,
606,PAPER_606_UQFF_Inertia_26D_Shell_Force.md,Inertia as a Pure 26D Shell Force — The DPM Reaction Velocity Projection,H,,NO UPDATE (specific system / framework application),,,
607,PAPER_607_UQFF_Centripetal_26D_Shell.md,Centripetal Force as Inward CW DPM North-Pole 26D Shell Coherence,H,,NO UPDATE (specific system / framework application),,,
608,PAPER_608_UQFF_Centrifugal_26D_Shell.md,Centrifugal Force as Outward CCW DPM South-Pole 26D Shell Push,H,,NO UPDATE (specific system / framework application),,,
609,PAPER_609_UQFF_Riemann_Hypothesis_Critical_Line.md,Riemann Hypothesis Encompassment via UQFF Tensor Eigenvalue Average,G,Riemann_Hypothesis,Verify v5.78 closed-Lagrangian/ledger cross-ref present (Sess 225 baseline),,,
610,PAPER_610_UQFF_Mayan_Calendar_Nuclei_Epochs.md,Mayan Calendar Cosmological Epochs Mapped to Periodic Table Nuclei Formation,H,,NO UPDATE (specific system / framework application),,,
611,PAPER_611_UQFF_Solar_System_Proplyd_Legacy.md,Solar System as Evolved Proplyd Remnants — DPM Migration and Orbital Eccentricities,H,,NO UPDATE (specific system / framework application),,,
612,PAPER_612_UQFF_Probability_Of_Order_Partition.md,Probability of Order — A Thermodynamic Partition Function Bridging Millennium Prize,H,,NO UPDATE (specific system / framework application),,,
613,PAPER_613_UQFF_NASA_ATP_Grant_Framework_Validation.md,A Unified Quantum Field Framework for NASA ATP Grant Validation — Dual UQFF/MUGE Convergence,H,,NO UPDATE (specific system / framework application),,,
614,PAPER_614_UQFF_FU_Complete_26D_Projection_Operator.md,UQFF F_U Complete 26D Projection Operator,H,,NO UPDATE (specific system / framework application),,,
615,PAPER_615_UQFF_Ug_26D_Polynomial_Defect_Expansion.md,UQFF Ug 26D Polynomial Defect Expansion,H,,NO UPDATE (specific system / framework application),,,
616,PAPER_616_UQFF_Um_DPM_Time_Derivative_26th_Order.md,UQFF Um DPM Time-Derivative 26th-Order,H,,NO UPDATE (specific system / framework application),,,
617,PAPER_617_UQFF_SCm_Laurent_Series_26D_Expansion.md,UQFF SCm Laurent Series 26D Expansion,H,,NO UPDATE (specific system / framework application),,,
618,PAPER_618_UQFF_Ub_Density_Gradient_26th_Derivative.md,UQFF Ub Density Gradient 26th Derivative,H,,NO UPDATE (specific system / framework application),,,
619,PAPER_619_UQFF_Comp_Tensor_Full_26D_13D_Cross.md,UQFF Comp Tensor Full 26D Diagonal and 13D Cross-Coupling,H,,NO UPDATE (specific system / framework application),,,
620,PAPER_620_UQFF_3DIPO_Degree26_Tensor_Overlay.md,UQFF 3D-IPO Degree-26 Tensor Product Overlay,H,,NO UPDATE (specific system / framework application),,,
621,PAPER_621_UQFF_Pymander_Sphere_26D_Pyramid_Thread.md,UQFF Pymander Sphere 26D Pyramid Sum Thread Force,H,,NO UPDATE (specific system / framework application),,,
622,PAPER_622_UQFF_Zero_Mass_Aether_Vacuum_Gradient_Reformulation.md,UQFF Zero-Mass Aether Vacuum Gradient Reformulation,H,,NO UPDATE (specific system / framework application),,,
623,PAPER_623_UQFF_Nine_Dimensional_Wolfram_Force_Triad_Projection.md,UQFF Nine-Dimensional Wolfram Force-Triad Projection,H,,NO UPDATE (specific system / framework application),,,
624,PAPER_624_UQFF_26D_Simultaneous_Geometric_Infinity_Sculpting.md,UQFF 26D Simultaneous Geometric Infinity Sculpting,H,,NO UPDATE (specific system / framework application),,,
625,PAPER_625_UQFF_Exotic_Pocketed_Shell_Quantum_Frequency_Events.md,UQFF Exotic Pocketed Shell Quantum Frequency Events,H,,NO UPDATE (specific system / framework application),,,
626,PAPER_626_UQFF_M87_Jet_9D_Hypergraph_Pocket_Shell_Simulation.md,UQFF M87 Jet 9D Hypergraph Pocket Shell Simulation,H,,NO UPDATE (specific system / framework application),,,
627,PAPER_627_UQFF_Centaurus_A_Knotted_Jet_VHE_Hypergraph.md,UQFF Centaurus A Knotted Jet VHE Hypergraph,H,,NO UPDATE (specific system / framework application),,,
628,PAPER_628_UQFF_NGC6278_Dwarf_Galaxy_Void_Pocket_Shell.md,UQFF NGC 6278 Dwarf Galaxy Void Pocket Shell,H,,NO UPDATE (specific system / framework application),,,
629,PAPER_629_UQFF_MS073567421_Cluster_AGN_Jet_Void_Pocket.md,UQFF MS 0735.6+7421 Cluster AGN Jet Void Pocket,H,,NO UPDATE (specific system / framework application),,,
630,PAPER_630_UQFF_Perseus_Cluster_IXPE_XRay_Polarization_Jet_Solution.md,UQFF Perseus Cluster IXPE X-Ray Polarization Jet Solution,H,,NO UPDATE (specific system / framework application),,,
631,PAPER_631_UQFF_Multi_System_Jet_Hypergraph_Comparison.md,UQFF Multi-System Jet Hypergraph Comparison (5 Systems),H,,NO UPDATE (specific system / framework application),,,
632,PAPER_632_UQFF_Grant_Proposal_Dataset_Compression_Framework.md,UQFF Grant Proposal Dataset Compression Framework,H,,NO UPDATE (specific system / framework application),,,
633,PAPER_633_UQFF_Tau_Lepton_G2_SM_Bridge.md,UQFF Tau Lepton Anomalous Magnetic Moment as Standard Model Dipole Bridge,H,,NO UPDATE (specific system / framework application),,,
634,PAPER_634_UQFF_CKM_Vcb_Flavor_Vacuum_Coupling.md,UQFF CKM |V_cb| Flavor Mixing as Vacuum Coupling Parameter,H,,NO UPDATE (specific system / framework application),,,
635,PAPER_635_UQFF_VectorLike_Quark_Kappa_Heavy_Mode.md,UQFF Vector-Like Quarks and \kappa Heavy-Mode Excitations,H,,NO UPDATE (specific system / framework application),,,
636,PAPER_636_UQFF_LFV_BDecay_TimeReversal_Constraint.md,UQFF Lepton Flavor Violation B-Decay as Time-Reversal Constraint,H,,NO UPDATE (specific system / framework application),,,
637,PAPER_637_UQFF_ALICE_Run3_Multiplicity_Vacuum_Density.md,UQFF and ALICE Run 3 √s=13.6 TeV Multiplicity Vacuum Density Ratio,H,,NO UPDATE (specific system / framework application),,,
638,PAPER_638_UQFF_BESIII_DCS_Cabibbo_Dipole.md,UQFF BESIII Doubly Cabibbo Suppressed D+ Decay and Dipole Contribution,H,,NO UPDATE (specific system / framework application),,,
639,PAPER_639_UQFF_Higgs_125GeV_VEV_Buoyancy_Coupling.md,UQFF Higgs Mass 125 GeV and VEV Buoyancy Coupling,H,,NO UPDATE (specific system / framework application),,,
640,PAPER_640_UQFF_Proton_Decay_Kappa_Rate_Scale_Separation.md,UQFF Proton Decay \kappa Rate Scale Separation and Stability,H,,NO UPDATE (specific system / framework application),,,
641,PAPER_641_UQFF_Electroweak_SinThetaW_SCm_Vacuum.md,UQFF Electroweak sin2\theta_W and SCm Vacuum Connection,H,,NO UPDATE (specific system / framework application),,,
642,PAPER_642_UQFF_SM_Parameter_Bridge_Master_Comparison.md,UQFF SM Parameter Bridge Master Comparison Table,H,,NO UPDATE (specific system / framework application),,,
643,PAPER_643_UQFF_Thermal_Lens_Equation_LENR_Applications.md,UQFF Thermal Lens Equation and LENR Applications,I,LENR_,NO UPDATE unless ledger/xi enters; verify only,,,
644,PAPER_644_UQFF_Quantum_Like_Classical_Chip_Emulation.md,UQFF Programmatic Innovation for Quantum-Like Classical Chip Emulation,H,,NO UPDATE (specific system / framework application),,,
645,PAPER_645_UQFF_Einstein_Field_Equations_Black_Hole_Singularity_Resolution.md,UQFF Applied to Einstein Field Equations and Black Hole Singularity Resolution,H,,NO UPDATE (specific system / framework application),,,
646,PAPER_646_UQFF_Universal_Inertial_Operator_Caduceus_Wave.md,UQFF Universal Inertial Operator & Caduceus Wave Topology,H,,NO UPDATE (specific system / framework application),,,
647,PAPER_647_UQFF_Vacuum_Density_Series_Aether_Scaffold.md,UQFF Vacuum Density Series --- Multi-Scale Aether Scaffold,A,Vacuum_Density_Series,Add closing section: v5.78 27-decade vacuum ledger (PAPER_1170) + xi=13/3,,,
648,PAPER_648_UQFF_Ultra_Dense_Hydrogen_LENR_Meson_Cascade.md,UQFF Ultra-Dense Hydrogen D(-1) LENR & Meson Cascade,I,LENR_,NO UPDATE unless ledger/xi enters; verify only,,,
649,PAPER_649_UQFF_Dipole_Vortex_Primes_nWave_Energy_Mixing.md,UQFF Dipole Vortex Primes -- n-Wave Complex Energy Mixing,H,,NO UPDATE (specific system / framework application),,,
650,PAPER_650_UQFF_Buoyancy_Harmonics_Discrete_Anti_Gravity.md,UQFF Buoyancy Harmonics --- Discrete Anti-Gravity Resonance Bands,H,,NO UPDATE (specific system / framework application),,,
651,PAPER_651_UQFF_Schwarzschild_Proton_Vacuum_Concentration.md,UQFF Schwarzschild Proton & Vacuum Energy Concentration,H,,NO UPDATE (specific system / framework application),,,
652,PAPER_652_UQFF_Fine_Structure_Constant_QED_Precision.md,UQFF Fine Structure Constant & QED Precision Hierarchy,C,_Fine_Structure_Constant,Add three-anchor SI closure banner (Sess 237-241); STRUCTURAL tier,,,
653,PAPER_653_UQFF_Pi_Wave_Energy_Correspondence.md,UQFF Pi-Wave Energy Correspondence,H,,NO UPDATE (specific system / framework application),,,
654,PAPER_654_UQFF_Observable_Universe_Diameter_LCDM.md,UQFF Observable Universe Diameter & \LambdaCDM Friedmann Integration,A,Universe_Diameter,Add closing section: v5.78 27-decade vacuum ledger (PAPER_1170) + xi=13/3,,,
655,PAPER_655_UQFF_Galactic_Discrete_Gravity_Bands_Simulator.md,UQFF Galactic Discrete Gravity Bands & Aether Field Simulator,H,,NO UPDATE (specific system / framework application),,,
656,PAPER_656_UQFF_V838_Mon_Light_Echo_Master_Equation.md,UQFF V838 Monocerotis Light Echo Master Equation,H,,NO UPDATE (specific system / framework application),,,
657,PAPER_657_UQFF_Knowledge_Base_7.md,UQFF Knowledge Base Version 7: Five Quantum Variable Integration,F,Knowledge_Base,"Update tables; add P6-P14, CP4 #254-#264, ref PAPER_1167/1170/1174",,,
658,PAPER_658_UQFF_LQG_Black_Hole_Bounce.md,LQG Black Hole Bounce with UQFF Vacuum Density Elevation,H,,NO UPDATE (specific system / framework application),,,
659,PAPER_659_UQFF_Black_to_White_Hole_Transition.md,UQFF Black-to-White Hole Transition,H,,NO UPDATE (specific system / framework application),,,
660,PAPER_660_WhiteHoleRadiationUQFF.md,UQFF White Hole Radiation,H,,NO UPDATE (specific system / framework application),,,
661,PAPER_661_UQFFPBHDarkMatter.md,UQFF Primordial Black Hole Dark Matter,H,,NO UPDATE (specific system / framework application),,,
662,PAPER_662_UQFFHawkingDerivation.md,UQFF Hawking Radiation Derivation,H,,NO UPDATE (specific system / framework application),,,
663,PAPER_663_UQFFBlackHoleInversion.md,UQFF Black Hole Inversion Probability,H,,NO UPDATE (specific system / framework application),,,
664,PAPER_664_WhiteHoleStabilityUQFF.md,UQFF White Hole Stability,H,,NO UPDATE (specific system / framework application),,,
665,PAPER_665_UQFFSuppressionEquationsHawking.md,UQFF Hawking Suppression Equations,H,,NO UPDATE (specific system / framework application),,,
666,PAPER_666_UQFFGWSuppression.md,UQFF Gravitational Wave Power Suppression,H,,NO UPDATE (specific system / framework application),,,
667,PAPER_667_UQFFBlackHoleStabilityProofs.md,UQFF Black Hole Stability Mathematical Proofs,H,,NO UPDATE (specific system / framework application),,,
668,PAPER_668_UQFFStabilityPrimordialBH.md,UQFF Primordial Black Hole Stability Analysis,H,,NO UPDATE (specific system / framework application),,,
669,PAPER_669_UQFFComparedToGW150914.md,UQFF Waveform Comparison — GW150914,H,,NO UPDATE (specific system / framework application),,,
670,PAPER_670_UQFFBlackHoleAccretionModel.md,UQFF Black Hole Accretion Model,H,,NO UPDATE (specific system / framework application),,,
671,PAPER_671_UQFFDMDtDerivation.md,UQFF dM/dt Derivation,H,,NO UPDATE (specific system / framework application),,,
672,PAPER_672_UQFFEvaporationTimescale.md,UQFF Evaporation Timescale,H,,NO UPDATE (specific system / framework application),,,
673,PAPER_673_UQFFAdvancementsAndTHzHoles.md,UQFF THz Holes and Red Dwarf Reactor Meta-Module,H,,NO UPDATE (specific system / framework application),,,
674,PAPER_674_UQFFComparedToLIGOData.md,"UQFF Compared to General LIGO Dataset: Strain, Phase, and Frequency Sweep",H,,NO UPDATE (specific system / framework application),,,
675,PAPER_675_UQFFComparedToGW170817.md,"UQFF Analysis of GW170817: NS-NS Merger, GRB Delay, and Tidal Deformability",H,,NO UPDATE (specific system / framework application),,,
676,PAPER_676_UQFFComparedToGW190425.md,UQFF Analysis of GW190425: Heaviest Known NS Binary and Ejecta Constraints,H,,NO UPDATE (specific system / framework application),,,
677,PAPER_677_UQFFPredictionsForLISA.md,UQFF Predictions for the LISA Space-Based Gravitational Wave Observatory,H,,NO UPDATE (specific system / framework application),,,
678,PAPER_678_LISAVsLIGOComparisons.md,UQFF LISA vs LIGO Cross-Sensitivity Comparison and Crossover Frequency,H,,NO UPDATE (specific system / framework application),,,
679,PAPER_679_AetherSuperfluidDynamics.md,Aether Superfluid Dynamics: UQFF Universal Aether as a Bosonic Condensate,H,,NO UPDATE (specific system / framework application),,,
680,PAPER_680_VortexQuantization.md,Vortex Quantization in the UQFF Aether Superfluid,H,,NO UPDATE (specific system / framework application),,,
681,PAPER_681_GrossPitaevskiiVortexSimulation.md,Gross-Pitaevskii Vortex Simulation of the UQFF Aether Around Black Holes,H,,NO UPDATE (specific system / framework application),,,
682,PAPER_682_UQFFStabilityNumericallyForSgrA.md,Numerical UQFF Stability Analysis for Sagittarius A*,H,,NO UPDATE (specific system / framework application),,,
683,PAPER_683_UQFFHawkingTemperatureModulation.md,UQFF Hawking Temperature Modulation: Spectral Shift and Wien Peak Correction,H,,NO UPDATE (specific system / framework application),,,
684,PAPER_684_UQFFPrimordialBHEvaporation.md,UQFF Primordial Black Hole Evaporation: Suppressed Rate and Extended Lifetime,H,,NO UPDATE (specific system / framework application),,,
685,PAPER_685_UQFFPBHDarkMatterImplications.md,UQFF Implications for Primordial Black Holes as Dark Matter,H,,NO UPDATE (specific system / framework application),,,
686,PAPER_686_UQFFModulationForM87.md,"UQFF Modulation for M87*: Shadow, Jet Power, and Ring Brightness",H,,NO UPDATE (specific system / framework application),,,
687,PAPER_687_M87MassEvolutionSimulation.md,M87* Black Hole Mass Evolution Over Cosmic Time in the UQFF Framework,H,,NO UPDATE (specific system / framework application),,,
688,PAPER_688_NGC1316MUGECalculation.md,NGC 1316 (Fornax A): Master Universal Gravity Equation,H,,NO UPDATE (specific system / framework application),,,
689,PAPER_689_AGNJetDynamicsBlandfordZnajek.md,AGN Relativistic Jets: Blandford-Znajek Mechanism and UQFF Modulation,H,,NO UPDATE (specific system / framework application),,,
690,PAPER_690_FornaxClusterGravitational.md,Fornax Galaxy Cluster: N-Body Gravitational Dynamics and UQFF,H,,NO UPDATE (specific system / framework application),,,
691,PAPER_691_NBodySimulation3D.md,3D N-Body Gravitational Simulation: Euler and Leapfrog Integrators,H,,NO UPDATE (specific system / framework application),,,
692,PAPER_692_M51WhirlpoolTidalInteraction.md,M51 Whirlpool Galaxy: Tidal Arm Formation and UQFF Star Formation,H,,NO UPDATE (specific system / framework application),,,
693,PAPER_693_SombreroGalaxyM104NGC4594.md,Sombrero Galaxy (M104/NGC 4594): Edge-On Sa Dynamics and UQFF,H,,NO UPDATE (specific system / framework application),,,
694,PAPER_694_CrabNebulaPWNUQFF.md,Crab Nebula (M1/NGC 1952): SNR + Pulsar Wind Nebula UQFF,H,,NO UPDATE (specific system / framework application),,,
695,PAPER_695_NGC7635BubbleNebula.md,NGC 7635 Bubble Nebula: O-Star Wind Driven Cavity and UQFF,H,,NO UPDATE (specific system / framework application),,,
696,PAPER_696_AntennaeMergerNGC4038NGC4039.md,Antennae Galaxies (NGC 4038/4039): Active Merger and Shock-Triggered Star Formation,H,,NO UPDATE (specific system / framework application),,,
697,PAPER_697_NGC2525WithSupernovaeSN2018gv.md,NGC 2525 with SN 2018gv: Type Ia Supernova Light Curve and UQFF,H,,NO UPDATE (specific system / framework application),,,
698,PAPER_698_EinsteinRingGALCLUS022058s.md,Einstein Ring GAL-CLUS-022058s: Gravitational Lensing and UQFF Deflection,H,,NO UPDATE (specific system / framework application),,,
699,PAPER_699_FornaxConstellationUHDF.md,"Fornax Ultra-Deep Field: 10,000+ Galaxy Statistics and UQFF",H,,NO UPDATE (specific system / framework application),,,
700,PAPER_700_UQFFEquationMathematicalDerivation.md,UQFF 26D Formal Mathematical Derivation from First Principles,H,,NO UPDATE (specific system / framework application),,,
701,PAPER_701_UQFFKnowledgeBaseRedDwarf.md,UQFF Knowledge Base (KB1-KB19): Red Dwarf Compression Paper Assimilation,F,KnowledgeBase,"Update tables; add P6-P14, CP4 #254-#264, ref PAPER_1167/1170/1174",,,
702,PAPER_702_SaturnRingSystemUQFF.md,Saturn Ring System: Master UQFF Planetary Gravity Equation,H,,NO UPDATE (specific system / framework application),,,
703,PAPER_703_NGC1275MagneticMonsterUQFF.md,NGC 1275 (Perseus A): Magnetic Monster Black Hole Feedback UQFF,H,,NO UPDATE (specific system / framework application),,,
704,PAPER_704_HorseheadNebulaBarnard33UQFF.md,Horsehead Nebula (Barnard 33): Infrared Erosion UQFF Analysis,H,,NO UPDATE (specific system / framework application),,,
705,PAPER_705_NGC3603StarCluster2UQFF.md,NGC 3603 Star Cluster (Variant 2): Bok Globule Secondary SF UQFF,H,,NO UPDATE (specific system / framework application),,,
706,PAPER_706_NGC3603StarClusterPrimaryUQFF.md,NGC 3603 Star Cluster (Primary Analysis): Gas Conversion UQFF MUGE,H,,NO UPDATE (specific system / framework application),,,
707,PAPER_707_NGC2525BarredSpiral2UQFF.md,NGC 2525 Barred Spiral (Variant 2): SN Ia Feedback UQFF Analysis,H,,NO UPDATE (specific system / framework application),,,
708,PAPER_708_PillarsOfCreationM16UQFF.md,Pillars of Creation (Eagle Nebula M16): Full UQFF MUGE,H,,NO UPDATE (specific system / framework application),,,
709,PAPER_709_Westerlund2StarClusterUQFF.md,Westerlund 2 Young Super Star Cluster: UQFF MUGE,H,,NO UPDATE (specific system / framework application),,,
710,PAPER_710_NGC2014NGC2020StarformingUQFF.md,NGC 2014 + NGC 2020: Tapestry of Blazing Starbirth UQFF,H,,NO UPDATE (specific system / framework application),,,
711,PAPER_711_NGC2014NGC2020Variant2UQFF.md,NGC 2014 + NGC 2020 Variant 2: Wolf-Rayet Cone UQFF Analysis,H,,NO UPDATE (specific system / framework application),,,
712,PAPER_712_PillarsOfCreationM16v2UQFF.md,Pillars of Creation M16 Variant 2: Post-Supernova Shock UQFF,H,,NO UPDATE (specific system / framework application),,,
713,PAPER_713_UQFFKnowledgeBaseKB19.md,UQFF Knowledge Base 19: THz Q-Scope Signal Bundle Analysis (Sets 10-50),F,KnowledgeBase,"Update tables; add P6-P14, CP4 #254-#264, ref PAPER_1167/1170/1174",,,
714,PAPER_714_UQFFKnowledgeBaseKB18.md,UQFF Knowledge Base 18: THz Q-Scope Signal Analysis (Set 50: Signals 41-50),F,KnowledgeBase,"Update tables; add P6-P14, CP4 #254-#264, ref PAPER_1167/1170/1174",,,
715,PAPER_715_UQFFKnowledgeBaseKB17.md,UQFF Knowledge Base 17: THz Q-Scope Signal Analysis (Set 40: Signals 31-40),F,KnowledgeBase,"Update tables; add P6-P14, CP4 #254-#264, ref PAPER_1167/1170/1174",,,
716,PAPER_716_UQFFKnowledgeBaseKB1.md,"Red Dwarf Compression D: Inertia, Aether-Superconductive, Hydrogen Papers 74-84",F,KnowledgeBase,"Update tables; add P6-P14, CP4 #254-#264, ref PAPER_1167/1170/1174",,,
717,PAPER_717_UQFFKnowledgeBaseKB2.md,Red Dwarf Compression E: Hydrogen Pages 85-88 and 26-Level Quantum Wave,F,KnowledgeBase,"Update tables; add P6-P14, CP4 #254-#264, ref PAPER_1167/1170/1174",,,
718,PAPER_718_UQFFKnowledgeBaseKB3.md,"Red Dwarf Compression C: LENR, Higgs Field, Pi/Phi Series, NGC 346",F,KnowledgeBase,"Update tables; add P6-P14, CP4 #254-#264, ref PAPER_1167/1170/1174",,,
719,PAPER_719_UQFFKnowledgeBaseKB4.md,Red Dwarf Compression B: Drawing 32 Nebular Cloud and Drawing 33 Shock Star Formation,F,KnowledgeBase,"Update tables; add P6-P14, CP4 #254-#264, ref PAPER_1167/1170/1174",,,
720,PAPER_720_UQFFKnowledgeBaseKB5.md,"Doc 43: Universal Permanence Equation, AGN Feedback, and the Final Parsec Problem",F,KnowledgeBase,"Update tables; add P6-P14, CP4 #254-#264, ref PAPER_1167/1170/1174",,,
721,PAPER_721_UQFFKnowledgeBaseKB6.md,"UQFF Quantum Variable Documents: r_j, d_g, F_U, f_feedback, Omega_g",F,KnowledgeBase,"Update tables; add P6-P14, CP4 #254-#264, ref PAPER_1167/1170/1174",,,
722,PAPER_722_UQFFKnowledgeBaseKB8.md,"UQFF Quantum Variable Documents: M_bh, mu_j, P_core, t_n, pi",F,KnowledgeBase,"Update tables; add P6-P14, CP4 #254-#264, ref PAPER_1167/1170/1174",,,
723,PAPER_723_UQFFKnowledgeBaseKB9.md,"UQFF Quantum Variable Documents: gamma, E_react, f_quasi, R_b",F,KnowledgeBase,"Update tables; add P6-P14, CP4 #254-#264, ref PAPER_1167/1170/1174",,,
724,PAPER_724_UQFFKnowledgeBaseKB10.md,"UQFF Quantum Variable Documents: delta_sw, kappa, P_SCm, v_sw, omega_c",F,KnowledgeBase,"Update tables; add P6-P14, CP4 #254-#264, ref PAPER_1167/1170/1174",,,
725,PAPER_725_UQFFKnowledgeBaseKB11.md,"UQFF Quantum Variable Documents: S, T_s^{mu nu}, M_s, omega_s, B_s",F,KnowledgeBase,"Update tables; add P6-P14, CP4 #254-#264, ref PAPER_1167/1170/1174",,,
726,PAPER_726_UQFFKnowledgeBaseKB12.md,"UQFF Quantum Variable Documents: delta_def, f_TRZ, T_s, phi_j",F,KnowledgeBase,"Update tables; add P6-P14, CP4 #254-#264, ref PAPER_1167/1170/1174",,,
727,PAPER_727_UQFFKnowledgeBaseKB13.md,"UQFF Quantum Variable Documents: rho_vac UA, rho_vac Ui, v_SCm, rho_vac SCm",F,KnowledgeBase,"Update tables; add P6-P14, CP4 #254-#264, ref PAPER_1167/1170/1174",,,
728,PAPER_728_UQFFKnowledgeBaseKB14.md,THz Oscilloscope Signals 1-10: ACE/DCE Reversing Flow and Ug1 Thread Analysis,F,KnowledgeBase,"Update tables; add P6-P14, CP4 #254-#264, ref PAPER_1167/1170/1174",,,
729,PAPER_729_UQFFKnowledgeBaseKB15.md,THz Oscilloscope Signals 11-20: ACE/DCE Cyclic Inversion and 1.246 THz Analysis,F,KnowledgeBase,"Update tables; add P6-P14, CP4 #254-#264, ref PAPER_1167/1170/1174",,,
730,PAPER_730_UQFFKnowledgeBaseKB16.md,THz Oscilloscope Signals 21-30: Complete 30-Signal 1.246 THz Earth Core Resonance Dataset,F,KnowledgeBase,"Update tables; add P6-P14, CP4 #254-#264, ref PAPER_1167/1170/1174",,,
731,PAPER_731_NGC1316MergerEvolution.md,NGC 1316 (Fornax A) Merger-Driven Elliptical Galaxy Evolution MUGE,H,,NO UPDATE (specific system / framework application),,,
732,PAPER_732_TenAstroSystemsMUGE.md,10 Astrophysical Systems MUGE Compressed UQFF,H,,NO UPDATE (specific system / framework application),,,
733,PAPER_733_EighteenAstroSystemsMUGE.md,18 Astrophysical Systems MUGE Compressed + 26D UQFF,H,,NO UPDATE (specific system / framework application),,,
734,PAPER_734_LENR_Kn_ThreeScenario_Calibration_Constants.md,LENR K_n Three-Scenario Calibration Constants: k\eta Multipliers for Neutron Production Rate,I,LENR_,NO UPDATE unless ledger/xi enters; verify only,,,
735,PAPER_735_Ug2_Electron_Shell_Energy_Eshell.md,U_g2 DPM Electron Shell Energy: Eshell = c\cdot\nures\cdot h(fSCm)\cdot Ggeo,H,,NO UPDATE (specific system / framework application),,,
736,PAPER_736_UQFF_ThreeSystem_Simultaneous_Framework.md,UQFF Three-System Simultaneous Framework,H,,NO UPDATE (specific system / framework application),,,
737,PAPER_737_Nine_AstroSystems_NGC4826_CassiniGaps_LMC.md,"Nine Astrophysical Systems: NGC 4826, Cassini Gaps, LMC, and More",H,,NO UPDATE (specific system / framework application),,,
738,PAPER_738_DPM_ACP_AtomicCreation_ProtoNucleus.md,DPM Atomic Creation Process (ACP): Proto-Nucleus Formation,I,AtomicCreation,NO UPDATE unless ledger/xi enters; verify only,,,
739,PAPER_739_Tapestry26D_ThreeSystem_Simultaneous_Full.md,Tapestry of Blazing Starbirth: Full 26D Three-System Simultaneous UQFF Solution,H,,NO UPDATE (specific system / framework application),,,
740,PAPER_740_MassWithoutWeight_fUb_BuoyancyCalibration.md,Mass Without Weight: f_Ub Buoyancy Calibration and the UQFF Mass-as-Ratio Framework,H,,NO UPDATE (specific system / framework application),,,
741,PAPER_741_UQFF_Compression_Cycle2_38System_FEnv_Master.md,UQFF Compression Cycle 2 -- 38-System F_env Modular Master Equation,H,,NO UPDATE (specific system / framework application),,,
742,PAPER_742_Sombrero_Galaxy_MUGE_Dust_Lane_Drag.md,Sombrero Galaxy MUGE -- Dust Lane Drag Term D_dust,H,,NO UPDATE (specific system / framework application),,,
743,PAPER_743_Saturn_Ring_Tidal_MUGE_T_ring_F_wind.md,Saturn MUGE -- Ring Tidal Forces and Solar Orbital Gravity,H,,NO UPDATE (specific system / framework application),,,
744,PAPER_744_M16_Eagle_Nebula_MUGE_Msf_Erad_Radiation_Erosion.md,M16 Eagle Nebula MUGE -- Star Formation and Radiation Erosion,H,,NO UPDATE (specific system / framework application),,,
745,PAPER_745_Crab_Nebula_Expanding_MUGE_Pulsar_Wind_Magnetic.md,Crab Nebula MUGE -- Expanding Supernova Remnant with Pulsar Wind,H,,NO UPDATE (specific system / framework application),,,
746,PAPER_746_Generalized_Hydrogen_Resonance_All_Elements_Z1_118.md,Generalized Hydrogen Resonance — All Elements Z=1–118,H,,NO UPDATE (specific system / framework application),,,
747,PAPER_747_Universe_Diameter_UQFF_182_Billion_Light_Years.md,Universe Diameter Equation -- UQFF Observable Universe Scale,A,Universe_Diameter,Add closing section: v5.78 27-decade vacuum ledger (PAPER_1170) + xi=13/3,,,
748,PAPER_748_Doc43d_Inertia_Aether_Superconductive_Ug5_Framework.md,"Doc 43.d -- Inertia, Aether-Superconductive, and U_g5 Framework",H,,NO UPDATE (specific system / framework application),,,
749,PAPER_749_Five_Quantum_Variable_Sets_rj_dg_FU_Omega_fHeaviside_Mbh_gamma_Ereact.md,"Five Quantum Variable Document Sets --- r_j, d_g, F_U, f_feedback, \Omega_g, f_Heaviside, H_SCm,",H,,NO UPDATE (specific system / framework application),,,
750,PAPER_750_M51_NGC1316_MUGE_Simulation_Whirlpool_FornaxA.md,M51 Whirlpool and NGC 1316 Fornax A -- MUGE with Simulation Scripts,H,,NO UPDATE (specific system / framework application),,,
751,PAPER_751_THz_QScope_Earth_Core_Signals_1to50.md,THz Q-Scope Earth Core Resonance Signals — Channels 1–50,H,,NO UPDATE (specific system / framework application),,,
752,PAPER_752_V838_Mon_Light_Echo_UQFF_Intensity.md,V838 Mon Light Echo — UQFF Intensity Propagation,H,,NO UPDATE (specific system / framework application),,,
753,PAPER_753_Magnetar_Evolution_UQFF_Spin_Magnetic_Decay.md,Magnetar Evolution — UQFF Spin-Down and Magnetic Decay,H,,NO UPDATE (specific system / framework application),,,
754,PAPER_754_SgrAStar_SMBH_Evolution_UQFF_Accretion_Spin.md,Sagittarius A* SMBH Evolution — UQFF Accretion and Spin Precession,H,,NO UPDATE (specific system / framework application),,,
755,PAPER_755_Tapestry_Blazing_Starbirth_NGC2014_UQFF_Wind.md,Tapestry of Blazing Starbirth NGC 2014/2020 — UQFF Wind-EM Dynamics,H,,NO UPDATE (specific system / framework application),,,
756,PAPER_756_Westerlund2_Super_Star_Cluster_UQFF_Wind.md,Westerlund 2 Super Star Cluster — UQFF Wind-EM Evolution,H,,NO UPDATE (specific system / framework application),,,
757,PAPER_757_Pillars_of_Creation_M16_UQFF_Photo_Erosion.md,Pillars of Creation M16 — UQFF Photo-Erosion Framework,H,,NO UPDATE (specific system / framework application),,,
758,PAPER_758_Rings_of_Relativity_Einstein_Ring_GCLUS022058s.md,Rings of Relativity — Einstein Ring GAL-CLUS-022058s UQFF Lensing,H,,NO UPDATE (specific system / framework application),,,
759,PAPER_759_Horsehead_Nebula_Barnard33_UQFF_Radiation_Erosion.md,Horsehead Nebula Barnard 33 — UQFF Radiation Pressure and Erosion,H,,NO UPDATE (specific system / framework application),,,
760,PAPER_760_NGC1275_Magnetic_Monster_Perseus_A_UQFF.md,NGC 1275 Magnetic Monster Perseus A — UQFF Filament Gravity,H,,NO UPDATE (specific system / framework application),,,
761,PAPER_761_Hubble_Ultra_Deep_Field_UQFF_Galaxy_Evolution.md,Hubble Ultra Deep Field — UQFF Cosmic Galaxy Evolution,H,,NO UPDATE (specific system / framework application),,,
762,PAPER_762_NGC1792_Stellar_Forge_UQFF_Starburst_Evolution.md,NGC 1792 The Stellar Forge -- UQFF Starburst Galaxy Evolution,H,,NO UPDATE (specific system / framework application),,,
763,PAPER_763_Sombrero_Galaxy_M104_UQFF_SMBH_Dust_Lane.md,Sombrero Galaxy M104 NGC 4594 -- UQFF SMBH Dust Lane Evolution,H,,NO UPDATE (specific system / framework application),,,
764,PAPER_764_Saturn_Ring_System_26D_UQFF_Planetary_Evolution.md,Saturn Ring System 26D UQFF Planetary Evolution,H,,NO UPDATE (specific system / framework application),,,
765,PAPER_765_M16_Eagle_Nebula_New_Stars_26D_UQFF_Formation.md,M16 Eagle Nebula New Stars 26D UQFF Formation,H,,NO UPDATE (specific system / framework application),,,
766,PAPER_766_Crab_Nebula_Pulsar_Wind_26D_UQFF_SNR.md,Crab Nebula Pulsar Wind 26D UQFF Supernova Remnant,H,,NO UPDATE (specific system / framework application),,,
767,PAPER_767_NGC2264_Cone_Nebula_UQFF_Star_Formation.md,NGC 2264 Cone Nebula Christmas Tree Cluster — UQFF Star Formation,H,,NO UPDATE (specific system / framework application),,,
768,PAPER_768_UGC10214_Tadpole_Galaxy_Tidal_UQFF.md,UGC 10214 Tadpole Galaxy — UQFF Tidal Interaction Dynamics,H,,NO UPDATE (specific system / framework application),,,
769,PAPER_769_NGC4676_Mice_Galaxies_Dual_Merger_UQFF.md,NGC 4676 Mice Galaxies — UQFF Dual Galaxy Merger Dynamics,H,,NO UPDATE (specific system / framework application),,,
770,PAPER_770_Red_Spider_Nebula_NGC6537_UQFF_Bipolar.md,Red Spider Nebula NGC 6537 — UQFF Bipolar Outflow Planetary Nebula,H,,NO UPDATE (specific system / framework application),,,
771,PAPER_771_NGC3372_Eta_Carinae_Nebula_UQFF_LBV_Wind.md,NGC 3372 Eta Carinae Nebula — UQFF LBV Wind Driven Evolution,H,,NO UPDATE (specific system / framework application),,,
772,PAPER_772_AG_Carinae_Nebula_UQFF_LBV_Eruptive.md,AG Carinae Nebula — UQFF LBV Eruptive Shell Dynamics,H,,NO UPDATE (specific system / framework application),,,
773,PAPER_773_M42_Orion_Nebula_UQFF_HII_Star_Nursery.md,M42 Orion Nebula — UQFF HII Region Star Nursery,H,,NO UPDATE (specific system / framework application),,,
774,PAPER_774_Tarantula_Nebula_30Dor_UQFF_Extreme_Starburst.md,Tarantula Nebula 30 Doradus — UQFF Extreme Starburst LMC Evolution,H,,NO UPDATE (specific system / framework application),,,
775,PAPER_775_NGC2841_Quiet_Flocculent_Spiral_UQFF.md,NGC 2841 — UQFF Quiet Flocculent Spiral Galaxy Evolution,H,,NO UPDATE (specific system / framework application),,,
776,PAPER_776_Mystic_Mountain_Carina_UQFF_Dust_Pillar.md,Mystic Mountain — UQFF Dust Pillar Photon-Erosion Dynamics,H,,NO UPDATE (specific system / framework application),,,
777,PAPER_777_NGC6217_Barred_Spiral_UQFF.md,NGC 6217 — UQFF Barred Spiral Galaxy Standard Rotation,H,,NO UPDATE (specific system / framework application),,,
778,PAPER_778_Stephans_Quintet_UQFF_Galaxy_Group.md,Stephan's Quintet — UQFF Compact Galaxy Group Shock Dynamics,H,,NO UPDATE (specific system / framework application),,,
779,PAPER_779_NGC7049_Lenticular_UQFF.md,NGC 7049 — UQFF Isolated Lenticular Galaxy with Ancient Globular System,H,,NO UPDATE (specific system / framework application),,,
780,PAPER_780_Carina_NGC3324_Cosmic_Cliffs_UQFF.md,Carina Nebula NGC 3324 \,H,,NO UPDATE (specific system / framework application),,,
781,PAPER_781_M74_Phantom_Galaxy_UQFF.md,M74 Phantom Galaxy — UQFF Grand Design Spiral Reference,H,,NO UPDATE (specific system / framework application),,,
782,PAPER_782_NGC1672_Barred_Spiral_UQFF.md,NGC 1672 — UQFF Barred Spiral Active Star Formation,H,,NO UPDATE (specific system / framework application),,,
783,PAPER_783_NGC5866_Edge_On_Lenticular_UQFF.md,NGC 5866 — UQFF Edge-On Lenticular Galaxy Dust Lane,H,,NO UPDATE (specific system / framework application),,,
784,PAPER_784_M82_Cigar_Starburst_Galaxy_UQFF.md,M82 Cigar Galaxy — UQFF Starburst Superwind,H,,NO UPDATE (specific system / framework application),,,
785,PAPER_785_Spirograph_IC418_Planetary_Nebula_UQFF.md,Spirograph Nebula IC 418 — UQFF Planetary Nebula Fast Wind,H,,NO UPDATE (specific system / framework application),,,
786,PAPER_786_NGC4826_Black_Eye_Galaxy_Three_UQFF.md,NGC 4826 Black Eye Galaxy — Three-UQFF Warped Inner Disk,H,,NO UPDATE (specific system / framework application),,,
787,PAPER_787_NGC1805_LMC_Cluster_Three_UQFF.md,NGC 1805 LMC Star Cluster — Three-UQFF Dense Stellar System,H,,NO UPDATE (specific system / framework application),,,
788,PAPER_788_NGC6307_NGC7027_PN_Pair_Three_UQFF.md,NGC 6307 + NGC 7027 Planetary Nebula Pair — Three-UQFF Fast Wind Dual System,H,,NO UPDATE (specific system / framework application),,,
789,PAPER_789_Cassini_Ring_Gaps_Three_UQFF.md,Cassini Ring Gaps — Three-UQFF Saturn Ring Resonance Analysis,H,,NO UPDATE (specific system / framework application),,,
790,PAPER_790_ESO391_12_Lenticular_Three_UQFF.md,ESO 391-12 — Three-UQFF Lenticular Galaxy with Dust Ring,H,,NO UPDATE (specific system / framework application),,,
791,PAPER_791_M57_Ring_Nebula_Three_UQFF.md,M57 Ring Nebula — Three-UQFF Planetary Nebula Archetype,H,,NO UPDATE (specific system / framework application),,,
792,PAPER_792_LMC_Large_Magellanic_Cloud_Three_UQFF.md,Large Magellanic Cloud — Three-UQFF Irregular Satellite Galaxy,H,,NO UPDATE (specific system / framework application),,,
793,PAPER_793_ESO510_G13_Warped_Spiral_Three_UQFF.md,ESO 510-G13 — Three-UQFF Warped Spiral Galaxy,H,,NO UPDATE (specific system / framework application),,,
794,PAPER_794_NGC2525_SN2018gv_Barred_Spiral_UQFF.md,NGC 2525 --- Barred Spiral with Type Ia Supernova SN 2018gv,H,,NO UPDATE (specific system / framework application),,,
795,PAPER_795_NGC3603_Extreme_Star_Cluster_UQFF.md,NGC 3603 — Extreme Star Cluster with UQFF Stellar Wind Pressure Reduction,H,,NO UPDATE (specific system / framework application),,,
796,PAPER_796_NGC1275_Perseus_AGN_Filamentary_UQFF.md,NGC 1275 — Perseus Cluster BCG with AGN Jet Feedback and Filamentary Gas,H,,NO UPDATE (specific system / framework application),,,
797,PAPER_797_NGC1792_Stellar_Forge_Starburst_UQFF.md,NGC 1792 — \,H,,NO UPDATE (specific system / framework application),,,
798,PAPER_798_AFGL5180_Massive_SFR_Three_UQFF.md,AFGL 5180 --- Massive Star Formation Region with Triadic UQFF,H,,NO UPDATE (specific system / framework application),,,
799,PAPER_799_NGC2174_Monkey_Head_Nebula_Three_UQFF.md,NGC 2174 — Monkey Head Nebula with Three-UQFF Triadic Analysis,H,,NO UPDATE (specific system / framework application),,,
800,PAPER_800_NGC685_Barred_Spiral_Three_UQFF.md,NGC 685 — Barred Spiral with SMBH M–\sigma Triadic UQFF,H,,NO UPDATE (specific system / framework application),,,
801,PAPER_801_NGC3507_Spiral_Three_UQFF.md,NGC 3507 — Barred Spiral with Triadic UQFF and M–\sigma Analysis,H,,NO UPDATE (specific system / framework application),,,
802,PAPER_802_NGC3511_Spiral_Crater_Three_UQFF.md,NGC 3511 — Spiral Galaxy in Crater with Triadic UQFF,H,,NO UPDATE (specific system / framework application),,,
803,PAPER_803_NGC3596_Gas_Nebula_Spiral_Three_UQFF.md,NGC 3596 --- Gas Nebula Spiral with Boyle's Law Buoyancy Triadic UQFF,H,,NO UPDATE (specific system / framework application),,,
804,PAPER_804_NGC1961_Spiral_Three_UQFF.md,NGC 1961 — Large Spiral Galaxy with High-Redshift Triadic UQFF,H,,NO UPDATE (specific system / framework application),,,
805,PAPER_805_NGC5335_Spiral_Three_UQFF.md,NGC 5335 — Spiral Galaxy with Triadic UQFF and CGM Metal Calibration,H,,NO UPDATE (specific system / framework application),,,
806,PAPER_806_DPM_Species_Index_ACP_UQFF.md,DPM Species Index and Atomic Creation Process (ACP) — UQFF Framework,F,_Index_,"Update tables; add P6-P14, CP4 #254-#264, ref PAPER_1167/1170/1174",,,
807,PAPER_807_CGM_Metal_Retention_UQFF_Theorem.md,"UQFF Derivation of the CGM Metal Retention Coefficient f_Z,CGM --- The Scatter Matters",H,,NO UPDATE (specific system / framework application),,,
808,PAPER_808_ACP_Universal_Cycle_Notes_Physics.md,UQFF Universal Cycle and Proto-Nuclear Formation --- Formalization from Handwritten ACP,H,,NO UPDATE (specific system / framework application),,,
809,PAPER_809_NGC3603_Clean_UQFF_Streamlined_Gravity.md,NGC 3603 Extreme Star Cluster — Clean UQFF Gravity Equation (Streamlined),H,,NO UPDATE (specific system / framework application),,,
810,PAPER_810_BubbleNebula_NGC7635_Clean_UQFF_StellarWind.md,Bubble Nebula NGC 7635 — Clean UQFF Stellar Wind Gravity Equation,H,,NO UPDATE (specific system / framework application),,,
811,PAPER_811_Antennae_Galaxies_NGC4038_4039_Clean_UQFF_Merger.md,Antennae Galaxies NGC 4038/4039 — Clean UQFF Galaxy Merger Gravity Equation,H,,NO UPDATE (specific system / framework application),,,
812,PAPER_812_ACP_Dynamic_Qwave_THz_Hole_UBmi_Belly_Button_UQFF.md,"ACP Dynamic Q-waves, THz PI Hole, and UB_mi \",H,,NO UPDATE (specific system / framework application),,,
813,PAPER_813_NASA_Magnetic_Buoyancy_Thorium_Aether_Vortex_Bi_Field_UQFF.md,"NASA Magnetic Buoyancy, Thorium, Aether-Vortex, and Bi-Field UQFF",H,,NO UPDATE (specific system / framework application),,,
814,PAPER_814_Quadriadic_UQFF_NANOGrav_15yr_AGN_SMBH_Coevolution.md,Quadriadic UQFF Framework — NANOGrav-15yr + AGN SMBH Co-evolution,H,,NO UPDATE (specific system / framework application),,,
815,PAPER_815_VDF_GSMF_SMBH_Mass_Function_Velocity_Dispersion_UQFF.md,VDF vs GSMF SMBH Mass Function Proxy + M•-\sigma Relation UQFF,H,,NO UPDATE (specific system / framework application),,,
816,PAPER_816_EHT_ngEHT_BHEX_New_SMBH_Population_Photon_Ring_UQFF.md,"EHT, ngEHT, and BHEX New SMBH Population Photon Ring UQFF",H,,NO UPDATE (specific system / framework application),,,
817,PAPER_817_GRMHD_Binary_BH_Merger_Accretion_Modulation_UQFF.md,GRMHD Binary BH Merger Accretion Modulation UQFF,H,,NO UPDATE (specific system / framework application),,,
818,PAPER_818_GRMHD_3D_BH_ISCO_Stress_Accretion_Efficiency_UQFF.md,"GRMHD 3D BH ISCO Stress, Accretion Efficiency \eta_MHD, and Spin Limit UQFF",H,,NO UPDATE (specific system / framework application),,,
819,PAPER_819_GRMHD_NS_Merger_Disk_GW170817_Extended_Kilonova_UQFF.md,GRMHD NS Merger Disk + GW170817 Extended Kilonova UQFF,H,,NO UPDATE (specific system / framework application),,,
820,PAPER_820_Neutrino_Cooled_Accretion_Disk_Dynamo_Cycle_UQFF.md,3D Neutrino-Cooled Accretion Disk Dynamo Cycle UQFF,H,,NO UPDATE (specific system / framework application),,,
821,PAPER_821_RIAF_CRP_IceCube_Neutrino_Background_LLAGN_UQFF.md,"RIAF CRP, IceCube Neutrino Background, and LLAGN Fokker-Planck UQFF",H,,NO UPDATE (specific system / framework application),,,
822,PAPER_822_Quantum_Open_Energy_Integral_Proto_Shell_ACP_UQFF.md,"Quantum Open-Energy Integral, Proto-Shell ACP, and Strong Force Vacuum UQFF",H,,NO UPDATE (specific system / framework application),,,
823,PAPER_823_UQFF_Compression_Cycle2_Derivation_Method.md,UQFF Compression Cycle 2 — Derivation Methodology and F_env(t) 15-Subterm Formalization,H,,NO UPDATE (specific system / framework application),,,
824,PAPER_824_Spirals_Supernovae_Tspiral_SNterm_UQFF.md,Spirals & Supernovae — T_spiral Angular Momentum Torque and SN_term Feedback in UQFF,H,,NO UPDATE (specific system / framework application),,,
825,PAPER_825_NGC6302_Bipolar_Wshock_YoungStars_Poutflow_UQFF.md,NGC 6302 Bipolar Wind-Shock W_shock and Young Stars P_outflow in UQFF,H,,NO UPDATE (specific system / framework application),,,
826,PAPER_826_Gravity_Since_BigBang_QG_DM_GW_Terms_UQFF.md,"Gravity Since the Big Bang — QG_term, DM_term, and GW_term in UQFF Cosmic Evolution",A,BigBang,Add closing section: v5.78 27-decade vacuum ledger (PAPER_1170) + xi=13/3,,,
827,PAPER_827_Wstellar_Pterm_Orion_Eagle_HydrogenAtom_UQFF.md,W_stellar Stellar Wind Pressure and P_term Atomic Pressure Correction in UQFF,H,,NO UPDATE (specific system / framework application),,,
828,PAPER_828_Aether_Resistance_Full_UQFF_FAether_kAether_dstop.md,"Aether Resistance UQFF — Full Formalism: F_Aether, k_Aether, d_stop and Extended Integral",H,,NO UPDATE (specific system / framework application),,,
829,PAPER_829_Aether_Ion_Concentration_nions_Cosmic_F_ion_evo_UQFF.md,"Aether Ion Concentration UQFF — n_ions per ft3, Cosmic Ion Evolution, and Relativistic Ion",H,,NO UPDATE (specific system / framework application),,,
830,PAPER_830_Hydrogen_Experiment1_D2O_Ethanol_Graphene_Fuel_n_isotope_UQFF.md,"Hydrogen Experiment #1 and Ethanol Experiment #1 — D₂O Production, Isotopic Evolution, and",H,,NO UPDATE (specific system / framework application),,,
831,PAPER_831_New10Systems_F_rel_im_BSM_Imaginary_UQFF.md,"New 10-System Astronomical Batch and F_rel,im Imaginary BSM Relativistic Force --- UQFF",H,,NO UPDATE (specific system / framework application),,,
832,PAPER_832_Ub_Model_Kepler_OrreryV_Exoplanetary_UQFF.md,U_b Model: Kepler Orrery V Exoplanetary UQFF Extension,H,,NO UPDATE (specific system / framework application),,,
833,PAPER_833_Universal_Gravity_Equation_Catalog_All29_UQFF_Systems.md,Universal Gravity Equation Catalog: Complete Raw Equations for All 29 UQFF Systems (Docs,F,_Catalog_,"Update tables; add P6-P14, CP4 #254-#264, ref PAPER_1167/1170/1174",,,
834,PAPER_834_Fgal_Galactic_DarkMatter_NFW_Coupling_UQFF.md,F_gal: Galactic Dark Matter Coupling via NFW Profile in UQFF,H,,NO UPDATE (specific system / framework application),,,
835,PAPER_835_ColmanGillespie_LENR_Field_Generator_UQFF.md,Colman-Gillespie LENR Field Generator UQFF Analysis,I,LENR_,NO UPDATE unless ledger/xi enters; verify only,,,
836,PAPER_836_Chandra_35System_UQFF_Survey_NegativeBuoyancy.md,Chandra 35-System UQFF Survey — Negative Buoyancy Discovery,H,,NO UPDATE (specific system / framework application),,,
837,PAPER_837_Fquark_Fneutrino_FALP_Fdark_ArXiv_Bridge_UQFF.md,F_quark + F_neutrino + F_ALP + F_dark — arXiv Bridge to UQFF,H,,NO UPDATE (specific system / framework application),,,
838,PAPER_838_Chandra_SNR_Nebula_UQFF_Batch2.md,"Chandra SNR/Nebula UQFF Survey Batch 2 — Vela, Tycho, Helix, SNR 1181, Cas A",H,,NO UPDATE (specific system / framework application),,,
839,PAPER_839_ADD_Large_Extra_Dimensions_FLED_UQFF.md,ADD Large Extra Dimensions — F_LED Integration into UQFF,D,Extra_Dimension,Forward-pointer to PAPER_1171/1172 (xi=13/3 R26+KK lock) + PAPER_1173,,,
840,PAPER_840_Kozima_LENR_Neutron_Drop_Fneutron_UQFF.md,Kozima LENR Neutron Drop Model --- F_neutron Integration into UQFF,I,LENR_,NO UPDATE unless ledger/xi enters; verify only,,,
841,PAPER_841_UQFF_Millennium_Prize_Applications.md,UQFF Contributions to Millennium Prize Equations and Practical Applications,G,Millennium,Verify v5.78 closed-Lagrangian/ledger cross-ref present (Sess 225 baseline),,,
842,PAPER_842_Floyd_Sweet_VTA_6Document_PCVT_Motional_Efield.md,Floyd Sweet VTA 6-Document PCVT and Motional E-field UQFF Analysis,H,,NO UPDATE (specific system / framework application),,,
843,PAPER_843_Chandra_Batch1_GC_Eagle_HBC672_NGC7469_Virgo.md,"Chandra X-ray Batch 1 — Galactic Center, Eagle Nebula, HBC 672, NGC 7469, Virgo Cluster UQFF",H,,NO UPDATE (specific system / framework application),,,
844,PAPER_844_Chandra_25th_Anniversary_Crab_Orion_NGC6334.md,"Chandra 25th Anniversary — 25 Images, Crab Nebula, Orion Nebula, NGC 4438/4435, NGC 6334",H,,NO UPDATE (specific system / framework application),,,
845,PAPER_845_Chandra_Survey_MACSJ0416_3C58_Exo_SMBH_Westerlund1.md,"Chandra Survey — MACS J0416 Gravitational Lensing, 3C 58, Exoplanet, SMBH, Westerlund 1",H,,NO UPDATE (specific system / framework application),,,
846,PAPER_846_Chandra_DeathStar_16SMBH_GCVent_Timelapse.md,"Chandra Death Star BHs — 16 SMBH Composite, Abell 478, NGC 5044, GC Vent, Cas A + Crab",H,,NO UPDATE (specific system / framework application),,,
847,PAPER_847_SNR_Nebulae_DeepSearch_Vela_Tycho_Helix_SNR1181_NGC6543.md,"SNR/Nebula DeepSearch — Cas A, Crab, Vela Pulsar, Tycho, Helix, SNR 1181, NGC 6543",H,,NO UPDATE (specific system / framework application),,,
848,PAPER_848_Sonification_H1821_IC443_M74_MSH1552_SDSSJ1531_SgrA.md,"Chandra Sonification Collection — SNR 1181, H1821+643, IC 443, M74, MSH 15-52, SDSS J1531,",H,,NO UPDATE (specific system / framework application),,,
849,PAPER_849_ArXiv_24Paper_BSM_Landscape_Fquark_Fneutrino_FALP_Fdark.md,"Integrated 24-Paper arXiv BSM Landscape — F_quark, F_neutrino, F_ALP, F_dark UQFF Bridge",H,,NO UPDATE (specific system / framework application),,,
850,PAPER_850_ADD_Graviton_Leakage_Negative_Buoyancy_SgrA.md,ADD Extra Dimensions Extended — Graviton Leakage and Negative Buoyancy at Sgr A*,H,,NO UPDATE (specific system / framework application),,,
851,PAPER_851_Kozima_Neutron_Drop_Density_Scaled_8System_PSRJ0030.md,Kozima LENR Neutron Drop — Density-Scaled 8-System Batch with PSR J0030+0451,I,Kozima,NO UPDATE unless ledger/xi enters; verify only,,,
852,PAPER_852_LENR_Next_Steps_Experimental_Design_PSRJ0030.md,"LENR Next Steps Experimental Design — Replication, Sgr A* Investigation, PSR J0030+0451",I,LENR_,NO UPDATE unless ledger/xi enters; verify only,,,
853,PAPER_853_Solfeggio_Frequency_Pi_Encoding_Resonance_UQFF_Triadic.md,Solfeggio Frequency Pi-Digit Encoding Resonance Framework — UQFF Triadic Bridge,H,,NO UPDATE (specific system / framework application),,,
854,PAPER_854_LENR_Keta_3Environment_DeltaK_Buoyancy.md,LENR Neutron Production k_eta Calibration Across Three Environments with Delta-k Buoyancy,I,LENR_,NO UPDATE unless ledger/xi enters; verify only,,,
855,PAPER_855_PseudoMonopole_26State_Vacuum_Density.md,Pseudo-Monopole 26-State Vacuum Density Progression,H,,NO UPDATE (specific system / framework application),,,
856,PAPER_856_Higgs_UH_Vacuum_Excitation_KHiggs.md,Higgs Field UH Vacuum Excitation via UQFF Pseudo-Monopole Density,H,,NO UPDATE (specific system / framework application),,,
857,PAPER_857_NGC346_Ug3_StarFormation_Temp_Vrad.md,NGC 346 Ug3 Star Formation Temperature and Radial Velocity,H,,NO UPDATE (specific system / framework application),,,
858,PAPER_858_Westerlund2_Quadriadic_RealImaginary.md,Westerlund 2 Quadriadic UQFF Four-Set Simultaneous Real and Imaginary Solutions,H,,NO UPDATE (specific system / framework application),,,
859,PAPER_859_MicroPlasmoid_25um_LENR_BuoyancyReversal.md,Micro-Plasmoid 25.4 Micrometer LENR Glass Reactor Buoyancy Reversal Dynamics,I,LENR_,NO UPDATE unless ledger/xi enters; verify only,,,
860,PAPER_860_Neutrino_Energy_UQFF_Vacuum_Ratio.md,Neutrino Energy from UQFF Vacuum Density Ratio,H,,NO UPDATE (specific system / framework application),,,
861,PAPER_861_KeplerOrreryV_35Frame_Iterative_Ub.md,Kepler Orrery V 35-Frame Iterative U_b Model Refinement,H,,NO UPDATE (specific system / framework application),,,
862,PAPER_862_Universal_Magnetism_Um_Master_Equation.md,Universal Magnetism U_m Fourth Master UQFF Equation,H,,NO UPDATE (specific system / framework application),,,
863,PAPER_863_Water_Reactor_Birkeland_H2_Electrolysis_Efficiency.md,Water Reactor Birkeland-Current H₂/O₂ Electrolysis Efficiency,H,,NO UPDATE (specific system / framework application),,,
864,PAPER_864_LRC_PseudoMonopole_SparkGap_Resonance.md,LRC Circuit Pseudo-Monopole Spark-Gap Resonance (1/r Decay),H,,NO UPDATE (specific system / framework application),,,
865,PAPER_865_FieldGenerator_Spooky_NonLocal_TempDrop.md,Field Generator Spooky Non-Local Effect with Temperature Drop,H,,NO UPDATE (specific system / framework application),,,
866,PAPER_866_DCEACE_Reversal_NdFeB_Caduceus_Motor.md,DCE/ACE Reversing Generator — NdFeB + Caduceus Coil + Drone Motor,H,,NO UPDATE (specific system / framework application),,,
867,PAPER_867_Mosquito_BioThermal_Efficiency_Benchmark.md,Mosquito Bio-Thermal Efficiency Benchmark for Energy Systems,H,,NO UPDATE (specific system / framework application),,,
868,PAPER_868_Topoconductor_Quantum_Cooling_Comparison.md,Topoconductor Quantum Computing Cooling Efficiency Comparison,H,,NO UPDATE (specific system / framework application),,,
869,PAPER_869_MilkyWay_82Day_StarTracking_UFT_Analysis.md,Milky Way 82-Day Star Position Tracking UFT Analysis,H,,NO UPDATE (specific system / framework application),,,
870,PAPER_870_DPM_Extended_Periodic_Table_Proportion.md,DPM Extended Periodic Table Proportion Mapping,I,Periodic_Table,NO UPDATE unless ledger/xi enters; verify only,,,
871,PAPER_871_Universal_Speed_Range_Photon_Deceleration.md,Universal Speed Range c26\cdoti-26 and Cosmic Photon Deceleration,H,,NO UPDATE (specific system / framework application),,,
872,PAPER_872_ProtoIronProtoSiliconNuclearIdentityCalc.md,UQFF Analysis,H,,NO UPDATE (specific system / framework application),,,
873,PAPER_873_Ug1DPMGeophysicalGeometrySummationCalc.md,UQFF Analysis,H,,NO UPDATE (specific system / framework application),,,
874,PAPER_874_Ug3ElectronTaggingTHzCirculationCalc.md,UQFF Analysis,H,,NO UPDATE (specific system / framework application),,,
875,PAPER_875_SMMagSurfaceConductionFragmentAssemblyCalc.md,UQFF Analysis,H,,NO UPDATE (specific system / framework application),,,
876,PAPER_876_DPMCoherentConsciousnessSpookyActionCalc.md,UQFF Analysis,H,,NO UPDATE (specific system / framework application),,,
877,PAPER_877_Three_Assumption_UQFF_Cosmogenesis.md,Three-Assumption UQFF Cosmogenesis Master Equation,A,Cosmogenesis,Add closing section: v5.78 27-decade vacuum ledger (PAPER_1170) + xi=13/3,,,
878,PAPER_878_SCm_Gaussian_Activation_BField_Suppression.md,SCm Gaussian Activation B-Field Suppression,H,,NO UPDATE (specific system / framework application),,,
879,PAPER_879_Buoyancy_Klein_Gordon_Scalar_Field_EOM.md,Buoyancy Klein-Gordon Scalar Field EOM,H,,NO UPDATE (specific system / framework application),,,
880,PAPER_880_Positive_Et_Buoyancy_Expansion_Master.md,Positive E(t) Buoyancy Expansion Master,H,,NO UPDATE (specific system / framework application),,,
881,PAPER_881_Kozima_Expansion_Neutron_Drop_Coupling.md,Kozima Expansion Neutron Drop Coupling,I,Kozima,NO UPDATE unless ledger/xi enters; verify only,,,
882,PAPER_882_Expansion_Lagrangian_Euler_Lagrange.md,Expansion Lagrangian Euler-Lagrange,B,Expansion_Lagrangian,Add v5.78 closed-Lagrangian cross-ref (PAPER_1159-1167 G1-G8) + CP4 #254,,,
883,PAPER_883_Negative_Et_Buoyancy_Erosion_Master.md,Negative E(t) Buoyancy Erosion Master,H,,NO UPDATE (specific system / framework application),,,
884,PAPER_884_Net_Energy_Eplus_Eminus_Evolution.md,Net Energy E⁺/E- Evolution,H,,NO UPDATE (specific system / framework application),,,
885,PAPER_885_GW_Damping_Erosion_66_Percent.md,GW Damping Erosion 66%,H,,NO UPDATE (specific system / framework application),,,
886,PAPER_886_Erosion_Lagrangian_Euler_Lagrange.md,Erosion Lagrangian Euler-Lagrange,B,Euler_Lagrange,Add v5.78 closed-Lagrangian cross-ref (PAPER_1159-1167 G1-G8) + CP4 #254,,,
887,PAPER_887_UQFF_Vs_String_Theory_10_Aspect_Comparison.md,UQFF Vs String Theory 10-Aspect Comparison,H,,NO UPDATE (specific system / framework application),,,
888,PAPER_888_Et_Full_Lagrangian_Unified_Derivation.md,E(t) Full Lagrangian Unified Derivation,B,Lagrangian_Unified,Add v5.78 closed-Lagrangian cross-ref (PAPER_1159-1167 G1-G8) + CP4 #254,,,
889,PAPER_889_Et_Vs_LambdaCDM_Dark_Energy_Contrast.md,E(t) Vs \LambdaCDM Dark Energy Contrast,A,LambdaCDM,Add closing section: v5.78 27-decade vacuum ledger (PAPER_1170) + xi=13/3,,,
890,PAPER_890_SCm_Vacuum_Density_Evolution.md,SCm Vacuum Density Evolution,A,Vacuum_Density_Evolution,Add closing section: v5.78 27-decade vacuum ledger (PAPER_1170) + xi=13/3,,,
891,PAPER_891_SCm_Net_Energy_Buoyancy_Regime.md,SCm Net Energy Buoyancy Regime,H,,NO UPDATE (specific system / framework application),,,
892,PAPER_892_SCm_Kozima_Phonon_Resonance_Coupling.md,SCm Kozima Phonon Resonance Coupling,I,Kozima,NO UPDATE unless ledger/xi enters; verify only,,,
893,PAPER_893_SCm_Phonon_Modulated_Energy_Phi.md,SCm Phonon Modulated Energy \Phi,H,,NO UPDATE (specific system / framework application),,,
894,PAPER_894_SCm_Et_Lagrangian_Variation.md,SCm E(t) Lagrangian Variation,H,,NO UPDATE (specific system / framework application),,,
895,PAPER_895_Et_Vs_Quintessence_Scalar_Field_Contrast.md,E(t) Vs Quintessence Scalar Field Contrast,A,Quintessence,Add closing section: v5.78 27-decade vacuum ledger (PAPER_1170) + xi=13/3,,,
896,PAPER_896_Phonon_Modulation_Factor_125THz_Gaussian.md,Phonon Modulation Factor 1.25THz Gaussian,H,,NO UPDATE (specific system / framework application),,,
897,PAPER_897_Phonon_Modulated_Energy_Enet_Phonon.md,Phonon Modulated Energy E_net Phonon,H,,NO UPDATE (specific system / framework application),,,
898,PAPER_898_Phonon_Lagrangian_Phi_S26_Derivation.md,Phonon Lagrangian \Phi\cdotS₂₆ Derivation,H,,NO UPDATE (specific system / framework application),,,
899,PAPER_899_Buoyancy_Reversal_Sign_Flip_Resonance.md,Buoyancy Reversal Sign Flip Resonance,H,,NO UPDATE (specific system / framework application),,,
900,PAPER_900_Et_Vs_KEssence_Scherrer_Model_Contrast.md,E(t) Vs K-Essence Scherrer Model Contrast,H,,NO UPDATE (specific system / framework application),,,
901,PAPER_901_Phonon_Modified_Christoffel_Geodesic_Equation.md,Phonon-Modified Christoffel Geodesic Equation,H,,NO UPDATE (specific system / framework application),,,
902,PAPER_902_Master_Stellar_Wind_Phonon_Et_Equation.md,Master UQFF Stellar-Wind Equation (Phonon + E(t)),H,,NO UPDATE (specific system / framework application),,,
903,PAPER_903_Rosette_Nebula_NGC2237_UQFF.md,Rosette Nebula NGC 2237 UQFF Prediction,H,,NO UPDATE (specific system / framework application),,,
904,PAPER_904_Nebula_Observation_Comparison_UQFF.md,Nebula Observation Comparison --- UQFF vs JWST/Chandra/Hubble/ALMA,H,,NO UPDATE (specific system / framework application),,,
905,PAPER_905_Phonon_Ergosphere_Superradiance.md,Phonon-Ergosphere Superradiance: SCm Amplification at BH Horizons,H,,NO UPDATE (specific system / framework application),,,
906,PAPER_906_Phonon_QPO_Accretion_Disk_Coupling.md,Phonon-QPO Accretion Disk Coupling at 1.25 THz,H,,NO UPDATE (specific system / framework application),,,
907,PAPER_907_Stellar_Wind_Buoyancy_Lagrangian_Variation.md,Stellar-Wind Buoyancy-Sector Lagrangian Variation,H,,NO UPDATE (specific system / framework application),,,
908,PAPER_908_Phonon_Jet_Launching_M87_SgrA.md,Phonon-Driven Jet Launching: M87 and Sgr A*,H,,NO UPDATE (specific system / framework application),,,
909,PAPER_909_Phonon_Modulated_Hawking_Temperature.md,Phonon-Modulated Hawking Temperature,H,,NO UPDATE (specific system / framework application),,,
910,PAPER_910_Numerical_BH_Jet_Modulation_Factor.md,Numerical BH Jet Modulation Factor M_jet(Gamma),H,,NO UPDATE (specific system / framework application),,,
911,PAPER_911_Jet_Collimation_Linewidth_Gamma.md,Jet Collimation vs Phonon Linewidth Gamma,H,,NO UPDATE (specific system / framework application),,,
912,PAPER_912_Phonon_NS_Spin_Down_Magnetic_Dipole.md,Phonon-Corrected NS Spin-Down Magnetic Dipole,H,,NO UPDATE (specific system / framework application),,,
913,PAPER_913_Magnetar_Spin_Down_Phonon_Timescale.md,Magnetar Spin-Down Phonon Timescale,H,,NO UPDATE (specific system / framework application),,,
914,PAPER_914_Tidal_Deformability_Phonon_Correction.md,Tidal Deformability Phonon Correction,H,,NO UPDATE (specific system / framework application),,,
915,PAPER_915_GW170817_Phonon_Strain_Damping.md,GW170817 Phonon Strain Damping and Phase Lag,H,,NO UPDATE (specific system / framework application),,,
916,PAPER_916_GW190425_Mass_Gap_Phonon_Suppression.md,GW190425 Mass-Gap Phonon Suppression,H,,NO UPDATE (specific system / framework application),,,
917,PAPER_917_Exponential_Strain_Phonon_Evolution.md,Exponential Strain Phonon Time-Evolution for GW170817,H,,NO UPDATE (specific system / framework application),,,
918,PAPER_918_Matched_Filter_SNR_Phonon_Damping.md,Matched-Filter SNR with Phonon Strain Damping,H,,NO UPDATE (specific system / framework application),,,
919,PAPER_919_SgrA_Flare_Contrast_Phonon_Gamma.md,Sgr A* Flare Contrast Ratio vs Phonon Linewidth,H,,NO UPDATE (specific system / framework application),,,
920,PAPER_920_Monte_Carlo_Jet_Power_Sampling.md,Monte Carlo Jet Power Sampling (10^6 Geodesics),H,,NO UPDATE (specific system / framework application),,,
921,PAPER_921_Inspiral_Phase_Lag_Phonon_Integral.md,Cumulative Inspiral Phase Lag with Phonon Integral,H,,NO UPDATE (specific system / framework application),,,
922,PAPER_922_M87_Jet_Power_Curve_Gamma_Match.md,M87 Jet Power Curve P_jet(Gamma) with Observational Matching,H,,NO UPDATE (specific system / framework application),,,
923,PAPER_923_SCm_Phonon_Resonance_Acceleration.md,SCm Phonon Resonance Acceleration a_res,H,,NO UPDATE (specific system / framework application),,,
924,PAPER_924_BH_Phonon_Ergosphere_Superradiance.md,Black Hole Phonon Ergosphere Superradiance,H,,NO UPDATE (specific system / framework application),,,
925,PAPER_925_Quasar_Jet_Phonon_Modulation.md,Quasar Jet Phonon Modulation Factor M_jet(Gamma),H,,NO UPDATE (specific system / framework application),,,
926,PAPER_926_Multi_AGN_Monte_Carlo_Jet_Power.md,Multi-AGN Monte Carlo Jet Power Batch,H,,NO UPDATE (specific system / framework application),,,
927,PAPER_927_GW190425_Phonon_Suppressed_Strain.md,GW190425 Phonon-Suppressed Gravitational Wave Strain,H,,NO UPDATE (specific system / framework application),,,
928,PAPER_928_GW190425_Wavelength_Phonon_Correction.md,GW190425 Wavelength Phonon Correction,H,,NO UPDATE (specific system / framework application),,,
929,PAPER_929_NS_Phonon_Spindown_Correction.md,Neutron Star Phonon Spindown Correction,H,,NO UPDATE (specific system / framework application),,,
930,PAPER_930_Production_Scaling_V7_Benchmark.md,Production Scaling v7 Benchmark (300k calc/s),H,,NO UPDATE (specific system / framework application),,,
931,PAPER_931_SCm_Phonon_Linewidth_Enet_Evolution.md,SCm Phonon Linewidth E_net Evolution,H,,NO UPDATE (specific system / framework application),,,
932,PAPER_932_Blazar_Ergosphere_Phonon_Resonance.md,Blazar Ergosphere Phonon Resonance,H,,NO UPDATE (specific system / framework application),,,
933,PAPER_933_Extended_AGN_Three_Point_Jet_Power_Curves.md,Extended AGN Three-Point Jet Power Curves,H,,NO UPDATE (specific system / framework application),,,
934,PAPER_934_GW170817_Phonon_Suppressed_Strain.md,GW170817 Phonon-Suppressed Strain,H,,NO UPDATE (specific system / framework application),,,
935,PAPER_935_GW170817_Tidal_Deformability_Phonon_Correction.md,GW170817 Tidal Deformability Phonon Correction,H,,NO UPDATE (specific system / framework application),,,
936,PAPER_936_GW170817_Inspiral_Phase_Lag.md,GW170817 Inspiral Phase Lag,H,,NO UPDATE (specific system / framework application),,,
937,PAPER_937_Blazar_Multi_Messenger_Phonon_Correlation.md,Blazar Multi-Messenger Phonon Correlation,H,,NO UPDATE (specific system / framework application),,,
938,PAPER_938_Production_Scaling_V8_Benchmark.md,Production Scaling V8 Benchmark (350k calc/s),H,,NO UPDATE (specific system / framework application),,,
939,PAPER_939_Centaurus_A_Jet_Power_Curves.md,Centaurus A Jet Power Curves,H,,NO UPDATE (specific system / framework application),,,
940,PAPER_940_TXS_0506_Jet_Power_Curves.md,TXS 0506+056 Jet Power Curves,H,,NO UPDATE (specific system / framework application),,,
941,PAPER_941_Linewidth_Jet_Modulation_Engine.md,Linewidth Jet Modulation Engine,H,,NO UPDATE (specific system / framework application),,,
942,PAPER_942_Collimation_Power_Mapping.md,Collimation-Power Mapping,H,,NO UPDATE (specific system / framework application),,,
943,PAPER_943_SMBH_Binary_Merger_Phonon.md,SMBH Binary Merger Phonon Modulation,H,,NO UPDATE (specific system / framework application),,,
944,PAPER_944_Merger_Strain_Damping.md,Merger Strain Damping,H,,NO UPDATE (specific system / framework application),,,
945,PAPER_945_Merger_Phase_Lag.md,Merger Phase Lag,H,,NO UPDATE (specific system / framework application),,,
946,PAPER_946_Merger_Lagrangian_Variation.md,Merger Lagrangian Variation,H,,NO UPDATE (specific system / framework application),,,
947,PAPER_947_GW190425_Mass_Gap_Phonon.md,GW190425 Mass-Gap Phonon Classification,H,,NO UPDATE (specific system / framework application),,,
948,PAPER_948_Production_Scaling_V9_Benchmark.md,Production Scaling V9 Benchmark (400k calc/s),H,,NO UPDATE (specific system / framework application),,,
949,PAPER_949_BCS_Gap_Equation_SCm.md,BCS Gap Equation in SCm Vacuum,H,,NO UPDATE (specific system / framework application),,,
950,PAPER_950_BCS_Critical_Temperature.md,BCS Critical Temperature in SCm Vacuum,H,,NO UPDATE (specific system / framework application),,,
951,PAPER_951_Cooper_Pair_Phonon_Coupling.md,Cooper Pair Phonon Coupling,H,,NO UPDATE (specific system / framework application),,,
952,PAPER_952_26_State_HRes_Spectral_Ladder.md,26-State HRes Spectral Ladder,H,,NO UPDATE (specific system / framework application),,,
953,PAPER_953_Ramanujan_Accelerated_S26.md,Ramanujan-Accelerated S26 Convergence,H,,NO UPDATE (specific system / framework application),,,
954,PAPER_954_Et_Linewidth_Modulation.md,E(t) Linewidth Modulation with Sign-Flip Dynamics,H,,NO UPDATE (specific system / framework application),,,
955,PAPER_955_BCS_Phonon_Resonance.md,BCS Phonon Resonance at \omega_SCm,H,,NO UPDATE (specific system / framework application),,,
956,PAPER_956_Spectral_Ladder_Phonon_Mapping.md,Spectral Ladder Phonon Mapping (26-Level),H,,NO UPDATE (specific system / framework application),,,
957,PAPER_957_Cooper_Pair_Lagrangian.md,Cooper Pair Lagrangian Variational Principle,H,,NO UPDATE (specific system / framework application),,,
958,PAPER_958_Production_Scaling_V10_Benchmark.md,Production Scaling v10 Benchmark (450k calc/s),H,,NO UPDATE (specific system / framework application),,,
959,PAPER_959_26D_Ramanujan_Summation.md,26D Ramanujan Summation Engine,H,,NO UPDATE (specific system / framework application),,,
960,PAPER_960_VDS_Polylog26_Reference.md,VDS Polylogarithm Li_{26} Reference,H,,NO UPDATE (specific system / framework application),,,
961,PAPER_961_Compressed_Gravity_Triadic.md,Compressed Gravity Triadic Mode,H,,NO UPDATE (specific system / framework application),,,
962,PAPER_962_Resonant_Gravity_Triadic.md,Resonant Gravity Triadic Mode,H,,NO UPDATE (specific system / framework application),,,
963,PAPER_963_Buoyancy_Gravity_Triadic.md,Buoyancy Gravity Triadic Mode,H,,NO UPDATE (specific system / framework application),,,
964,PAPER_964_3D_MUGE_Magnetar_Sim.md,3D MUGE Magnetar Simulation,H,,NO UPDATE (specific system / framework application),,,
965,PAPER_965_NS_Phonon_GW190425.md,NS Phonon Effects for GW190425,H,,NO UPDATE (specific system / framework application),,,
966,PAPER_966_Unified_Triadic_Solver.md,Unified Triadic Solver,H,,NO UPDATE (specific system / framework application),,,
967,PAPER_967_NS_Phonon_Tidal_Deformability.md,NS Phonon Tidal Deformability Correction,H,,NO UPDATE (specific system / framework application),,,
968,PAPER_968_Production_Scaling_V11_Benchmark.md,Production Scaling v11 Benchmark (500k calc/s),H,,NO UPDATE (specific system / framework application),,,
969,PAPER_969_Expanded_26D_Ramanujan_Higher_Order.md,Expanded 26D Ramanujan Higher-Order S₂₆^{(k)},H,,NO UPDATE (specific system / framework application),,,
970,PAPER_970_QGP_Vacuum_Density.md,QGP Vacuum Density \rho_QGP(T) via S₂₆^{(k)},H,,NO UPDATE (specific system / framework application),,,
971,PAPER_971_Yang_Mills_Mass_Gap.md,Yang-Mills Mass Gap \Delta_YM(T) via S₂₆^{(k)},G,Yang_Mills,Verify v5.78 closed-Lagrangian/ledger cross-ref present (Sess 225 baseline),,,
972,PAPER_972_ALICE_Centrality_Multiplicity.md,ALICE Centrality Multiplicity via S₂₆^{(k)},H,,NO UPDATE (specific system / framework application),,,
973,PAPER_973_Color_Deconfinement_Phase.md,Color Deconfinement Phase Diagram,H,,NO UPDATE (specific system / framework application),,,
974,PAPER_974_99_System_Master_Equation.md,99-System Compressed Master Equation F_U^{(99)},H,,NO UPDATE (specific system / framework application),,,
975,PAPER_975_Triadic_QGP_Validation.md,Triadic QGP Validation,H,,NO UPDATE (specific system / framework application),,,
976,PAPER_976_MUGE_Galaxy_Cluster_3D.md,3D MUGE Galaxy Cluster Simulation,H,,NO UPDATE (specific system / framework application),,,
977,PAPER_977_Production_Scaling_V12_Benchmark.md,Production Scaling v12 Benchmark (501k calc/s),H,,NO UPDATE (specific system / framework application),,,
978,PAPER_978_QCalcGeom_Vectorized_Pipeline.md,QCalcGeom Fully Vectorized Pipeline,H,,NO UPDATE (specific system / framework application),,,
979,PAPER_979_FUBi_Master_Buoyancy_6Layer.md,Complete 6-Layer F_{U\_Bi\_i} Master Buoyancy Force,H,,NO UPDATE (specific system / framework application),,,
980,PAPER_980_Solar_Surface_Buoyancy_Calibration.md,Solar Surface Buoyancy Calibration,H,,NO UPDATE (specific system / framework application),,,
981,PAPER_981_FUBi_Variational_Derivation.md,F_{U\_Bi\_i} Variational Derivation from Lagrangian Mechanics,H,,NO UPDATE (specific system / framework application),,,
982,PAPER_982_Gamma_Linewidth_Curves.md,Gamma-Dependent Linewidth Curves for F_{U\_Bi\_i},H,,NO UPDATE (specific system / framework application),,,
983,PAPER_983_SCm_First_Axiom_Validation.md,SCm First Axiom Validation — |Ub/Ug| > 0.5 at 25.4 \mum,H,,NO UPDATE (specific system / framework application),,,
984,PAPER_984_99_System_Aggregate_FUBi.md,99-System Aggregate F_{U\_Bi\_i} Computation,H,,NO UPDATE (specific system / framework application),,,
985,PAPER_985_Production_Kernel_FUBi_Complete.md,Production Kernel kernel_{fu\_bi\_i\_complete} — Full 6-Layer Callable,H,,NO UPDATE (specific system / framework application),,,
986,PAPER_986_BCS_Spectral_Ladder_Master_Coupling.md,BCS Spectral Ladder Master Coupling via F_{U\_Bi\_i},H,,NO UPDATE (specific system / framework application),,,
987,PAPER_987_WSTP_FUBi_Symbolic_Export.md,WSTP F_{U\_Bi\_i} Symbolic Export — Wolfram Language Expression #51,H,,NO UPDATE (specific system / framework application),,,
988,PAPER_988_REST_FUBi_Endpoint.md,REST F_{U\_Bi\_i} Endpoint — POST /api/fubi/master,H,,NO UPDATE (specific system / framework application),,,
989,PAPER_989_FUBi_Inside_Out_Mass.md,F_{U\_Bi} Inside-to-Outside Buoyancy Mass Portion,H,,NO UPDATE (specific system / framework application),,,
990,PAPER_990_FUBi_vs_FUBii_Distinction.md,"F_{U\_Bi} vs F_{U\_Bi\_i} Distinction — Direction, Magnitude, Dimensionality",H,,NO UPDATE (specific system / framework application),,,
991,PAPER_991_CenA_AGN_FUBi_Curves.md,Centaurus A AGN F_{U\_Bi\_i} Curves — 7-Point Gamma Sweep with Jet Modulation,H,,NO UPDATE (specific system / framework application),,,
992,PAPER_992_GW190425_NS_Merger_Curves.md,GW190425 NS Merger F_{U\_Bi\_i} Curves — 47% Peak Strain Suppression,H,,NO UPDATE (specific system / framework application),,,
993,PAPER_993_TXS0506_Blazar_Jet_Mod.md,TXS 0506+056 Blazar Jet F_{U\_Bi\_i} Modulation — 3.3x Peak,H,,NO UPDATE (specific system / framework application),,,
994,PAPER_994_Solar_Calibration_147.md,Solar Calibration g_eff Convergence via 26-Layer Buoyancy Correction,H,,NO UPDATE (specific system / framework application),,,
995,PAPER_995_99System_Gamma_Sweep.md,99-System Gamma Sweep Computation — Aggregate F_{U\_Bi\_i} at 7 Linewidths,H,,NO UPDATE (specific system / framework application),,,
996,PAPER_996_WSTP_Gamma_Sweep_Runner.md,WSTP 99-System Gamma Sweep Runner — Wolfram Language Code Generation,H,,NO UPDATE (specific system / framework application),,,
997,PAPER_997_Production_Scaling_V13.md,Production Scaling v13 — 550k calc/s with 20 Benchmark Kernels,H,,NO UPDATE (specific system / framework application),,,
998,PAPER_998_REST_FUBi_GammaSweep.md,REST F_{U\_Bi} Gamma Sweep Endpoints — /api/fubi/inside-outside + /api/fubi/gamma-sweep,H,,NO UPDATE (specific system / framework application),,,
999,PAPER_999_AGN_FUBi_Merger_S26_3rd.md,AGN F_{U\_Bi} Merger with 3rd-Order Ramanujan S26(3),H,,NO UPDATE (specific system / framework application),,,
1000,PAPER_1000_NS_Merger_FUBi_Strain.md,NS Merger F_{U\_Bi} with Strain Suppression and BCS Gap,H,,NO UPDATE (specific system / framework application),,,
1001,PAPER_1001_SMBH_Binary_Merger_FUBi.md,SMBH Binary Merger F_{U\_Bi} with Phonon Damping,H,,NO UPDATE (specific system / framework application),,,
1002,PAPER_1002_AGN_Accretion_Buoyancy.md,AGN Accretion Buoyancy-Corrected Eddington Luminosity,H,,NO UPDATE (specific system / framework application),,,
1003,PAPER_1003_Spectral_Ladder_Merger.md,Spectral Ladder Merger Coupling — 26-State Energy Hierarchy,H,,NO UPDATE (specific system / framework application),,,
1004,PAPER_1004_QGP_Vacuum_Density_SCm.md,QGP Vacuum Density with SCm S₂₆⁽3⁾ Phonon Coupling,H,,NO UPDATE (specific system / framework application),,,
1005,PAPER_1005_YangMills_MassGap_SCm.md,Yang-Mills Mass Gap via SCm BCS Phonon Coupling,G,YangMills,Verify v5.78 closed-Lagrangian/ledger cross-ref present (Sess 225 baseline),,,
1006,PAPER_1006_ALICE_Multiplicity_SCm.md,ALICE Multiplicity SCm Phonon Scaling,H,,NO UPDATE (specific system / framework application),,,
1007,PAPER_1007_Deconfinement_Phase_Diagram.md,Deconfinement Phase Diagram with SCm Phonon Boundary,H,,NO UPDATE (specific system / framework application),,,
1008,PAPER_1008_Production_Scaling_V14.md,Production Scaling v14 — 600k calc/s with 24 Benchmark Kernels,H,,NO UPDATE (specific system / framework application),,,
1009,PAPER_1009_3C273_AGN_FUBi_i_Curves.md,3C273 AGN F_{U\_Bi\_i} Curves — 3.1x Jet Modulation at Gamma = 0.05 THz,H,,NO UPDATE (specific system / framework application),,,
1010,PAPER_1010_TON618_AGN_FUBi_i_Curves.md,TON618 AGN F_{U\_Bi\_i} Curves — 3.8x Jet Modulation at Gamma = 0.05 THz,H,,NO UPDATE (specific system / framework application),,,
1011,PAPER_1011_GW170817_NS_Merger_FUBi_i.md,GW170817 NS Merger F_{U\_Bi\_i} Curves — 66.7% Strain Reduction and 367.8-Cycle Phase Lag,H,,NO UPDATE (specific system / framework application),,,
1012,PAPER_1012_GW190425_Upgraded_FUBi_i.md,GW190425 Upgraded F_{U\_Bi\_i} Curves with S26(3) and Gamma = 0.30 THz,H,,NO UPDATE (specific system / framework application),,,
1013,PAPER_1013_QGP_ALICE_Centrality_FUBi_i.md,QGP ALICE Centrality F_{U\_Bi\_i} Curves — dN/deta Scaling Across 4 Bins,H,,NO UPDATE (specific system / framework application),,,
1014,PAPER_1014_SMBH_Merger_FUBi.md,"SMBH Merger F_{U\_Bi} — Inspiral, Coalescence, and Ringdown Phases",H,,NO UPDATE (specific system / framework application),,,
1015,PAPER_1015_SCm_DM_Halos_NFW.md,"SCm Dark Matter Halos — NFW Profile, Rotation Curve Flattening, and Halo Stabilization",H,,NO UPDATE (specific system / framework application),,,
1016,PAPER_1016_TXS0506_ThreeGamma_Profile.md,TXS 0506+056 Revised 3-Gamma-Point F_{U\_Bi\_i} Profile,H,,NO UPDATE (specific system / framework application),,,
1017,PAPER_1017_99System_WSTP_Gamma_V1.md,Upgraded 99-System WSTP Kernel v1 — 8 Gamma Points with AGN/NS/QGP/SMBH/DM Extensions,H,,NO UPDATE (specific system / framework application),,,
1018,PAPER_1018_Production_Scaling_V15.md,Production Scaling v15 — 650k calc/s with 30 Benchmark Kernels,H,,NO UPDATE (specific system / framework application),,,
1019,PAPER_1019_Dark_Matter_Phonon_Buoyancy.md,Dark Matter Phonon Buoyancy -- SCm Coupling to NFW Halo Dynamics,H,,NO UPDATE (specific system / framework application),,,
1020,PAPER_1020_Cosmic_Ray_Phonon_Acceleration.md,Cosmic Ray Phonon Acceleration -- SCm-Enhanced DSA Spectrum,H,,NO UPDATE (specific system / framework application),,,
1021,PAPER_1021_Pulsar_Timing_Phonon_Residual.md,Pulsar Timing Phonon Residual -- SCm Corrections to TOA,H,,NO UPDATE (specific system / framework application),,,
1022,PAPER_1022_GW_Phonon_Strain_Modifier.md,Gravitational Wave Phonon Strain -- SCm Modulation of h(t),H,,NO UPDATE (specific system / framework application),,,
1023,PAPER_1023_Neutrino_Oscillation_Phonon_Mixing.md,Neutrino Oscillation Phonon Mixing -- PMNS Matrix SCm Corrections,H,,NO UPDATE (specific system / framework application),,,
1024,PAPER_1024_Magnetar_Giant_Flare_Energy.md,Magnetar Giant Flare Energy Budget -- SCm Phonon Reservoir,H,,NO UPDATE (specific system / framework application),,,
1025,PAPER_1025_BH_Shadow_Phonon_Deflection.md,Black Hole Shadow Phonon Deflection -- SCm Photon Ring Correction,H,,NO UPDATE (specific system / framework application),,,
1026,PAPER_1026_Reionization_Bubble_Phonon.md,Reionization Bubble Phonon Dynamics -- SCm-Modified Stromgren Sphere,A,Reionization,Add closing section: v5.78 27-decade vacuum ledger (PAPER_1170) + xi=13/3,,,
1027,PAPER_1027_Tidal_Disruption_Event.md,Tidal Disruption Event Calculator -- SCm Fallback Buoyancy,H,,NO UPDATE (specific system / framework application),,,
1028,PAPER_1028_Cosmic_String_Gravitational_Lens.md,Cosmic String Gravitational Lens -- SCm Deficit Angle Correction,H,,NO UPDATE (specific system / framework application),,,
1029,PAPER_1029_Barocentric_Earth_Orbital_Buoyancy.md,Barocentric Earth Orbital Buoyancy -- Solar System SCm Oscillation,H,,NO UPDATE (specific system / framework application),,,
1030,PAPER_1030_Quantum_Gravity_Minimum_Length.md,Quantum Gravity Minimum Length -- GUP-SCm Bridge,H,,NO UPDATE (specific system / framework application),,,
1031,PAPER_1031_Photon_Sphere_Phonon_Orbital.md,Photon Sphere Phonon Orbital -- SCm-Modified Critical Impact Parameter,H,,NO UPDATE (specific system / framework application),,,
1032,PAPER_1032_ISM_Dust_Grain_Buoyancy.md,ISM Dust Grain Buoyancy -- SCm Force on Interstellar Particles,H,,NO UPDATE (specific system / framework application),,,
1033,PAPER_1033_Galactic_Bar_Resonance.md,Galactic Bar Resonance -- SCm Phonon Pattern Speed Coupling,H,,NO UPDATE (specific system / framework application),,,
1034,PAPER_1034_FRB_Dispersion_Measure_Buoyancy.md,FRB Dispersion Measure Buoyancy -- SCm Correction to DM_cosmic,H,,NO UPDATE (specific system / framework application),,,
1035,PAPER_1035_Kilonova_Buoyancy_Light_Curve.md,Kilonova Buoyancy Light Curve -- r-Process SCm Modulation,H,,NO UPDATE (specific system / framework application),,,
1036,PAPER_1036_Primordial_Nucleosynthesis_Phonon.md,Primordial Nucleosynthesis Phonon -- BBN Reaction Rate SCm Correction,H,,NO UPDATE (specific system / framework application),,,
1037,PAPER_1037_AGN_Buoyancy_Jet.md,AGN Buoyancy Jet Calculator -- General SCm Jet Launching Mechanism,H,,NO UPDATE (specific system / framework application),,,
1038,PAPER_1038_WD_Crystallization_Buoyancy.md,White Dwarf Crystallization Buoyancy -- Latent Heat SCm Release,H,,NO UPDATE (specific system / framework application),,,
1039,PAPER_1039_SCm_Galaxy_Cluster_Buoyancy_Profile.md,SCm Galaxy Cluster Buoyancy Profile -- ICM Beta-Model Phonon Coupling,H,,NO UPDATE (specific system / framework application),,,
1040,PAPER_1040_SCm_Cluster_Merger_Shock_Dissipation.md,SCm Cluster Merger Shock Dissipation -- Mach Number Phonon Damping,H,,NO UPDATE (specific system / framework application),,,
1041,PAPER_1041_SCm_Cool_Core_Buoyancy_Balance.md,SCm Cool-Core Buoyancy Balance -- AGN Feedback Equilibrium,H,,NO UPDATE (specific system / framework application),,,
1042,PAPER_1042_Mock_Theta_Phonon_Partition.md,Mock-Theta Phonon Partition -- Ramanujan q-Series SCm Coupling,H,,NO UPDATE (specific system / framework application),,,
1043,PAPER_1043_FUBii_Multi_System_Buoyancy_Curve.md,F_{U\_Bi\_i} Multi-System Buoyancy Curve Sweep,H,,NO UPDATE (specific system / framework application),,,
1044,PAPER_1044_SCm_Cluster_Thermal_SZ_Effect.md,SCm Cluster Thermal SZ Effect -- Compton-y Phonon Correction,H,,NO UPDATE (specific system / framework application),,,
1045,PAPER_1045_SCm_Cluster_Radio_Relic_Polarization.md,SCm Cluster Radio Relic Polarization -- Shock Mach Phonon Fraction,H,,NO UPDATE (specific system / framework application),,,
1046,PAPER_1046_SCm_Cluster_Lensing_Mass_Phonon.md,SCm Cluster Lensing Mass Phonon Correction -- WL Kappa Map Modification,H,,NO UPDATE (specific system / framework application),,,
1047,PAPER_1047_Type_Iax_Supernova_Buoyancy_Reversal.md,Type Iax Supernova Buoyancy Reversal -- Deflagration SCm Sign Flip,H,,NO UPDATE (specific system / framework application),,,
1048,PAPER_1048_M_Sigma_Phonon_Corrected.md,M-Sigma Phonon-Corrected Relation -- SMBH Mass Power Law SCm Slope,H,,NO UPDATE (specific system / framework application),,,
1049,PAPER_1049_Source10_GPU_DPM_Spectral_Atlas.md,Source10 GPU DPM Spectral Atlas -- 26-State Vectorized ALMA Overlay,H,,NO UPDATE (specific system / framework application),,,
1050,PAPER_1050_MUGE_FUBii_9System_Synthesis.md,MUGE F_{U\_Bi\_i} Unified 9-System Synthesis -- Multiplier Table,H,,NO UPDATE (specific system / framework application),,,
1051,PAPER_1051_Universal_Duality_SCm_UA_Theorem.md,Universal Duality SCm-UA Synthesis Theorem -- Sign(E_net) Classification,H,,NO UPDATE (specific system / framework application),,,
1052,PAPER_1052_TQFT_Anyon_Braiding_ChernSimons.md,TQFT Anyon Braiding -- Chern-Simons Topological Phase SCm Coupling,H,,NO UPDATE (specific system / framework application),,,
1053,PAPER_1053_Swampland_Conjecture_SCm.md,Swampland Conjecture SCm Bridge -- WGC/dS Distance Phonon Constraints,H,,NO UPDATE (specific system / framework application),,,
1054,PAPER_1054_SUSY_Breaking_Soft_Terms.md,SUSY Breaking Soft Terms -- SCm Phonon Mediation of Soft Masses,H,,NO UPDATE (specific system / framework application),,,
1055,PAPER_1055_cMERA_Entanglement_RG.md,cMERA Entanglement RG -- Holographic SCm Phonon Renormalization,H,,NO UPDATE (specific system / framework application),,,
1056,PAPER_1056_QEC_Topological_Codes_SCm.md,Quantum Error Correction Topo Codes -- SCm Phonon Error Rate,H,,NO UPDATE (specific system / framework application),,,
1057,PAPER_1057_NCG_Matrix_Model_SCm.md,Non-Commutative Geometry Matrix Model -- SCm Spectral Triple Coupling,H,,NO UPDATE (specific system / framework application),,,
1058,PAPER_1058_LQG_Ashtekar_Area_Spectrum.md,Loop Quantum Gravity -- Ashtekar Area Spectrum SCm Modification,H,,NO UPDATE (specific system / framework application),,,
1059,PAPER_1059_CGC_BK_Saturation_SCm.md,Color Glass Condensate -- BK Saturation SCm Coupling,H,,NO UPDATE (specific system / framework application),,,
1060,PAPER_1060_VDS_LENR_Isotopic_Evolution.md,VDS LENR Isotopic Evolution -- Vacuum Density Transmutation Chain,I,LENR_,NO UPDATE unless ledger/xi enters; verify only,,,
1061,PAPER_1061_Kozima_SCm_Integration.md,Kozima SCm Integration -- Neutron-Drop Model Phonon Enhancement,I,Kozima,NO UPDATE unless ledger/xi enters; verify only,,,
1062,PAPER_1062_Wormhole_Traversability_SCm.md,Wormhole Traversability Calculator -- Morris-Thorne SCm Throat Stability,H,,NO UPDATE (specific system / framework application),,,
1063,PAPER_1063_Higher_Curvature_Gravity_EFT.md,Higher-Curvature Gravity EFT -- Gauss-Bonnet SCm Correction,H,,NO UPDATE (specific system / framework application),,,
1064,PAPER_1064_Resummation_Effective_Coupling.md,Resummation Effective Coupling -- BFKL/Sudakov SCm Phonon,H,,NO UPDATE (specific system / framework application),,,
1065,PAPER_1065_Buoyancy_Lagrangian_EOM.md,Buoyancy Lagrangian EOM -- Variational Derivation of F_{U\_Bi\_i},H,,NO UPDATE (specific system / framework application),,,
1066,PAPER_1066_UQFF_Lagrangian_Derivation.md,UQFF Lagrangian Derivation -- First Principles SCm Field Theory,B,Lagrangian_Derivation,Add v5.78 closed-Lagrangian cross-ref (PAPER_1159-1167 G1-G8) + CP4 #254,,,
1067,PAPER_1067_QCalc_Geometry_Bridge.md,QCalc Geometry Bridge -- Python Solver UQFF Integration,H,,NO UPDATE (specific system / framework application),,,
1068,PAPER_1068_Wolfram_Physics_Bridge.md,Wolfram Physics Bridge -- WSTP Symbolic Export Integration,H,,NO UPDATE (specific system / framework application),,,
1069,PAPER_1069_VDS_DVP_BSH_Hybrid.md,VDS-DVP-BSH Hybrid Calculator -- Three Number Systems Unified,H,,NO UPDATE (specific system / framework application),,,
1070,PAPER_1070_Yang_Mills_Mass_Gap_VDS.md,Yang-Mills Mass Gap VDS Bridge -- Vacuum Density Gap Derivation,G,Yang_Mills,Verify v5.78 closed-Lagrangian/ledger cross-ref present (Sess 225 baseline),,,
1071,PAPER_1071_JWST_Synthesis_UQFF.md,JWST Synthesis Calculator -- Multi-Instrument UQFF Cross-Reference,H,,NO UPDATE (specific system / framework application),,,
1072,PAPER_1072_SCm_Activation_Function.md,SCm Activation Function Calculator -- Phonon Threshold Dynamics,H,,NO UPDATE (specific system / framework application),,,
1073,PAPER_1073_SCm_Inflation_Phonon_Driven.md,SCm Phonon-Driven Inflation -- Replacing the Inflaton with Vacuum Buoyancy,A,Inflation_,Add closing section: v5.78 27-decade vacuum ledger (PAPER_1170) + xi=13/3,,,
1074,PAPER_1074_GPU_DPM_Spectral_Atlas.md,GPU-Vectorized DPM S₂₆⁽³⁾ Spectral Atlas Engine,H,,NO UPDATE (specific system / framework application),,,
1075,PAPER_1075_3D_Volumetric_MUGE_Fields.md,3D Volumetric MUGE Gravitational Field Generator,H,,NO UPDATE (specific system / framework application),,,
1076,PAPER_1076_SCm_Dark_Energy_Gamma_Modulation.md,SCm Dark Energy with Phonon Linewidth \Gamma-Modulation,A,Dark_Energy,Add closing section: v5.78 27-decade vacuum ledger (PAPER_1170) + xi=13/3,,,
1077,PAPER_1077_ALMA_Cycle12_Validation.md,"ALMA Cycle 12 F_{U,Bi,i} Line Profile Validation Framework",H,,NO UPDATE (specific system / framework application),,,
1078,PAPER_1078_QCalcGeom_Master_Equation_Derivation.md,PAPER_1078: QCalcGeom Master Equation Derivation,B,Master_Equation_Derivation,Add v5.78 closed-Lagrangian cross-ref (PAPER_1159-1167 G1-G8) + CP4 #254,,,
1078,PAPER_1078_Solar_Wind_Flux_Partition.md,Solar Wind Mass-Energy Flux Partitioning Budget in the UQFF Heliosphere,H,,NO UPDATE (specific system / framework application),,,
1079,PAPER_1079_Frozen_Planet_Wind_Power.md,Frozen Planet Solar Wind Power -- Direct Kinetic Flux Powering of Outer Solar System Bodies,H,,NO UPDATE (specific system / framework application),,,
1079,PAPER_1079_Galaxy_Cluster_Cooling_Flow_Suppression.md,PAPER_1079: Galaxy Cluster Cooling-Flow Buoyancy Suppression,H,,NO UPDATE (specific system / framework application),,,
1080,PAPER_1080_Ramanujan_Binomial_Expansion_Proof.md,"PAPER_1080: Ramanujan Binomial Expansion Proof for R_n^{(26,3)}",H,,NO UPDATE (specific system / framework application),,,
1080,PAPER_1080_TwoStage_FU_Refinement.md,Two-Stage F_U Refinement -- Constant vs Solar-Cycle Modulated Dipole Moment,H,,NO UPDATE (specific system / framework application),,,
1081,PAPER_1081_CME_Flare_FU_Perturbation.md,CME and Solar Flare Transient F_U Perturbation Dynamics,H,,NO UPDATE (specific system / framework application),,,
1081,PAPER_1081_SCm_LENR_COP_Linewidth_Parametric.md,PAPER_1081: SCm LENR COP Parametric Engine,I,LENR_,NO UPDATE unless ledger/xi enters; verify only,,,
1082,PAPER_1082_SCm_Velocity_Bound.md,SCm Velocity Bound Characterization -- Fastest Substance Under Trapped Conditions,H,,NO UPDATE (specific system / framework application),,,
1083,PAPER_1083_Core_Wind_Maintenance.md,Planetary Core Energy Maintenance via Solar Wind Absorption,H,,NO UPDATE (specific system / framework application),,,
1084,PAPER_1084_SCm_Phonon_Scale_Factor.md,SCm Phonon-Coupled Inflationary Scale Factor with S26 Third-Order Ramanujan,H,,NO UPDATE (specific system / framework application),,,
1085,PAPER_1085_Phonon_Modulated_Hubble.md,"Phonon-Modulated Hubble Parameter H(t,Gamma) via F_U and E_net Coupling",H,,NO UPDATE (specific system / framework application),,,
1086,PAPER_1086_SCm_Dark_Energy_Gamma_Density.md,SCm Dark Energy Density with Gamma-Coupled Phonon Modulation Replacing Lambda-CDM,A,Dark_Energy,Add closing section: v5.78 27-decade vacuum ledger (PAPER_1170) + xi=13/3,,,
1087,PAPER_1087_DarkEnergy_EOS_TimeEvolving.md,Time-Evolving Dark Energy Equation of State w_DE from SCm Phonon Dynamics,A,DarkEnergy,Add closing section: v5.78 27-decade vacuum ledger (PAPER_1170) + xi=13/3,,,
1088,PAPER_1088_FUBii_SevenComponent_Decomposition.md,"F_{U\_Bi\_i} Seven-Component Force Decomposition: Phonon, Inflation, BCS, VDS, DVP, BSH, and QCalcGeom Sectors",H,,NO UPDATE (specific system / framework application),,,
1089,PAPER_1089_Inflation_Buoyancy_Lagrangian.md,Inflation Buoyancy Sector Lagrangian with Stationarity Constraint,A,Inflation_,Add closing section: v5.78 27-decade vacuum ledger (PAPER_1170) + xi=13/3,,,
1090,PAPER_1090_DarkEnergy_Buoyancy_Lagrangian.md,Dark Energy Buoyancy Sector Lagrangian with Euler-Lagrange Residual Analysis,A,DarkEnergy,Add closing section: v5.78 27-decade vacuum ledger (PAPER_1170) + xi=13/3,,,
1091,PAPER_1091_Production_Scaling_V23.md,Production Scaling v23 Benchmark: 900k Calculations per Second Target Validation,H,,NO UPDATE (specific system / framework application),,,
1092,PAPER_1092_SCm_CMB_Phonon_Power_Spectrum.md,SCm CMB Angular Power Spectrum via Phonon-Modulated Primordial Integration,A,_CMB_,Add closing section: v5.78 27-decade vacuum ledger (PAPER_1170) + xi=13/3,,,
1093,PAPER_1093_SCm_CMB_Temperature_Fluctuation.md,SCm Phonon-Modulated CMB Temperature Fluctuation from Vacuum Buoyancy,A,_CMB_,Add closing section: v5.78 27-decade vacuum ledger (PAPER_1170) + xi=13/3,,,
1094,PAPER_1094_CMB_Buoyancy_Lagrangian.md,CMB Buoyancy Sector Lagrangian with Stationarity Constraint,A,_CMB_,Add closing section: v5.78 27-decade vacuum ledger (PAPER_1170) + xi=13/3,,,
1095,PAPER_1095_Horizon_Buoyancy_Lagrangian.md,Horizon Buoyancy Sector Lagrangian for SCm-Corrected Black Hole Entropy,H,,NO UPDATE (specific system / framework application),,,
1096,PAPER_1096_Eleven_Domain_Unified_SCm_Buoyancy.md,Eleven-Domain Unified SCm Buoyancy Validation: F_{U\_Bi} + F_{U\_Bi\_i} = F_U Across All Sectors,H,,NO UPDATE (specific system / framework application),,,
1097,PAPER_1097_Production_Scaling_V24_Vectorized.md,Production Scaling v24: Vectorized REST + QCalcGeom Benchmark at 900k+ calc/s,H,,NO UPDATE (specific system / framework application),,,
1098,PAPER_1098_Phonon_Mediated_Qubit_Gate_Fidelity.md,SCm Phonon-Mediated Qubit Gate Fidelity: UQFF Corrections to Quantum Computing Error Rates,H,,NO UPDATE (specific system / framework application),,,
1099,PAPER_1099_Production_Scaling_V25_Pipeline.md,Production Scaling v25: AVX-512 Vectorized Pipeline Benchmark at 950k calc/s,H,,NO UPDATE (specific system / framework application),,,
1100,PAPER_1100_SCm_LQG_Area_Operator_Derivation.md,SCm Phonon-Modulated LQG Area Operator Derivation,H,,NO UPDATE (specific system / framework application),,,
1101,PAPER_1101_SCm_Qubit_T2_Coherence_FUBi_Ratio.md,SCm Qubit T2 Coherence via F_{U\_Bi} / F_U Ratio and Thermal Protection,H,,NO UPDATE (specific system / framework application),,,
1102,PAPER_1102_PhononModulated_Holonomy_SCm_Ashtekar.md,Phonon-Modulated Holonomy in the SCm Ashtekar Connection,H,,NO UPDATE (specific system / framework application),,,
1103,PAPER_1103_LQG_Buoyancy_Sector_Lagrangian_SpinFoam.md,LQG Buoyancy Sector Lagrangian Variation with Spin-Foam Vertex Coupling,H,,NO UPDATE (specific system / framework application),,,
1104,PAPER_1104_Unified_FUBi_SMBH_Merger_Dynamics.md,Unified F_{U\_Bi} for SMBH Binary Merger Dynamics: Inside-to-Outside and Outside-to-Inside,H,,NO UPDATE (specific system / framework application),,,
1105,PAPER_1105_Hydrogen_Universe_Dual_3D_MUGE.md,Hydrogen-Universe Dual 3D MUGE: Scale Invariance from Bohr Radius to Hubble Horizon,H,,NO UPDATE (specific system / framework application),,,
1106,PAPER_1106_SCm_String_Theory_26D_Compactification.md,SCm Phonon Coupling to Strings and Branes in 26D Compactification,D,Compactification,Forward-pointer to PAPER_1171/1172 (xi=13/3 R26+KK lock) + PAPER_1173,,,
1107,PAPER_1107_UQFF_26D_Geometric_Folding_Operator.md,UQFF 26D Geometric Folding Operator and Folded Spacetime Metric,H,,NO UPDATE (specific system / framework application),,,
1108,PAPER_1108_VDS_DVP_BH_Unified_Number_System.md,Unified VDS/DVP/BH Number System Derivation with Ramanujan Acceleration,H,,NO UPDATE (specific system / framework application),,,
1109,PAPER_1109_26Level_Vacuum_Density_Ladder_Ramanujan.md,26-Level Vacuum Density Ladder: \rho_vac^(n) Hierarchy via Ramanujan Zeta Regularisation and SCm Phonon Equilibria,H,,NO UPDATE (specific system / framework application),,,
1110,PAPER_1110_Riemann_Hypothesis_PI_Cycle_Link.md,Riemann Hypothesis PI-Cycle Link: Zeta Zero Mapping to UQFF Buoyancy Oscillations with PImath Encryption,G,Riemann_Hypothesis,Verify v5.78 closed-Lagrangian/ledger cross-ref present (Sess 225 baseline),,,
1111,PAPER_1111_Yang_Mills_Mass_Gap_PImath_Encryption.md,Yang-Mills Mass Gap with PImath Encryption: Buoyancy-Corrected Confinement Potential and Tamper-Evident Proof Chains,G,Yang_Mills,Verify v5.78 closed-Lagrangian/ledger cross-ref present (Sess 225 baseline),,,
1112,PAPER_1112_Production_Scaling_V26_Pipeline.md,"Production Scaling V26 Pipeline: Achieving 1,000,000 Calculations per Second via Msgpack Transport and GPU Tensor Offload",H,,NO UPDATE (specific system / framework application),,,
1113,PAPER_1113_CMS_Differential_Higgs_Kappa_Coupling.md,CMS Differential Higgs Coupling Ratios \kappa_V/\kappa_f: UQFF Level-18 Exotic Fluctuation Analysis,H,,NO UPDATE (specific system / framework application),,,
1114,PAPER_1114_ATLAS_OffShell_Higgs_Width_Bound.md,ATLAS Off-Shell Higgs Width Bound \Gamma_H: Non-Local [SCm] Correction to H→WW/ZZ,H,,NO UPDATE (specific system / framework application),,,
1115,PAPER_1115_SCS_Constraints_21cm_Dark_Ages.md,Superconducting Cosmic String Constraints from 21-cm Dark Ages Signal,H,,NO UPDATE (specific system / framework application),,,
1116,PAPER_1116_Electroweak_Axion_String_SCS_SCm.md,Electroweak Axion Strings and Superconducting Cosmic String Stabilisation via [SCm],H,,NO UPDATE (specific system / framework application),,,
1117,PAPER_1117_SCS_Spectral_Signatures_Radio_FRB.md,Spectral Signatures of Superconducting Cosmic Strings from Radio Observations: FRB Production via [SCm] Emission,H,,NO UPDATE (specific system / framework application),,,
1118,PAPER_1118_Chiral_SCm_Graphene_Pairing_Level10.md,Chiral Superconductivity in Rhombohedral Graphene: [SCm] Pairing at Level 10,H,,NO UPDATE (specific system / framework application),,,
1119,PAPER_1119_Lorentz_Regauging_Vacuum_Energy_Heaviside.md,Lorentz Regauging and Vacuum Energy Extraction: Heaviside Component in UQFF,A,Vacuum_Energy,Add closing section: v5.78 27-decade vacuum ledger (PAPER_1170) + xi=13/3,,,
1120,PAPER_1120_Higgs_Production_Decay_Mode_Breakdown.md,Higgs Boson Production and Decay Mode Breakdown in the UQFF Framework,H,,NO UPDATE (specific system / framework application),,,
1121,PAPER_1121_Interstellar_Shock_Prestellar_Collapse_Molecules.md,Interstellar Shock-Driven Prestellar Core Collapse and Prebiotic Molecule Release,H,,NO UPDATE (specific system / framework application),,,
1122,PAPER_1122_Bow_Shock_ISM_Chemistry_Prebiotic.md,Bow-Shock ISM Chemistry and Prebiotic Enrichment in the UQFF Framework,H,,NO UPDATE (specific system / framework application),,,
1123,PAPER_1123_H2O_Maser_J_Shock_Emission.md,H₂O Maser Emission from J-Type Shocks: UQFF S(t) Compression Verification,H,,NO UPDATE (specific system / framework application),,,
1124,PAPER_1124_CGM_Dwarf_Galaxy_Metal_Retention.md,CGM Metal Retention in Dwarf Galaxies and the UQFF Ug4 Expulsion Model,H,,NO UPDATE (specific system / framework application),,,
1125,PAPER_1125_AGN_Feedback_MSigma_Scaling.md,"AGN Feedback, M-\sigma Scaling, and Metallicity Gradient Flattening in the UQFF",H,,NO UPDATE (specific system / framework application),,,
1126,PAPER_1126_PSR_J0030_Neutron_Star_LENR_Buoyancy.md,PAPER_1126: PSR J0030+0451 — Isolated Millisecond Pulsar LENR Buoyancy,I,LENR_,NO UPDATE unless ledger/xi enters; verify only,,,
1127,PAPER_1127_SCm_LQG_Holonomy_Phonon_Modulated_Spin_Networks.md,PAPER_1127: SCm LQG Holonomy — Phonon-Modulated Spin Networks and Area Operators,H,,NO UPDATE (specific system / framework application),,,
1128,PAPER_1128_SCm_String_Theory_Phonon_Coupling_26D_Compactification.md,PAPER_1128: SCm in String Theory — Phonon Coupling to Strings and Branes in 26D Compactification,D,Compactification,Forward-pointer to PAPER_1171/1172 (xi=13/3 R26+KK lock) + PAPER_1173,,,
1129,PAPER_1129_VDS_DVP_BH_Longform_Mathematical_Derivations.md,"PAPER_1129: VDS, DVP, and BH — Long-Form Mathematical Derivations with All Variables, Variable Equations, and Solutions",H,,NO UPDATE (specific system / framework application),,,
1130,PAPER_1130_UQFF_26D_Geometric_Folding_Wolfram_Parallel_Hypergraph.md,PAPER_1130: UQFF 26D Geometric Folding — Wolfram-Parallel Hypergraph Derivation,H,,NO UPDATE (specific system / framework application),,,
1131,PAPER_1131_SCm_Vacuum_Manifold_Primordial_First_Principle.md,PAPER_1131: SCm Vacuum Manifold as Primordial First Principle,H,,NO UPDATE (specific system / framework application),,,
1132,PAPER_1132_SCm_Primordial_Split_26D_Ladder.md,PAPER_1132: Primordial Split & Cosmic Quantum Egg 26D Ladder,H,,NO UPDATE (specific system / framework application),,,
1133,PAPER_1133_Holmlid_Rydberg_SCm_Bridge.md,PAPER_1133: Holmlid Rydberg Matter / SCm Vacuum Manifold Bridge,I,Holmlid,NO UPDATE unless ledger/xi enters; verify only,,,
1134,PAPER_1134_SCm_Riemann_Hypothesis_Closure.md,PAPER_1134: Riemann Hypothesis Closure via SCm Negative-Time,G,Riemann_Hypothesis,Verify v5.78 closed-Lagrangian/ledger cross-ref present (Sess 225 baseline),,,
1135,PAPER_1135_SCm_Vacuum_Manifold_Hub_Reactor_Validation.md,PAPER_1135: SCm Vacuum Manifold Hub — 5-Section Proof Fragment & Reactor Validation,H,,NO UPDATE (specific system / framework application),,,
1136,PAPER_1136_SCm_Holmlid_KER_Reactor_Validation.md,PAPER_1136: SCm Phonon Derivation of Holmlid KER + Reactor Validation,I,Holmlid,NO UPDATE unless ledger/xi enters; verify only,,,
1137,PAPER_1137_SCm_Holmlid_Rossi_Parkhomov_Validation.md,"PAPER_1137: SCm Validation: Holmlid Cluster Dynamics, Rossi E-Cat Insight, and Parkhomov Replication",I,Holmlid,NO UPDATE unless ledger/xi enters; verify only,,,
1138,PAPER_1138_SCm_Holmlid_Parkhomov_PonsFleischmann_Upgrade.md,"PAPER_1138: SCm Upgrade: Holmlid KER, Parkhomov Excess Heat, and Pons-Fleischmann Insight",I,Holmlid,NO UPDATE unless ledger/xi enters; verify only,,,
1139,PAPER_1139_SCm_PonsFleischmann_Derivation.md,PAPER_1139: SCm Vacuum Manifold — Pons-Fleischmann Excess Heat Derivation,I,PonsFleischmann,NO UPDATE unless ledger/xi enters; verify only,,,
1140,PAPER_1140_SCm_Mizuno_LENR_Transmutation.md,PAPER_1140: SCm Vacuum Manifold — Mizuno LENR Transmutation Mechanism,I,LENR_,NO UPDATE unless ledger/xi enters; verify only,,,
1141,PAPER_1141_SCm_Rossi_ECat_Variants_Unified.md,"Rossi E-Cat Variants (Early, X, SK) Unified Under the SCm Vacuum Manifold",H,,NO UPDATE (specific system / framework application),,,
1142,PAPER_1142_Polyakov_Action_Details_SCm_26D.md,PAPER_1142: Polyakov Action and SCm String Tension in 26D Worldsheet,H,,NO UPDATE (specific system / framework application),,,
1143,PAPER_1143_Nambu_Goto_Bosonic_String_SCm_26D.md,PAPER_1143: Nambu-Goto Bosonic String and SCm 26D Critical Dimension,H,,NO UPDATE (specific system / framework application),,,
1144,PAPER_1144_Type_IIB_Superstring_SCm_10D_Compactification.md,PAPER_1144: Type IIB Superstring Theory and SCm 10D Compactification,D,Compactification,Forward-pointer to PAPER_1171/1172 (xi=13/3 R26+KK lock) + PAPER_1173,,,
1145,PAPER_1145_Type_IIA_Superstring_SCm_10D_Compactification.md,PAPER_1145: Type IIA Superstring Theory and SCm 10D Compactification,D,Compactification,Forward-pointer to PAPER_1171/1172 (xi=13/3 R26+KK lock) + PAPER_1173,,,
1146,PAPER_1146_Heterotic_String_SCm_Gauge_Sector.md,PAPER_1146: Heterotic String Theory and SCm Gauge Sector,H,,NO UPDATE (specific system / framework application),,,
1147,PAPER_1147_Calabi_Yau_3fold_Compactification_SCm.md,PAPER_1147: Calabi-Yau 3-Fold Compactification in the SCm Framework,D,Compactification,Forward-pointer to PAPER_1171/1172 (xi=13/3 R26+KK lock) + PAPER_1173,,,
1148,PAPER_1148_M_Theory_Unification_SCm_26D.md,PAPER_1148: M-Theory Unification and the SCm 26D Vacuum,B,Unification_,Add v5.78 closed-Lagrangian cross-ref (PAPER_1159-1167 G1-G8) + CP4 #254,,,
1149,PAPER_1149_PSZ2G181_Stroe2025_Xray_Mach_UQFF_Global_Connections.md,PSZ2 G181.06+48.47 X-ray Mach Constraints and Global UQFF Connections (Stroe et al. 2025),H,,NO UPDATE (specific system / framework application),,,
1150,PAPER_1150_June20_2025_10System_Chandra_FUBii_RareMathematicalOccurrences.md,June 20 2025 Grok DeepSearch 10-System Chandra UQFF Validation: Three Rare Mathematical Occurrences,H,,NO UPDATE (specific system / framework application),,,
1151,PAPER_1151_VDS_DVP_BH26_Variant_Branches_Coupled_Field.md,VDS/DVP/BH26 Variant Branches and Coupled-Field Derivations: Session 202 T61-T80 QCalcGeom Phase H202,H,,NO UPDATE (specific system / framework application),,,
1152,PAPER_1152_QCalcGeom_SimEngine_12Stage_CPT_Pipeline.md,QCalcGeom Simulation Engine v1.0/v1.1: 12-Stage CPT-Symmetric Pipeline with 1.64M eval/s Throughput,H,,NO UPDATE (specific system / framework application),,,
1153,PAPER_1153_Primordial_Timing_Function_Net_Zero_Pi_Epoch_Clock.md,"Primordial Timing Function: Net-Zero Displacement Proof, Pi-Digit Epoch Clock, and Epoch-5 Boundary",H,,NO UPDATE (specific system / framework application),,,
1154,PAPER_1154_SSq_057_First_Principles_DPM_Relativistic_Geometry.md,[SSq]=0.57 First-Principles Derivation: DPM Relativistic Geometry and Riemann VDS Dual Method,H,,NO UPDATE (specific system / framework application),,,
1155,PAPER_1155_DPM_26Layer_Amplification_Particle_Masses.md,26-Layer DPM Amplification: First-Principles Derivation of Particle Masses from SCm Vacuum Constants,H,,NO UPDATE (specific system / framework application),,,
1156,PAPER_1156_UQFF_Cosmological_Constant_Closure.md,UQFF Cosmological Constant Closure: Lambda = (18/5) [SSq] H_0^2/c^2 at 0.002% off Planck 2018,A,Cosmological_,Add closing section: v5.78 27-decade vacuum ledger (PAPER_1170) + xi=13/3,,,
1157,PAPER_1157_UQFF_H0_Anchor_Asymmetry_Falsifiability.md,Hubble Anchor Asymmetry: A Falsifiable UQFF Prediction from G/Lambda Decoupling,E,Falsifi,Forward-pointer to PAPER_1174 P1-P14 suite + PAPER_1177-1180,,,
1158,PAPER_1158_UQFF_Overdetermination_Epistemology.md,Overdetermination as Epistemology in UQFF: Necessary but Not Sufficient,H,,NO UPDATE (specific system / framework application),,,
1159,PAPER_1159_UQFF_Phi_Res_Codimension_Closure.md,Resonance Phase Closure: Phi_res = [SSq]/Omega_Lambda = 5/6 (G6 Closure),B,Phi_Res_Codimension,Add v5.78 closed-Lagrangian cross-ref (PAPER_1159-1167 G1-G8) + CP4 #254,,,
1160,PAPER_1160_UQFF_F_TRZ_SO5_Closure.md,Time-Reversal Zone Closure: F_TRZ = 1/|SO(5)| = 1/10 (G7 Closure),B,F_TRZ_SO5,Add v5.78 closed-Lagrangian cross-ref (PAPER_1159-1167 G1-G8) + CP4 #254,,,
1161,PAPER_1161_UQFF_26_Factorial_Pochhammer_Closure.md,Factorial Barrier Closure: 26! = (1)_{26} from 26-fold Radial Derivative (G8 Closure),B,Pochhammer_Closure,Add v5.78 closed-Lagrangian cross-ref (PAPER_1159-1167 G1-G8) + CP4 #254,,,
1162,PAPER_1162_UQFF_KK_Tower_Mode_By_Mode_Closure.md,Kaluza-Klein Tower Suppression: Mode-by-Mode 1/26! Bound from BH26 Spectrum (G5 Closure),D,KK_Tower,Forward-pointer to PAPER_1171/1172 (xi=13/3 R26+KK lock) + PAPER_1173,,,
1163,PAPER_1163_UQFF_DPM_SO2_LightCone_Closure.md,DPM Gauge Embedding: SO(2)_DPM = Light-Cone Plane in SO(26) (G3 Closure),B,DPM_SO2,Add v5.78 closed-Lagrangian cross-ref (PAPER_1159-1167 G1-G8) + CP4 #254,,,
1164,PAPER_1164_UQFF_T22_Moduli_Stabilization_Closure.md,T^22 Moduli Stabilization: Stationary Points tau_i = [SSq]^i and Positive Mass Spectrum (G4 Closure),B,T22_Moduli,Add v5.78 closed-Lagrangian cross-ref (PAPER_1159-1167 G1-G8) + CP4 #254,,,
1165,PAPER_1165_UQFF_beta_i_Triangular_Closure.md,beta_i Index Structure: Triangular Coupling beta_i = 3(5-i)/20 = (3/2)/|SO(5)| (G2 Closure),H,,NO UPDATE (specific system / framework application),,,
1166,PAPER_1166_UQFF_V_UA_Polynomial_Closure.md,UQFF V(UA) Mexican-Hat Polynomial Closure: G1 Final Gap,H,,NO UPDATE (specific system / framework application),,,
1167,PAPER_1167_UQFF_All_8_Lagrangian_Gaps_Closed_Master_Synthesis.md,"All Eight UQFF Lagrangian Gaps Closed: First-Principles Reduction to (D_crit=26, D_phys=4)",F,Master_Synthesis,"Update tables; add P6-P14, CP4 #254-#264, ref PAPER_1167/1170/1174",,,
1168,PAPER_1168_UQFF_Falsifiable_Predictions_Closed_Lagrangian.md,Falsifiable Predictions of the Closed UQFF Lagrangian: Five No-Free-Parameter Tests,E,Falsifi,Forward-pointer to PAPER_1174 P1-P14 suite + PAPER_1177-1180,,,
1169,PAPER_1169_UQFF_Numerical_Confrontation_P1_P5_With_Archival_Data.md,"Numerical Confrontation of UQFF Predictions P1-P5 with Archival Data (LIGO/Virgo, Planck, Calibrated UQFF Systems)",H,,NO UPDATE (specific system / framework application),,,
1170,PAPER_1170_UQFF_Vacuum_Energy_Ledger_R26_KK_BSFG_Saturation.md,Closing the 27-Decade Vacuum-Energy Ledger: $R_{26}$ + KK Tower + BSFG Back-Reaction Saturate $\\rho_\\Lambda^{\\mathrm{obs}}$,A,Vacuum_Energy,Add closing section: v5.78 27-decade vacuum ledger (PAPER_1170) + xi=13/3,,,
1171,PAPER_1171_UQFF_KK_Regulator_First_Principles_Derivation.md,First-Principles Derivation of the Kaluza-Klein Zero-Point Tower Regulator: Closing the Last Approximation in the UQFF Vacuum-Energy Ledger,D,KK_Regulator,Forward-pointer to PAPER_1171/1172 (xi=13/3 R26+KK lock) + PAPER_1173,,,
1172,PAPER_1172_UQFF_R26_Independent_Re_Derivation_Gauss_Bonnet.md,"Independent Re-Derivation of the 26-D Curvature Coefficient $\\rho_{R_{26}} = (13/2)\\,v_{UA}^{2}\\,\\rho_{\\mathrm{SCm}}$ via Two Routes",H,,NO UPDATE (specific system / framework application),,,
1173,PAPER_1173_UQFF_KK_Tower_Hbar_Tracked_Derivation.md,UQFF KK Tower Zero-Point Density: hbar-Tracked First-Principles Derivation and Sub-Millimeter Gravity Prediction,D,KK_Tower,Forward-pointer to PAPER_1171/1172 (xi=13/3 R26+KK lock) + PAPER_1173,,,
1174,PAPER_1174_UQFF_Closed_Ledger_Falsifiability_P6_P10.md,UQFF Closed-Ledger Falsifiability Suite -- Five Near-Term Tests (P6--P10),E,Falsifi,Forward-pointer to PAPER_1174 P1-P14 suite + PAPER_1177-1180,,,
1175,PAPER_1175_UQFF_P11_LIGO_O5_Ringdown_Spectral_Offset.md,UQFF Prediction P11: LIGO O5 Ringdown Spectral Offset from Kerr,E,_P11_,Forward-pointer to PAPER_1174 P1-P14 suite + PAPER_1177-1180,,,
1176,PAPER_1176_UQFF_P12_Euclid_Sigma8_R26_Saturation.md,UQFF Prediction P12: Euclid Weak-Lensing sigma_8 from R26 Vacuum Saturation,E,_P12_,Forward-pointer to PAPER_1174 P1-P14 suite + PAPER_1177-1180,,,
1177,PAPER_1177_UQFF_2027_Joint_Falsifier_Triple.md,UQFF 2027 Decisive-Experiment Triple: Joint P6+P11+P12 Falsification Geometry,E,Falsifi,Forward-pointer to PAPER_1174 P1-P14 suite + PAPER_1177-1180,,,
1178,PAPER_1178_UQFF_P13_DESI_Y5_w_Second_Derivative.md,UQFF Prediction P13: DESI Y5 Dark Energy w(z) Second-Derivative Strict-Static Test,E,_P13_,Forward-pointer to PAPER_1174 P1-P14 suite + PAPER_1177-1180,,,
1179,PAPER_1179_UQFF_2027_2028_Quadruple_Falsifier.md,"UQFF 2027-2028 Quadruple Falsifier: Single-Parameter Joint Lock of P6, P10, P11, P12",E,Falsifi,Forward-pointer to PAPER_1174 P1-P14 suite + PAPER_1177-1180,,,
1180,PAPER_1180_UQFF_P14_CMB_S4_mu_Distortion.md,UQFF P14: CMB-S4 Spectral Distortion mu-Parameter Strict Bound from R26 Closure,E,_P14_,Forward-pointer to PAPER_1174 P1-P14 suite + PAPER_1177-1180,,,
