SourceFile,ClassName,LineNumber,BaseClass,PhysicsType,MethodSignature
source1.cpp,RamanujanCalculatorDialog,259,QDialog,vacuum,void solveEquations()
source1.cpp,CalculusButtonField,381,QDockWidget,magnetic,
source1.cpp,BrowserWindow,442,QMainWindow,vacuum,
source1.cpp,MainWindow,924,QMainWindow,vacuum,
source2.cpp,RamanujanCalculatorDialog,555,QDialog,gravity,void solveEquations()
source2.cpp,CalculusButtonField,677,QDockWidget,magnetic,
source2.cpp,BrowserWindow,750,QMainWindow,gravity,bytes processed (size * nmemb)
source2.cpp,MainWindow,1854,QMainWindow,gravity,
source3.cpp,RamanujanCalculatorDialog,268,QDialog,vacuum,void solveEquations()
source3.cpp,CalculusButtonField,376,QDockWidget,magnetic,
source3.cpp,BrowserWindow,437,QMainWindow,vacuum,
source3.cpp,MainWindow,918,QMainWindow,vacuum,
source4.cpp,DynamicVacuumTerm,68,PhysicsTerm,vacuum,"double compute(double t, const std::map<std::string, double> & /* params */)"
source4.cpp,QuantumCouplingTerm,96,PhysicsTerm,vacuum,"double compute(double t, const std::map<std::string, double> &params)"
source4.cpp,UQFFModule4,339,standalone,unified,double computeDynamicTerms(double t)
source5.cpp,DarkMatterHaloTerm,83,PhysicsTerm,gravity,"double compute(const std::map<std::string, double> &params)"
source5.cpp,VacuumEnergyTerm,115,PhysicsTerm,vacuum,"double compute(const std::map<std::string, double> &params)"
source5.cpp,UQFFModule5,169,standalone,unified,"double computeDynamicContributions(const std::map<std::string, double> &params)"
source6.cpp,3DObject,1922,standalone,gravity,
source6.cpp,ToolPath,1944,standalone,gravity,
source6.cpp,SimulationEntity,1950,standalone,gravity,
source6.cpp,CoAnQiNode,1962,standalone,gravity,
source7.cpp,3DObject,2249,standalone,gravity,
source7.cpp,ToolPath,2253,standalone,gravity,
source7.cpp,SimulationEntity,2261,standalone,gravity,
source7.cpp,CoAnQiNode,2269,standalone,gravity,
source10.cpp,Source10,130,standalone,nuclear,
source13.cpp,MagnetarSGR1745_2900,48,standalone,magnetic,
source14.cpp,DynamicVacuumTerm,85,PhysicsTerm,vacuum,"double compute(double t, const std::map<std::string, double> &params)"
source14.cpp,QuantumCouplingTerm,114,PhysicsTerm,vacuum,"double compute(double t, const std::map<std::string, double> &params)"
source14.cpp,MagnetarSGR0501_4516,147,standalone,magnetic,
source15.cpp,DynamicVacuumTerm,85,PhysicsTerm,vacuum,"double compute(double t, const std::map<std::string, double> &params)"
source15.cpp,QuantumCouplingTerm,114,PhysicsTerm,vacuum,"double compute(double t, const std::map<std::string, double> &params)"
source15.cpp,SMBHSgrAStar,147,standalone,gravity,
source16.cpp,DynamicVacuumTerm,87,PhysicsTerm,vacuum,"double compute(double t, const std::map<std::string, double> &params)"
source16.cpp,QuantumCouplingTerm,116,PhysicsTerm,vacuum,"double compute(double t, const std::map<std::string, double> &params)"
source16.cpp,StarbirthTapestry,149,standalone,stellar,
source17.cpp,DynamicVacuumTerm,86,PhysicsTerm,vacuum,"double compute(double t, const std::map<std::string, double> &params)"
source17.cpp,QuantumCouplingTerm,115,PhysicsTerm,vacuum,"double compute(double t, const std::map<std::string, double> &params)"
source17.cpp,Westerlund2,148,standalone,gravity,
source18.cpp,DynamicVacuumTerm,87,PhysicsTerm,vacuum,"double compute(double t, const std::map<std::string, double> &params)"
source18.cpp,QuantumCouplingTerm,116,PhysicsTerm,vacuum,"double compute(double t, const std::map<std::string, double> &params)"
source18.cpp,PillarsOfCreation,149,standalone,gravity,
source19.cpp,DynamicVacuumTerm,86,PhysicsTerm,vacuum,"double compute(double t, const std::map<std::string, double> &params)"
source19.cpp,QuantumCouplingTerm,115,PhysicsTerm,vacuum,"double compute(double t, const std::map<std::string, double> &params)"
source19.cpp,RingsOfRelativity,148,standalone,gravity,
source20.cpp,DynamicVacuumTerm,86,PhysicsTerm,vacuum,"double compute(double t, const std::map<std::string, double> &params)"
source20.cpp,QuantumCouplingTerm,115,PhysicsTerm,vacuum,"double compute(double t, const std::map<std::string, double> &params)"
source20.cpp,GalaxyNGC2525,148,standalone,galactic,
source21.cpp,DynamicVacuumTerm,87,PhysicsTerm,vacuum,"double compute(double t, const std::map<std::string, double> &params)"
source21.cpp,QuantumCouplingTerm,116,PhysicsTerm,vacuum,"double compute(double t, const std::map<std::string, double> &params)"
source21.cpp,NGC3603,149,standalone,galactic,
source22.cpp,DynamicVacuumTerm,86,PhysicsTerm,vacuum,"double compute(double t, const std::map<std::string, double> &params)"
source22.cpp,QuantumCouplingTerm,115,PhysicsTerm,vacuum,"double compute(double t, const std::map<std::string, double> &params)"
source22.cpp,BubbleNebula,148,standalone,stellar,
source23.cpp,DynamicVacuumTerm,88,PhysicsTerm,vacuum,"double compute(double t, const std::map<std::string, double> &params)"
source23.cpp,QuantumCouplingTerm,117,PhysicsTerm,vacuum,"double compute(double t, const std::map<std::string, double> &params)"
source23.cpp,AntennaeGalaxies,150,standalone,gravity,
source24.cpp,DynamicVacuumTerm,86,PhysicsTerm,vacuum,"double compute(double t, const std::map<std::string, double> &params)"
source24.cpp,QuantumCouplingTerm,115,PhysicsTerm,vacuum,"double compute(double t, const std::map<std::string, double> &params)"
source24.cpp,HorseheadNebula,148,standalone,stellar,
source25.cpp,DynamicVacuumTerm,87,PhysicsTerm,vacuum,"double compute(double t, const std::map<std::string, double> &params)"
source25.cpp,QuantumCouplingTerm,116,PhysicsTerm,vacuum,"double compute(double t, const std::map<std::string, double> &params)"
source25.cpp,NGC1275,149,standalone,galactic,
source26.cpp,DynamicVacuumTerm,87,PhysicsTerm,vacuum,"double compute(double t, const std::map<std::string, double> &params)"
source26.cpp,QuantumCouplingTerm,116,PhysicsTerm,vacuum,"double compute(double t, const std::map<std::string, double> &params)"
source26.cpp,HUDFGalaxies,149,standalone,gravity,
source27.cpp,DynamicVacuumTerm,87,PhysicsTerm,vacuum,"double compute(double t, const std::map<std::string, double> &params)"
source27.cpp,QuantumCouplingTerm,116,PhysicsTerm,vacuum,"double compute(double t, const std::map<std::string, double> &params)"
source27.cpp,GalaxyNGC1792,149,standalone,galactic,
source28.cpp,DynamicVacuumTerm,64,PhysicsTerm,vacuum,"double compute(double t, const std::map<std::string, double> &params)"
source28.cpp,QuantumCouplingTerm,93,PhysicsTerm,vacuum,"double compute(double t, const std::map<std::string, double> &params)"
source28.cpp,AndromedaUQFFModule,126,standalone,galactic,double computeQuantumTerm(double t_Hubble_val)
source29.cpp,DynamicVacuumTerm,65,PhysicsTerm,vacuum,"double compute(double t, const std::map<std::string, double> &params)"
source29.cpp,QuantumCouplingTerm,94,PhysicsTerm,vacuum,"double compute(double t, const std::map<std::string, double> &params)"
source29.cpp,SombreroUQFFModule,127,standalone,unified,double computeQuantumTerm(double t_Hubble_val)
source30.cpp,DynamicVacuumTerm,65,PhysicsTerm,vacuum,"double compute(double t, const std::map<std::string, double> &params)"
source30.cpp,QuantumCouplingTerm,94,PhysicsTerm,vacuum,"double compute(double t, const std::map<std::string, double> &params)"
source30.cpp,SaturnUQFFModule,127,standalone,unified,double computeQuantumTerm(double t_Hubble_val)
source31.cpp,DynamicVacuumTerm,66,PhysicsTerm,vacuum,"double compute(double t, const std::map<std::string, double>& params)"
source31.cpp,QuantumCouplingTerm,95,PhysicsTerm,vacuum,"double compute(double t, const std::map<std::string, double>& params)"
source31.cpp,M16UQFFModule,128,standalone,unified,double computeQuantumTerm(double t_Hubble_val)
source32.cpp,DynamicVacuumTerm,66,PhysicsTerm,vacuum,"double compute(double t, const std::map<std::string, double>& params)"
source32.cpp,QuantumCouplingTerm,95,PhysicsTerm,vacuum,"double compute(double t, const std::map<std::string, double>& params)"
source32.cpp,CrabUQFFModule,128,standalone,unified,double computeQuantumTerm(double t_Hubble_val)
source33.cpp,DynamicVacuumTerm,66,PhysicsTerm,vacuum,"double compute(double t, const std::map<std::string, double>& params)"
source33.cpp,QuantumCouplingTerm,95,PhysicsTerm,vacuum,"double compute(double t, const std::map<std::string, double>& params)"
source33.cpp,SGR1745UQFFModule,128,standalone,unified,double computeQuantumTerm(double t_Hubble_val)
source34.cpp,DynamicVacuumTerm,62,PhysicsTerm,vacuum,"double compute(double t, const std::map<std::string, double>& params)"
source34.cpp,QuantumCouplingTerm,91,PhysicsTerm,vacuum,"double compute(double t, const std::map<std::string, double>& params)"
source34.cpp,SGR1745UQFFModule,124,standalone,unified,double computeDPMTerm()
source35.cpp,DynamicVacuumTerm,62,PhysicsTerm,vacuum,"double compute(double t, const std::map<std::string, double>& params)"
source35.cpp,QuantumCouplingTerm,91,PhysicsTerm,vacuum,"double compute(double t, const std::map<std::string, double>& params)"
source35.cpp,SgrA_UQFFModule,124,standalone,unified,double computeDPMTerm()
source36.cpp,DynamicVacuumTerm,62,PhysicsTerm,vacuum,"double compute(double t, const std::map<std::string, double>& params)"
source36.cpp,QuantumCouplingTerm,91,PhysicsTerm,vacuum,"double compute(double t, const std::map<std::string, double>& params)"
source36.cpp,TapestryUQFFModule,124,standalone,unified,double computeDPMTerm()
source37.cpp,DynamicVacuumTerm,63,PhysicsTerm,vacuum,"double compute(double t, const std::map<std::string, double>& params)"
source37.cpp,QuantumCouplingTerm,92,PhysicsTerm,vacuum,"double compute(double t, const std::map<std::string, double>& params)"
source37.cpp,ResonanceSuperconductiveUQFFModule,125,standalone,resonance,double computeDPMResTerm()
source38.cpp,DynamicVacuumTerm,62,PhysicsTerm,vacuum,"double compute(double t, const std::map<std::string, double>& params)"
source38.cpp,QuantumCouplingTerm,91,PhysicsTerm,vacuum,"double compute(double t, const std::map<std::string, double>& params)"
source38.cpp,CompressedResonanceUQFFModule,124,standalone,gravity,double computeCompressedTerm()
source39.cpp,DynamicVacuumTerm,62,PhysicsTerm,vacuum,"double compute(double t, const std::map<std::string, double>& params)"
source39.cpp,QuantumCouplingTerm,91,PhysicsTerm,vacuum,"double compute(double t, const std::map<std::string, double>& params)"
source39.cpp,CrabResonanceUQFFModule,124,standalone,resonance,double computeDPMResTerm()
source40.cpp,DynamicVacuumTerm,62,PhysicsTerm,vacuum,"double compute(double t, const std::map<std::string, double>& params)"
source40.cpp,QuantumCouplingTerm,91,PhysicsTerm,vacuum,"double compute(double t, const std::map<std::string, double>& params)"
source40.cpp,CompressedResonanceUQFF24Module,124,standalone,gravity,double computeCompressedTerm()
source41.cpp,DynamicVacuumTerm,61,PhysicsTerm,vacuum,"double compute(double t, const std::map<std::string, double> &params)"
source41.cpp,QuantumCouplingTerm,90,PhysicsTerm,vacuum,"double compute(double t, const std::map<std::string, double> &params)"
source41.cpp,UniverseDiameterUQFFModule,123,standalone,cosmological,double computeQuantumTerm(double t_Hubble_val)
source42.cpp,DynamicVacuumTerm,62,PhysicsTerm,vacuum,"double compute(double t, const std::map<std::string, double>& params)"
source42.cpp,QuantumCouplingTerm,91,PhysicsTerm,vacuum,"double compute(double t, const std::map<std::string, double>& params)"
source42.cpp,HydrogenAtomUQFFModule,124,standalone,nuclear,double computeQuantumTerm(double t_Hubble_val)
source43.cpp,DynamicVacuumTerm,62,PhysicsTerm,vacuum,"double compute(double t, const std::map<std::string, double>& params)"
source43.cpp,QuantumCouplingTerm,91,PhysicsTerm,vacuum,"double compute(double t, const std::map<std::string, double>& params)"
source43.cpp,HydrogenPToEResonanceUQFFModule,124,standalone,nuclear,double computeDPMResTerm()
source44.cpp,DynamicVacuumTerm,62,PhysicsTerm,vacuum,"double compute(double t, const std::map<std::string, double>& params)"
source44.cpp,QuantumCouplingTerm,91,PhysicsTerm,vacuum,"double compute(double t, const std::map<std::string, double>& params)"
source44.cpp,LagoonUQFFModule,124,standalone,unified,double computeQuantumTerm(double t_Hubble_val)
source45.cpp,DynamicVacuumTerm,62,PhysicsTerm,vacuum,"double compute(double t, const std::map<std::string, double>& params)"
source45.cpp,QuantumCouplingTerm,91,PhysicsTerm,vacuum,"double compute(double t, const std::map<std::string, double>& params)"
source45.cpp,SpiralSupernovaeUQFFModule,124,standalone,galactic,double computeQuantumTerm(double t_Hubble_val)
source46.cpp,DynamicVacuumTerm,62,PhysicsTerm,vacuum,"double compute(double t, const std::map<std::string, double>& params)"
source46.cpp,QuantumCouplingTerm,91,PhysicsTerm,vacuum,"double compute(double t, const std::map<std::string, double>& params)"
source46.cpp,NGC6302UQFFModule,124,standalone,galactic,double computeQuantumTerm(double t_Hubble_val)
source47.cpp,DynamicVacuumTerm,62,PhysicsTerm,vacuum,"double compute(double t, const std::map<std::string, double>& params)"
source47.cpp,QuantumCouplingTerm,91,PhysicsTerm,vacuum,"double compute(double t, const std::map<std::string, double>& params)"
source47.cpp,NGC6302ResonanceUQFFModule,124,standalone,resonance,double computeDPMTerm()
source48.cpp,DynamicVacuumTerm,61,PhysicsTerm,vacuum,"double compute(double t, const std::map<std::string, double> &params)"
source48.cpp,QuantumCouplingTerm,90,PhysicsTerm,vacuum,"double compute(double t, const std::map<std::string, double> &params)"
source48.cpp,OrionUQFFModule,123,standalone,stellar,double computeQuantumTerm(double t_Hubble_val)
source49.cpp,DynamicVacuumTerm,61,PhysicsTerm,vacuum,"double compute(double t, const std::map<std::string, double> &params)"
source49.cpp,QuantumCouplingTerm,90,PhysicsTerm,vacuum,"double compute(double t, const std::map<std::string, double> &params)"
source49.cpp,CompressedResonanceUQFF34Module,123,standalone,gravity,double computeCompressedTerm()
source52.cpp,DynamicVacuumTerm,62,PhysicsTerm,vacuum,"double compute(double t, const std::map<std::string, double> &params)"
source52.cpp,QuantumCouplingTerm,91,PhysicsTerm,vacuum,"double compute(double t, const std::map<std::string, double> &params)"
source52.cpp,MultiUQFFModule,124,standalone,unified,double computeHz()
source54.cpp,DynamicVacuumTerm,61,PhysicsTerm,vacuum,"double compute(double t, const std::map<std::string, double> &params)"
source54.cpp,QuantumCouplingTerm,90,PhysicsTerm,vacuum,"double compute(double t, const std::map<std::string, double> &params)"
source54.cpp,YoungStarsOutflowsUQFFModule,123,standalone,stellar,double computeQuantumTerm(double t_Hubble_val)
source56.cpp,DynamicVacuumTerm,61,PhysicsTerm,vacuum,"double compute(double t, const std::map<std::string, double> &params)"
source56.cpp,QuantumCouplingTerm,90,PhysicsTerm,vacuum,"double compute(double t, const std::map<std::string, double> &params)"
source56.cpp,BigBangGravityUQFFModule,123,standalone,gravity,double computeQuantumTerm(double t_Hubble_val)
source57.cpp,DynamicVacuumTerm,62,PhysicsTerm,vacuum,"double compute(double t, const std::map<std::string, double> &params)"
source57.cpp,QuantumCouplingTerm,91,PhysicsTerm,vacuum,"double compute(double t, const std::map<std::string, double> &params)"
source57.cpp,MultiCompressedUQFFModule,124,standalone,gravity,double computeHtz(double z)
source60.cpp,DynamicVacuumTerm,62,PhysicsTerm,vacuum,"double compute(double t, const std::map<std::string, double> &params)"
source60.cpp,QuantumCouplingTerm,91,PhysicsTerm,vacuum,"double compute(double t, const std::map<std::string, double> &params)"
source60.cpp,MultiUQFFCompressionModule,124,standalone,gravity,double computeHtz(double z)
source64.cpp,DynamicVacuumTerm,62,PhysicsTerm,vacuum,"double compute(double t, const std::map<std::string, double> &params)"
source64.cpp,QuantumCouplingTerm,91,PhysicsTerm,vacuum,"double compute(double t, const std::map<std::string, double> &params)"
source64.cpp,BatchType,124,standalone,gravity,double computeTminus(double t_n)
source64.cpp,UFEOrbModule,135,standalone,gravity,double computeTminus(double t_n)
source65.cpp,DynamicVacuumTerm,62,PhysicsTerm,vacuum,"double compute(double t, const std::map<std::string, double> &params)"
source65.cpp,QuantumCouplingTerm,91,PhysicsTerm,vacuum,"double compute(double t, const std::map<std::string, double> &params)"
source65.cpp,SystemType,124,standalone,gravity,"double computeNonLocalTerm(double t, int n26)"
source65.cpp,NebularUQFFModule,134,standalone,stellar,"double computeNonLocalTerm(double t, int n26)"
source66.cpp,DynamicVacuumTerm,61,PhysicsTerm,vacuum,"double compute(double t, const std::map<std::string, double> &params)"
source66.cpp,QuantumCouplingTerm,90,PhysicsTerm,vacuum,"double compute(double t, const std::map<std::string, double> &params)"
source66.cpp,SystemType,123,standalone,nuclear,"double computeNonLocalExp(double t, int n26)"
source66.cpp,RedDwarfUQFFModule,135,standalone,stellar,"double computeNonLocalExp(double t, int n26)"
source67.cpp,DynamicVacuumTerm,61,PhysicsTerm,vacuum,"double compute(double t, const std::map<std::string, double> &params)"
source67.cpp,QuantumCouplingTerm,90,PhysicsTerm,vacuum,"double compute(double t, const std::map<std::string, double> &params)"
source67.cpp,SystemType,123,standalone,nuclear,"double computeNonLocalExp(double alpha, double r, double r0)"
source67.cpp,InertiaUQFFModule,133,standalone,unified,"double computeNonLocalExp(double alpha, double r, double r0)"
source68.cpp,DynamicVacuumTerm,61,PhysicsTerm,vacuum,"double compute(double t, const std::map<std::string, double> &params)"
source68.cpp,QuantumCouplingTerm,90,PhysicsTerm,vacuum,"double compute(double t, const std::map<std::string, double> &params)"
source68.cpp,SystemType,123,standalone,nuclear,double computeE0()
source68.cpp,HydrogenUQFFModule,132,standalone,nuclear,double computeE0()
source69.cpp,DynamicVacuumTerm,58,PhysicsTerm,vacuum,"double compute(double t, const std::map<std::string, double> &params)"
source69.cpp,QuantumCouplingTerm,87,PhysicsTerm,vacuum,"double compute(double t, const std::map<std::string, double> &params)"
source69.cpp,UQFFCompressionModule,120,standalone,gravity,double computeHtz(double z_val)
source70.cpp,DynamicVacuumTerm,58,PhysicsTerm,vacuum,"double compute(double t, const std::map<std::string, double> &params)"
source70.cpp,QuantumCouplingTerm,87,PhysicsTerm,vacuum,"double compute(double t, const std::map<std::string, double> &params)"
source70.cpp,M51UQFFModule,120,standalone,galactic,double computeHtz(double z_val)
source71.cpp,DynamicVacuumTerm,58,PhysicsTerm,vacuum,"double compute(double t, const std::map<std::string, double> &params)"
source71.cpp,QuantumCouplingTerm,87,PhysicsTerm,vacuum,"double compute(double t, const std::map<std::string, double> &params)"
source71.cpp,NGC1316UQFFModule,120,standalone,galactic,double computeHtz(double z_val)
source72.cpp,DynamicVacuumTerm,59,PhysicsTerm,vacuum,"double compute(double t, const std::map<std::string, double>& params)"
source72.cpp,QuantumCouplingTerm,88,PhysicsTerm,vacuum,"double compute(double t, const std::map<std::string, double>& params)"
source72.cpp,V838MonUQFFModule,121,standalone,unified,"double computeUg1(double t, double r)"
source73.cpp,DynamicVacuumTerm,59,PhysicsTerm,vacuum,"double compute(double t, const std::map<std::string, double>& params)"
source73.cpp,QuantumCouplingTerm,88,PhysicsTerm,vacuum,"double compute(double t, const std::map<std::string, double>& params)"
source73.cpp,NGC1300UQFFModule,121,standalone,galactic,double computeHtz(double z_val)
source74.cpp,DynamicVacuumTerm,58,PhysicsTerm,vacuum,"double compute(double t, const std::map<std::string, double>& params)"
source74.cpp,QuantumCouplingTerm,87,PhysicsTerm,vacuum,"double compute(double t, const std::map<std::string, double>& params)"
source74.cpp,UQFFCompressedResonanceModule,120,standalone,gravity,double computeHtz(double z_val)
source76.cpp,DynamicVacuumTerm,59,PhysicsTerm,vacuum,"double compute(double t, const std::map<std::string, double>& params)"
source76.cpp,QuantumCouplingTerm,88,PhysicsTerm,vacuum,"double compute(double t, const std::map<std::string, double>& params)"
source76.cpp,NGC2264UQFFModule,121,standalone,galactic,double computeHtz(double z_val)
source77.cpp,DynamicVacuumTerm,59,PhysicsTerm,vacuum,"double compute(double t, const std::map<std::string, double>& params)"
source77.cpp,QuantumCouplingTerm,88,PhysicsTerm,vacuum,"double compute(double t, const std::map<std::string, double>& params)"
source77.cpp,UGC10214UQFFModule,121,standalone,unified,double computeHtz(double z_val)
source78.cpp,DynamicVacuumTerm,59,PhysicsTerm,vacuum,"double compute(double t, const std::map<std::string, double>& params)"
source78.cpp,QuantumCouplingTerm,88,PhysicsTerm,vacuum,"double compute(double t, const std::map<std::string, double>& params)"
source78.cpp,NGC4676UQFFModule,121,standalone,galactic,double computeHtz(double z_val)
source79.cpp,DynamicVacuumTerm,59,PhysicsTerm,vacuum,"double compute(double t, const std::map<std::string, double>& params)"
source79.cpp,QuantumCouplingTerm,88,PhysicsTerm,vacuum,"double compute(double t, const std::map<std::string, double>& params)"
source79.cpp,RedSpiderUQFFModule,121,standalone,unified,double computeFreqSuper(double t)
source80.cpp,DynamicVacuumTerm,59,PhysicsTerm,vacuum,"double compute(double t, const std::map<std::string, double>& params)"
source80.cpp,QuantumCouplingTerm,88,PhysicsTerm,vacuum,"double compute(double t, const std::map<std::string, double>& params)"
source80.cpp,SMBHBinaryUQFFModule,121,standalone,gravity,double computeFreqSuper(double t)
source81.cpp,DynamicVacuumTerm,59,PhysicsTerm,vacuum,"double compute(double t, const std::map<std::string, double>& params)"
source81.cpp,QuantumCouplingTerm,88,PhysicsTerm,vacuum,"double compute(double t, const std::map<std::string, double>& params)"
source81.cpp,NGC346UQFFModule,121,standalone,galactic,double computeHtz(double z_val)
source82.cpp,DynamicVacuumTerm,60,PhysicsTerm,vacuum,"double compute(double t, const std::map<std::string, double>& params)"
source82.cpp,QuantumCouplingTerm,89,PhysicsTerm,vacuum,"double compute(double t, const std::map<std::string, double>& params)"
source82.cpp,SMBHUQFFModule,122,standalone,gravity,double computeCosmicTime(double z_val)
source83.cpp,DynamicVacuumTerm,58,PhysicsTerm,vacuum,"double compute(double t, const std::map<std::string, double> &params)"
source83.cpp,QuantumCouplingTerm,87,PhysicsTerm,vacuum,"double compute(double t, const std::map<std::string, double> &params)"
source83.cpp,LENRUQFFModule,120,standalone,unified,double computePlasmaFreq(double rho_e_val)
source84.cpp,DynamicVacuumTerm,59,PhysicsTerm,vacuum,"double compute(double t, const std::map<std::string, double>& params)"
source84.cpp,QuantumCouplingTerm,88,PhysicsTerm,vacuum,"double compute(double t, const std::map<std::string, double>& params)"
source84.cpp,LENRCalibUQFFModule,121,standalone,unified,double computeMuJ(double t)
source85.cpp,DynamicVacuumTerm,59,PhysicsTerm,vacuum,"double compute(double t, const std::map<std::string, double>& params)"
source85.cpp,QuantumCouplingTerm,88,PhysicsTerm,vacuum,"double compute(double t, const std::map<std::string, double>& params)"
source85.cpp,NGC346UQFFModule,121,standalone,galactic,double computeHtz(double z_val)
source86.cpp,DynamicVacuumTerm,63,PhysicsTerm,vacuum,"double compute(double t, const std::map<std::string, double> &params)"
source86.cpp,QuantumCouplingTerm,92,PhysicsTerm,vacuum,"double compute(double t, const std::map<std::string, double> &params)"
source86.cpp,SystemType,125,standalone,gravity,"double computeH(double t, double z)"
source86.cpp,MUGEModule,136,standalone,gravity,"double computeH(double t, double z)"
source87.cpp,DynamicVacuumTerm,60,PhysicsTerm,vacuum,"double compute(double t, const std::map<std::string, double> &params)"
source87.cpp,QuantumCouplingTerm,89,PhysicsTerm,vacuum,"double compute(double t, const std::map<std::string, double> &params)"
source87.cpp,SystemType,122,standalone,magnetic,double computeHz(double z)
source87.cpp,MUGEResonanceModule,138,standalone,resonance,double computeHz(double z)
source88.cpp,DynamicVacuumTerm,61,PhysicsTerm,vacuum,"double compute(double t, const std::map<std::string, double>& params)"
source88.cpp,QuantumCouplingTerm,90,PhysicsTerm,vacuum,"double compute(double t, const std::map<std::string, double>& params)"
source88.cpp,AndromedaUQFFModule,123,standalone,galactic,double computeHz()
source89.cpp,DynamicVacuumTerm,61,PhysicsTerm,vacuum,"double compute(double t, const std::map<std::string, double>& params)"
source89.cpp,QuantumCouplingTerm,90,PhysicsTerm,vacuum,"double compute(double t, const std::map<std::string, double>& params)"
source89.cpp,AetherCouplingModule,123,standalone,vacuum,double computeT_s()
source90.cpp,DynamicVacuumTerm,61,PhysicsTerm,vacuum,"double compute(double t, const std::map<std::string, double>& params)"
source90.cpp,QuantumCouplingTerm,90,PhysicsTerm,vacuum,"double compute(double t, const std::map<std::string, double>& params)"
source90.cpp,BackgroundAetherModule,123,standalone,vacuum,double computeT_s()
source91.cpp,DynamicVacuumTerm,62,PhysicsTerm,vacuum,"double compute(double t, const std::map<std::string, double> &params)"
source91.cpp,QuantumCouplingTerm,91,PhysicsTerm,vacuum,"double compute(double t, const std::map<std::string, double> &params)"
source91.cpp,DPMModule,124,standalone,vacuum,double computeSCmEnergy()
source92.cpp,DynamicVacuumTerm,59,PhysicsTerm,vacuum,"double compute(double t, const std::map<std::string, double> &params)"
source92.cpp,QuantumCouplingTerm,88,PhysicsTerm,vacuum,"double compute(double t, const std::map<std::string, double> &params)"
source92.cpp,BuoyancyCouplingModule,121,standalone,vacuum,double computeBeta(int i)
source93.cpp,DynamicVacuumTerm,58,PhysicsTerm,vacuum,"double compute(double t, const std::map<std::string, double> &params)"
source93.cpp,QuantumCouplingTerm,87,PhysicsTerm,vacuum,"double compute(double t, const std::map<std::string, double> &params)"
source93.cpp,SolarWindBuoyancyModule,120,standalone,vacuum,double computeU_b1()
source94.cpp,DynamicVacuumTerm,59,PhysicsTerm,vacuum,"double compute(double t, const std::map<std::string, double> &params)"
source94.cpp,QuantumCouplingTerm,88,PhysicsTerm,vacuum,"double compute(double t, const std::map<std::string, double> &params)"
source94.cpp,UgCouplingModule,121,standalone,vacuum,double computeK_i(int i)
source95.cpp,DynamicVacuumTerm,60,PhysicsTerm,vacuum,"double compute(double t, const std::map<std::string, double>& params)"
source95.cpp,QuantumCouplingTerm,86,PhysicsTerm,vacuum,"double compute(double t, const std::map<std::string, double>& params)"
source95.cpp,MagneticStringModule,116,standalone,magnetic,double computeRj(int j)
source96.cpp,DynamicVacuumTerm,58,PhysicsTerm,vacuum,"double compute(double t, const std::map<std::string, double> &params)"
source96.cpp,QuantumCouplingTerm,87,PhysicsTerm,vacuum,"double compute(double t, const std::map<std::string, double> &params)"
source96.cpp,GalacticDistanceModule,120,standalone,gravity,double computeDgInLy()
source97.cpp,DynamicVacuumTerm,59,PhysicsTerm,vacuum,"double compute(double t, const std::map<std::string, double>& params)"
source97.cpp,QuantumCouplingTerm,88,PhysicsTerm,vacuum,"double compute(double t, const std::map<std::string, double>& params)"
source97.cpp,FeedbackFactorModule,121,standalone,vacuum,double computeDeltaM_BH()
source98.cpp,DynamicVacuumTerm,59,PhysicsTerm,vacuum,"double compute(double t, const std::map<std::string, double>& params)"
source98.cpp,QuantumCouplingTerm,88,PhysicsTerm,vacuum,"double compute(double t, const std::map<std::string, double>& params)"
source98.cpp,UnifiedFieldModule,121,standalone,magnetic,double computeUgSum()
source100.cpp,DynamicVacuumTerm,58,PhysicsTerm,vacuum,"double compute(double t, const std::map<std::string, double> &params)"
source100.cpp,QuantumCouplingTerm,87,PhysicsTerm,vacuum,"double compute(double t, const std::map<std::string, double> &params)"
source100.cpp,HeavisideFractionModule,120,standalone,magnetic,double computeHeavisideFactor()
source101.cpp,DynamicVacuumTerm,58,PhysicsTerm,vacuum,"double compute(double t, const std::map<std::string, double> &params)"
source101.cpp,QuantumCouplingTerm,87,PhysicsTerm,vacuum,"double compute(double t, const std::map<std::string, double> &params)"
source101.cpp,HeliosphereThicknessModule,120,standalone,vacuum,double computeH_SCm()
source102.cpp,DynamicVacuumTerm,60,PhysicsTerm,vacuum,"double compute(double t, const std::map<std::string, double>& params)"
source102.cpp,QuantumCouplingTerm,89,PhysicsTerm,vacuum,"double compute(double t, const std::map<std::string, double>& params)"
source102.cpp,UgIndexModule,122,standalone,magnetic,double computeU_gi(int i)
source103.cpp,DynamicVacuumTerm,59,PhysicsTerm,vacuum,"double compute(double t, const std::map<std::string, double>& params)"
source103.cpp,QuantumCouplingTerm,88,PhysicsTerm,vacuum,"double compute(double t, const std::map<std::string, double>& params)"
source103.cpp,InertiaCouplingModule,121,standalone,vacuum,double computeLambda_i(int i)
source104.cpp,DynamicVacuumTerm,58,PhysicsTerm,vacuum,"double compute(double t, const std::map<std::string, double> &params)"
source104.cpp,QuantumCouplingTerm,87,PhysicsTerm,vacuum,"double compute(double t, const std::map<std::string, double> &params)"
source104.cpp,MagneticMomentModule,120,standalone,magnetic,"double computeMu_j(int j, double t)"
source105.cpp,DynamicVacuumTerm,58,PhysicsTerm,vacuum,"double compute(double t, const std::map<std::string, double> &params)"
source105.cpp,QuantumCouplingTerm,87,PhysicsTerm,vacuum,"double compute(double t, const std::map<std::string, double> &params)"
source105.cpp,GalacticBlackHoleModule,120,standalone,gravity,double computeM_bhInMsun()
source106.cpp,DynamicVacuumTerm,58,PhysicsTerm,vacuum,"double compute(double t, const std::map<std::string, double> &params)"
source106.cpp,QuantumCouplingTerm,87,PhysicsTerm,vacuum,"double compute(double t, const std::map<std::string, double> &params)"
source106.cpp,NegativeTimeModule,120,standalone,vacuum,double computeCosPiTn(double t_n)
source107.cpp,DynamicVacuumTerm,58,PhysicsTerm,vacuum,"double compute(double t, const std::map<std::string, double> &params)"
source107.cpp,QuantumCouplingTerm,87,PhysicsTerm,vacuum,"double compute(double t, const std::map<std::string, double> &params)"
source107.cpp,PiConstantModule,120,standalone,vacuum,double computeCosPiTn(double t_n)
source108.cpp,DynamicVacuumTerm,58,PhysicsTerm,vacuum,"double compute(double t, const std::map<std::string, double> &params)"
source108.cpp,QuantumCouplingTerm,87,PhysicsTerm,vacuum,"double compute(double t, const std::map<std::string, double> &params)"
source108.cpp,CorePenetrationModule,120,standalone,magnetic,double computeU_g3(double t)
source109.cpp,DynamicVacuumTerm,58,PhysicsTerm,vacuum,"double compute(double t, const std::map<std::string, double> &params)"
source109.cpp,QuantumCouplingTerm,87,PhysicsTerm,vacuum,"double compute(double t, const std::map<std::string, double> &params)"
source109.cpp,QuasiLongitudinalModule,120,standalone,magnetic,double computeQuasiFactor()
source110.cpp,DynamicVacuumTerm,58,PhysicsTerm,vacuum,"double compute(double t, const std::map<std::string, double> &params)"
source110.cpp,QuantumCouplingTerm,87,PhysicsTerm,vacuum,"double compute(double t, const std::map<std::string, double> &params)"
source110.cpp,OuterFieldBubbleModule,120,standalone,magnetic,double computeS_r_Rb(double r)
source111.cpp,DynamicVacuumTerm,58,PhysicsTerm,vacuum,"double compute(double t, const std::map<std::string, double> &params)"
source111.cpp,QuantumCouplingTerm,87,PhysicsTerm,vacuum,"double compute(double t, const std::map<std::string, double> &params)"
source111.cpp,ReciprocationDecayModule,120,standalone,magnetic,double computeGamma_s()
source112.cpp,DynamicVacuumTerm,58,PhysicsTerm,vacuum,"double compute(double t, const std::map<std::string, double> &params)"
source112.cpp,QuantumCouplingTerm,87,PhysicsTerm,vacuum,"double compute(double t, const std::map<std::string, double> &params)"
source112.cpp,ScmPenetrationModule,120,standalone,magnetic,double computeUmBase(double t)
source113.cpp,DynamicVacuumTerm,58,PhysicsTerm,vacuum,"double compute(double t, const std::map<std::string, double> &params)"
source113.cpp,QuantumCouplingTerm,87,PhysicsTerm,vacuum,"double compute(double t, const std::map<std::string, double> &params)"
source113.cpp,ScmReactivityDecayModule,120,standalone,vacuum,double computeKappa_s()
source114.cpp,DynamicVacuumTerm,58,PhysicsTerm,vacuum,"double compute(double t, const std::map<std::string, double> &params)"
source114.cpp,QuantumCouplingTerm,87,PhysicsTerm,vacuum,"double compute(double t, const std::map<std::string, double> &params)"
source114.cpp,SolarCycleFrequencyModule,120,standalone,resonance,double computeOmega_c()
source115.cpp,DynamicVacuumTerm,57,PhysicsTerm,vacuum,"double compute(double t, const std::map<std::string, double> &params)"
source115.cpp,QuantumCouplingTerm,86,PhysicsTerm,vacuum,"double compute(double t, const std::map<std::string, double> &params)"
source115.cpp,SolarWindModulationModule,119,standalone,vacuum,double computeModulationFactor()
source116.cpp,DynamicVacuumTerm,58,PhysicsTerm,vacuum,"double compute(double t, const std::map<std::string, double> &params)"
source116.cpp,QuantumCouplingTerm,87,PhysicsTerm,vacuum,"double compute(double t, const std::map<std::string, double> &params)"
source116.cpp,SolarWindVelocityModule,120,standalone,vacuum,double computeModulationFactor()
source117.cpp,DynamicVacuumTerm,58,PhysicsTerm,vacuum,"double compute(double t, const std::map<std::string, double> &params)"
source117.cpp,QuantumCouplingTerm,87,PhysicsTerm,vacuum,"double compute(double t, const std::map<std::string, double> &params)"
source117.cpp,StellarMassModule,120,standalone,gravity,double computeM_sOverR2(double r)
source118.cpp,DynamicVacuumTerm,62,PhysicsTerm,vacuum,"double compute(double t, const std::map<std::string, double> &params)"
source118.cpp,QuantumCouplingTerm,91,PhysicsTerm,vacuum,"double compute(double t, const std::map<std::string, double> &params)"
source118.cpp,StellarRotationModule,124,standalone,stellar,double computeOmega_s_t(double t)
source119.cpp,DynamicVacuumTerm,57,PhysicsTerm,vacuum,"double compute(double t, const std::map<std::string, double> &params)"
source119.cpp,QuantumCouplingTerm,86,PhysicsTerm,vacuum,"double compute(double t, const std::map<std::string, double> &params)"
source119.cpp,StepFunctionModule,119,standalone,vacuum,double computeS_r_Rb(double r)
source120.cpp,DynamicVacuumTerm,59,PhysicsTerm,vacuum,"double compute(double t, const std::map<std::string, double> &params)"
source120.cpp,QuantumCouplingTerm,88,PhysicsTerm,vacuum,"double compute(double t, const std::map<std::string, double> &params)"
source120.cpp,StressEnergyTensorModule,121,standalone,vacuum,double computeT_s()
source121.cpp,DynamicVacuumTerm,58,PhysicsTerm,vacuum,"double compute(double t, const std::map<std::string, double> &params)"
source121.cpp,QuantumCouplingTerm,87,PhysicsTerm,vacuum,"double compute(double t, const std::map<std::string, double> &params)"
source121.cpp,SurfaceMagneticFieldModule,120,standalone,magnetic,"double computeB_j(double t, double B_s)"
source122.cpp,DynamicVacuumTerm,57,PhysicsTerm,vacuum,"double compute(double t, const std::map<std::string, double> &params)"
source122.cpp,QuantumCouplingTerm,86,PhysicsTerm,vacuum,"double compute(double t, const std::map<std::string, double> &params)"
source122.cpp,SurfaceTemperatureModule,119,standalone,magnetic,"double computeB_j_hypothetical(double t, double T_s)"
source123.cpp,DynamicVacuumTerm,58,PhysicsTerm,vacuum,"double compute(double t, const std::map<std::string, double> &params)"
source123.cpp,QuantumCouplingTerm,87,PhysicsTerm,vacuum,"double compute(double t, const std::map<std::string, double> &params)"
source123.cpp,TimeReversalZoneModule,120,standalone,vacuum,double computeTRZFactor()
source124.cpp,DynamicVacuumTerm,62,PhysicsTerm,vacuum,"double compute(double t, const std::map<std::string, double> &params)"
source124.cpp,QuantumCouplingTerm,91,PhysicsTerm,vacuum,"double compute(double t, const std::map<std::string, double> &params)"
source124.cpp,Ug1DefectModule,124,standalone,magnetic,double computeDelta_def(double t_day)
source125.cpp,DynamicVacuumTerm,59,PhysicsTerm,vacuum,"double compute(double t, const std::map<std::string, double> &params)"
source125.cpp,QuantumCouplingTerm,88,PhysicsTerm,vacuum,"double compute(double t, const std::map<std::string, double> &params)"
source125.cpp,Ug3DiskVectorModule,121,standalone,magnetic,double computeUmBase(double t)
source126.cpp,DynamicVacuumTerm,59,PhysicsTerm,vacuum,"double compute(double t, const std::map<std::string, double> &params)"
source126.cpp,QuantumCouplingTerm,88,PhysicsTerm,vacuum,"double compute(double t, const std::map<std::string, double> &params)"
source126.cpp,AetherVacuumDensityModule,121,standalone,vacuum,double computeT_s()
source127.cpp,DynamicVacuumTerm,58,PhysicsTerm,vacuum,"double compute(double t, const std::map<std::string, double> &params)"
source127.cpp,QuantumCouplingTerm,87,PhysicsTerm,vacuum,"double compute(double t, const std::map<std::string, double> &params)"
source127.cpp,UniversalInertiaVacuumModule,120,standalone,vacuum,"double computeU_i_base(double t, double t_n)"
source128.cpp,DynamicVacuumTerm,58,PhysicsTerm,vacuum,"double compute(double t, const std::map<std::string, double> &params)"
source128.cpp,QuantumCouplingTerm,87,PhysicsTerm,vacuum,"double compute(double t, const std::map<std::string, double> &params)"
source128.cpp,ScmVacuumDensityModule,120,standalone,vacuum,double computeU_g2_base(double r)
source129.cpp,DynamicVacuumTerm,58,PhysicsTerm,vacuum,"double compute(double t, const std::map<std::string, double> &params)"
source129.cpp,QuantumCouplingTerm,87,PhysicsTerm,vacuum,"double compute(double t, const std::map<std::string, double> &params)"
source129.cpp,UaVacuumDensityModule,120,standalone,vacuum,double computeU_g2_base(double r)
source130.cpp,DynamicVacuumTerm,58,PhysicsTerm,vacuum,"double compute(double t, const std::map<std::string, double> &params)"
source130.cpp,QuantumCouplingTerm,87,PhysicsTerm,vacuum,"double compute(double t, const std::map<std::string, double> &params)"
source130.cpp,UniversalInertiaVacuumModule,120,standalone,vacuum,"double computeU_i_base(double t, double t_n)"
source131.cpp,DynamicVacuumTerm,58,PhysicsTerm,vacuum,"double compute(double t, const std::map<std::string, double> &params)"
source131.cpp,QuantumCouplingTerm,87,PhysicsTerm,vacuum,"double compute(double t, const std::map<std::string, double> &params)"
source131.cpp,ScmVelocityModule,120,standalone,vacuum,double computeE_react_base()
source132.cpp,DynamicVacuumTerm,58,PhysicsTerm,vacuum,"double compute(double t, const std::map<std::string, double> &params)"
source132.cpp,QuantumCouplingTerm,87,PhysicsTerm,vacuum,"double compute(double t, const std::map<std::string, double> &params)"
source132.cpp,ButterflyNebulaUQFFModule,120,standalone,stellar,double computeDPM_momentum_term(double r)
source133.cpp,DynamicVacuumTerm,58,PhysicsTerm,vacuum,"double compute(double t, const std::map<std::string, double> &params)"
source133.cpp,QuantumCouplingTerm,87,PhysicsTerm,vacuum,"double compute(double t, const std::map<std::string, double> &params)"
source133.cpp,CentaurusAUQFFModule,120,standalone,unified,double computeDPM_momentum_term(double r)
source134.cpp,DynamicVacuumTerm,67,PhysicsTerm,vacuum,"double compute(double t, const std::map<std::string, double> &params)"
source134.cpp,QuantumCouplingTerm,96,PhysicsTerm,vacuum,"double compute(double t, const std::map<std::string, double> &params)"
source134.cpp,Abell2256UQFFModule,129,standalone,unified,cdouble computeIntegrand(double t)
source135.cpp,DynamicVacuumTerm,64,PhysicsTerm,vacuum,"double compute(double t, const std::map<std::string, double>& params)"
source135.cpp,QuantumCouplingTerm,93,PhysicsTerm,vacuum,"double compute(double t, const std::map<std::string, double>& params)"
source135.cpp,ASASSN14liUQFFModule,126,standalone,unified,cdouble computeIntegrand(double t)
source136.cpp,DynamicVacuumTerm,64,PhysicsTerm,vacuum,"double compute(double t, const std::map<std::string, double>& params)"
source136.cpp,QuantumCouplingTerm,93,PhysicsTerm,vacuum,"double compute(double t, const std::map<std::string, double>& params)"
source136.cpp,CentaurusAUQFFModule,126,standalone,unified,cdouble computeIntegrand(double t)
source137.cpp,DynamicVacuumTerm,64,PhysicsTerm,vacuum,"double compute(double t, const std::map<std::string, double>& params)"
source137.cpp,QuantumCouplingTerm,93,PhysicsTerm,vacuum,"double compute(double t, const std::map<std::string, double>& params)"
source137.cpp,CrabNebulaUQFFModule,126,standalone,stellar,cdouble computeIntegrand(double t)
source138.cpp,DynamicVacuumTerm,64,PhysicsTerm,vacuum,"double compute(double t, const std::map<std::string, double>& params)"
source138.cpp,QuantumCouplingTerm,93,PhysicsTerm,vacuum,"double compute(double t, const std::map<std::string, double>& params)"
source138.cpp,ElGordoUQFFModule,126,standalone,unified,cdouble computeIntegrand(double t)
source139.cpp,DynamicVacuumTerm,63,PhysicsTerm,vacuum,"double compute(double t, const std::map<std::string, double>& params)"
source139.cpp,QuantumCouplingTerm,92,PhysicsTerm,vacuum,"double compute(double t, const std::map<std::string, double>& params)"
source139.cpp,ESO137UQFFModule,125,standalone,unified,cdouble computeIntegrand(double t)
source140.cpp,DynamicVacuumTerm,64,PhysicsTerm,vacuum,"double compute(double t, const std::map<std::string, double>& params)"
source140.cpp,QuantumCouplingTerm,93,PhysicsTerm,vacuum,"double compute(double t, const std::map<std::string, double>& params)"
source140.cpp,IC2163UQFFModule,126,standalone,unified,cdouble computeIntegrand(double t)
source141.cpp,DynamicVacuumTerm,64,PhysicsTerm,vacuum,"double compute(double t, const std::map<std::string, double>& params)"
source141.cpp,QuantumCouplingTerm,93,PhysicsTerm,vacuum,"double compute(double t, const std::map<std::string, double>& params)"
source141.cpp,J1610UQFFModule,126,standalone,unified,cdouble computeIntegrand(double t)
source142.cpp,DynamicVacuumTerm,64,PhysicsTerm,vacuum,"double compute(double t, const std::map<std::string, double>& params)"
source142.cpp,QuantumCouplingTerm,93,PhysicsTerm,vacuum,"double compute(double t, const std::map<std::string, double>& params)"
source142.cpp,JupiterAuroraeUQFFModule,126,standalone,unified,cdouble computeIntegrand(double t)
source143.cpp,DynamicVacuumTerm,63,PhysicsTerm,vacuum,"double compute(double t, const std::map<std::string, double>& params)"
source143.cpp,QuantumCouplingTerm,92,PhysicsTerm,vacuum,"double compute(double t, const std::map<std::string, double>& params)"
source143.cpp,LagoonNebulaUQFFModule,125,standalone,stellar,cdouble computeIntegrand(double t)
source144.cpp,DynamicVacuumTerm,64,PhysicsTerm,vacuum,"double compute(double t, const std::map<std::string, double>& params)"
source144.cpp,QuantumCouplingTerm,93,PhysicsTerm,vacuum,"double compute(double t, const std::map<std::string, double>& params)"
source144.cpp,LagoonNebulaUQFFModule,126,standalone,stellar,cdouble computeIntegrand(double t)
source145.cpp,DynamicVacuumTerm,64,PhysicsTerm,vacuum,"double compute(double t, const std::map<std::string, double>& params)"
source145.cpp,QuantumCouplingTerm,93,PhysicsTerm,vacuum,"double compute(double t, const std::map<std::string, double>& params)"
source145.cpp,M87JetUQFFModule,126,standalone,unified,cdouble computeIntegrand(double t)
source146.cpp,DynamicVacuumTerm,64,PhysicsTerm,vacuum,"double compute(double t, const std::map<std::string, double>& params)"
source146.cpp,QuantumCouplingTerm,93,PhysicsTerm,vacuum,"double compute(double t, const std::map<std::string, double>& params)"
source146.cpp,NGC1365UQFFModule,126,standalone,galactic,cdouble computeIntegrand(double t)
source147.cpp,DynamicVacuumTerm,69,PhysicsTerm,vacuum,"double compute(double t, const std::map<std::string, double>& params)"
source147.cpp,QuantumCouplingTerm,98,PhysicsTerm,vacuum,"double compute(double t, const std::map<std::string, double>& params)"
source147.cpp,NGC2207UQFFModule,131,standalone,galactic,cdouble computeIntegrand(double t)
source148.cpp,DynamicVacuumTerm,64,PhysicsTerm,vacuum,"double compute(double t, const std::map<std::string, double>& params)"
source148.cpp,QuantumCouplingTerm,93,PhysicsTerm,vacuum,"double compute(double t, const std::map<std::string, double>& params)"
source148.cpp,RAquariiUQFFModule,126,standalone,unified,cdouble computeIntegrand(double t)
source149.cpp,DynamicVacuumTerm,64,PhysicsTerm,vacuum,"double compute(double t, const std::map<std::string, double>& params)"
source149.cpp,QuantumCouplingTerm,93,PhysicsTerm,vacuum,"double compute(double t, const std::map<std::string, double>& params)"
source149.cpp,SgrAStarUQFFModule,126,standalone,stellar,cdouble computeIntegrand(double t)
source150.cpp,DynamicVacuumTerm,64,PhysicsTerm,vacuum,"double compute(double t, const std::map<std::string, double>& params)"
source150.cpp,QuantumCouplingTerm,93,PhysicsTerm,vacuum,"double compute(double t, const std::map<std::string, double>& params)"
source150.cpp,SPTCLJ2215UQFFModule,126,standalone,unified,cdouble computeIntegrand(double t)
source151.cpp,DynamicVacuumTerm,63,PhysicsTerm,vacuum,"double compute(double t, const std::map<std::string, double> &params)"
source151.cpp,QuantumCouplingTerm,92,PhysicsTerm,vacuum,"double compute(double t, const std::map<std::string, double> &params)"
source151.cpp,StephanQuintetUQFFModule,125,standalone,unified,cdouble computeIntegrand(double t)
source152.cpp,DynamicVacuumTerm,64,PhysicsTerm,vacuum,"double compute(double t, const std::map<std::string, double>& params)"
source152.cpp,QuantumCouplingTerm,93,PhysicsTerm,vacuum,"double compute(double t, const std::map<std::string, double>& params)"
source152.cpp,VelaPulsarUQFFModule,126,standalone,stellar,cdouble computeIntegrand(double t)
source153.cpp,DynamicVacuumTerm,64,PhysicsTerm,vacuum,"double compute(double t, const std::map<std::string, double>& params)"
source153.cpp,QuantumCouplingTerm,93,PhysicsTerm,vacuum,"double compute(double t, const std::map<std::string, double>& params)"
source153.cpp,Abell2256UQFFModule,126,standalone,unified,cdouble computeIntegrand(double t)
source154.cpp,HydrogenResonanceUQFFModule,26,standalone,nuclear,"cdouble computeA_res(int Z, int A)"
source154.cpp,SurfaceMagneticFieldModule,69,standalone,magnetic,"double computeB_j(double t, double B_s)"
source155.cpp,UQFFBuoyancyModule,26,standalone,unified,"cdouble computeIntegrand(double t, const std::string& system)"
source155.cpp,SurfaceMagneticFieldModule,72,standalone,magnetic,double computeB_s_min()
source156.cpp,DynamicVacuumTerm,65,PhysicsTerm,vacuum,"double compute(double t, const std::map<std::string, double>& params)"
source156.cpp,QuantumCouplingTerm,94,PhysicsTerm,vacuum,"double compute(double t, const std::map<std::string, double>& params)"
source156.cpp,UQFFBuoyancyCNBModule,127,standalone,unified,"cdouble computeIntegrand(double t, const std::string& system)"
source156.cpp,SurfaceMagneticFieldModule,560,standalone,magnetic,"double computeGradient(const std::string& var, const std::string& target)"
source157.cpp,DynamicVacuumTerm,54,PhysicsTerm,vacuum,"double compute(double t, const std::map<std::string, double> &params)"
source157.cpp,QuantumCouplingTerm,83,PhysicsTerm,vacuum,"double compute(double t, const std::map<std::string, double> &params)"
source157.cpp,UQFFBuoyancyModule157,116,standalone,unified,double computeUb1(const std::string &system)
source157.cpp,SurfaceMagneticFieldModule,374,standalone,magnetic,"double computeGradient(const std::string &var, const std::string &target)"
source158.cpp,DynamicVacuumTerm,64,PhysicsTerm,vacuum,"double compute(double t, const std::map<std::string, double>& params)"
source158.cpp,QuantumCouplingTerm,93,PhysicsTerm,vacuum,"double compute(double t, const std::map<std::string, double>& params)"
source158.cpp,UQFFBuoyancyModule,126,standalone,unified,"cdouble computeIntegrand(double t, const std::string& system)"
source158.cpp,SurfaceMagneticFieldModule,184,standalone,magnetic,double computeB_s_min()
source159.cpp,DynamicVacuumTerm,63,PhysicsTerm,vacuum,"double compute(double t, const std::map<std::string, double> &params)"
source159.cpp,QuantumCouplingTerm,92,PhysicsTerm,vacuum,"double compute(double t, const std::map<std::string, double> &params)"
source159.cpp,UQFFBuoyancyModule,125,standalone,unified,"cdouble computeIntegrand(double t, const std::string &system)"
source159.cpp,SurfaceMagneticFieldModule,254,standalone,magnetic,"double computeB_j(double t, double B_s)"
source160.cpp,UQFFBuoyancyModule,26,standalone,unified,"cdouble computeIntegrand(double t, const std::string &system)"
source161.cpp,DynamicVacuumTerm,65,PhysicsTerm,vacuum,"double compute(double t, const std::map<std::string, double> &params)"
source161.cpp,QuantumCouplingTerm,94,PhysicsTerm,vacuum,"double compute(double t, const std::map<std::string, double> &params)"
source161.cpp,UQFFBuoyancyAstroModule,127,standalone,unified,"cdouble computeIntegrand(double t, const std::string &system)"
source162.cpp,DynamicVacuumTerm,65,PhysicsTerm,vacuum,"double compute(double t, const std::map<std::string, double>& params)"
source162.cpp,QuantumCouplingTerm,94,PhysicsTerm,vacuum,"double compute(double t, const std::map<std::string, double>& params)"
source162.cpp,UQFFBuoyancyCNBModule,127,standalone,unified,"cdouble computeIntegrand(double t, const std::string& system)"
source163.cpp,AstroSystemsUQFFModule,36,standalone,unified,"cdouble computeIntegrand(double t, const std::string &system)"
source164.cpp,UQFFNebulaTriadicModule,40,standalone,stellar,"cdouble computeIntegrand(double t, const std::string &system)"
source165.cpp,UQFFBuoyancyModule,34,standalone,unified,"cdouble computeIntegrand(double t, const std::string &system)"
source166.cpp,UQFF8AstroSystemsModule,35,standalone,unified,"cdouble computeIntegrand(double t, const std::string &system)"
source167.cpp,UQFFCoreModule,75,standalone,unified,"double calculate_U_g1(const std::vector<DPMVars> &vars, GeometryType geom = SPHERICAL)"
source167.cpp,UQFFSystem,225,standalone,unified,"double calculate_master_force(const std::vector<DPMVars> &vars, const UQFFCoreModule &core)"
source168.cpp,UQFFBuoyancyCore,86,standalone,unified,double calculate_F_LENR(double omega0)
source168.cpp,UQFFBuoyancySystem,134,standalone,unified,double calculate_master_buoyancy(const UQFFBuoyancyCore &core)
source169.cpp,UQFFCassiniCore,72,standalone,unified,
source169.cpp,UQFFCassiniSystem,110,standalone,unified,
source170.cpp,UQFFMultiAstroCore,84,standalone,unified,
source170.cpp,UQFFMultiAstroSystem,120,standalone,unified,
source171.cpp,UQFFEightAstroCore,93,standalone,unified,
source171.cpp,UQFFEightAstroSystem,148,standalone,unified,
source171.cpp,EightAstroSystemsModule_SOURCE114,474,standalone,nuclear,
source172.cpp,PhysicsTerm_S115,42,standalone,gravity,"double compute_E_DPM_i(int i, const DPMVars &vars)"
source172.cpp,UQFFNineteenAstroCore_S115,113,standalone,unified,"double compute_E_DPM_i(int i, const DPMVars &vars)"
source172.cpp,UQFFNineteenAstroSystem_S115,217,standalone,unified,
source172.cpp,NineteenAstroSystemsModule_SOURCE115,523,standalone,gravity,"double evaluate26DPolynomial(const std::array<double, NUM_STATES> &coeffs, double x)"
source173.cpp,PI_Infinity_Decoder_S116,56,standalone,magnetic,double computeDynamicContribution(double t)
source173.cpp,WolframFieldUnityEngine_S116,69,standalone,magnetic,double computeDynamicContribution(double t)
source173.cpp,WolframFieldUnityModule_SOURCE116,532,standalone,magnetic,double computeDynamicContribution(double t)
source13_wolfram.cpp,DynamicVacuumTerm,24,PhysicsTerm,vacuum,double compute(double t)
source13_wolfram.cpp,QuantumCouplingTerm,49,PhysicsTerm,vacuum,double compute(double t)
source13_wolfram.cpp,SGR1745BaseGravityTerm,77,PhysicsTerm,gravity,double compute(double t)
source13_wolfram.cpp,SGR1745MagneticTerm,112,PhysicsTerm,magnetic,double compute(double t)
source13_wolfram.cpp,SGR1745UQFFUnificationTerm,145,PhysicsTerm,unified,double compute(double t)
source13_wolfram.cpp,SGR1745CosmologicalConstantTerm,177,PhysicsTerm,vacuum,double compute(double t)
source13_wolfram.cpp,SGR1745ElectromagneticTerm,193,PhysicsTerm,electromagnetic,double compute(double t)
source13_wolfram.cpp,SGR1745QuantumUncertaintyTerm,220,PhysicsTerm,quantum,double compute(double t)
source13_wolfram.cpp,SGR1745FluidDensityTerm,245,PhysicsTerm,fluid,double compute(double t)
source13_wolfram.cpp,SGR1745OscillatoryWaveTerm,270,PhysicsTerm,wave,double compute(double t)
source13_wolfram.cpp,SGR1745DarkMatterPerturbationTerm,295,PhysicsTerm,darkmatter,double compute(double t)
source13_wolfram.cpp,SGR1745WindFeedbackTerm,325,PhysicsTerm,stellar,double compute(double t)
source13_wolfram.cpp,SGR1745MagnetarDecayTerm,351,PhysicsTerm,magnetic,double compute(double t)
source13_wolfram.cpp,SGR1745StarburstSNeTerm,377,PhysicsTerm,stellar,double compute(double t)
source13_wolfram.cpp,SGR1745CavityPressureTerm,403,PhysicsTerm,fluid,double compute(double t)
source14_wolfram.cpp,DynamicVacuumTerm,24,PhysicsTerm,vacuum,double compute(double t)
source14_wolfram.cpp,QuantumCouplingTerm,49,PhysicsTerm,vacuum,double compute(double t)
source14_wolfram.cpp,SGR0501BaseGravityTerm,77,PhysicsTerm,gravity,double compute(double t)
source14_wolfram.cpp,SGR0501MagneticTerm,112,PhysicsTerm,magnetic,double compute(double t)
source14_wolfram.cpp,SGR0501UQFFUnificationTerm,145,PhysicsTerm,unified,double compute(double t)
source14_wolfram.cpp,SGR0501CosmologicalConstantTerm,177,PhysicsTerm,vacuum,double compute(double t)
source14_wolfram.cpp,SGR0501ElectromagneticTerm,193,PhysicsTerm,electromagnetic,double compute(double t)
source14_wolfram.cpp,SGR0501QuantumUncertaintyTerm,220,PhysicsTerm,quantum,double compute(double t)
source14_wolfram.cpp,SGR0501FluidDensityTerm,245,PhysicsTerm,fluid,double compute(double t)
source14_wolfram.cpp,SGR0501OscillatoryWaveTerm,270,PhysicsTerm,wave,double compute(double t)
source14_wolfram.cpp,SGR0501DarkMatterPerturbationTerm,295,PhysicsTerm,darkmatter,double compute(double t)
source14_wolfram.cpp,SGR0501WindFeedbackTerm,325,PhysicsTerm,stellar,double compute(double t)
source14_wolfram.cpp,SGR0501MagnetarDecayTerm,351,PhysicsTerm,magnetic,double compute(double t)
source14_wolfram.cpp,SGR0501StarburstSNeTerm,377,PhysicsTerm,stellar,double compute(double t)
source14_wolfram.cpp,SGR0501CavityPressureTerm,403,PhysicsTerm,fluid,double compute(double t)
source15_wolfram.cpp,DynamicVacuumTerm,24,PhysicsTerm,vacuum,double compute(double t)
source15_wolfram.cpp,QuantumCouplingTerm,49,PhysicsTerm,vacuum,double compute(double t)
source15_wolfram.cpp,SgrAStarBaseGravityTerm,77,PhysicsTerm,gravity,double compute(double t)
source15_wolfram.cpp,SgrAStarSchwarzschildTerm,111,PhysicsTerm,gravity,double compute(double t)
source15_wolfram.cpp,SgrAStarUQFFUnificationTerm,136,PhysicsTerm,unified,double compute(double t)
source15_wolfram.cpp,SgrAStarCosmologicalConstantTerm,168,PhysicsTerm,vacuum,double compute(double t)
source15_wolfram.cpp,SgrAStarElectromagneticTerm,184,PhysicsTerm,electromagnetic,double compute(double t)
source15_wolfram.cpp,SgrAStarQuantumUncertaintyTerm,211,PhysicsTerm,quantum,double compute(double t)
source15_wolfram.cpp,SgrAStarFluidDensityTerm,236,PhysicsTerm,fluid,double compute(double t)
source15_wolfram.cpp,SgrAStarOscillatoryWaveTerm,261,PhysicsTerm,wave,double compute(double t)
source15_wolfram.cpp,SgrAStarDarkMatterPerturbationTerm,286,PhysicsTerm,darkmatter,double compute(double t)
source15_wolfram.cpp,SgrAStarWindFeedbackTerm,316,PhysicsTerm,stellar,double compute(double t)
source15_wolfram.cpp,SgrAStarAccretionDiskTerm,342,PhysicsTerm,gravity,double compute(double t)
source15_wolfram.cpp,SgrAStarJetLaunchTerm,371,PhysicsTerm,magnetic,double compute(double t)
source15_wolfram.cpp,SgrAStarTidalDisruptionTerm,400,PhysicsTerm,gravity,double compute(double t)
source15_wolfram.cpp,SgrAStarPhotonRingTerm,430,PhysicsTerm,gravity,double compute(double t)
source15_wolfram.cpp,SgrAStarRelativisticPrecessionTerm,459,PhysicsTerm,gravity,double compute(double t)
source16_wolfram.cpp,DynamicVacuumTerm,24,PhysicsTerm,vacuum,double compute(double t)
source16_wolfram.cpp,QuantumCouplingTerm,49,PhysicsTerm,vacuum,double compute(double t)
source16_wolfram.cpp,NGC2014BaseGravityTerm,77,PhysicsTerm,gravity,double compute(double t)
source16_wolfram.cpp,NGC2014UQFFUnificationTerm,115,PhysicsTerm,unified,double compute(double t)
source16_wolfram.cpp,NGC2014CosmologicalConstantTerm,150,PhysicsTerm,vacuum,double compute(double t)
source16_wolfram.cpp,NGC2014ElectromagneticTerm,166,PhysicsTerm,electromagnetic,double compute(double t)
source16_wolfram.cpp,NGC2014QuantumUncertaintyTerm,193,PhysicsTerm,quantum,double compute(double t)
source16_wolfram.cpp,NGC2014FluidDensityTerm,218,PhysicsTerm,fluid,double compute(double t)
source16_wolfram.cpp,NGC2014OscillatoryWaveTerm,246,PhysicsTerm,wave,double compute(double t)
source16_wolfram.cpp,NGC2014DarkMatterPerturbationTerm,271,PhysicsTerm,darkmatter,double compute(double t)
source16_wolfram.cpp,NGC2014WindFeedbackTerm,304,PhysicsTerm,stellar,double compute(double t)
source16_wolfram.cpp,NGC2014SupernovaMassLossTerm,330,PhysicsTerm,stellar,double compute(double t)
source16_wolfram.cpp,NGC2014PhotoionizationTerm,358,PhysicsTerm,radiation,double compute(double t)
source16_wolfram.cpp,NGC2014RadiationPressureTerm,387,PhysicsTerm,radiation,double compute(double t)
source16_wolfram.cpp,NGC2014HII_RegionExpansionTerm,416,PhysicsTerm,fluid,double compute(double t)
source16_wolfram.cpp,NGC2014DustScatteringTerm,445,PhysicsTerm,radiation,double compute(double t)
source16_wolfram.cpp,NGC2014BinaryStarOrbitTerm,474,PhysicsTerm,gravity,double compute(double t)
source17_wolfram.cpp,DynamicVacuumTerm,24,PhysicsTerm,vacuum,double compute(double t)
source17_wolfram.cpp,QuantumCouplingTerm,49,PhysicsTerm,vacuum,double compute(double t)
source17_wolfram.cpp,Westerlund2BaseGravityTerm,77,PhysicsTerm,gravity,double compute(double t)
source17_wolfram.cpp,Westerlund2UQFFUnificationTerm,115,PhysicsTerm,unified,double compute(double t)
source17_wolfram.cpp,Westerlund2CosmologicalConstantTerm,150,PhysicsTerm,vacuum,double compute(double t)
source17_wolfram.cpp,Westerlund2ElectromagneticTerm,166,PhysicsTerm,electromagnetic,double compute(double t)
source17_wolfram.cpp,Westerlund2QuantumUncertaintyTerm,193,PhysicsTerm,quantum,double compute(double t)
source17_wolfram.cpp,Westerlund2FluidDensityTerm,218,PhysicsTerm,fluid,double compute(double t)
source17_wolfram.cpp,Westerlund2OscillatoryWaveTerm,246,PhysicsTerm,wave,double compute(double t)
source17_wolfram.cpp,Westerlund2DarkMatterPerturbationTerm,271,PhysicsTerm,darkmatter,double compute(double t)
source17_wolfram.cpp,Westerlund2WindFeedbackTerm,304,PhysicsTerm,stellar,double compute(double t)
source17_wolfram.cpp,Westerlund2SupernovaMassLossTerm,330,PhysicsTerm,stellar,double compute(double t)
source17_wolfram.cpp,Westerlund2PhotoionizationTerm,358,PhysicsTerm,radiation,double compute(double t)
source17_wolfram.cpp,Westerlund2RadiationPressureTerm,387,PhysicsTerm,radiation,double compute(double t)
source17_wolfram.cpp,Westerlund2HII_RegionExpansionTerm,416,PhysicsTerm,fluid,double compute(double t)
source17_wolfram.cpp,Westerlund2DustScatteringTerm,445,PhysicsTerm,radiation,double compute(double t)
source17_wolfram.cpp,Westerlund2BinaryStarOrbitTerm,474,PhysicsTerm,gravity,double compute(double t)
source18_wolfram.cpp,DynamicVacuumTerm,24,PhysicsTerm,vacuum,double compute(double t)
source18_wolfram.cpp,QuantumCouplingTerm,49,PhysicsTerm,vacuum,double compute(double t)
source18_wolfram.cpp,PillarsBaseGravityTerm,77,PhysicsTerm,gravity,double compute(double t)
source18_wolfram.cpp,PillarsUQFFUnificationTerm,115,PhysicsTerm,unified,double compute(double t)
source18_wolfram.cpp,PillarsCosmologicalConstantTerm,150,PhysicsTerm,vacuum,double compute(double t)
source18_wolfram.cpp,PillarsElectromagneticTerm,166,PhysicsTerm,electromagnetic,double compute(double t)
source18_wolfram.cpp,PillarsQuantumUncertaintyTerm,193,PhysicsTerm,quantum,double compute(double t)
source18_wolfram.cpp,PillarsFluidDensityTerm,218,PhysicsTerm,fluid,double compute(double t)
source18_wolfram.cpp,PillarsOscillatoryWaveTerm,246,PhysicsTerm,wave,double compute(double t)
source18_wolfram.cpp,PillarsDarkMatterPerturbationTerm,271,PhysicsTerm,darkmatter,double compute(double t)
source18_wolfram.cpp,PillarsWindFeedbackTerm,304,PhysicsTerm,stellar,double compute(double t)
source18_wolfram.cpp,PillarsSupernovaMassLossTerm,330,PhysicsTerm,stellar,double compute(double t)
source18_wolfram.cpp,PillarsPhotoionizationTerm,358,PhysicsTerm,radiation,double compute(double t)
source18_wolfram.cpp,PillarsRadiationPressureTerm,387,PhysicsTerm,radiation,double compute(double t)
source18_wolfram.cpp,PillarsHII_RegionExpansionTerm,416,PhysicsTerm,fluid,double compute(double t)
source18_wolfram.cpp,PillarsDustScatteringTerm,445,PhysicsTerm,radiation,double compute(double t)
source18_wolfram.cpp,PillarsEvaporativeFlowTerm,474,PhysicsTerm,fluid,double compute(double t)
source18_wolfram.cpp,PillarsMagneticTensionTerm,503,PhysicsTerm,magnetic,double compute(double t)
source18_wolfram.cpp,PillarsMolecularCloudCollapseTerm,532,PhysicsTerm,gravity,double compute(double t)
source19_wolfram.cpp,DynamicVacuumTerm,24,PhysicsTerm,vacuum,double compute(double t)
source19_wolfram.cpp,QuantumCouplingTerm,49,PhysicsTerm,vacuum,double compute(double t)
source19_wolfram.cpp,EinsteinRingBaseGravityTerm,77,PhysicsTerm,gravity,double compute(double t)
source19_wolfram.cpp,EinsteinRingGravitationalLensingTerm,110,PhysicsTerm,gravity,double compute(double t)
source19_wolfram.cpp,EinsteinRingUQFFUnificationTerm,141,PhysicsTerm,unified,double compute(double t)
source19_wolfram.cpp,EinsteinRingCosmologicalConstantTerm,173,PhysicsTerm,vacuum,double compute(double t)
source19_wolfram.cpp,EinsteinRingElectromagneticTerm,189,PhysicsTerm,electromagnetic,double compute(double t)
source19_wolfram.cpp,EinsteinRingQuantumUncertaintyTerm,216,PhysicsTerm,quantum,double compute(double t)
source19_wolfram.cpp,EinsteinRingFluidDensityTerm,241,PhysicsTerm,fluid,double compute(double t)
source19_wolfram.cpp,EinsteinRingOscillatoryWaveTerm,266,PhysicsTerm,wave,double compute(double t)
source19_wolfram.cpp,EinsteinRingDarkMatterPerturbationTerm,291,PhysicsTerm,darkmatter,double compute(double t)
source19_wolfram.cpp,EinsteinRingTimeDelayTerm,321,PhysicsTerm,gravity,double compute(double t)
source19_wolfram.cpp,EinsteinRingShapiroDelayTerm,351,PhysicsTerm,gravity,double compute(double t)
source19_wolfram.cpp,EinsteinRingLightDeflectionTerm,380,PhysicsTerm,gravity,double compute(double t)
source19_wolfram.cpp,EinsteinRingMassSheetDegeneracyTerm,410,PhysicsTerm,gravity,double compute(double t)
source19_wolfram.cpp,EinsteinRingMagnificationTerm,439,PhysicsTerm,gravity,double compute(double t)
source19_wolfram.cpp,EinsteinRingCriticalSurfaceDensityTerm,469,PhysicsTerm,gravity,double compute(double t)
source19_wolfram.cpp,EinsteinRingConvergenceTerm,498,PhysicsTerm,gravity,double compute(double t)
source20_wolfram.cpp,DynamicVacuumTerm,24,PhysicsTerm,vacuum,double compute(double t)
source20_wolfram.cpp,QuantumCouplingTerm,49,PhysicsTerm,vacuum,double compute(double t)
source20_wolfram.cpp,NGC2525BaseGravityTerm,77,PhysicsTerm,gravity,double compute(double t)
source20_wolfram.cpp,NGC2525BlackHoleTerm,113,PhysicsTerm,gravity,double compute(double t)
source20_wolfram.cpp,NGC2525UQFFUnificationTerm,144,PhysicsTerm,unified,double compute(double t)
source20_wolfram.cpp,NGC2525CosmologicalConstantTerm,179,PhysicsTerm,vacuum,double compute(double t)
source20_wolfram.cpp,NGC2525ElectromagneticTerm,195,PhysicsTerm,electromagnetic,double compute(double t)
source20_wolfram.cpp,NGC2525QuantumUncertaintyTerm,222,PhysicsTerm,quantum,double compute(double t)
source20_wolfram.cpp,NGC2525FluidDensityTerm,247,PhysicsTerm,fluid,double compute(double t)
source20_wolfram.cpp,NGC2525OscillatoryWaveTerm,272,PhysicsTerm,wave,double compute(double t)
source20_wolfram.cpp,NGC2525DarkMatterPerturbationTerm,297,PhysicsTerm,darkmatter,double compute(double t)
source20_wolfram.cpp,NGC2525SupernovaMassLossTerm,327,PhysicsTerm,stellar,double compute(double t)
source21_wolfram.cpp,DynamicVacuumTerm,24,PhysicsTerm,vacuum,double compute(double t)
source21_wolfram.cpp,QuantumCouplingTerm,49,PhysicsTerm,vacuum,double compute(double t)
source21_wolfram.cpp,NGC3603BaseGravityTerm,77,PhysicsTerm,gravity,double compute(double t)
source21_wolfram.cpp,NGC3603UQFFUnificationTerm,118,PhysicsTerm,unified,double compute(double t)
source21_wolfram.cpp,NGC3603CosmologicalConstantTerm,156,PhysicsTerm,vacuum,double compute(double t)
source21_wolfram.cpp,NGC3603ElectromagneticTerm,172,PhysicsTerm,electromagnetic,double compute(double t)
source21_wolfram.cpp,NGC3603QuantumUncertaintyTerm,199,PhysicsTerm,quantum,double compute(double t)
source21_wolfram.cpp,NGC3603FluidDensityTerm,224,PhysicsTerm,fluid,double compute(double t)
source21_wolfram.cpp,NGC3603OscillatoryWaveTerm,252,PhysicsTerm,wave,double compute(double t)
source21_wolfram.cpp,NGC3603DarkMatterPerturbationTerm,277,PhysicsTerm,darkmatter,double compute(double t)
source21_wolfram.cpp,NGC3603StellarWindTerm,310,PhysicsTerm,stellar,double compute(double t)
source21_wolfram.cpp,NGC3603CavityPressureTerm,336,PhysicsTerm,fluid,double compute(double t)
source22_wolfram.cpp,DynamicVacuumTerm,24,PhysicsTerm,vacuum,double compute(double t)
source22_wolfram.cpp,QuantumCouplingTerm,49,PhysicsTerm,vacuum,double compute(double t)
source22_wolfram.cpp,BubbleNebulaBaseGravityTerm,77,PhysicsTerm,gravity,double compute(double t)
source22_wolfram.cpp,BubbleNebulaUQFFUnificationTerm,119,PhysicsTerm,unified,double compute(double t)
source22_wolfram.cpp,BubbleNebulaCosmologicalConstantTerm,159,PhysicsTerm,vacuum,double compute(double t)
source22_wolfram.cpp,BubbleNebulaElectromagneticTerm,175,PhysicsTerm,electromagnetic,double compute(double t)
source22_wolfram.cpp,BubbleNebulaQuantumUncertaintyTerm,202,PhysicsTerm,quantum,double compute(double t)
source22_wolfram.cpp,BubbleNebulaFluidDensityTerm,227,PhysicsTerm,fluid,double compute(double t)
source22_wolfram.cpp,BubbleNebulaOscillatoryWaveTerm,255,PhysicsTerm,wave,double compute(double t)
source22_wolfram.cpp,BubbleNebulaDarkMatterPerturbationTerm,280,PhysicsTerm,darkmatter,double compute(double t)
source22_wolfram.cpp,BubbleNebulaStellarWindTerm,313,PhysicsTerm,stellar,double compute(double t)
source23_wolfram.cpp,DynamicVacuumTerm,24,PhysicsTerm,vacuum,double compute(double t)
source23_wolfram.cpp,QuantumCouplingTerm,49,PhysicsTerm,vacuum,double compute(double t)
source23_wolfram.cpp,AntennaeBaseGravityTerm,77,PhysicsTerm,gravity,double compute(double t)
source23_wolfram.cpp,AntennaeUQFFUnificationTerm,124,PhysicsTerm,unified,double compute(double t)
source23_wolfram.cpp,AntennaeCosmologicalConstantTerm,164,PhysicsTerm,vacuum,double compute(double t)
source23_wolfram.cpp,AntennaeElectromagneticTerm,180,PhysicsTerm,electromagnetic,double compute(double t)
source23_wolfram.cpp,AntennaeQuantumUncertaintyTerm,207,PhysicsTerm,quantum,double compute(double t)
source23_wolfram.cpp,AntennaeFluidDensityTerm,232,PhysicsTerm,fluid,double compute(double t)
source23_wolfram.cpp,AntennaeOscillatoryWaveTerm,260,PhysicsTerm,wave,double compute(double t)
source23_wolfram.cpp,AntennaeDarkMatterPerturbationTerm,285,PhysicsTerm,darkmatter,double compute(double t)
source23_wolfram.cpp,AntennaeStellarFeedbackTerm,318,PhysicsTerm,stellar,double compute(double t)
source24_wolfram.cpp,DynamicVacuumTerm,24,PhysicsTerm,vacuum,double compute(double t)
source24_wolfram.cpp,QuantumCouplingTerm,49,PhysicsTerm,vacuum,double compute(double t)
source24_wolfram.cpp,HorseheadBaseGravityTerm,77,PhysicsTerm,gravity,double compute(double t)
source24_wolfram.cpp,HorseheadUQFFUnificationTerm,116,PhysicsTerm,unified,double compute(double t)
source24_wolfram.cpp,HorseheadCosmologicalConstantTerm,154,PhysicsTerm,vacuum,double compute(double t)
source24_wolfram.cpp,HorseheadElectromagneticTerm,170,PhysicsTerm,electromagnetic,double compute(double t)
source24_wolfram.cpp,HorseheadQuantumUncertaintyTerm,197,PhysicsTerm,quantum,double compute(double t)
source24_wolfram.cpp,HorseheadFluidDensityTerm,222,PhysicsTerm,fluid,double compute(double t)
source24_wolfram.cpp,HorseheadOscillatoryWaveTerm,250,PhysicsTerm,wave,double compute(double t)
source24_wolfram.cpp,HorseheadDarkMatterPerturbationTerm,275,PhysicsTerm,darkmatter,double compute(double t)
source24_wolfram.cpp,HorseheadStellarWindTerm,308,PhysicsTerm,stellar,double compute(double t)
source24_wolfram.cpp,HorseheadErosionTerm,334,PhysicsTerm,erosion,double compute(double t)
source25_wolfram.cpp,DynamicVacuumTerm,24,PhysicsTerm,vacuum,double compute(double t)
source25_wolfram.cpp,QuantumCouplingTerm,49,PhysicsTerm,vacuum,double compute(double t)
source25_wolfram.cpp,NGC1275BaseGravityTerm,77,PhysicsTerm,gravity,double compute(double t)
source25_wolfram.cpp,NGC1275BlackHoleTerm,127,PhysicsTerm,blackhole,double compute(double t)
source25_wolfram.cpp,NGC1275UQFFUnificationTerm,152,PhysicsTerm,unified,double compute(double t)
source25_wolfram.cpp,NGC1275CosmologicalConstantTerm,194,PhysicsTerm,vacuum,double compute(double t)
source25_wolfram.cpp,NGC1275ElectromagneticTerm,210,PhysicsTerm,electromagnetic,double compute(double t)
source25_wolfram.cpp,NGC1275QuantumUncertaintyTerm,240,PhysicsTerm,quantum,double compute(double t)
source25_wolfram.cpp,NGC1275FluidDensityTerm,265,PhysicsTerm,fluid,double compute(double t)
source25_wolfram.cpp,NGC1275OscillatoryWaveTerm,293,PhysicsTerm,wave,double compute(double t)
source25_wolfram.cpp,NGC1275DarkMatterPerturbationTerm,318,PhysicsTerm,darkmatter,double compute(double t)
source25_wolfram.cpp,NGC1275CoolingFlowTerm,351,PhysicsTerm,coolingflow,double compute(double t)
source25_wolfram.cpp,NGC1275MagneticDecayTerm,377,PhysicsTerm,magnetic,double compute(double t)
source25_wolfram.cpp,NGC1275FilamentSupportTerm,405,PhysicsTerm,filament,double compute(double t)
source26_wolfram.cpp,DynamicVacuumTerm,24,PhysicsTerm,vacuum,double compute(double t)
source26_wolfram.cpp,QuantumCouplingTerm,49,PhysicsTerm,vacuum,double compute(double t)
source26_wolfram.cpp,HUDFBaseGravityTerm,77,PhysicsTerm,gravity,double compute(double t)
source26_wolfram.cpp,HUDFUQFFUnificationTerm,127,PhysicsTerm,unified,double compute(double t)
source26_wolfram.cpp,HUDFCosmologicalConstantTerm,167,PhysicsTerm,vacuum,double compute(double t)
source26_wolfram.cpp,HUDFElectromagneticTerm,183,PhysicsTerm,electromagnetic,double compute(double t)
source26_wolfram.cpp,HUDFQuantumUncertaintyTerm,210,PhysicsTerm,quantum,double compute(double t)
source26_wolfram.cpp,HUDFFluidDensityTerm,235,PhysicsTerm,fluid,double compute(double t)
source26_wolfram.cpp,HUDFOscillatoryWaveTerm,263,PhysicsTerm,wave,double compute(double t)
source26_wolfram.cpp,HUDFDarkMatterPerturbationTerm,288,PhysicsTerm,darkmatter,double compute(double t)
source26_wolfram.cpp,HUDFStarFormationTerm,321,PhysicsTerm,starformation,double compute(double t)
source26_wolfram.cpp,HUDFGalaxyInteractionTerm,349,PhysicsTerm,galaxyinteraction,double compute(double t)
source26_wolfram.cpp,HUDFMergerFeedbackTerm,377,PhysicsTerm,mergerfeedback,double compute(double t)
source27_wolfram.cpp,DynamicVacuumTerm,24,PhysicsTerm,vacuum,double compute(double t)
source27_wolfram.cpp,QuantumCouplingTerm,49,PhysicsTerm,vacuum,double compute(double t)
source27_wolfram.cpp,NGC1792BaseGravityTerm,77,PhysicsTerm,gravity,double compute(double t)
source27_wolfram.cpp,NGC1792UQFFUnificationTerm,118,PhysicsTerm,unified,double compute(double t)
source27_wolfram.cpp,NGC1792CosmologicalConstantTerm,143,PhysicsTerm,vacuum,double compute(double t)
source27_wolfram.cpp,NGC1792ElectromagneticTerm,159,PhysicsTerm,electromagnetic,double compute(double t)
source27_wolfram.cpp,NGC1792QuantumUncertaintyTerm,187,PhysicsTerm,quantum,double compute(double t)
source27_wolfram.cpp,NGC1792FluidDensityTerm,212,PhysicsTerm,fluid,double compute(double t)
source27_wolfram.cpp,NGC1792OscillatoryWaveTerm,240,PhysicsTerm,wave,double compute(double t)
source27_wolfram.cpp,NGC1792DarkMatterPerturbationTerm,265,PhysicsTerm,darkmatter,double compute(double t)
source27_wolfram.cpp,NGC1792SupernovaFeedbackTerm,298,PhysicsTerm,supernovafeedback,double compute(double t)
source27_wolfram.cpp,NGC1792StarFormationTerm,322,PhysicsTerm,starformation,double compute(double t)
source28_wolfram.cpp,DynamicVacuumTerm,24,PhysicsTerm,vacuum,double compute(double t)
source28_wolfram.cpp,QuantumCouplingTerm,49,PhysicsTerm,vacuum,double compute(double t)
source28_wolfram.cpp,AndromedaBaseGravityTerm,77,PhysicsTerm,gravity,double compute(double t)
source28_wolfram.cpp,AndromedaUQFFUnificationTerm,126,PhysicsTerm,unified,double compute(double t)
source28_wolfram.cpp,AndromedaCosmologicalConstantTerm,151,PhysicsTerm,vacuum,double compute(double t)
source28_wolfram.cpp,AndromedaQuantumUncertaintyTerm,167,PhysicsTerm,quantum,double compute(double t)
source28_wolfram.cpp,AndromedaElectromagneticTerm,193,PhysicsTerm,electromagnetic,double compute(double t)
source28_wolfram.cpp,AndromedaFluidDensityTerm,219,PhysicsTerm,fluid,double compute(double t)
source28_wolfram.cpp,AndromedaOscillatoryWaveTerm,243,PhysicsTerm,wave,double compute(double t)
source28_wolfram.cpp,AndromedaDarkMatterPerturbationTerm,264,PhysicsTerm,darkmatter,double compute(double t)
source28_wolfram.cpp,AndromedaDustFrictionTerm,291,PhysicsTerm,dustfriction,double compute(double t)
source28_wolfram.cpp,AndromedaSMBHTerm,315,PhysicsTerm,blackhole,double compute(double t)
source29_wolfram.cpp,DynamicVacuumTerm,24,PhysicsTerm,vacuum,double compute(double t)
source29_wolfram.cpp,QuantumCouplingTerm,49,PhysicsTerm,vacuum,double compute(double t)
source29_wolfram.cpp,SombreroBaseGravityTerm,77,PhysicsTerm,gravity,double compute(double t)
source29_wolfram.cpp,SombreroSMBHTerm,125,PhysicsTerm,blackhole,double compute(double t)
source29_wolfram.cpp,SombreroUQFFUnificationTerm,149,PhysicsTerm,unified,double compute(double t)
source29_wolfram.cpp,SombreroCosmologicalConstantTerm,174,PhysicsTerm,vacuum,double compute(double t)
source29_wolfram.cpp,SombreroQuantumUncertaintyTerm,190,PhysicsTerm,quantum,double compute(double t)
source29_wolfram.cpp,SombreroElectromagneticTerm,216,PhysicsTerm,electromagnetic,double compute(double t)
source29_wolfram.cpp,SombreroFluidDensityTerm,244,PhysicsTerm,fluid,double compute(double t)
source29_wolfram.cpp,SombreroOscillatoryWaveTerm,268,PhysicsTerm,wave,double compute(double t)
source29_wolfram.cpp,SombreroDarkMatterPerturbationTerm,289,PhysicsTerm,darkmatter,double compute(double t)
source29_wolfram.cpp,SombreroDustFrictionTerm,316,PhysicsTerm,dustfriction,double compute(double t)
source29_wolfram.cpp,SombreroSuperconductivityTerm,340,PhysicsTerm,superconductivity,double compute(double t)
source30_wolfram.cpp,DynamicVacuumTerm,24,PhysicsTerm,vacuum,double compute(double t)
source30_wolfram.cpp,QuantumCouplingTerm,49,PhysicsTerm,vacuum,double compute(double t)
source30_wolfram.cpp,SaturnSunGravityTerm,77,PhysicsTerm,solargravity,double compute(double t)
source30_wolfram.cpp,SaturnSelfGravityTerm,119,PhysicsTerm,planetarygravity,double compute(double t)
source30_wolfram.cpp,SaturnRingTidalTerm,145,PhysicsTerm,tidalforces,double compute(double t)
source30_wolfram.cpp,SaturnUQFFUnificationTerm,169,PhysicsTerm,unified,double compute(double t)
source30_wolfram.cpp,SaturnCosmologicalConstantTerm,194,PhysicsTerm,vacuum,double compute(double t)
source30_wolfram.cpp,SaturnQuantumUncertaintyTerm,210,PhysicsTerm,quantum,double compute(double t)
source30_wolfram.cpp,SaturnElectromagneticTerm,236,PhysicsTerm,electromagnetic,double compute(double t)
source30_wolfram.cpp,SaturnFluidDensityTerm,264,PhysicsTerm,fluid,double compute(double t)
source30_wolfram.cpp,SaturnOscillatoryWaveTerm,288,PhysicsTerm,wave,double compute(double t)
source30_wolfram.cpp,SaturnDarkMatterPerturbationTerm,309,PhysicsTerm,darkmatter,double compute(double t)
source30_wolfram.cpp,SaturnAtmosphericWindTerm,336,PhysicsTerm,atmosphericwind,double compute(double t)
source31_wolfram.cpp,DynamicVacuumTerm,54,PhysicsTerm,vacuum,double compute(double t)
source31_wolfram.cpp,QuantumCouplingTerm,76,PhysicsTerm,quantum,double compute(double t)
source31_wolfram.cpp,M16BaseGravityTerm,108,PhysicsTerm,gravity,double compute(double t)
source31_wolfram.cpp,M16StarFormationTerm,160,PhysicsTerm,starformation,double compute(double t)
source31_wolfram.cpp,M16RadiationErosionTerm,185,PhysicsTerm,erosion,double compute(double t)
source31_wolfram.cpp,M16UQFFUnificationTerm,212,PhysicsTerm,unified,double compute(double t)
source31_wolfram.cpp,M16CosmologicalConstantTerm,231,PhysicsTerm,vacuum,double compute(double t)
source31_wolfram.cpp,M16QuantumUncertaintyTerm,247,PhysicsTerm,quantum,double compute(double t)
source31_wolfram.cpp,M16ElectromagneticTerm,271,PhysicsTerm,electromagnetic,double compute(double t)
source31_wolfram.cpp,M16FluidDensityTerm,294,PhysicsTerm,fluid,double compute(double t)
source31_wolfram.cpp,M16OscillatoryWaveTerm,314,PhysicsTerm,wave,double compute(double t)
source31_wolfram.cpp,M16DarkMatterPerturbationTerm,336,PhysicsTerm,darkmatter,double compute(double t)
source31_wolfram.cpp,M16SuperconductivityTerm,359,PhysicsTerm,superconductivity,double compute(double t)
source32_wolfram.cpp,DynamicVacuumTerm,54,PhysicsTerm,vacuum,double compute(double t)
source32_wolfram.cpp,QuantumCouplingTerm,78,PhysicsTerm,quantum,double compute(double t)
source32_wolfram.cpp,CrabBaseGravityTerm,112,PhysicsTerm,gravity,double compute(double t)
source32_wolfram.cpp,CrabPulsarWindTerm,156,PhysicsTerm,pulsarwind,double compute(double t)
source32_wolfram.cpp,CrabMagneticLorentzTerm,180,PhysicsTerm,magnetic,double compute(double t)
source32_wolfram.cpp,CrabUQFFUnificationTerm,203,PhysicsTerm,unified,double compute(double t)
source32_wolfram.cpp,CrabCosmologicalConstantTerm,224,PhysicsTerm,vacuum,double compute(double t)
source32_wolfram.cpp,CrabQuantumUncertaintyTerm,240,PhysicsTerm,quantum,double compute(double t)
source32_wolfram.cpp,CrabElectromagneticTerm,264,PhysicsTerm,electromagnetic,double compute(double t)
source32_wolfram.cpp,CrabFluidDensityTerm,287,PhysicsTerm,fluid,double compute(double t)
source32_wolfram.cpp,CrabOscillatoryWaveTerm,309,PhysicsTerm,wave,double compute(double t)
source32_wolfram.cpp,CrabDarkMatterPerturbationTerm,332,PhysicsTerm,darkmatter,double compute(double t)
source32_wolfram.cpp,CrabSuperconductivityTerm,356,PhysicsTerm,superconductivity,double compute(double t)
source33_wolfram.cpp,DynamicVacuumTerm,54,PhysicsTerm,vacuum,double compute(double t)
source33_wolfram.cpp,QuantumCouplingTerm,76,PhysicsTerm,quantum,double compute(double t)
source33_wolfram.cpp,SGR1745BaseGravityTerm,106,PhysicsTerm,gravity,double compute(double t)
source33_wolfram.cpp,SGR1745MagnetarSpinEMTerm,143,PhysicsTerm,magnetarspin,double compute(double t)
source33_wolfram.cpp,SGR1745UQFFUnificationTerm,171,PhysicsTerm,unified,double compute(double t)
source33_wolfram.cpp,SGR1745CosmologicalConstantTerm,190,PhysicsTerm,vacuum,double compute(double t)
source33_wolfram.cpp,SGR1745QuantumUncertaintyTerm,206,PhysicsTerm,quantum,double compute(double t)
source33_wolfram.cpp,SGR1745CrustFluidTerm,230,PhysicsTerm,fluid,double compute(double t)
source33_wolfram.cpp,SGR1745OscillatoryWaveTerm,273,PhysicsTerm,wave,double compute(double t)
source33_wolfram.cpp,SGR1745DarkMatterPerturbationTerm,296,PhysicsTerm,darkmatter,double compute(double t)
source33_wolfram.cpp,SGR1745SuperconductivityTerm,319,PhysicsTerm,superconductivity,double compute(double t)
source33_wolfram.cpp,SGR1745BurstEnergyTerm,342,PhysicsTerm,burstenergy,double compute(double t)
source34_wolfram.cpp,DynamicVacuumTerm,343,PhysicsTerm,vacuum,double compute(double t)
source34_wolfram.cpp,QuantumCouplingTerm,344,PhysicsTerm,quantum,double compute(double t)
source34_wolfram.cpp,SGR1745FreqDPMTerm,345,PhysicsTerm,dpmresonance,double compute(double t)
source34_wolfram.cpp,SGR1745FreqTHzTerm,346,PhysicsTerm,thzpipeline,double compute(double t)
source34_wolfram.cpp,SGR1745FreqVacDiffTerm,347,PhysicsTerm,vacuumdifferential,double compute(double t)
source34_wolfram.cpp,SGR1745FreqSuperTerm,348,PhysicsTerm,superfreq,double compute(double t)
source34_wolfram.cpp,SGR1745FreqAetherResTerm,349,PhysicsTerm,aetherresonance,double compute(double t)
source34_wolfram.cpp,SGR1745FreqU_g4iTerm,350,PhysicsTerm,reactiveu_g4i,double compute(double t)
source34_wolfram.cpp,SGR1745FreqQuantumTerm,351,PhysicsTerm,quantumfreq,double compute(double t)
source34_wolfram.cpp,SGR1745FreqAetherTerm,352,PhysicsTerm,aetherfreq,double compute(double t)
source34_wolfram.cpp,SGR1745FreqFluidTerm,353,PhysicsTerm,fluidfreq,double compute(double t)
source34_wolfram.cpp,SGR1745FreqOscTerm,354,PhysicsTerm,oscillatory,double compute(double t)
source34_wolfram.cpp,SGR1745FreqExpTerm,355,PhysicsTerm,expansionfreq,double compute(double t)
source35_wolfram.cpp,DynamicVacuumTerm,356,PhysicsTerm,vacuum,double compute(double t)
source35_wolfram.cpp,QuantumCouplingTerm,357,PhysicsTerm,quantum,double compute(double t)
source35_wolfram.cpp,SgrAFreqDPMTerm,358,PhysicsTerm,dpmresonance,double compute(double t)
source35_wolfram.cpp,SgrAFreqTHzTerm,359,PhysicsTerm,thzpipeline,double compute(double t)
source35_wolfram.cpp,SgrAFreqVacDiffTerm,360,PhysicsTerm,vacuumdifferential,double compute(double t)
source35_wolfram.cpp,SgrAFreqSuperTerm,361,PhysicsTerm,superfreq,double compute(double t)
source35_wolfram.cpp,SgrAFreqAetherResTerm,362,PhysicsTerm,aetherresonance,double compute(double t)
source35_wolfram.cpp,SgrAFreqU_g4iTerm,363,PhysicsTerm,reactiveu_g4i,double compute(double t)
source35_wolfram.cpp,SgrAFreqQuantumTerm,364,PhysicsTerm,quantumfreq,double compute(double t)
source35_wolfram.cpp,SgrAFreqAetherTerm,365,PhysicsTerm,aetherfreq,double compute(double t)
source35_wolfram.cpp,SgrAFreqFluidTerm,366,PhysicsTerm,fluidfreq,double compute(double t)
source35_wolfram.cpp,SgrAFreqOscTerm,367,PhysicsTerm,oscillatory,double compute(double t)
source35_wolfram.cpp,SgrAFreqExpTerm,368,PhysicsTerm,expansionfreq,double compute(double t)
source36_wolfram.cpp,DynamicVacuumTerm,369,PhysicsTerm,vacuum,double compute(double t)
source36_wolfram.cpp,QuantumCouplingTerm,370,PhysicsTerm,quantum,double compute(double t)
source36_wolfram.cpp,TapestryFreqDPMTerm,371,PhysicsTerm,dpmresonance,double compute(double t)
source36_wolfram.cpp,TapestryFreqTHzTerm,372,PhysicsTerm,thzpipeline,double compute(double t)
source36_wolfram.cpp,TapestryFreqVacDiffTerm,373,PhysicsTerm,vacuumdifferential,double compute(double t)
source36_wolfram.cpp,TapestryFreqSuperTerm,374,PhysicsTerm,superfreq,double compute(double t)
source36_wolfram.cpp,TapestryFreqAetherResTerm,375,PhysicsTerm,aetherresonance,double compute(double t)
source36_wolfram.cpp,TapestryFreqU_g4iTerm,376,PhysicsTerm,reactiveu_g4i,double compute(double t)
source36_wolfram.cpp,TapestryFreqQuantumTerm,377,PhysicsTerm,quantumfreq,double compute(double t)
source36_wolfram.cpp,TapestryFreqAetherTerm,378,PhysicsTerm,aetherfreq,double compute(double t)
source36_wolfram.cpp,TapestryFreqFluidTerm,379,PhysicsTerm,fluidfreq,double compute(double t)
source36_wolfram.cpp,TapestryFreqOscTerm,380,PhysicsTerm,oscillatory,double compute(double t)
source36_wolfram.cpp,TapestryFreqExpTerm,381,PhysicsTerm,expansionfreq,double compute(double t)
source37_wolfram.cpp,DynamicVacuumTerm,382,PhysicsTerm,vacuum,double compute(double t)
source37_wolfram.cpp,QuantumCouplingTerm,383,PhysicsTerm,quantum,double compute(double t)
source37_wolfram.cpp,ResonanceDPMTerm,384,PhysicsTerm,resonance,double compute(double t)
source37_wolfram.cpp,ResonanceTHzTerm,385,PhysicsTerm,resonance,double compute(double t)
source37_wolfram.cpp,ResonanceAetherTerm,386,PhysicsTerm,resonance,double compute(double t)
source37_wolfram.cpp,ResonanceU_g4iTerm,387,PhysicsTerm,resonance,double compute(double t)
source37_wolfram.cpp,ResonanceOscillatoryTerm,388,PhysicsTerm,resonance,double compute(double t)
source37_wolfram.cpp,ResonanceSCFreqTerm,389,PhysicsTerm,resonance,double compute(double t)
source37_wolfram.cpp,SuperconductiveCorrectionTerm,390,PhysicsTerm,superconductivity,double compute(double t)
source38_wolfram.cpp,DynamicVacuumTerm,391,PhysicsTerm,vacuum,double compute(double t)
source38_wolfram.cpp,QuantumCouplingTerm,392,PhysicsTerm,quantum,double compute(double t)
source38_wolfram.cpp,CompressedDPMTerm,393,PhysicsTerm,compressed,double compute(double t)
source38_wolfram.cpp,CompressedTHzTerm,394,PhysicsTerm,compressed,double compute(double t)
source38_wolfram.cpp,CompressedVacDiffTerm,395,PhysicsTerm,compressed,double compute(double t)
source38_wolfram.cpp,CompressedSuperTerm,396,PhysicsTerm,compressed,double compute(double t)
source38_wolfram.cpp,ResonanceAetherCompTerm,397,PhysicsTerm,resonance,double compute(double t)
source38_wolfram.cpp,ResonanceU_g4iCompTerm,398,PhysicsTerm,resonance,double compute(double t)
source38_wolfram.cpp,ResonanceOscillatoryCompTerm,399,PhysicsTerm,resonance,double compute(double t)
source38_wolfram.cpp,ResonanceQuantumCompTerm,400,PhysicsTerm,resonance,double compute(double t)
source38_wolfram.cpp,ResonanceFluidCompTerm,401,PhysicsTerm,resonance,double compute(double t)
source38_wolfram.cpp,ResonanceExpansionCompTerm,402,PhysicsTerm,resonance,double compute(double t)
source39_wolfram.cpp,DynamicVacuumTerm,403,PhysicsTerm,vacuum,double compute(double t)
source39_wolfram.cpp,QuantumCouplingTerm,404,PhysicsTerm,quantum,double compute(double t)
source39_wolfram.cpp,CrabDPMResonanceTerm,405,PhysicsTerm,resonance,double compute(double t)
source39_wolfram.cpp,CrabTHzResonanceTerm,406,PhysicsTerm,resonance,double compute(double t)
source39_wolfram.cpp,CrabAetherResonanceTerm,407,PhysicsTerm,resonance,double compute(double t)
source39_wolfram.cpp,CrabU_g4iResonanceTerm,408,PhysicsTerm,resonance,double compute(double t)
source39_wolfram.cpp,CrabQuantumResonanceTerm,409,PhysicsTerm,resonance,double compute(double t)
source39_wolfram.cpp,CrabFluidResonanceTerm,410,PhysicsTerm,resonance,double compute(double t)
source39_wolfram.cpp,CrabOscillatoryResonanceTerm,411,PhysicsTerm,resonance,double compute(double t)
source39_wolfram.cpp,CrabExpansionResonanceTerm,412,PhysicsTerm,resonance,double compute(double t)
source40_wolfram.cpp,DynamicVacuumTerm,413,PhysicsTerm,vacuum,double compute(double t)
source40_wolfram.cpp,QuantumCouplingTerm,414,PhysicsTerm,quantum,double compute(double t)
source40_wolfram.cpp,CompressedDPM24Term,415,PhysicsTerm,compressed,double compute(double t)
source40_wolfram.cpp,CompressedTHz24Term,416,PhysicsTerm,compressed,double compute(double t)
source40_wolfram.cpp,CompressedVacDiff24Term,417,PhysicsTerm,compressed,double compute(double t)
source40_wolfram.cpp,CompressedSuper24Term,418,PhysicsTerm,compressed,double compute(double t)
source40_wolfram.cpp,ResonanceAether24Term,419,PhysicsTerm,resonance,double compute(double t)
source40_wolfram.cpp,ResonanceU_g4i24Term,420,PhysicsTerm,resonance,double compute(double t)
source40_wolfram.cpp,ResonanceOscillatory24Term,421,PhysicsTerm,resonance,double compute(double t)
source40_wolfram.cpp,ResonanceQuantum24Term,422,PhysicsTerm,resonance,double compute(double t)
source40_wolfram.cpp,ResonanceFluid24Term,423,PhysicsTerm,resonance,double compute(double t)
source40_wolfram.cpp,ResonanceExpansion24Term,424,PhysicsTerm,resonance,double compute(double t)
source41_wolfram.cpp,DynamicVacuumTerm,425,PhysicsTerm,vacuum,double compute(double t)
source41_wolfram.cpp,QuantumCouplingTerm,426,PhysicsTerm,quantum,double compute(double t)
source41_wolfram.cpp,CosmologicalLambdaTerm,427,PhysicsTerm,cosmology,double compute(double t)
source41_wolfram.cpp,HubbleExpansionTerm,428,PhysicsTerm,cosmology,double compute(double t)
source41_wolfram.cpp,DarkMatterHaloTerm,429,PhysicsTerm,dark_matter,double compute(double t)
source41_wolfram.cpp,BaryonicMatterTerm,430,PhysicsTerm,matter,double compute(double t)
source41_wolfram.cpp,QuantumIntegralTerm,431,PhysicsTerm,quantum,double compute(double t)
source41_wolfram.cpp,FluidDynamicsTerm,432,PhysicsTerm,fluid,double compute(double t)
source41_wolfram.cpp,ResonantOscillatoryTerm,433,PhysicsTerm,resonance,double compute(double t)
source41_wolfram.cpp,LorentzForceTerm,434,PhysicsTerm,electromagnetic,double compute(double t)
source42_wolfram.cpp,DynamicVacuumTerm,435,PhysicsTerm,vacuum,double compute(double t)
source42_wolfram.cpp,QuantumCouplingTerm,436,PhysicsTerm,quantum,double compute(double t)
source42_wolfram.cpp,BohrOrbitalTerm,437,PhysicsTerm,atomic,double compute(double t)
source42_wolfram.cpp,ElectronWavefunctionTerm,438,PhysicsTerm,quantum,double compute(double t)
source42_wolfram.cpp,ElectronCloudFluidTerm,439,PhysicsTerm,fluid,double compute(double t)
source42_wolfram.cpp,LorentzElectronTerm,440,PhysicsTerm,electromagnetic,double compute(double t)
source42_wolfram.cpp,QuantumFluctuationTerm,441,PhysicsTerm,quantum,double compute(double t)
source42_wolfram.cpp,OrbitalResonanceTerm,442,PhysicsTerm,resonance,double compute(double t)
source42_wolfram.cpp,FineStructureTerm,443,PhysicsTerm,atomic,double compute(double t)
source42_wolfram.cpp,LambShiftTerm,444,PhysicsTerm,quantum,double compute(double t)
source43_wolfram.cpp,DynamicVacuumTerm,445,PhysicsTerm,vacuum,double compute(double t)
source43_wolfram.cpp,QuantumCouplingTerm,446,PhysicsTerm,quantum,double compute(double t)
source43_wolfram.cpp,HydrogenDPMResonanceTerm,447,PhysicsTerm,resonance,double compute(double t)
source43_wolfram.cpp,HydrogenTHzResonanceTerm,448,PhysicsTerm,resonance,double compute(double t)
source43_wolfram.cpp,HydrogenAetherResonanceTerm,449,PhysicsTerm,resonance,double compute(double t)
source43_wolfram.cpp,HydrogenU_g4iResonanceTerm,450,PhysicsTerm,resonance,double compute(double t)
source43_wolfram.cpp,HydrogenQuantumOrbitalResonanceTerm,451,PhysicsTerm,resonance,double compute(double t)
source43_wolfram.cpp,LymanSeriesOscillatoryTerm,452,PhysicsTerm,resonance,double compute(double t)
source43_wolfram.cpp,BalmerSeriesOscillatoryTerm,453,PhysicsTerm,resonance,double compute(double t)
source43_wolfram.cpp,SuperconductiveAtomicCorrectionTerm,454,PhysicsTerm,superconductivity,double compute(double t)
source44_wolfram.cpp,DynamicVacuumTerm,455,PhysicsTerm,vacuum,double compute(double t)
source44_wolfram.cpp,QuantumCouplingTerm,456,PhysicsTerm,quantum,double compute(double t)
source44_wolfram.cpp,StarFormationMassTerm,457,PhysicsTerm,star_formation,double compute(double t)
source44_wolfram.cpp,RadiationPressureTerm,458,PhysicsTerm,radiation,double compute(double t)
source44_wolfram.cpp,IonizedGasFluidTerm,459,PhysicsTerm,fluid,double compute(double t)
source44_wolfram.cpp,DarkMatterNebulaTerm,460,PhysicsTerm,dark_matter,double compute(double t)
source44_wolfram.cpp,HIIRegionResonanceTerm,461,PhysicsTerm,resonance,double compute(double t)
source44_wolfram.cpp,LorentzIonizedGasTerm,462,PhysicsTerm,electromagnetic,double compute(double t)
source44_wolfram.cpp,QuantumIntegralNebulaTerm,463,PhysicsTerm,quantum,double compute(double t)
source44_wolfram.cpp,DynamicVacuumTerm,464,PhysicsTerm,vacuum,double compute(double t)
source45_wolfram.cpp,DynamicVacuumTerm,465,PhysicsTerm,vacuum,double compute(double t)
source45_wolfram.cpp,QuantumCouplingTerm,466,PhysicsTerm,quantum,double compute(double t)
source45_wolfram.cpp,SpiralDensityWaveTerm,467,PhysicsTerm,spiral,double compute(double t)
source45_wolfram.cpp,RotationCurveFlatTerm,468,PhysicsTerm,rotation,double compute(double t)
source45_wolfram.cpp,SupernovaLuminosityTerm,469,PhysicsTerm,supernova,double compute(double t)
source45_wolfram.cpp,SupernovaShockwaveTerm,470,PhysicsTerm,supernova,double compute(double t)
source45_wolfram.cpp,DarkMatterHaloGalacticTerm,471,PhysicsTerm,dark_matter,double compute(double t)
source45_wolfram.cpp,CosmologicalLambdaRedshiftTerm,472,PhysicsTerm,cosmology,double compute(double t)
source45_wolfram.cpp,ISMFluidDynamicsTerm,473,PhysicsTerm,fluid,double compute(double t)
source45_wolfram.cpp,SpiralResonanceTerm,474,PhysicsTerm,resonance,double compute(double t)
source46_wolfram.cpp,DynamicVacuumTerm,475,PhysicsTerm,vacuum,double compute(double t)
source46_wolfram.cpp,QuantumCouplingTerm,476,PhysicsTerm,quantum,double compute(double t)
source46_wolfram.cpp,StellarWindShockTerm,477,PhysicsTerm,stellar_wind,double compute(double t)
source46_wolfram.cpp,BipolarOutflowTerm,478,PhysicsTerm,stellar_wind,double compute(double t)
source46_wolfram.cpp,IonizedEjectaFluidTerm,479,PhysicsTerm,fluid,double compute(double t)
source46_wolfram.cpp,CentralStarRadiationTerm,480,PhysicsTerm,radiation,double compute(double t)
source46_wolfram.cpp,DarkMatterPlanetaryNebulaTerm,481,PhysicsTerm,dark_matter,double compute(double t)
source46_wolfram.cpp,PlanetaryNebulaResonanceTerm,482,PhysicsTerm,resonance,double compute(double t)
source46_wolfram.cpp,LorentzEjectaTerm,483,PhysicsTerm,electromagnetic,double compute(double t)
source46_wolfram.cpp,QuantumIntegralPNTerm,484,PhysicsTerm,quantum,double compute(double t)
source47_wolfram.cpp,NGC6302DPMResonanceTerm,485,PhysicsTerm,resonance,double compute(double t)
source47_wolfram.cpp,NGC6302THzResonanceTerm,486,PhysicsTerm,resonance,double compute(double t)
source47_wolfram.cpp,NGC6302VacuumDifferentialTerm,487,PhysicsTerm,vacuum,double compute(double t)
source47_wolfram.cpp,NGC6302SuperconductorFrequencyTerm,488,PhysicsTerm,superconductivity,double compute(double t)
source47_wolfram.cpp,NGC6302AetherResonanceTerm,489,PhysicsTerm,resonance,double compute(double t)
source47_wolfram.cpp,NGC6302ReactiveResonanceTerm,490,PhysicsTerm,resonance,double compute(double t)
source47_wolfram.cpp,NGC6302QuantumWaveResonanceTerm,491,PhysicsTerm,quantum,double compute(double t)
source47_wolfram.cpp,NGC6302FluidResonanceTerm,492,PhysicsTerm,fluid,double compute(double t)
source47_wolfram.cpp,NGC6302OscillatoryResonanceTerm,493,PhysicsTerm,resonance,double compute(double t)
source47_wolfram.cpp,NGC6302CosmicExpansionResonanceTerm,494,PhysicsTerm,cosmology,double compute(double t)
source48_wolfram.cpp,OrionStarFormationMassTerm,495,PhysicsTerm,star_formation,double compute(double t)
source48_wolfram.cpp,OrionTrapeziaumRadiationPressureTerm,496,PhysicsTerm,radiation,double compute(double t)
source48_wolfram.cpp,OrionLorentzForceTerm,497,PhysicsTerm,electromagnetic,double compute(double t)
source48_wolfram.cpp,OrionFluidDynamicsTerm,498,PhysicsTerm,fluid,double compute(double t)
source48_wolfram.cpp,OrionStellarWindTerm,499,PhysicsTerm,stellar_wind,double compute(double t)
source48_wolfram.cpp,OrionDarkMatterPerturbationTerm,500,PhysicsTerm,dark_matter,double compute(double t)
source48_wolfram.cpp,OrionQuantumIntegralTerm,501,PhysicsTerm,quantum,double compute(double t)
source48_wolfram.cpp,OrionCosmologicalLambdaTerm,502,PhysicsTerm,cosmology,double compute(double t)
source48_wolfram.cpp,OrionResonantOscillatoryTerm,503,PhysicsTerm,resonance,double compute(double t)
source48_wolfram.cpp,OrionUgSumTerm,504,PhysicsTerm,compressed,double compute(double t)
source49_wolfram.cpp,UniversalCompressedDPMTerm,505,PhysicsTerm,compressed,double compute(double t)
source49_wolfram.cpp,UniversalCompressedTHzTerm,506,PhysicsTerm,compressed,double compute(double t)
source49_wolfram.cpp,UniversalVacuumDifferentialTerm,507,PhysicsTerm,vacuum,double compute(double t)
source49_wolfram.cpp,UniversalSuperconductorFrequencyTerm,508,PhysicsTerm,superconductivity,double compute(double t)
source49_wolfram.cpp,UniversalAetherResonanceTerm,509,PhysicsTerm,resonance,double compute(double t)
source49_wolfram.cpp,UniversalReactiveResonanceTerm,510,PhysicsTerm,resonance,double compute(double t)
source49_wolfram.cpp,UniversalQuantumWaveResonanceTerm,511,PhysicsTerm,quantum,double compute(double t)
source49_wolfram.cpp,UniversalFluidResonanceTerm,512,PhysicsTerm,fluid,double compute(double t)
source49_wolfram.cpp,UniversalOscillatoryResonanceTerm,513,PhysicsTerm,resonance,double compute(double t)
source49_wolfram.cpp,UniversalExpFrequencyTerm,514,PhysicsTerm,resonance,double compute(double t)
source50_wolfram.cpp,MultiSystemBaseGravityTerm,515,PhysicsTerm,gravity,double compute(double t)
source50_wolfram.cpp,MultiSystemHubbleExpansionTerm,516,PhysicsTerm,cosmology,double compute(double t)
source50_wolfram.cpp,MultiSystemCosmologicalLambdaTerm,517,PhysicsTerm,cosmology,double compute(double t)
source50_wolfram.cpp,MultiSystemQuantumIntegralTerm,518,PhysicsTerm,quantum,double compute(double t)
source50_wolfram.cpp,MultiSystemFluidDynamicsTerm,519,PhysicsTerm,fluid,double compute(double t)
source50_wolfram.cpp,MultiSystemDarkMatterPerturbationTerm,520,PhysicsTerm,dark_matter,double compute(double t)
source50_wolfram.cpp,MultiSystemDPMResonanceTerm,521,PhysicsTerm,resonance,double compute(double t)
source50_wolfram.cpp,MultiSystemAetherFrequencyTerm,522,PhysicsTerm,resonance,double compute(double t)
source50_wolfram.cpp,MultiSystemQuantumFrequencyTerm,523,PhysicsTerm,quantum,double compute(double t)
source50_wolfram.cpp,MultiSystemFluidResonanceFrequencyTerm,524,PhysicsTerm,fluid,double compute(double t)
source52_wolfram.cpp,CompressedModeBaseGravityTerm,525,PhysicsTerm,compressed,double compute(double t)
source52_wolfram.cpp,CompressedModeUgSumTerm,526,PhysicsTerm,compressed,double compute(double t)
source52_wolfram.cpp,CompressedModeBFieldCorrectionTerm,527,PhysicsTerm,superconductivity,double compute(double t)
source52_wolfram.cpp,CompressedModeEnvironmentalFactorTerm,528,PhysicsTerm,compressed,double compute(double t)
source52_wolfram.cpp,ResonanceModeDPMFoundationTerm,529,PhysicsTerm,resonance,double compute(double t)
source52_wolfram.cpp,ResonanceModeHardcodedSolutionTerm,530,PhysicsTerm,resonance,double compute(double t)
source52_wolfram.cpp,DualModeQuantumIntegralTerm,531,PhysicsTerm,quantum,double compute(double t)
source52_wolfram.cpp,DualModeFluidDynamicsPlaceholderTerm,532,PhysicsTerm,fluid,double compute(double t)
source52_wolfram.cpp,DualModeDMPerturbationUnitFixedTerm,533,PhysicsTerm,dark_matter,double compute(double t)
source52_wolfram.cpp,ModeSelectorSwitchTerm,534,PhysicsTerm,compressed,double compute(double t)
source54_wolfram.cpp,YoungStarsStarFormationMassTerm,535,PhysicsTerm,star_formation,double compute(double t)
source54_wolfram.cpp,YoungStarsOutflowPressureTerm,536,PhysicsTerm,stellar_wind,double compute(double t)
source54_wolfram.cpp,YoungStarsOutflowLorentzForceTerm,537,PhysicsTerm,electromagnetic,double compute(double t)
source54_wolfram.cpp,YoungStarsTurbulentFluidDynamicsTerm,538,PhysicsTerm,fluid,double compute(double t)
source54_wolfram.cpp,YoungStarsOutflowUg2KineticTerm,539,PhysicsTerm,compressed,double compute(double t)
source54_wolfram.cpp,YoungStarsDarkMatterPerturbationTerm,540,PhysicsTerm,dark_matter,double compute(double t)
source54_wolfram.cpp,YoungStarsQuantumIntegralTerm,541,PhysicsTerm,quantum,double compute(double t)
source54_wolfram.cpp,YoungStarsCosmologicalLambdaTerm,542,PhysicsTerm,cosmology,double compute(double t)
source54_wolfram.cpp,YoungStarsResonantOscillatoryTerm,543,PhysicsTerm,resonance,double compute(double t)
source54_wolfram.cpp,YoungStarsUgSumTerm,544,PhysicsTerm,compressed,double compute(double t)
source56_wolfram.cpp,BigBangMassEvolutionTerm,545,PhysicsTerm,cosmology,double compute(double t)
source56_wolfram.cpp,BigBangRedshiftEvolutionTerm,546,PhysicsTerm,cosmology,double compute(double t)
source56_wolfram.cpp,BigBangQuantumGravityTerm,547,PhysicsTerm,quantum,double compute(double t)
source56_wolfram.cpp,BigBangDarkMatterFractionalTerm,548,PhysicsTerm,dark_matter,double compute(double t)
source56_wolfram.cpp,BigBangGravitationalWaveTerm,549,PhysicsTerm,gravity,double compute(double t)
source56_wolfram.cpp,BigBangCosmologicalLambdaEvolutionTerm,550,PhysicsTerm,cosmology,double compute(double t)
source56_wolfram.cpp,BigBangQuantumIntegralCosmologicalTerm,551,PhysicsTerm,quantum,double compute(double t)
source56_wolfram.cpp,BigBangFluidDynamicsCosmologicalTerm,552,PhysicsTerm,fluid,double compute(double t)
source56_wolfram.cpp,BigBangUgSumCosmologicalTerm,553,PhysicsTerm,compressed,double compute(double t)
source56_wolfram.cpp,BigBangResonantOscillatoryCosmologicalTerm,554,PhysicsTerm,resonance,double compute(double t)
source57_wolfram.cpp,MultiCompressedBaseGravityTerm,555,PhysicsTerm,gravity,double compute(double t)
source57_wolfram.cpp,MultiCompressedHubbleUnifiedTerm,556,PhysicsTerm,cosmology,double compute(double t)
source57_wolfram.cpp,MultiCompressedEnvironmentalTerm,557,PhysicsTerm,stellar_wind,double compute(double t)
source57_wolfram.cpp,MultiCompressedGeneralizedUg3Term,558,PhysicsTerm,gravity,double compute(double t)
source57_wolfram.cpp,MultiCompressedQuantumIntegralTerm,559,PhysicsTerm,quantum,double compute(double t)
source57_wolfram.cpp,MultiCompressedFluidDynamicsTerm,560,PhysicsTerm,fluid,double compute(double t)
source57_wolfram.cpp,MultiCompressedDarkMatterPerturbationTerm,561,PhysicsTerm,dark_matter,double compute(double t)
source57_wolfram.cpp,MultiCompressedCosmologicalLambdaTerm,562,PhysicsTerm,cosmology,double compute(double t)
source57_wolfram.cpp,MultiCompressedUgSumTerm,563,PhysicsTerm,compressed,double compute(double t)
source57_wolfram.cpp,MultiCompressedMagneticFieldCorrectionTerm,564,PhysicsTerm,electromagnetic,double compute(double t)
source60_wolfram.cpp,MultiSystem19EnvironmentalSumTerm,565,PhysicsTerm,stellar_wind,double compute(double t)
source60_wolfram.cpp,MultiSystem19SupernovaMassLossTerm,566,PhysicsTerm,supernova,double compute(double t)
source60_wolfram.cpp,MultiSystem19GalaxyMergerTidalTerm,567,PhysicsTerm,gravity,double compute(double t)
source60_wolfram.cpp,MultiSystem19PhotoevaporationTerm,568,PhysicsTerm,radiation,double compute(double t)
source60_wolfram.cpp,MultiSystem19GravitationalLensingTerm,569,PhysicsTerm,gravity,double compute(double t)
source60_wolfram.cpp,MultiSystem19AGNFeedbackTerm,570,PhysicsTerm,radiation,double compute(double t)
source60_wolfram.cpp,MultiSystem19DustAbsorptionTerm,571,PhysicsTerm,radiation,double compute(double t)
source60_wolfram.cpp,MultiSystem19DeepFieldCosmologicalTerm,572,PhysicsTerm,cosmology,double compute(double t)
source60_wolfram.cpp,MultiSystem19StarFormationRateDensityTerm,573,PhysicsTerm,star_formation,double compute(double t)
source60_wolfram.cpp,MultiSystem19ComprehensiveUgSumTerm,574,PhysicsTerm,compressed,double compute(double t)
source48-5_wolfram.cpp,StarMagicUg1DipoleTerm,575,PhysicsTerm,gravity,double compute(double t)
source48-5_wolfram.cpp,StarMagicUg2BubbleTerm,576,PhysicsTerm,gravity,double compute(double t)
source48-5_wolfram.cpp,StarMagicUg3MagneticStringsTerm,577,PhysicsTerm,electromagnetic,double compute(double t)
source48-5_wolfram.cpp,StarMagicUg4StarBHTerm,578,PhysicsTerm,gravity,double compute(double t)
source48-5_wolfram.cpp,StarMagicSCmCoherenceTerm,579,PhysicsTerm,superconductivity,double compute(double t)
source64_wolfram.cpp,UFENegativeTimeTerm,580,PhysicsTerm,temporal,double compute(double t)
source64_wolfram.cpp,UFEUgGravityModeTerm,581,PhysicsTerm,gravity,double compute(double t)
source64_wolfram.cpp,UFEUmMagneticStringTerm,582,PhysicsTerm,electromagnetic,double compute(double t)
source64_wolfram.cpp,UFESCmUAVacuumTerm,583,PhysicsTerm,vacuum_energy,double compute(double t)
source64_wolfram.cpp,UFEMetricStressTerm,584,PhysicsTerm,spacetime,double compute(double t)
source64_wolfram.cpp,UFEUbBuoyancyTerm,585,PhysicsTerm,buoyancy,double compute(double t)
source64_wolfram.cpp,UFEFUExtensionTerm,586,PhysicsTerm,unified_field,double compute(double t)
source64_wolfram.cpp,UFEPlasmoidSpinTempFieldTerm,587,PhysicsTerm,oscillation,double compute(double t)
source64_wolfram.cpp,UFEPlasmoidCountTerm,588,PhysicsTerm,experiment,double compute(double t)
source64_wolfram.cpp,UFEReactorGeometryTerm,589,PhysicsTerm,geometry,double compute(double t)
source65_wolfram.cpp,NebularNonLocalQuantumTerm,590,PhysicsTerm,quantum,double compute(double t)
source65_wolfram.cpp,NebularUg3StarFormationTerm,591,PhysicsTerm,thermal,double compute(double t)
source65_wolfram.cpp,NebularBlueshiftVelocityTerm,592,PhysicsTerm,kinematics,double compute(double t)
source65_wolfram.cpp,NebularNeutrinoProtoTerm,593,PhysicsTerm,particle,double compute(double t)
source65_wolfram.cpp,NebularUniversalDecayTerm,594,PhysicsTerm,decay,double compute(double t)
source65_wolfram.cpp,NebularDNAEnergyTerm,595,PhysicsTerm,biological,double compute(double t)
source65_wolfram.cpp,NebularBuoyancyRatioTerm,596,PhysicsTerm,buoyancy,double compute(double t)
source65_wolfram.cpp,NebularLENREFieldTerm,597,PhysicsTerm,electromagnetic,double compute(double t)
source65_wolfram.cpp,NebularHiggsMassTerm,598,PhysicsTerm,particle,double compute(double t)
source65_wolfram.cpp,NebularGeometricStarAngleTerm,599,PhysicsTerm,geometry,double compute(double t)
source66_wolfram.cpp,RedDwarfWmagTerm,600,PhysicsTerm,magnetic,double compute(double t)
source66_wolfram.cpp,RedDwarfUmTerm,601,PhysicsTerm,electromagnetic,double compute(double t)
source66_wolfram.cpp,RedDwarfUHTerm,602,PhysicsTerm,particle,double compute(double t)
source66_wolfram.cpp,RedDwarfUg3Term,603,PhysicsTerm,gravity,double compute(double t)
source66_wolfram.cpp,RedDwarfLENREFieldTerm,604,PhysicsTerm,electromagnetic,double compute(double t)
source66_wolfram.cpp,RedDwarfNeutronRateTerm,605,PhysicsTerm,nuclear,double compute(double t)
source66_wolfram.cpp,RedDwarfPseudoMonopoleDeltaNTerm,606,PhysicsTerm,topology,double compute(double t)
source66_wolfram.cpp,RedDwarfBaselSeriesTerm,607,PhysicsTerm,mathematical,double compute(double t)
source66_wolfram.cpp,RedDwarfBuoyancySeriesTerm,608,PhysicsTerm,buoyancy,double compute(double t)
source66_wolfram.cpp,RedDwarfTransmutationQTerm,609,PhysicsTerm,nuclear,double compute(double t)
source67_wolfram.cpp,InertiaQuantumWaveFunctionTerm,610,PhysicsTerm,quantum,double compute(double t)
source67_wolfram.cpp,InertiaTwistPhaseTerm,611,PhysicsTerm,phase,double compute(double t)
source67_wolfram.cpp,InertiaInertialOperatorTerm,612,PhysicsTerm,operator,double compute(double t)
source67_wolfram.cpp,InertiaPseudoMonopoleBTerm,613,PhysicsTerm,magnetic,double compute(double t)
source67_wolfram.cpp,InertiaUniversalInertiaTerm,614,PhysicsTerm,inertia,double compute(double t)
source67_wolfram.cpp,InertiaBosonicEnergyTerm,615,PhysicsTerm,quantum,double compute(double t)
source67_wolfram.cpp,InertiaMagneticHamiltonianTerm,616,PhysicsTerm,magnetic,double compute(double t)
source67_wolfram.cpp,InertiaScaledWaveEnergyTerm,617,PhysicsTerm,wave,double compute(double t)
source67_wolfram.cpp,InertiaThreeLegProofsetTerm,618,PhysicsTerm,conservation,double compute(double t)
source67_wolfram.cpp,InertiaNonLocalExponentialTerm,619,PhysicsTerm,spatial,double compute(double t)
source68_wolfram.cpp,HydrogenBaseEnergyE0Term,620,PhysicsTerm,energy,double compute(double t)
source68_wolfram.cpp,HydrogenSpatialConfigTerm,621,PhysicsTerm,geometry,double compute(double t)
source68_wolfram.cpp,HydrogenCompressionFactorTerm,622,PhysicsTerm,compression,double compute(double t)
source68_wolfram.cpp,HydrogenLayerFactorTerm,623,PhysicsTerm,structure,double compute(double t)
source68_wolfram.cpp,HydrogenHiggsFreqFactorTerm,624,PhysicsTerm,particle,double compute(double t)
source68_wolfram.cpp,HydrogenPrecessionFactorTerm,625,PhysicsTerm,temporal,double compute(double t)
source68_wolfram.cpp,HydrogenQuantumScalingTerm,626,PhysicsTerm,quantum,double compute(double t)
source68_wolfram.cpp,HydrogenCompressedSpaceEnergyTerm,627,PhysicsTerm,energy,double compute(double t)
source68_wolfram.cpp,HydrogenVacuumDensityRatioTerm,628,PhysicsTerm,vacuum_energy,double compute(double t)
source68_wolfram.cpp,HydrogenQuantumEnergyTerm,629,PhysicsTerm,quantum,double compute(double t)
source200_wolfram.cpp,CosmicEgg26DimensionCountTerm,630,PhysicsTerm,topology,double compute(double t)
source200_wolfram.cpp,CosmicEggUniformAetherTerm,631,PhysicsTerm,vacuum_energy,double compute(double t)
source200_wolfram.cpp,CosmicEggPiMeanChaosTerm,632,PhysicsTerm,chaos,double compute(double t)
source200_wolfram.cpp,CosmicEggDistortionFactorTerm,633,PhysicsTerm,geometry,double compute(double t)
source200_wolfram.cpp,CosmicEggToroidPillarTerm,634,PhysicsTerm,oscillation,double compute(double t)
source200_wolfram.cpp,CosmicEggRadiusInversionTerm,635,PhysicsTerm,geometry,double compute(double t)
source200_wolfram.cpp,CosmicEggOmnidirectionalRotationTerm,636,PhysicsTerm,rotation,double compute(double t)
source200_wolfram.cpp,CosmicEggVoidVolumeTerm,637,PhysicsTerm,volume,double compute(double t)
source200_wolfram.cpp,CosmicEggQuantumFrequencyTerm,638,PhysicsTerm,quantum,double compute(double t)
source200_wolfram.cpp,CosmicEggSphericalOutlineTerm,639,PhysicsTerm,geometry,double compute(double t)
source69_wolfram.cpp,CompressionExpansionFactorTerm,640,PhysicsTerm,cosmology,double compute(double t)
source69_wolfram.cpp,CompressionSuperconductiveCorrectionTerm,641,PhysicsTerm,magnetic,double compute(double B)
source69_wolfram.cpp,CompressionEnvironmentalForceTerm,642,PhysicsTerm,environment,double compute(double t)
source69_wolfram.cpp,CompressionMassEvolutionTerm,643,PhysicsTerm,dynamics,double compute(double t)
source69_wolfram.cpp,CompressionUg1GravityTerm,644,PhysicsTerm,gravity,double compute(double M, double r)
source69_wolfram.cpp,CompressionUg3ExternalGravityTerm,645,PhysicsTerm,gravity,double compute()
source69_wolfram.cpp,CompressionUg4SuperconductiveTerm,646,PhysicsTerm,gravity,double compute(double Ug1)
source69_wolfram.cpp,CompressionQuantumWaveTerm,647,PhysicsTerm,quantum,double compute(double t, double x)
source69_wolfram.cpp,CompressionDarkMatterPerturbationTerm,648,PhysicsTerm,dark_matter,double compute(double delta_rho, double rho, double M, double r)
source69_wolfram.cpp,CompressionFluidDynamicsTerm,649,PhysicsTerm,fluid,double compute(double g_base)
source70_wolfram.cpp,M51DipoleMagneticTerm,650,PhysicsTerm,magnetic,double compute(double B)
source70_wolfram.cpp,M51SuperconductorEnergyTerm,651,PhysicsTerm,magnetic,double compute()
source70_wolfram.cpp,M51ExternalTidalTerm,652,PhysicsTerm,gravity,double compute()
source70_wolfram.cpp,M51ReactionEnergyTerm,653,PhysicsTerm,nuclear,double compute(double t)
source70_wolfram.cpp,M51InertialVacuumTerm,654,PhysicsTerm,vacuum_energy,double compute(double t_n)
source70_wolfram.cpp,M51SpiralArmWaveTerm,655,PhysicsTerm,wave,double compute(double r, double phi, double t)
source70_wolfram.cpp,M51StarFormationForceTerm,656,PhysicsTerm,stellar,double compute(double SFR)
source70_wolfram.cpp,M51TidalForceTerm,657,PhysicsTerm,gravity,double compute(double M_companion, double d)
source70_wolfram.cpp,M51DarkMatterCurvatureTerm,658,PhysicsTerm,dark_matter,double compute(double delta_rho_over_rho, double M, double r)
source70_wolfram.cpp,M51QuantumSpiralIntegralTerm,659,PhysicsTerm,quantum,double compute(double psi_squared_integral)






