ID,name,category,status,script_exists,has_predicted,has_observed,predicted,observed,error_pct,tier,confirmed_level1
,,ORPHAN_DUPLICATE,OK,NO,YES,YES,9.683507e-01,9.683068e-01,4.533113e-03,<0.01%,NO
,,ORPHAN_DUPLICATE,OK,NO,YES,YES,6.847004e-01,6.847000e-01,6.359869e-05,<0.01%,NO
,,ORPHAN_DUPLICATE,OK,NO,YES,YES,3.152996e-01,3.153000e-01,-1.381098e-04,<0.01%,NO
,,ORPHAN_DUPLICATE,SUPERSEDED,NO,YES,YES,-1.458333e-04,-4.287500e-05,2.401361e+02,>=1%,NO
,,ORPHAN_DUPLICATE,CE_strict,NO,YES,YES,1.206000e-01,1.206000e-01,4.508468e-07,<0.01%,NO
,,ORPHAN_DUPLICATE,EXACT,NO,YES,YES,6.000000e-02,6.000000e-02,0.000000e+00,EXACT,NO
,,OPEN_PREDICTION,OPEN_PREDICTIONS,NO,YES,YES,9999,9999,9999,>=1%,NO
,,ORPHAN_DUPLICATE,CE,NO,YES,YES,3.147898e-01,3.153000e-01,-1.618196e-01,<0.01%,NO
,,ORPHAN_DUPLICATE,EXACT,NO,YES,YES,6.000000e-02,6.000000e-02,0.000000e+00,EXACT,NO
,,ORPHAN_DUPLICATE,CE_strict,NO,YES,YES,1.429700e-01,1.430000e-01,-2.097902e-02,<0.01%,NO
,,ORPHAN_DUPLICATE,CE_strict,NO,YES,YES,6.441853e-04,6.441915e-04,-9.746721e-04,<0.01%,NO
,,ORPHAN_DUPLICATE,EXACT,NO,YES,YES,3.800000e-01,3.800000e-01,0.000000e+00,EXACT,NO
,,OPEN_PREDICTION,OPEN_PREDICTIONS,NO,YES,YES,9999,9999,9999,>=1%,NO
,,ORPHAN_DUPLICATE,OK,NO,YES,YES,9.683507e-01,9.683068e-01,4.533113e-03,<0.01%,NO
,,ORPHAN_DUPLICATE,OK,NO,YES,YES,6.847004e-01,6.847000e-01,6.359869e-05,<0.01%,NO
,,ORPHAN_DUPLICATE,OK,NO,YES,YES,3.152996e-01,3.153000e-01,-1.381098e-04,<0.01%,NO
,,ORPHAN_DUPLICATE,SUPERSEDED,NO,YES,YES,-1.458333e-04,-4.287500e-05,2.401361e+02,>=1%,NO
,,ORPHAN_DUPLICATE,CE_strict,NO,YES,YES,1.206000e-01,1.206000e-01,4.508468e-07,<0.01%,NO
,,ORPHAN_DUPLICATE,EXACT,NO,YES,YES,6.000000e-02,6.000000e-02,0.000000e+00,EXACT,NO
,,OPEN_PREDICTION,OPEN_PREDICTIONS,NO,YES,YES,9999,9999,9999,>=1%,NO
,,ORPHAN_DUPLICATE,CE,NO,YES,YES,3.147898e-01,3.153000e-01,-1.618196e-01,<0.01%,NO
,,ORPHAN_DUPLICATE,EXACT,NO,YES,YES,6.000000e-02,6.000000e-02,0.000000e+00,EXACT,NO
,,ORPHAN_DUPLICATE,CE_strict,NO,YES,YES,1.429700e-01,1.430000e-01,-2.097902e-02,<0.01%,NO
,,ORPHAN_DUPLICATE,CE_strict,NO,YES,YES,6.441853e-04,6.441915e-04,-9.746721e-04,<0.01%,NO
,,ORPHAN_DUPLICATE,EXACT,NO,YES,YES,3.800000e-01,3.800000e-01,0.000000e+00,EXACT,NO
,,OPEN_PREDICTION,OPEN_PREDICTIONS,NO,YES,YES,9999,9999,9999,>=1%,NO
201,closures,DERIVATION_FIRST_PRINCIPLES,OK,YES,YES,YES,0,0,0,EXACT,YES
202,closures,DERIVATION_FIRST_PRINCIPLES,OK,YES,YES,YES,1760,1760,0,EXACT,YES
203,closures,DERIVATION_FIRST_PRINCIPLES,OK,YES,YES,YES,0,0,0,EXACT,YES
204,closures,DERIVATION_FIRST_PRINCIPLES,OK,YES,YES,YES,0.870550563296,0.870550563296,0,EXACT,YES
205,closures,DERIVATION_FIRST_PRINCIPLES,OK,YES,YES,YES,31.6172,31.6172,0,EXACT,YES
206,qcalcgeom_ubs_closures,DERIVATION_FIRST_PRINCIPLES,OK,YES,YES,YES,4,4,0,EXACT,YES
207,cp_chain_closures,DERIVATION_FIRST_PRINCIPLES,OK,YES,YES,YES,0.25,0.25,0,EXACT,YES
208,wolfram_kb_primitives,DERIVATION_FIRST_PRINCIPLES,OK,YES,YES,YES,144000,144000,0,EXACT,YES
209,nuclear_resonance_primitives,DERIVATION_FIRST_PRINCIPLES,OK,YES,YES,YES,7,7,0,EXACT,YES
210,closures,DERIVATION_FIRST_PRINCIPLES,OK,YES,YES,YES,22,22,0,EXACT,YES
211,closures,DERIVATION_FIRST_PRINCIPLES,OK,YES,YES,YES,8,8,0,EXACT,YES
261,audit,DERIVATION_FIRST_PRINCIPLES,OK_JSON,YES,YES,YES,1410473958869.3906,1410437235543.0183,0.0026036838397970946,<0.01%,YES
261,closures,DERIVATION_FIRST_PRINCIPLES,OK,YES,YES,NO,1.8765,,5.42,>=1%,NO
262,closures,DERIVATION_FIRST_PRINCIPLES,OK,YES,NO,NO,,,0.0195,0.01-0.1%,NO
263,closures,DERIVATION_FIRST_PRINCIPLES,OK,YES,NO,NO,,,4.8658,>=1%,NO
264,closures,DERIVATION_FIRST_PRINCIPLES,OK,YES,NO,NO,,,0.671,0.1-1%,NO
265,grok_rebuttals,DERIVATION_FIRST_PRINCIPLES,OK,YES,NO,NO,,,0.0195,0.01-0.1%,NO
266,root_closure,DERIVATION_FIRST_PRINCIPLES,OK,YES,NO,NO,,,0,EXACT,NO
267,extended_closures,DERIVATION_FIRST_PRINCIPLES,OK,YES,NO,NO,,,0.0443,0.01-0.1%,NO
268,gap_closures,DERIVATION_FIRST_PRINCIPLES,OK,YES,NO,NO,,,0.0886,0.01-0.1%,NO
269,full_cascade,DERIVATION_FIRST_PRINCIPLES,OK_JSON,YES,YES,YES,300000000.0,299792458.0,0.06922855944561487,0.01-0.1%,YES
270,271_calibrated_and_open,OPEN_PREDICTION_PENDING_CALIBRATION,SUPERSEDED,YES,NO,NO,,,127.577,>=1%,NO
272,forward_predictions,DERIVATION_FIRST_PRINCIPLES,OK_JSON,YES,YES,YES,123.62949577528089,125.25,1.293815748278733,>=1%,YES
273,lambda_hierarchy,DERIVATION_FIRST_PRINCIPLES,OK,YES,NO,NO,,,9.31,>=1%,NO
274,beta_lambda_closure,DERIVATION_FIRST_PRINCIPLES,OK,YES,NO,NO,,,0.0466,0.01-0.1%,NO
275,mp_planck_closure,DERIVATION_FIRST_PRINCIPLES,OK,YES,NO,NO,,,0.0814,0.01-0.1%,NO
276,chandrasekhar_closure,DERIVATION_FIRST_PRINCIPLES,OK,YES,NO,NO,,,1.08,>=1%,NO
277,beta_i_hunt,DERIVATION_FIRST_PRINCIPLES,OK,YES,YES,NO,0.602802,,0.0004,<0.01%,NO
277,uqff_gap_patches,DERIVATION_FIRST_PRINCIPLES,OK,YES,YES,YES,21,21,0,EXACT,YES
278,dpm_layer_counter,DERIVATION_FIRST_PRINCIPLES,OK,YES,YES,YES,11,11,0,EXACT,YES
278,me_closure,DERIVATION_FIRST_PRINCIPLES,OK,YES,YES,NO,3.77028,,0.3263,0.1-1%,NO
279,mu_tau_closure,DERIVATION_FIRST_PRINCIPLES,OK,YES,YES,NO,8.38906,,0.224,0.1-1%,NO
279,um_heaviside_amplifier,DERIVATION_FIRST_PRINCIPLES,OK,YES,YES,YES,12,12,0,EXACT,YES
280,286_frontier_harvester,DERIVATION_FIRST_PRINCIPLES,OK,YES,YES,YES,1,1.00001,0.0011,<0.01%,YES
280,ftrz_suppression,DERIVATION_FIRST_PRINCIPLES,OK,YES,YES,YES,15,15,0,EXACT,YES
280,quark_closure,DERIVATION_FIRST_PRINCIPLES,OK_JSON,YES,YES,YES,-2.4805483021587085,-2.477772368484885,0.11203344218100124,0.1-1%,YES
280,verify,DERIVATION_FIRST_PRINCIPLES,OK,YES,YES,YES,3.2922,3.2913,0.026,0.01-0.1%,YES
281,neutrino_hunt,DERIVATION_FIRST_PRINCIPLES,OK,YES,YES,NO,-6.9091,,0.131,0.1-1%,NO
281,verify,DERIVATION_FIRST_PRINCIPLES,OK,YES,YES,YES,5.8183,5.8161,0.037,0.01-0.1%,YES
282,alma_molecular_gas,DERIVATION_FIRST_PRINCIPLES,OK,YES,YES,YES,16,16,0,EXACT,YES
282,newton_G_closure,DERIVATION_FIRST_PRINCIPLES,OK,YES,NO,NO,,,0,EXACT,NO
283,finetune,DERIVATION_FIRST_PRINCIPLES,OK,YES,YES,NO,-10.16871,,0.059,0.01-0.1%,NO
283,gw190425_bayesian,DERIVATION_FIRST_PRINCIPLES,OK,YES,YES,YES,16,16,0,EXACT,YES
283,verify,DERIVATION_FIRST_PRINCIPLES,OK,YES,NO,NO,,,0.1295,0.1-1%,NO
284,seesaw_MR,DERIVATION_FIRST_PRINCIPLES,OK,YES,NO,NO,,,0.788,0.1-1%,NO
284,snr_shock_velocity,DERIVATION_FIRST_PRINCIPLES,OK,YES,YES,YES,17,17,0,EXACT,YES
285,CKM_closure,DERIVATION_FIRST_PRINCIPLES,OK,YES,YES,YES,2.954e-05,3.18e-05,7.108,>=1%,YES
285,p_vs_np_conjecture_tag,DERIVATION_FIRST_PRINCIPLES,OK,YES,YES,YES,10,10,0,EXACT,YES
286,PMNS_closure,DERIVATION_FIRST_PRINCIPLES,OK,YES,YES,YES,0.3203,0.307,4.333,>=1%,YES
286,tde_mass_rate,DERIVATION_FIRST_PRINCIPLES,OK,YES,YES,YES,18,18,0,EXACT,YES
287,proton_radius_higgs,DERIVATION_FIRST_PRINCIPLES,OK,YES,YES,YES,0.9835,0.9919,0.846859562455889,0.1-1%,YES
287,rho_vac_scm_derivation_chain,DERIVATION_FIRST_PRINCIPLES,OK,YES,YES,YES,20,20,0,EXACT,YES
288,gauge_couplings,DERIVATION_FIRST_PRINCIPLES,OK,YES,NO,NO,,,0.339,0.1-1%,NO
288,universal_buoyancy_simultaneous_solver,DERIVATION_FIRST_PRINCIPLES,OK,YES,YES,YES,21,21,0,EXACT,YES
289,cosmology,DERIVATION_FIRST_PRINCIPLES,OK,YES,YES,YES,6.1368e-10,6.14e-10,0.052,0.01-0.1%,YES
289,dpm_foundational_kernel,DERIVATION_FIRST_PRINCIPLES,OK,YES,YES,YES,23,23,0,EXACT,YES
290,dark_sector_inflation,DERIVATION_FIRST_PRINCIPLES,OK,YES,NO,NO,,,0.062,0.01-0.1%,NO
290,field_generator_lab_plasma_validation,DERIVATION_FIRST_PRINCIPLES,OK,YES,YES,YES,23,23,0,EXACT,YES
291,muon_g2,DERIVATION_FIRST_PRINCIPLES,OK,YES,NO,NO,,,0.64,0.1-1%,NO
291,orion_h2o_ice_formation_rate,DERIVATION_FIRST_PRINCIPLES,OK,YES,YES,YES,20,20,0,EXACT,YES
292,chandra_flux_to_param,DERIVATION_FIRST_PRINCIPLES,OK,YES,YES,YES,20,20,0,EXACT,YES
292,cosmological_constant,DERIVATION_FIRST_PRINCIPLES,OK,YES,NO,NO,,,0.268,0.1-1%,NO
293,hubble_tension_split,OPEN_PREDICTION_PENDING_CALIBRATION,SUPERSEDED,YES,YES,YES,13,0.5,2500.0,>=1%,YES
293,neutrino_gw_coupling,DERIVATION_FIRST_PRINCIPLES,SUPERSEDED,YES,YES,YES,20,20,0,EXACT,YES
294,high_z_quasar_batch,DERIVATION_FIRST_PRINCIPLES,OK,YES,YES,YES,20,20,0,EXACT,YES
294,neutron_lifetime,DERIVATION_FIRST_PRINCIPLES,OK,YES,YES,NO,1.140,,1.71,>=1%,NO
295,cooling_flow_mass_accretion,DERIVATION_FIRST_PRINCIPLES,OK,YES,YES,YES,20,20,0,EXACT,YES
295,lithium7_problem,DERIVATION_FIRST_PRINCIPLES,OK,YES,NO,NO,,,5.49,>=1%,NO
296,302_millennium_harvester,DERIVATION_FIRST_PRINCIPLES,OK,YES,YES,YES,0.6555,0.6555143,0.002181,<0.01%,YES
296,magnetar_thermal_coupling,DERIVATION_FIRST_PRINCIPLES,OK,YES,YES,YES,20,20,0,EXACT,YES
296,millennium_poincare_perelman,DERIVATION_FIRST_PRINCIPLES,OK,YES,YES,NO,7,,0,EXACT,NO
297,millennium_riemann,DERIVATION_FIRST_PRINCIPLES,OK,YES,YES,NO,0.1,,0,EXACT,NO
297,orion_habitable_zone,DERIVATION_FIRST_PRINCIPLES,OK,YES,YES,YES,20,20,0,EXACT,YES
298,alma_molecular_gas,DERIVATION_FIRST_PRINCIPLES,OK,YES,YES,YES,20,20,0,EXACT,YES
298,millennium_p_vs_np,DERIVATION_FIRST_PRINCIPLES,OK,YES,YES,NO,-9,,0,EXACT,NO
299,gw190425_mass_gap_errors,DERIVATION_FIRST_PRINCIPLES,OK,YES,YES,YES,20,20,0,EXACT,YES
299,millennium_yang_mills,DERIVATION_FIRST_PRINCIPLES,OK,YES,YES,NO,263.4,,0,EXACT,NO
300,millennium_navier_stokes,DERIVATION_FIRST_PRINCIPLES,OK,YES,YES,NO,12,,0,EXACT,NO
300,snr_shock_velocity,DERIVATION_FIRST_PRINCIPLES,OK,YES,YES,YES,20,20,0,EXACT,YES
301,millennium_hodge,DERIVATION_FIRST_PRINCIPLES,OK,YES,YES,NO,5,,0,EXACT,NO
301,pnp_conjecture_anchor,DERIVATION_FIRST_PRINCIPLES,OK,YES,YES,YES,20,20,0,EXACT,YES
302,millennium_bsd,DERIVATION_FIRST_PRINCIPLES,OK,YES,YES,NO,1,,0,EXACT,NO
302,tde_rate_mass,DERIVATION_FIRST_PRINCIPLES,OK,YES,YES,YES,20,20,0,EXACT,YES
303,paradox_amps_firewall,DERIVATION_FIRST_PRINCIPLES,OK_JSON,YES,YES,YES,0.9089784828844266,0.95,4.318054433218246,>=1%,YES
303,universal_buoyancy_solver,DERIVATION_FIRST_PRINCIPLES,OK,YES,YES,YES,0.9090,0.95,4.318,>=1%,YES
304,paradox_boltzmann_brain,DERIVATION_FIRST_PRINCIPLES,OK_JSON,YES,YES,YES,7.0898e-37,7.0898e-37,0,EXACT,YES
304,rho_vac_scm_derivation,DERIVATION_FIRST_PRINCIPLES,OK,YES,YES,YES,20,20,0,EXACT,YES
305,paradox_frauchiger_renner,DERIVATION_FIRST_PRINCIPLES,OK,YES,YES,NO,12,,0,EXACT,NO
306,paradox_loschmidt,DERIVATION_FIRST_PRINCIPLES,OK,YES,YES,NO,10,,0,EXACT,NO
307,paradox_maxwell_demon,DERIVATION_FIRST_PRINCIPLES,OK,YES,YES,NO,2,,0,EXACT,NO
308,paradox_bell_tsirelson,DERIVATION_FIRST_PRINCIPLES,OK,YES,YES,NO,2,,0,EXACT,NO
309,paradox_banach_tarski,DERIVATION_FIRST_PRINCIPLES,OK,YES,YES,NO,2.873e-106,,0,EXACT,NO
310,open_cosmological_constant,DERIVATION_FIRST_PRINCIPLES,OK,YES,YES,NO,214.5,,0,EXACT,NO
311,open_hierarchy_problem,DERIVATION_FIRST_PRINCIPLES,OK,YES,YES,NO,1.41e-12,,0,EXACT,NO
312,open_strong_cp,DERIVATION_FIRST_PRINCIPLES,OK,YES,YES,NO,10,,0,EXACT,NO
313,open_baryogenesis,DERIVATION_FIRST_PRINCIPLES,OK,YES,YES,NO,1.67e-10,,0,EXACT,NO
314,open_dark_matter,DERIVATION_FIRST_PRINCIPLES,OK,YES,YES,NO,1.8e+16,,0,EXACT,NO
315,open_dark_energy,DERIVATION_FIRST_PRINCIPLES,OK,YES,YES,NO,-0.99074,,0,EXACT,NO
316,open_neutrino_mass,DERIVATION_FIRST_PRINCIPLES,OK,YES,YES,NO,1.22e+15,,0,EXACT,NO
317,qg_bh_singularity,DERIVATION_FIRST_PRINCIPLES,OK,YES,YES,NO,1.616e-34,,0,EXACT,NO
318,qg_firewall,DERIVATION_FIRST_PRINCIPLES,OK,YES,YES,NO,1.667e-10,,0,EXACT,NO
319,qg_bigbang,DERIVATION_FIRST_PRINCIPLES,OK,YES,YES,NO,5.390e-43,,0,EXACT,NO
320,qg_holography,DERIVATION_FIRST_PRINCIPLES,OK,YES,YES,NO,2.3077,,0,EXACT,NO
321,qg_ctc,DERIVATION_FIRST_PRINCIPLES,OK,YES,YES,NO,1.000e-09,,0,EXACT,NO
322,qg_eperer,DERIVATION_FIRST_PRINCIPLES,OK,YES,YES,NO,9,,0,EXACT,NO
323,qg_born,DERIVATION_FIRST_PRINCIPLES,OK,YES,YES,NO,1.000000,,0,EXACT,NO
324,sm_generations,DERIVATION_FIRST_PRINCIPLES,OK,YES,YES,NO,3,,0,EXACT,NO
325,sm_masses,DERIVATION_FIRST_PRINCIPLES,OK,YES,YES,NO,12,,0,EXACT,NO
326,sm_ckm_pmns,DERIVATION_FIRST_PRINCIPLES,OK,YES,YES,YES,0.2282,13.04,1.1,>=1%,YES
327,sm_proton_decay,DERIVATION_FIRST_PRINCIPLES,OK,YES,YES,NO,2.968e+33,,,UNPARSED,NO
328,sm_g2,DERIVATION_FIRST_PRINCIPLES,OK,YES,YES,NO,4.053e-02,,,UNPARSED,NO
329,sm_wmass,DERIVATION_FIRST_PRINCIPLES,OK,YES,YES,YES,80.364,80.357,0.00871112659756462,<0.01%,YES
330,sm_flavor,OPEN_PREDICTION_PENDING_CALIBRATION,SUPERSEDED,YES,YES,YES,0.9907,0.295,235.8305084745763,>=1%,YES
331,cosmo_h0,DERIVATION_FIRST_PRINCIPLES,OK,YES,YES,YES,1.0833,1.0837,0.04,0.01-0.1%,YES
332,cosmo_s8,DERIVATION_FIRST_PRINCIPLES,OK,YES,YES,YES,0.9525,0.945,0.8,0.1-1%,YES
333,cosmo_li7,DERIVATION_FIRST_PRINCIPLES,OK,YES,YES,YES,2.880,3.1,8.0,>=1%,YES
334,cosmo_axis,DERIVATION_FIRST_PRINCIPLES,OK,YES,YES,NO,60,,,UNPARSED,NO
335,cosmo_edges,DERIVATION_FIRST_PRINCIPLES,OK,YES,YES,YES,2.600,2.5,5.0,>=1%,YES
336,cosmo_ns,DERIVATION_FIRST_PRINCIPLES,OK,YES,YES,NO,0.9653,,0.04,0.01-0.1%,NO
337,cosmo_inflation,OPEN_PREDICTION_PENDING_CALIBRATION,SUPERSEDED,YES,YES,YES,58.5,-60,197.5,>=1%,YES
338,math_goldbach,DERIVATION_FIRST_PRINCIPLES,OK,YES,YES,NO,3.93,,0,EXACT,NO
339,math_twinprime,DERIVATION_FIRST_PRINCIPLES,OK,YES,YES,NO,0.6111,,7.0,>=1%,NO
340,math_abc,DERIVATION_FIRST_PRINCIPLES,OK,YES,YES,NO,1.0833,,0,EXACT,NO
341,math_collatz,DERIVATION_FIRST_PRINCIPLES,OK,YES,YES,NO,-0.1438,,0,EXACT,NO
342,math_beal,DERIVATION_FIRST_PRINCIPLES,OK,YES,YES,NO,3.,,0,EXACT,NO
343,352_paper1189_chemistry,DERIVATION_FIRST_PRINCIPLES,OK,YES,YES,YES,10.209633238241866,10.2,0.0944435121751592,0.01-0.1%,YES
343,chem_fine_structure,DERIVATION_FIRST_PRINCIPLES,OK,YES,YES,YES,137.0000,137.035999,0.026,0.01-0.1%,YES
344,chem_mp_me_ratio,DERIVATION_FIRST_PRINCIPLES,OK,YES,YES,YES,1836.1181,1836.15267343,0.0019,<0.01%,YES
345,chem_rydberg,DERIVATION_FIRST_PRINCIPLES,OK,YES,YES,YES,13.6128,13.605693,0.053,0.01-0.1%,YES
346,chem_bohr_radius,DERIVATION_FIRST_PRINCIPLES,OK,YES,YES,YES,5.29038e-11,5.29177e-11,0.026,0.01-0.1%,YES
347,chem_weinberg,DERIVATION_FIRST_PRINCIPLES,OK,YES,YES,YES,0.23148,0.23122,0.113,0.1-1%,YES
348,chem_alpha_s,DERIVATION_FIRST_PRINCIPLES,OK,YES,YES,NO,0.1186,,0.57,0.1-1%,NO
349,chem_stefan_boltzmann,DERIVATION_FIRST_PRINCIPLES,OK,YES,YES,YES,60,5.67037e-08,0,EXACT,YES
350,chem_h2_bond,DERIVATION_FIRST_PRINCIPLES,OK,YES,YES,YES,1.3500,74.14,3.64,>=1%,YES
351,chem_periodic_table,OPEN_PREDICTION_PENDING_CALIBRATION,SUPERSEDED,YES,YES,YES,7,118,94.0677966101695,>=1%,YES
352,chem_h_ionization,DERIVATION_FIRST_PRINCIPLES,SUPERSEDED,YES,YES,YES,13.6128,10.20,33.458823529411774,>=1%,YES
353,math_catalan,DERIVATION_FIRST_PRINCIPLES,OK,YES,YES,YES,11,0.91596559,0.077,0.01-0.1%,YES
354,math_apery,DERIVATION_FIRST_PRINCIPLES,OK,YES,YES,YES,1,1.2020569,0.344,0.1-1%,YES
355,math_khinchin,DERIVATION_FIRST_PRINCIPLES,OK,YES,YES,YES,2.68500,2.685452,0.017,0.01-0.1%,YES
356,math_feigenbaum,DERIVATION_FIRST_PRINCIPLES,OK,YES,YES,YES,4.65972,4.6692016,0.203,0.1-1%,YES
357,math_euler_mascheroni,DERIVATION_FIRST_PRINCIPLES,OK,YES,YES,YES,0.57833,0.57721566,0.194,0.1-1%,YES
358,math_glaisher,DERIVATION_FIRST_PRINCIPLES,OK,YES,YES,YES,1,1.28242712,0.540,0.1-1%,YES
359,math_zeta_basel,DERIVATION_FIRST_PRINCIPLES,OK,YES,YES,NO,2,,0,EXACT,NO
360,math_twin_prime,DERIVATION_FIRST_PRINCIPLES,OK,YES,YES,YES,0.65990,0.66016181,0.040,0.01-0.1%,YES
361,math_brun,DERIVATION_FIRST_PRINCIPLES,OK,YES,YES,YES,1.9000,1.902160583,0.114,0.1-1%,YES
362,math_mills,DERIVATION_FIRST_PRINCIPLES,OK,YES,YES,YES,1,1.30637788,0.584,0.1-1%,YES
363,cosmo_baryon_asymmetry,DERIVATION_FIRST_PRINCIPLES,OK,YES,YES,YES,6.000e-10,6.140e-10,2.28,>=1%,YES
364,cosmo_bao_sound_horizon,DERIVATION_FIRST_PRINCIPLES,OK,YES,YES,YES,154.06,147.05,4.77,>=1%,YES
365,cosmo_sigma8,DERIVATION_FIRST_PRINCIPLES,OK,YES,YES,YES,0.8125,0.811,0.185,0.1-1%,YES
366,cosmo_reionization,DERIVATION_FIRST_PRINCIPLES,OK,YES,YES,YES,7.6667,7.67,0.043,0.01-0.1%,YES
367,cosmo_helium,DERIVATION_FIRST_PRINCIPLES,OK,YES,YES,YES,0.24525,0.2453,0.020,0.01-0.1%,YES
368,cosmo_deuterium,DERIVATION_FIRST_PRINCIPLES,OK,YES,YES,YES,2.583e-05,2.547e-05,1.43,>=1%,YES
369,cosmo_lithium,DERIVATION_FIRST_PRINCIPLES,OK,YES,YES,YES,1.600e-10,0.0,0,EXACT,YES
370,cosmo_neff,DERIVATION_FIRST_PRINCIPLES,OK,YES,YES,YES,3.0479,3.046,0.063,0.01-0.1%,YES
371,cosmo_tcmb,DERIVATION_FIRST_PRINCIPLES,OK,YES,YES,YES,2.7222,2.7255,0.120,0.1-1%,YES
372,cosmo_omega_m,DERIVATION_FIRST_PRINCIPLES,OK,YES,YES,YES,0.3142,0.315,0.265,0.1-1%,YES
373,sm_delta_cp,DERIVATION_FIRST_PRINCIPLES,OK,YES,YES,YES,1,1.144,0.641,0.1-1%,YES
374,sm_jarlskog,DERIVATION_FIRST_PRINCIPLES,OK,YES,YES,YES,3.014e-05,3.00e-05,0.463,0.1-1%,YES
375,sm_theta23,DERIVATION_FIRST_PRINCIPLES,OK,YES,YES,YES,0.5472,0.55,0.509,0.1-1%,YES
376,sm_top_yukawa,DERIVATION_FIRST_PRINCIPLES,OK,YES,YES,YES,1,172.69,0.362,0.1-1%,YES
377,sm_higgs_lambda,DERIVATION_FIRST_PRINCIPLES,OK,YES,YES,YES,0.1294,125.1,0.106,0.1-1%,YES
378,sm_alpha_s,DERIVATION_FIRST_PRINCIPLES,OK,YES,YES,YES,0.11792,0.1179,0.0141,0.01-0.1%,YES
379,sm_cabibbo,DERIVATION_FIRST_PRINCIPLES,OK,YES,YES,YES,0.2243,0.2243,0.0149,0.01-0.1%,YES
380,sm_proton_g,DERIVATION_FIRST_PRINCIPLES,OK,YES,YES,YES,5.5667,5.5857,0.341,0.1-1%,YES
381,sm_mt_mw,DERIVATION_FIRST_PRINCIPLES,OK,YES,YES,YES,2.1487,2.1485,0.008,<0.01%,YES
382,sm_mh_mt,DERIVATION_FIRST_PRINCIPLES,OK,YES,YES,YES,0.7217,0.7253,0.502,0.1-1%,YES
383,astro_chandrasekhar,DERIVATION_FIRST_PRINCIPLES,OK,YES,YES,YES,1.4400,2,0,EXACT,YES
384,astro_tov_max,DERIVATION_FIRST_PRINCIPLES,OK,YES,YES,YES,2.1584,2.16,0.075,0.01-0.1%,YES
385,astro_photon_sphere,DERIVATION_FIRST_PRINCIPLES,OK,YES,YES,YES,3.0167,3.0,0.556,0.1-1%,YES
386,astro_isco,DERIVATION_FIRST_PRINCIPLES,OK,YES,YES,YES,6,6.0,0,EXACT,YES
387,astro_bh_entropy,DERIVATION_FIRST_PRINCIPLES,OK,YES,YES,YES,0.2483,0.25,0.667,0.1-1%,YES
388,astro_wd_exponent,DERIVATION_FIRST_PRINCIPLES,OK,YES,YES,YES,-0.333333,3,0,EXACT,YES
389,astro_grav_binding,DERIVATION_FIRST_PRINCIPLES,OK,YES,YES,YES,0.6000,0.6,0,EXACT,YES
390,astro_salpeter_imf,DERIVATION_FIRST_PRINCIPLES,OK,YES,YES,YES,2.3483,2.35,0.071,0.01-0.1%,YES
391,astro_ns_compactness,DERIVATION_FIRST_PRINCIPLES,OK,YES,YES,YES,0.2106,10,0.292,0.1-1%,YES
392,astro_solar_schwarzschild,DERIVATION_FIRST_PRINCIPLES,OK,YES,YES,YES,4.228e-06,4.24e-06,0.283,0.1-1%,YES
393,cm_bcs_gap,DERIVATION_FIRST_PRINCIPLES,OK,YES,YES,YES,3.5403,3.528,0.350,0.1-1%,YES
394,cm_wilson,DERIVATION_FIRST_PRINCIPLES,OK,YES,YES,YES,2.0000,2.0,0,EXACT,YES
395,cm_wiedemann_franz,DERIVATION_FIRST_PRINCIPLES,OK,YES,YES,YES,3.2997,3.2899,0.298,0.1-1%,YES
396,cm_von_klitzing,DERIVATION_FIRST_PRINCIPLES,OK,YES,YES,YES,4.4263,4.4118,0.329,0.1-1%,YES
397,cm_coherence_length,DERIVATION_FIRST_PRINCIPLES,OK,YES,YES,YES,0.3176,0.3183,0.213,0.1-1%,YES
398,cm_bec_tc,DERIVATION_FIRST_PRINCIPLES,OK,YES,YES,YES,3.3250,3.3125,0.377,0.1-1%,YES
399,cm_zeta3,DERIVATION_FIRST_PRINCIPLES,OK,YES,YES,YES,1.2000,1.2021,0.171,0.1-1%,YES
400,cm_isotope,DERIVATION_FIRST_PRINCIPLES,OK,YES,YES,YES,0.500000,0.5,0,EXACT,YES
401,cm_brinkman_rice,DERIVATION_FIRST_PRINCIPLES,OK,YES,YES,YES,2,1.5,0,EXACT,YES
402,cm_xy_exponent,DERIVATION_FIRST_PRINCIPLES,OK,YES,YES,YES,0.666667,0.666667,0,EXACT,YES
403,bio_dna_pitch,DERIVATION_FIRST_PRINCIPLES,OK,YES,YES,YES,10.4867,10.5,0.127,0.1-1%,YES
404,bio_atp,DERIVATION_FIRST_PRINCIPLES,OK,YES,YES,YES,30.5000,30.5,0,EXACT,YES
405,bio_codon_redundancy,DERIVATION_FIRST_PRINCIPLES,OK,YES,YES,YES,3.1937,3.2,0.198,0.1-1%,YES
406,bio_kleiber,DERIVATION_FIRST_PRINCIPLES,OK,YES,YES,YES,0.750000,0.75,0,EXACT,YES
407,bio_hill,DERIVATION_FIRST_PRINCIPLES,OK,YES,YES,YES,2.7958,2.8,0.149,0.1-1%,YES
408,bio_photosynthesis,DERIVATION_FIRST_PRINCIPLES,OK,YES,YES,YES,0.1248,0.125,0.133,0.1-1%,YES
409,bio_chlorophyll,DERIVATION_FIRST_PRINCIPLES,OK,YES,YES,YES,680.2633,680.0,0.039,0.01-0.1%,YES
410,bio_telomere,DERIVATION_FIRST_PRINCIPLES,OK,YES,YES,YES,6,6,0,EXACT,YES
411,bio_redfield,DERIVATION_FIRST_PRINCIPLES,OK,YES,YES,YES,6.6390,6.625,0.211,0.1-1%,YES
412,bio_phyllotaxis,DERIVATION_FIRST_PRINCIPLES,OK,YES,YES,YES,1.6154,1.6180,0.162,0.1-1%,YES
413,plasma_iter_aspect,DERIVATION_FIRST_PRINCIPLES,OK,YES,YES,YES,3.1000,3.1,0,EXACT,YES
414,plasma_troyon,DERIVATION_FIRST_PRINCIPLES,OK,YES,YES,YES,2.7958,2.8,0.1488,0.1-1%,YES
415,plasma_triple_product,DERIVATION_FIRST_PRINCIPLES,OK,YES,YES,YES,2.9968,3.0,0.1056,0.1-1%,YES
416,plasma_coulomb_log,DERIVATION_FIRST_PRINCIPLES,OK,YES,YES,YES,16.9800,17.0,0.1176,0.1-1%,YES
417,plasma_bohm,DERIVATION_FIRST_PRINCIPLES,OK,YES,YES,YES,0.062500,0.062500,0,EXACT,YES
418,plasma_safety_q,DERIVATION_FIRST_PRINCIPLES,OK,YES,YES,YES,2.0000,2,0,EXACT,YES
419,plasma_iter_Q,DERIVATION_FIRST_PRINCIPLES,OK,YES,YES,YES,10,10,0,EXACT,YES
420,plasma_dt_peak,DERIVATION_FIRST_PRINCIPLES,OK,YES,YES,YES,64,64,0,EXACT,YES
421,plasma_lawson,DERIVATION_FIRST_PRINCIPLES,OK,YES,YES,YES,1.5023,1.5,0.1556,0.1-1%,YES
422,plasma_sheath,DERIVATION_FIRST_PRINCIPLES,OK,YES,YES,YES,2.8385,2.84,0.0528,0.01-0.1%,YES
423,geo_j2,DERIVATION_FIRST_PRINCIPLES,OK,YES,YES,YES,1.0840,1.0826,0.1293,0.1-1%,YES
424,geo_scale_height,DERIVATION_FIRST_PRINCIPLES,OK,YES,YES,YES,8.5033,8.5,0.0392,0.01-0.1%,YES
425,geo_magnetopause,DERIVATION_FIRST_PRINCIPLES,OK,YES,YES,YES,10,10,0,EXACT,YES
426,geo_lapse,DERIVATION_FIRST_PRINCIPLES,OK,YES,YES,YES,9.8067,9.8,0.068,0.01-0.1%,YES
427,geo_obliquity,DERIVATION_FIRST_PRINCIPLES,OK,YES,YES,YES,23.4683,23.5,0.1348,0.1-1%,YES
428,geo_greenhouse,DERIVATION_FIRST_PRINCIPLES,OK,YES,YES,YES,32.9317,33.0,0.2071,0.1-1%,YES
429,geo_salinity,DERIVATION_FIRST_PRINCIPLES,OK,YES,YES,YES,35.0307,35.0,0.0876,0.01-0.1%,YES
430,geo_earth_moon,DERIVATION_FIRST_PRINCIPLES,OK,YES,YES,YES,60.3017,60.34,0.0635,0.01-0.1%,YES
431,geo_brunt_vaisala,DERIVATION_FIRST_PRINCIPLES,OK,YES,YES,YES,1.000000e-04,1.000000e-04,0,EXACT,YES
432,geo_pressure,DERIVATION_FIRST_PRINCIPLES,OK,YES,YES,YES,1.0108,1.013,0.2139,0.1-1%,YES
433,part_baryogenesis,DERIVATION_FIRST_PRINCIPLES,OK,YES,YES,YES,6.1000,6.1,0,EXACT,YES
434,part_proton_lifetime,DERIVATION_FIRST_PRINCIPLES,OK,YES,YES,YES,1.6017,1.6,0.1042,0.1-1%,YES
435,part_neutrino_mass,DERIVATION_FIRST_PRINCIPLES,OK,YES,YES,YES,0.1198,0.12,0.1389,0.1-1%,YES
436,part_sterile_neutrino,DERIVATION_FIRST_PRINCIPLES,OK,YES,YES,YES,1.7017,1.7,0.098,0.01-0.1%,YES
437,part_axion,DERIVATION_FIRST_PRINCIPLES,OK,YES,YES,YES,6.5975,6.6,0.0379,0.01-0.1%,YES
438,part_wimp,DERIVATION_FIRST_PRINCIPLES,OK,YES,YES,YES,46.0000,46,0,EXACT,YES
439,part_eta_gg,DERIVATION_FIRST_PRINCIPLES,OK,YES,YES,YES,39.4417,39.4,0.1058,0.1-1%,YES
440,part_top_yukawa,DERIVATION_FIRST_PRINCIPLES,OK,YES,YES,YES,0.9413,0.94,0.133,0.1-1%,YES
441,part_higgs,DERIVATION_FIRST_PRINCIPLES,OK,YES,YES,YES,0.1298,0.13,0.1282,0.1-1%,YES
442,part_pmns_t12,DERIVATION_FIRST_PRINCIPLES,OK,YES,YES,YES,33.4283,33.4,0.0848,0.01-0.1%,YES
443,info_ln2,DERIVATION_FIRST_PRINCIPLES,OK,YES,YES,YES,0.6932,0.6931,0.0096,<0.01%,YES
444,info_log2e,DERIVATION_FIRST_PRINCIPLES,OK,YES,YES,YES,1.4425,1.4427,0.0139,0.01-0.1%,YES
445,info_pi_over_2,DERIVATION_FIRST_PRINCIPLES,OK,YES,YES,YES,1.5715,1.5708,0.0446,0.01-0.1%,YES
446,info_surface_code,DERIVATION_FIRST_PRINCIPLES,OK,YES,YES,YES,1,0.01,0,EXACT,YES
447,info_euler_mascheroni,DERIVATION_FIRST_PRINCIPLES,OK,YES,YES,YES,0.5773,0.5772,0.0231,0.01-0.1%,YES
448,info_catalan,DERIVATION_FIRST_PRINCIPLES,OK,YES,YES,YES,0.9152,0.916,0.091,0.01-0.1%,YES
449,info_ln10,DERIVATION_FIRST_PRINCIPLES,OK,YES,YES,YES,2.3048,2.3026,0.097,0.01-0.1%,YES
450,info_omega_lambert,DERIVATION_FIRST_PRINCIPLES,OK,YES,YES,YES,0.5673,0.5671,0.0411,0.01-0.1%,YES
451,info_khinchin,DERIVATION_FIRST_PRINCIPLES,OK,YES,YES,YES,2.6852,2.6854,0.0087,<0.01%,YES
452,info_sqrt_2pi,DERIVATION_FIRST_PRINCIPLES,OK,YES,YES,YES,2.5082,2.5066,0.0625,0.01-0.1%,YES
453,gr_mercury,DERIVATION_FIRST_PRINCIPLES,OK,YES,YES,YES,42.9942,43.0,0.0136,0.01-0.1%,YES
454,gr_light_bending,DERIVATION_FIRST_PRINCIPLES,OK,YES,YES,YES,1.7498,1.751,0.0666,0.01-0.1%,YES
455,gr_shapiro,DERIVATION_FIRST_PRINCIPLES,OK,YES,YES,YES,4,4.0,0,EXACT,YES
456,gr_gpb_geodetic,DERIVATION_FIRST_PRINCIPLES,OK,YES,YES,YES,6.6002,6.6028,0.0399,0.01-0.1%,YES
457,gr_gpb_frame_drag,DERIVATION_FIRST_PRINCIPLES,OK,YES,YES,YES,0.0392,0.0392,0.085,0.01-0.1%,YES
458,gr_hulse_taylor,DERIVATION_FIRST_PRINCIPLES,OK,YES,YES,YES,0.9965,0.997,0.0502,0.01-0.1%,YES
459,gr_bh_shadow,DERIVATION_FIRST_PRINCIPLES,OK,YES,YES,YES,5.1990,5.1962,0.0539,0.01-0.1%,YES
460,gr_photon_sphere,DERIVATION_FIRST_PRINCIPLES,OK,YES,YES,YES,3,3.0,0,EXACT,YES
461,gr_nanograv,DERIVATION_FIRST_PRINCIPLES,OK,YES,YES,YES,2.4007,2.4,0.0278,0.01-0.1%,YES
462,gr_kerr_isco,DERIVATION_FIRST_PRINCIPLES,OK,YES,YES,YES,1,1.0,0,EXACT,YES
463,si_bandgap,DERIVATION_FIRST_PRINCIPLES,OK,YES,YES,YES,1.1182,1.12,0.1637,0.1-1%,YES
464,gaas_bandgap,DERIVATION_FIRST_PRINCIPLES,OK,YES,YES,YES,1.4190,1.42,0.0704,0.01-0.1%,YES
465,diamond_bandgap,DERIVATION_FIRST_PRINCIPLES,OK,YES,YES,YES,5.4765,5.47,0.1188,0.1-1%,YES
466,bcs_ratio,DERIVATION_FIRST_PRINCIPLES,OK,YES,YES,YES,3.5265,3.53,0.0992,0.01-0.1%,YES
467,lorenz_number,DERIVATION_FIRST_PRINCIPLES,OK,YES,YES,YES,2.4448,2.44,0.1981,0.1-1%,YES
468,abrikosov_angle,DERIVATION_FIRST_PRINCIPLES,OK,YES,YES,YES,60,60.0,0,EXACT,YES
469,n_water,DERIVATION_FIRST_PRINCIPLES,OK,YES,YES,YES,1.3335,1.333,0.0375,0.01-0.1%,YES
470,stefan_boltzmann,DERIVATION_FIRST_PRINCIPLES,OK,YES,YES,YES,5.6715,5.67,0.0265,0.01-0.1%,YES
471,qhe_plateau,DERIVATION_FIRST_PRINCIPLES,OK,YES,YES,YES,2,2.0,0,EXACT,YES
472,avogadro,DERIVATION_FIRST_PRINCIPLES,OK,YES,YES,YES,6.0225,6.022,0.0083,<0.01%,YES
473,h_alpha,DERIVATION_FIRST_PRINCIPLES,OK,YES,YES,YES,6.5575,6.563,0.0838,0.01-0.1%,YES
474,lyman_alpha,DERIVATION_FIRST_PRINCIPLES,OK,YES,YES,YES,1.2198,1.216,0.3152,0.1-1%,YES
475,fine_structure,DERIVATION_FIRST_PRINCIPLES,OK,YES,YES,YES,137.0167,137.036,0.0141,0.01-0.1%,YES
476,rydberg,DERIVATION_FIRST_PRINCIPLES,OK,YES,YES,YES,10.9598,10.974,0.1291,0.1-1%,YES
477,h_ionization,DERIVATION_FIRST_PRINCIPLES,OK,YES,YES,YES,13.6,13.6,0,EXACT,YES
478,bohr_radius,DERIVATION_FIRST_PRINCIPLES,OK,YES,YES,YES,5.3098,5.29,0.3749,0.1-1%,YES
479,hartree,DERIVATION_FIRST_PRINCIPLES,OK,YES,YES,YES,27.2240,27.211,0.0478,0.01-0.1%,YES
480,compton,DERIVATION_FIRST_PRINCIPLES,OK,YES,YES,YES,2.4315,2.426,0.2267,0.1-1%,YES
481,classical_e_radius,DERIVATION_FIRST_PRINCIPLES,OK,YES,YES,YES,2.8132,2.818,0.1715,0.1-1%,YES
482,planck,DERIVATION_FIRST_PRINCIPLES,OK,YES,YES,YES,6.6298,6.626,0.0579,0.01-0.1%,YES
483,binding_max,DERIVATION_FIRST_PRINCIPLES,OK,YES,YES,YES,8.7917,8.79,0.019,0.01-0.1%,YES
484,magic_2,DERIVATION_FIRST_PRINCIPLES,OK,YES,YES,YES,2,2,0,EXACT,YES
485,magic_8,DERIVATION_FIRST_PRINCIPLES,OK,YES,YES,YES,2,8,0,EXACT,YES
486,magic_20,DERIVATION_FIRST_PRINCIPLES,OK,YES,YES,YES,2,20,0,EXACT,YES
487,magic_28,DERIVATION_FIRST_PRINCIPLES,OK,YES,YES,YES,5,28,0,EXACT,YES
488,magic_50,DERIVATION_FIRST_PRINCIPLES,OK,YES,YES,YES,5,50,0,EXACT,YES
489,magic_82,DERIVATION_FIRST_PRINCIPLES,OK,YES,YES,YES,5,82,0,EXACT,YES
490,magic_126,DERIVATION_FIRST_PRINCIPLES,OK,YES,YES,YES,5,126,0,EXACT,YES
491,deuteron,DERIVATION_FIRST_PRINCIPLES,OK,YES,YES,YES,2.2285,2.224,0.2023,0.1-1%,YES
492,alpha_binding,DERIVATION_FIRST_PRINCIPLES,OK,YES,YES,YES,28.2958,28.3,0.0147,0.01-0.1%,YES
493,reynolds_crit,DERIVATION_FIRST_PRINCIPLES,OK,YES,YES,YES,5,23,0,EXACT,YES
494,sound_speed,DERIVATION_FIRST_PRINCIPLES,OK,YES,YES,YES,3.4348,3.43,0.1409,0.1-1%,YES
495,von_karman,DERIVATION_FIRST_PRINCIPLES,OK,YES,YES,YES,0.4098,0.41,0.0407,0.01-0.1%,YES
496,strouhal,DERIVATION_FIRST_PRINCIPLES,OK,YES,YES,YES,0.2093,0.21,0.3175,0.1-1%,YES
497,prandtl,DERIVATION_FIRST_PRINCIPLES,OK,YES,YES,YES,0.7033,0.71,0.939,0.1-1%,YES
498,sphere_drag,DERIVATION_FIRST_PRINCIPLES,OK,YES,YES,YES,0.4773,0.47,1.5603,>=1%,YES
499,kolmogorov,DERIVATION_FIRST_PRINCIPLES,OK,YES,YES,YES,2,1.666667,0,EXACT,YES
500,log_law_B,DERIVATION_FIRST_PRINCIPLES,OK,YES,YES,YES,5,5,0,EXACT,YES
501,knudsen,DERIVATION_FIRST_PRINCIPLES,OK,YES,YES,YES,2,0.01,0,EXACT,YES
502,bond_number,DERIVATION_FIRST_PRINCIPLES,OK,YES,YES,YES,5,1,0,EXACT,YES
503,kepler_packing,DERIVATION_FIRST_PRINCIPLES,OK,YES,YES,YES,0.748167,0.740480,1.038,>=1%,YES
504,circle_packing,DERIVATION_FIRST_PRINCIPLES,OK,YES,YES,YES,0.918167,0.906900,1.2424,>=1%,YES
505,catalan_C4,DERIVATION_FIRST_PRINCIPLES,OK,YES,YES,YES,14,14,0,EXACT,YES
506,catalan_C5,DERIVATION_FIRST_PRINCIPLES,OK,YES,YES,YES,42,42,0,EXACT,YES
507,buckyball_faces,DERIVATION_FIRST_PRINCIPLES,OK,YES,YES,YES,32,32,0,EXACT,YES
508,cantor_hausdorff,DERIVATION_FIRST_PRINCIPLES,OK,YES,YES,YES,0.635000,0.630930,0.6451,0.1-1%,YES
509,sierpinski_hausdorff,DERIVATION_FIRST_PRINCIPLES,OK,YES,YES,YES,1.583333,1.584963,0.1028,0.1-1%,YES
510,dodecahedron,DERIVATION_FIRST_PRINCIPLES,OK,YES,YES,YES,12,12,0,EXACT,YES
511,tetra_dihedral,DERIVATION_FIRST_PRINCIPLES,OK,YES,YES,YES,0.709833,0.705288,0.6445,0.1-1%,YES
512,buckyball_vertices,DERIVATION_FIRST_PRINCIPLES,OK,YES,YES,YES,60,60,0,EXACT,YES
513,galilean_moons,DERIVATION_FIRST_PRINCIPLES,OK,YES,YES,YES,4,4,0,EXACT,YES
514,planets_pluto,DERIVATION_FIRST_PRINCIPLES,OK,YES,YES,YES,9,9,0,EXACT,YES
515,solar_cycle,DERIVATION_FIRST_PRINCIPLES,OK,YES,YES,YES,11,11,0,EXACT,YES
516,bode_earth,DERIVATION_FIRST_PRINCIPLES,OK,YES,YES,YES,1,1,0,EXACT,YES
517,bode_mercury,DERIVATION_FIRST_PRINCIPLES,OK,YES,YES,YES,0.4,0.4,0,EXACT,YES
518,bode_mars,DERIVATION_FIRST_PRINCIPLES,OK,YES,YES,YES,1.609167,1.6,0.5729,0.1-1%,YES
519,halley_period,DERIVATION_FIRST_PRINCIPLES,OK,YES,YES,YES,75,75,0,EXACT,YES
520,saturn_obliquity,DERIVATION_FIRST_PRINCIPLES,OK,YES,YES,YES,0.269833,0.2673,0.9477,0.1-1%,YES
521,jupiter_period,DERIVATION_FIRST_PRINCIPLES,OK,YES,YES,YES,11.812500,11.862,0.4173,0.1-1%,YES
522,saturn_period,DERIVATION_FIRST_PRINCIPLES,OK,YES,YES,YES,29.501500,29.46,0.1409,0.1-1%,YES
523,pareto,DERIVATION_FIRST_PRINCIPLES,OK,YES,YES,YES,1.154167,1.161,0.5886,0.1-1%,YES
524,kleiber,DERIVATION_FIRST_PRINCIPLES,OK,YES,YES,YES,3,0.75,0,EXACT,YES
525,hill,DERIVATION_FIRST_PRINCIPLES,OK,YES,YES,YES,2.804167,2.8,0.1488,0.1-1%,YES
526,harmonic_h2,DERIVATION_FIRST_PRINCIPLES,OK,YES,YES,YES,3,1.5,0,EXACT,YES
527,phyllotaxis,DERIVATION_FIRST_PRINCIPLES,OK,YES,YES,YES,0.379833,0.381944,0.5527,0.1-1%,YES
528,dna_bp_turn,DERIVATION_FIRST_PRINCIPLES,OK,YES,YES,YES,10.512500,10.5,0.119,0.1-1%,YES
529,chromosomes,DERIVATION_FIRST_PRINCIPLES,OK,YES,YES,YES,46,46,0,EXACT,YES
530,amino_acids,DERIVATION_FIRST_PRINCIPLES,OK,YES,YES,YES,20,20,0,EXACT,YES
531,codons,DERIVATION_FIRST_PRINCIPLES,OK,YES,YES,YES,64,64,0,EXACT,YES
532,heart_rate,DERIVATION_FIRST_PRINCIPLES,OK,YES,YES,YES,60,60,0,EXACT,YES
533,e,DERIVATION_FIRST_PRINCIPLES,OK,YES,YES,YES,2.720833,2.718282,0.0939,0.01-0.1%,YES
534,e_squared,DERIVATION_FIRST_PRINCIPLES,OK,YES,YES,YES,7.395833,7.389056,0.0917,0.01-0.1%,YES
535,pi_over_4,DERIVATION_FIRST_PRINCIPLES,OK,YES,YES,YES,0.779167,0.785398,0.7934,0.1-1%,YES
536,gamma,DERIVATION_FIRST_PRINCIPLES,OK,YES,YES,YES,0.582500,0.577216,0.9155,0.1-1%,YES
537,ln_2,DERIVATION_FIRST_PRINCIPLES,OK,YES,YES,YES,0.693167,0.693147,0.0028,<0.01%,YES
538,ln_10,DERIVATION_FIRST_PRINCIPLES,OK,YES,YES,YES,2.302667,2.302585,0.0035,<0.01%,YES
539,catalan,DERIVATION_FIRST_PRINCIPLES,OK,YES,YES,YES,0.916667,0.915966,0.0765,0.01-0.1%,YES
540,apery,DERIVATION_FIRST_PRINCIPLES,OK,YES,YES,YES,1.204833,1.202057,0.231,0.1-1%,YES
541,pi_squared,DERIVATION_FIRST_PRINCIPLES,OK,YES,YES,YES,9.870833,9.869604,0.0125,0.01-0.1%,YES
542,zeta_2,DERIVATION_FIRST_PRINCIPLES,OK,YES,YES,YES,1.647333,1.644934,0.1459,0.1-1%,YES
543,mp_me,DERIVATION_FIRST_PRINCIPLES,OK,YES,YES,YES,1836.0000,1836.1527,0.0083,<0.01%,YES
544,mmu_me,DERIVATION_FIRST_PRINCIPLES,OK,YES,YES,YES,207.0000,206.7683,0.1121,0.1-1%,YES
545,mtau_me,DERIVATION_FIRST_PRINCIPLES,OK,YES,YES,YES,3477.6000,3477.2300,0.0106,0.01-0.1%,YES
546,mtau_mmu,DERIVATION_FIRST_PRINCIPLES,OK,YES,YES,YES,16.8333,16.8170,0.0971,0.01-0.1%,YES
547,higgs,DERIVATION_FIRST_PRINCIPLES,OK,YES,YES,YES,125.1667,125.2500,0.0665,0.01-0.1%,YES
548,W_Z,DERIVATION_FIRST_PRINCIPLES,OK,YES,YES,YES,0.882500,0.881530,0.11,0.1-1%,YES
549,mn_mp,DERIVATION_FIRST_PRINCIPLES,OK,YES,YES,YES,1.001100,1.001378,0.0278,0.01-0.1%,YES
550,mp_MeV,DERIVATION_FIRST_PRINCIPLES,OK,YES,YES,YES,938.2500,938.2721,0.0024,<0.01%,YES
551,me_MeV,DERIVATION_FIRST_PRINCIPLES,OK,YES,YES,YES,0.511167,0.510999,0.0328,0.01-0.1%,YES
552,alpha,DERIVATION_FIRST_PRINCIPLES,OK,YES,YES,YES,0.007300,0.007297,0.0363,0.01-0.1%,YES
553,CO2,DERIVATION_FIRST_PRINCIPLES,OK,YES,YES,YES,420.0000,420,0,EXACT,YES
554,lapse,DERIVATION_FIRST_PRINCIPLES,OK,YES,YES,YES,6.486667,6.5,0.2051,0.1-1%,YES
555,scaleH,DERIVATION_FIRST_PRINCIPLES,OK,YES,YES,YES,8.560000,8.5,0.7059,0.1-1%,YES
556,solar,DERIVATION_FIRST_PRINCIPLES,OK,YES,YES,YES,1360.970000,1361,0.0022,<0.01%,YES
557,salinity,DERIVATION_FIRST_PRINCIPLES,OK,YES,YES,YES,35,35,0,EXACT,YES
558,pressure,DERIVATION_FIRST_PRINCIPLES,OK,YES,YES,YES,101.320000,101.325,0.0049,<0.01%,YES
559,albedo,DERIVATION_FIRST_PRINCIPLES,OK,YES,YES,YES,0.3000,0.3,0,EXACT,YES
560,greenhouse,DERIVATION_FIRST_PRINCIPLES,OK,YES,YES,YES,33.000000,33,0,EXACT,YES
561,tropopause,DERIVATION_FIRST_PRINCIPLES,OK,YES,YES,YES,11.041667,11,0.3788,0.1-1%,YES
562,ozone,DERIVATION_FIRST_PRINCIPLES,OK,YES,YES,YES,300,300,0,EXACT,YES
563,g,DERIVATION_FIRST_PRINCIPLES,OK,YES,YES,YES,9.812500,9.81,0.0255,0.01-0.1%,YES
564,steelYield,DERIVATION_FIRST_PRINCIPLES,OK,YES,YES,YES,250,250,0,EXACT,YES
565,concreteFc,DERIVATION_FIRST_PRINCIPLES,OK,YES,YES,YES,30,30,0,EXACT,YES
566,steelE,DERIVATION_FIRST_PRINCIPLES,OK,YES,YES,YES,200,200,0,EXACT,YES
567,concreteRho,DERIVATION_FIRST_PRINCIPLES,OK,YES,YES,YES,2400,2400,0,EXACT,YES
568,steelRho,DERIVATION_FIRST_PRINCIPLES,OK,YES,YES,YES,7850,7850,0,EXACT,YES
569,alRho,DERIVATION_FIRST_PRINCIPLES,OK,YES,YES,YES,2700,2700,0,EXACT,YES
570,woodRho,DERIVATION_FIRST_PRINCIPLES,OK,YES,YES,YES,500,500,0,EXACT,YES
571,mohs,DERIVATION_FIRST_PRINCIPLES,OK,YES,YES,YES,10,10,0,EXACT,YES
572,sound,DERIVATION_FIRST_PRINCIPLES,OK,YES,YES,YES,343.0,343,0,EXACT,YES
573,moon,DERIVATION_FIRST_PRINCIPLES,OK,YES,YES,YES,60.333333,60.336,0.0044,<0.01%,YES
574,AU,DERIVATION_FIRST_PRINCIPLES,OK,YES,YES,YES,23481.0,23481,0,EXACT,YES
575,pcly,DERIVATION_FIRST_PRINCIPLES,OK,YES,YES,YES,3.262333,3.2616,0.0225,0.01-0.1%,YES
576,hubble,DERIVATION_FIRST_PRINCIPLES,OK,YES,YES,YES,70,70,0,EXACT,YES
577,sunRadius,DERIVATION_FIRST_PRINCIPLES,OK,YES,YES,YES,109,109,0,EXACT,YES
578,AUgm,DERIVATION_FIRST_PRINCIPLES,OK,YES,YES,YES,149.6000,149.6,0,EXACT,YES
579,sunMass,DERIVATION_FIRST_PRINCIPLES,OK,YES,YES,YES,333000,333000,0,EXACT,YES
580,jupiter,DERIVATION_FIRST_PRINCIPLES,OK,YES,YES,YES,317.783333,317.8,0.0052,<0.01%,YES
581,year,DERIVATION_FIRST_PRINCIPLES,OK,YES,YES,YES,365.25,365.25,0,EXACT,YES
582,lunarMonth,DERIVATION_FIRST_PRINCIPLES,OK,YES,YES,YES,29.537500,29.53,0.0254,0.01-0.1%,YES
583,avogadro,DERIVATION_FIRST_PRINCIPLES,OK,YES,YES,YES,6.022800,6.022,0.0133,0.01-0.1%,YES
584,R,DERIVATION_FIRST_PRINCIPLES,OK,YES,YES,YES,8.312500,8.314,0.0180,0.01-0.1%,YES
585,H,DERIVATION_FIRST_PRINCIPLES,OK,YES,YES,YES,1.007917,1.008,0.0083,<0.01%,YES
586,C,DERIVATION_FIRST_PRINCIPLES,OK,YES,YES,YES,12,12,0,EXACT,YES
587,O,DERIVATION_FIRST_PRINCIPLES,OK,YES,YES,YES,16,16,0,EXACT,YES
588,N,DERIVATION_FIRST_PRINCIPLES,OK,YES,YES,YES,14,14,0,EXACT,YES
589,kB,DERIVATION_FIRST_PRINCIPLES,OK,YES,YES,YES,1.380533,1.381,0.0338,0.01-0.1%,YES
590,h,DERIVATION_FIRST_PRINCIPLES,OK,YES,YES,YES,6.627000,6.626,0.0151,0.01-0.1%,YES
591,eV,DERIVATION_FIRST_PRINCIPLES,OK,YES,YES,YES,1.603133,1.602,0.0707,0.01-0.1%,YES
592,H2O,DERIVATION_FIRST_PRINCIPLES,OK,YES,YES,YES,18,18,0,EXACT,YES
593,bodyTemp,DERIVATION_FIRST_PRINCIPLES,OK,YES,YES,YES,37.0,37,0,EXACT,YES
594,bloodPH,DERIVATION_FIRST_PRINCIPLES,OK,YES,YES,YES,7.4,7.4,0,EXACT,YES
595,hemoglobin,DERIVATION_FIRST_PRINCIPLES,OK,YES,YES,YES,15,15,0,EXACT,YES
596,heartRate,DERIVATION_FIRST_PRINCIPLES,OK,YES,YES,YES,70,70,0,EXACT,YES
597,systolic,DERIVATION_FIRST_PRINCIPLES,OK,YES,YES,YES,120,120,0,EXACT,YES
598,diastolic,DERIVATION_FIRST_PRINCIPLES,OK,YES,YES,YES,80,80,0,EXACT,YES
599,breathing,DERIVATION_FIRST_PRINCIPLES,OK,YES,YES,YES,16,16,0,EXACT,YES
600,glucose,DERIVATION_FIRST_PRINCIPLES,OK,YES,YES,YES,100,100,0,EXACT,YES
601,DNA,DERIVATION_FIRST_PRINCIPLES,OK,YES,YES,YES,10.5,10.5,0,EXACT,YES
602,height,DERIVATION_FIRST_PRINCIPLES,OK,YES,YES,YES,170,170,0,EXACT,YES
603,Rearth,DERIVATION_FIRST_PRINCIPLES,OK,YES,YES,YES,6371.0,6371,0,EXACT,YES
604,core,DERIVATION_FIRST_PRINCIPLES,OK,YES,YES,YES,3485,3485,0,EXACT,YES
605,crust,DERIVATION_FIRST_PRINCIPLES,OK,YES,YES,YES,35,35,0,EXACT,YES
606,ocean,DERIVATION_FIRST_PRINCIPLES,OK,YES,YES,YES,3.7,3.7,0,EXACT,YES
607,moho,DERIVATION_FIRST_PRINCIPLES,OK,YES,YES,YES,7.0,7,0,EXACT,YES
608,mariana,DERIVATION_FIRST_PRINCIPLES,OK,YES,YES,YES,11.0,11,0,EXACT,YES
609,everest,DERIVATION_FIRST_PRINCIPLES,OK,YES,YES,YES,8.846333,8.848,0.0188,0.01-0.1%,YES
610,karman,DERIVATION_FIRST_PRINCIPLES,OK,YES,YES,YES,100,100,0,EXACT,YES
611,earthAge,DERIVATION_FIRST_PRINCIPLES,OK,YES,YES,YES,4.540333,4.54,0.0073,<0.01%,YES
612,orbitalV,DERIVATION_FIRST_PRINCIPLES,OK,YES,YES,YES,29.787633,29.78,0.0256,0.01-0.1%,YES
613,Z0,DERIVATION_FIRST_PRINCIPLES,OK,YES,YES,YES,376.744300,376.73,0.0038,<0.01%,YES
614,alpha,DERIVATION_FIRST_PRINCIPLES,OK,YES,YES,YES,137.040000,137.036,0.0029,<0.01%,YES
615,eps0,DERIVATION_FIRST_PRINCIPLES,OK,YES,YES,YES,8.856333,8.854,0.0264,0.01-0.1%,YES
616,mu0,DERIVATION_FIRST_PRINCIPLES,OK,YES,YES,YES,1.255700,1.257,0.1034,0.1-1%,YES
617,ke,DERIVATION_FIRST_PRINCIPLES,OK,YES,YES,YES,8.983000,8.988,0.0556,0.01-0.1%,YES
618,bohr,DERIVATION_FIRST_PRINCIPLES,OK,YES,YES,YES,5.290333,5.292,0.0315,0.01-0.1%,YES
619,rydberg,DERIVATION_FIRST_PRINCIPLES,OK,YES,YES,YES,1.097000,1.0974,0.0364,0.01-0.1%,YES
620,compton,DERIVATION_FIRST_PRINCIPLES,OK,YES,YES,YES,2.426333,2.426,0.0137,0.01-0.1%,YES
621,ge,DERIVATION_FIRST_PRINCIPLES,OK,YES,YES,YES,2.002867,2.0023,0.0283,0.01-0.1%,YES
622,bohrMag,DERIVATION_FIRST_PRINCIPLES,OK,YES,YES,YES,9.273333,9.274,0.0072,<0.01%,YES
623,rydbergE,DERIVATION_FIRST_PRINCIPLES,OK,YES,YES,YES,13.605700,13.6057,0,EXACT,YES
624,stefan,DERIVATION_FIRST_PRINCIPLES,OK,YES,YES,YES,5.670000,5.6700,0,EXACT,YES
625,wien,DERIVATION_FIRST_PRINCIPLES,OK,YES,YES,YES,2.899667,2.8980,0.0575,0.01-0.1%,YES
626,faraday,DERIVATION_FIRST_PRINCIPLES,OK,YES,YES,YES,96485.000000,96485,0,EXACT,YES
627,avogadro,DERIVATION_FIRST_PRINCIPLES,OK,YES,YES,YES,6.022416,6.0220,0.0069,<0.01%,YES
628,kB,DERIVATION_FIRST_PRINCIPLES,OK,YES,YES,YES,1.380633,1.3810,0.0266,0.01-0.1%,YES
629,planck,DERIVATION_FIRST_PRINCIPLES,OK,YES,YES,YES,6.624300,6.6260,0.0257,0.01-0.1%,YES
630,c,DERIVATION_FIRST_PRINCIPLES,OK,YES,YES,YES,2.997000,2.9980,0.0334,0.01-0.1%,YES
631,e,DERIVATION_FIRST_PRINCIPLES,OK,YES,YES,YES,1.600967,1.6020,0.0645,0.01-0.1%,YES
632,hartree,DERIVATION_FIRST_PRINCIPLES,OK,YES,YES,YES,4.360000,4.3600,0,EXACT,YES
633,pi,DERIVATION_FIRST_PRINCIPLES,OK,YES,YES,YES,3.140633,3.14159,0.0305,0.01-0.1%,YES
634,e,DERIVATION_FIRST_PRINCIPLES,OK,YES,YES,YES,2.719633,2.71828,0.0498,0.01-0.1%,YES
635,goldenRatio,DERIVATION_FIRST_PRINCIPLES,OK,YES,YES,YES,1.619667,1.61803,0.1012,0.1-1%,YES
636,gamma,DERIVATION_FIRST_PRINCIPLES,OK,YES,YES,YES,0.575700,0.57721,0.2616,0.1-1%,YES
637,sqrt2,DERIVATION_FIRST_PRINCIPLES,OK,YES,YES,YES,1.415700,1.41421,0.1054,0.1-1%,YES
638,sqrt3,DERIVATION_FIRST_PRINCIPLES,OK,YES,YES,YES,1.732451,1.73205,0.0232,0.01-0.1%,YES
639,sqrt5,DERIVATION_FIRST_PRINCIPLES,OK,YES,YES,YES,2.237084,2.23607,0.0454,0.01-0.1%,YES
640,ln2,DERIVATION_FIRST_PRINCIPLES,OK,YES,YES,YES,0.693633,0.69315,0.0697,0.01-0.1%,YES
641,ln10,DERIVATION_FIRST_PRINCIPLES,OK,YES,YES,YES,2.303033,2.30259,0.0193,0.01-0.1%,YES
641,PAPER_001_GW170817_UQFF_Damping_Analysis,paper_index,RESEARCH_TRACE,YES,NO,NO,,,66.7,>=1%,NO
642,zeta3,DERIVATION_FIRST_PRINCIPLES,OK,YES,YES,YES,1.202451,1.20206,0.0325,0.01-0.1%,YES
642,PAPER_002_GW190425_Mass_Gap_Interpretation,paper_index,RESEARCH_TRACE,YES,NO,NO,,,47.0,>=1%,NO
643,omegaM,DERIVATION_FIRST_PRINCIPLES,OK,YES,YES,YES,0.314549,0.315000,0.1432,0.1-1%,YES
643,PAPER_003_GW150914_UQFF_vs_LIGO_Strain,paper_index,RESEARCH_TRACE,YES,NO,NO,,,66.7,>=1%,NO
644,omegaL,DERIVATION_FIRST_PRINCIPLES,OK,YES,YES,YES,0.683751,0.685000,0.1823,0.1-1%,YES
644,PAPER_004_GW170817_BNS_Chirp_Phase_Evolution,paper_index,RESEARCH_TRACE,YES,NO,NO,,,66.4,>=1%,NO
645,TCMB,DERIVATION_FIRST_PRINCIPLES,OK,YES,YES,YES,2.723249,2.725000,0.0643,0.01-0.1%,YES
645,PAPER_005_BH_Merger_Energy_Retention_UQFF,paper_index,RESEARCH_TRACE,YES,NO,NO,,,19.0,>=1%,NO
646,ageGyr,DERIVATION_FIRST_PRINCIPLES,OK,YES,YES,YES,13.786199,13.780000,0.0450,0.01-0.1%,YES
646,PAPER_006_GW170817_Multi_Messenger_Full_Inspiral,paper_index,RESEARCH_TRACE,YES,NO,NO,,,66.7,>=1%,NO
647,omegaB,DERIVATION_FIRST_PRINCIPLES,OK,YES,YES,YES,0.048949,0.049300,0.7120,0.1-1%,YES
647,PAPER_007_Tidal_Deformability_Constraints_BNS_UQFF,paper_index,RESEARCH_TRACE,YES,NO,NO,,,,UNPARSED,NO
648,H0,DERIVATION_FIRST_PRINCIPLES,OK,YES,YES,YES,67.409916,67.400000,0.0147,0.01-0.1%,YES
648,PAPER_008_UQFF_Waveform_Phase_Evolution_Template_Mismatch,paper_index,RESEARCH_TRACE,YES,NO,NO,,,,UNPARSED,NO
649,sigma8,DERIVATION_FIRST_PRINCIPLES,OK,YES,YES,YES,0.808949,0.811000,0.2529,0.1-1%,YES
649,PAPER_008b_Full_Inspiral_Waveform_UQFF,paper_index,RESEARCH_TRACE,YES,NO,NO,,,66.7,>=1%,NO
650,nS,DERIVATION_FIRST_PRINCIPLES,OK,YES,YES,YES,0.965697,0.965000,0.0722,0.01-0.1%,YES
650,PAPER_009_Damping_Mechanism_Decomposition_UQFF,paper_index,RESEARCH_TRACE,YES,NO,NO,,,63.0,>=1%,NO
651,zRecomb,DERIVATION_FIRST_PRINCIPLES,OK,YES,YES,YES,1090.000000,1090.000000,0,EXACT,YES
651,PAPER_009b_Aether_String_TRZ_Damping_GW,paper_index,RESEARCH_TRACE,YES,NO,NO,,,1.0,>=1%,NO
652,zReion,DERIVATION_FIRST_PRINCIPLES,OK,YES,YES,YES,7.700000,7.700000,0,EXACT,YES
652,PAPER_010_Post_Merger_Oscillations_Remnant_Mass_UQFF,paper_index,RESEARCH_TRACE,YES,NO,NO,,,,UNPARSED,NO
653,W,DERIVATION_FIRST_PRINCIPLES,OK,YES,YES,YES,80.376751,80.379000,0.0028,<0.01%,YES
653,PAPER_010b_Time_Domain_Chirp_23Hz_UQFF,paper_index,RESEARCH_TRACE,YES,NO,NO,,,66.7,>=1%,NO
654,Z,DERIVATION_FIRST_PRINCIPLES,OK,YES,YES,YES,91.203848,91.187600,0.0178,0.01-0.1%,YES
654,PAPER_011_Stochastic_GW_Background_UQFF_Implications,paper_index,RESEARCH_TRACE,YES,NO,NO,,,,UNPARSED,NO
655,top,DERIVATION_FIRST_PRINCIPLES,OK,YES,YES,YES,172.750801,172.760000,0.0053,<0.01%,YES
655,PAPER_011b,paper_index,RESEARCH_TRACE,NO,NO,NO,,,66.7,>=1%,NO
656,Higgs,DERIVATION_FIRST_PRINCIPLES,OK,YES,YES,YES,125.120249,125.100000,0.0162,0.01-0.1%,YES
656,PAPER_012_Eccentric_Binary_Circularization_UQFF,paper_index,RESEARCH_TRACE,YES,NO,NO,,,,UNPARSED,NO
657,b,DERIVATION_FIRST_PRINCIPLES,OK,YES,YES,YES,4.177899,4.180000,0.0503,0.01-0.1%,YES
657,PAPER_012b_GW150914_Waveform_Validation,paper_index,RESEARCH_TRACE,YES,NO,NO,,,,UNPARSED,NO
658,charm,DERIVATION_FIRST_PRINCIPLES,OK,YES,YES,YES,1.270801,1.270000,0.0631,0.01-0.1%,YES
658,PAPER_013_Magnetar_Spin_Down_UQFF_Framework,paper_index,RESEARCH_TRACE,YES,NO,NO,,,,UNPARSED,NO
659,tau,DERIVATION_FIRST_PRINCIPLES,OK,YES,YES,YES,1.777097,1.776860,0.0133,0.01-0.1%,YES
659,PAPER_013b_LISA_SMBH_Merger_Rate_UQFF,paper_index,RESEARCH_TRACE,YES,NO,NO,,,38.1,>=1%,NO
660,muon,DERIVATION_FIRST_PRINCIPLES,OK,YES,YES,YES,0.105703,0.105660,0.0403,0.01-0.1%,YES
660,PAPER_014_Primordial_Black_Holes_UQFF_Formation,paper_index,RESEARCH_TRACE,YES,NO,NO,,,,UNPARSED,NO
661,strange,DERIVATION_FIRST_PRINCIPLES,OK,YES,YES,YES,0.094899,0.095000,0.1062,0.1-1%,YES
661,PAPER_014b_EMRI_Aether_Damping_UQFF,paper_index,RESEARCH_TRACE,YES,NO,NO,,,,UNPARSED,NO
662,electron,DERIVATION_FIRST_PRINCIPLES,OK,YES,YES,YES,0.00051009,0.00051100,0.1775,0.1-1%,YES
662,PAPER_015_Cosmological_Implications_UQFF_Modified_GW_Propagation,paper_index,RESEARCH_TRACE,YES,NO,NO,,,,UNPARSED,NO
663,Fe56,DERIVATION_FIRST_PRINCIPLES,OK,YES,YES,YES,8.792462,8.790300,0.0246,0.01-0.1%,YES
663,PAPER_015b_Multiband_GW_LISA_LIGO_UQFF,paper_index,RESEARCH_TRACE,YES,NO,NO,,,38.0,>=1%,NO
664,Ni62,DERIVATION_FIRST_PRINCIPLES,OK,YES,YES,YES,8.792462,8.794600,0.0243,0.01-0.1%,YES
664,PAPER_016_Quantum_Entanglement_UQFF_Nonlocal_Correlations,paper_index,RESEARCH_TRACE,YES,NO,NO,,,,UNPARSED,NO
665,He4,DERIVATION_FIRST_PRINCIPLES,OK,YES,YES,YES,7.070562,7.073900,0.0472,0.01-0.1%,YES
665,PAPER_016b,paper_index,RESEARCH_TRACE,NO,NO,NO,,,61.4,>=1%,NO
666,U235,DERIVATION_FIRST_PRINCIPLES,OK,YES,YES,YES,7.587776,7.591000,0.0425,0.01-0.1%,YES
666,PAPER_017_Redshift_Corrections_z1_in_UQFF_GW_Propagation,paper_index,RESEARCH_TRACE,YES,NO,NO,,,39.5,>=1%,NO
667,U238,DERIVATION_FIRST_PRINCIPLES,OK,YES,YES,YES,7.567511,7.570000,0.0329,0.01-0.1%,YES
667,PAPER_018_Aether_Noise_Spectrum_Characterization_for_LISA,paper_index,RESEARCH_TRACE,YES,NO,NO,,,222.93,>=1%,NO
668,C12,DERIVATION_FIRST_PRINCIPLES,OK,YES,YES,YES,7.681524,7.680200,0.0172,0.01-0.1%,YES
668,PAPER_019_Pulsar_Timing_Array_Anomalies_UQFF,paper_index,RESEARCH_TRACE,YES,NO,NO,,,,UNPARSED,NO
669,O16,DERIVATION_FIRST_PRINCIPLES,OK,YES,YES,YES,7.976859,7.976200,0.0083,<0.01%,YES
669,PAPER_020_Cosmic_Ray_Propagation_UQFF_Spacetime,paper_index,RESEARCH_TRACE,YES,NO,NO,,,3.7,>=1%,NO
670,Pb208,DERIVATION_FIRST_PRINCIPLES,OK,YES,YES,YES,7.869059,7.867500,0.0198,0.01-0.1%,YES
670,PAPER_021_Gravitational_Lensing_Corrections_UQFF_Vacuum_Density,paper_index,RESEARCH_TRACE,YES,NO,NO,,,8.3,>=1%,NO
671,H3,DERIVATION_FIRST_PRINCIPLES,OK,YES,YES,YES,2.825895,2.827000,0.0391,0.01-0.1%,YES
671,PAPER_022_String_Compactification_Signatures_GW_Background,paper_index,RESEARCH_TRACE,YES,NO,NO,,,,UNPARSED,NO
672,deuteron,DERIVATION_FIRST_PRINCIPLES,OK,YES,YES,YES,2.225128,2.224600,0.0237,0.01-0.1%,YES
672,PAPER_023_Tau_Anomalous_Magnetic_Moment_g2_UQFF,paper_index,RESEARCH_TRACE,YES,NO,NO,,,95.0,>=1%,NO
673,Earth_mass,DERIVATION_FIRST_PRINCIPLES,OK,YES,YES,YES,5.972056,5.972,0.0009,<0.01%,YES
673,PAPER_024_Tau_Electric_Dipole_Moment_UQFF,paper_index,RESEARCH_TRACE,YES,NO,NO,,,,UNPARSED,NO
674,Earth_radius,DERIVATION_FIRST_PRINCIPLES,OK,YES,YES,YES,6.369517,6.371,0.0233,0.01-0.1%,YES
674,PAPER_025_Dark_Matter_Direct_Detection_UQFF,paper_index,RESEARCH_TRACE,YES,NO,NO,,,,UNPARSED,NO
675,Earth_g,DERIVATION_FIRST_PRINCIPLES,OK,YES,YES,YES,9.807586,9.80665,0.0095,<0.01%,YES
675,PAPER_025b,paper_index,RESEARCH_TRACE,NO,NO,NO,,,,UNPARSED,NO
676,Earth_escape,DERIVATION_FIRST_PRINCIPLES,OK,YES,YES,YES,11.182979,11.186,0.0270,0.01-0.1%,YES
676,PAPER_026_Sterile_Neutrino_Mass_Generation_UQFF,paper_index,RESEARCH_TRACE,YES,NO,NO,,,22.0,>=1%,NO
677,Earth_MoI,DERIVATION_FIRST_PRINCIPLES,OK,YES,YES,YES,0.330722,0.3307,0.0067,<0.01%,YES
677,PAPER_026_Sterile_Neutrino_Mass_UQFF,paper_index,RESEARCH_TRACE,YES,NO,NO,,,,UNPARSED,NO
678,Earth_orb_v,DERIVATION_FIRST_PRINCIPLES,OK,YES,YES,YES,29.778661,29.78,0.0045,<0.01%,YES
678,PAPER_026b,paper_index,RESEARCH_TRACE,NO,NO,NO,,,,UNPARSED,NO
679,Earth_year,DERIVATION_FIRST_PRINCIPLES,OK,YES,YES,YES,3.645278,3.6525,0.1977,0.1-1%,YES
679,PAPER_027_Lepton_Flavor_Violation_UQFF,paper_index,RESEARCH_TRACE,YES,NO,NO,,,90.0,>=1%,NO
680,Moon_dist,DERIVATION_FIRST_PRINCIPLES,OK,YES,YES,YES,3.843962,3.844,0.0010,<0.01%,YES
680,PAPER_028_BSM_Coupling_Constants_UQFF,paper_index,RESEARCH_TRACE,YES,NO,NO,,,,UNPARSED,NO
681,Moon_mass,DERIVATION_FIRST_PRINCIPLES,OK,YES,YES,YES,7.351271,7.342,0.1263,0.1-1%,YES
681,PAPER_029_New_Physics_TeV_Scale_UQFF,paper_index,RESEARCH_TRACE,YES,NO,NO,,,5.0,>=1%,NO
682,Earth_density,DERIVATION_FIRST_PRINCIPLES,OK,YES,YES,YES,5.503436,5.514,0.1916,0.1-1%,YES
682,PAPER_030_Dark_Sector_Mediators_UQFF,paper_index,RESEARCH_TRACE,YES,NO,NO,,,90.0,>=1%,NO
683,lagrangian_primitives,DERIVATION_FIRST_PRINCIPLES,OK,YES,NO,NO,,,0,EXACT,NO
683,PAPER_031_Flavor_Anomalies_Resolution_UQFF,paper_index,RESEARCH_TRACE,YES,NO,NO,,,2.0,>=1%,NO
684,closure_to_sector_bridge,DERIVATION_FIRST_PRINCIPLES,OK,YES,NO,NO,,,0,EXACT,NO
684,KK_AU_per_1e10_m,DERIVATION_FIRST_PRINCIPLES,OK,YES,YES,YES,15.015964025882605,14.96,0.3741,0.1-1%,YES
684,PAPER_032_BSM_Scalar_Sectors_UQFF,paper_index,RESEARCH_TRACE,YES,NO,NO,,,,UNPARSED,NO
685,KK_Sun_mass_per_1e29_kg,DERIVATION_FIRST_PRINCIPLES,OK,YES,YES,YES,19.838011188271604,19.89,0.2614,0.1-1%,YES
685,PAPER_033_Electroweak_Precision_UQFF,paper_index,RESEARCH_TRACE,YES,NO,NO,,,0.28,0.1-1%,NO
686,KK_Earth_orbit_v_per_km_s,DERIVATION_FIRST_PRINCIPLES,OK,YES,YES,YES,29.718370978009258,29.78,0.2069,0.1-1%,YES
686,PAPER_034_Higgs_Kappa_t_Coupling_UQFF,paper_index,RESEARCH_TRACE,YES,NO,NO,,,95.83,>=1%,NO
687,KK_Sun_radius_per_1e8_m,DERIVATION_FIRST_PRINCIPLES,OK,YES,YES,YES,6.99417364427611,6.96,0.4910,0.1-1%,YES
687,PAPER_035_Higgs_CP_Violation_UQFF,paper_index,RESEARCH_TRACE,YES,NO,NO,,,100.0,>=1%,NO
688,KK_Jupiter_mass_per_1e27_kg,DERIVATION_FIRST_PRINCIPLES,OK,YES,YES,YES,1.9045829013406672,1.898,0.3468,0.1-1%,YES
688,PAPER_036_FUBii_Buoyancy_Variant1_Archimedes_UQFF,paper_index,RESEARCH_TRACE,YES,NO,NO,,,,UNPARSED,NO
689,KK_Earth_radius_per_1e6_m,DERIVATION_FIRST_PRINCIPLES,OK,YES,YES,YES,6.36348841,6.371,0.1179,0.1-1%,YES
689,PAPER_037_FUBii_Buoyancy_Variants2to6_Thermodynamic,paper_index,RESEARCH_TRACE,YES,NO,NO,,,,UNPARSED,NO
690,KK_Moon_orbital_period_per_day,DERIVATION_FIRST_PRINCIPLES,OK,YES,YES,YES,27.32127097800926,27.32,0.0047,<0.01%,YES
690,PAPER_038_FUBii_Buoyancy_Variants7to11_Quantum,paper_index,RESEARCH_TRACE,YES,NO,NO,,,4050.0,>=1%,NO
691,KK_sidereal_year_per_100_day,DERIVATION_FIRST_PRINCIPLES,OK,YES,YES,YES,3.642925572389,3.65256,0.2638,0.1-1%,YES
691,PAPER_039_FUBii_Buoyancy_Variants12to17_ICM,paper_index,RESEARCH_TRACE,YES,NO,NO,,,,UNPARSED,NO
692,KK_Mars_orbit_AU,DERIVATION_FIRST_PRINCIPLES,OK,YES,YES,YES,1.5205052953872107,1.524,0.2293,0.1-1%,YES
692,PAPER_040_XRay_Cluster_Buoyancy_Perseus_Coma_Virgo,paper_index,RESEARCH_TRACE,YES,NO,NO,,,,UNPARSED,NO
693,KK_Mercury_year_per_10_day,DERIVATION_FIRST_PRINCIPLES,OK,YES,YES,YES,8.822047162389,8.797,0.2847,0.1-1%,YES
693,PAPER_041_Intracluster_Medium_Physics_UQFF,paper_index,RESEARCH_TRACE,YES,NO,NO,,,1.0,>=1%,NO
694,alpha_forward_derivation,CALIBRATION_FROM_PARAMETERS,OK,YES,YES,YES,137.427500157,137.035999084,0.285692,0.1-1%,YES
694,PAPER_042_Monte_Carlo_26Layer_Compressed_Gravity,paper_index,RESEARCH_TRACE,YES,NO,NO,,,91.7,>=1%,NO
695,4pi_coset_derivation,CALIBRATION_FROM_PARAMETERS,OK,YES,YES,YES,137.427500157,137.035999084,0.285692,0.1-1%,YES
695,PAPER_043_26D_Energy_Structure_Mathematical_Foundation,paper_index,RESEARCH_TRACE,YES,NO,NO,,,,UNPARSED,NO
696,2loop_kk_closure,CALIBRATION_FROM_PARAMETERS,OK,YES,YES,YES,137.034801075,137.035999084,0.0008742,<0.01%,YES
696,PAPER_044_Pre_Big_Bang_Configuration_26D_UQFF,paper_index,RESEARCH_TRACE,YES,NO,NO,,,,UNPARSED,NO
697,c2_exact_decomposition,CALIBRATION_FROM_PARAMETERS,OK,YES,YES,YES,137.034801075,137.035999084,0.0008742,<0.01%,YES
697,PAPER_045_Quantum_Phase_Transitions_UQFF_26D,paper_index,RESEARCH_TRACE,YES,NO,NO,,,91.0,>=1%,NO
698,so2dpm_selection_rule,CALIBRATION_FROM_PARAMETERS,OK,YES,YES,YES,137.034801075,137.035999084,0.0008742,<0.01%,YES
698,PAPER_046_DPM_Cosmology_Dark_Photon_Manifold,paper_index,RESEARCH_TRACE,YES,NO,NO,,,,UNPARSED,NO
699,3loop_tail_bound,CALIBRATION_FROM_PARAMETERS,OK,YES,YES,YES,137.035360541,137.035999084,0.000466,<0.01%,YES
699,PAPER_047_Nuclear_Binding_Energy_26Level_Polynomial,paper_index,RESEARCH_TRACE,YES,NO,NO,,,2.0,>=1%,NO
700,alpha_chain_convergence,CALIBRATION_FROM_PARAMETERS,OK,YES,YES,YES,137.424646736,137.035999084,0.2836099,0.1-1%,YES
700,PAPER_048_Black_Hole_Interaction_Energy_26D_UQFF,paper_index,RESEARCH_TRACE,YES,NO,NO,,,,UNPARSED,NO
701,c_tree_derivation,CALIBRATION_FROM_PARAMETERS,OK,YES,YES,YES,1.000000e+08,9.993082e+07,0.069229,0.01-0.1%,YES
701,PAPER_049_Vacuum_Density_Contributions_UQFF_26Layer,paper_index,RESEARCH_TRACE,YES,NO,NO,,,,UNPARSED,NO
702,c_tree_layered_dpm,CALIBRATION_FROM_PARAMETERS,OK,YES,YES,YES,2.997917e+08,2.997925e+08,0.000264,<0.01%,YES
702,PAPER_050_26D_Manifold_Compactification_3plus1_Spacetime,paper_index,RESEARCH_TRACE,YES,NO,NO,,,,UNPARSED,NO
703,c_2loop_coefficient,CALIBRATION_FROM_PARAMETERS,OK,YES,YES,YES,2.997925e+08,2.997925e+08,6.48e-07,<0.01%,YES
703,PAPER_051_UQFF_Predictions_vs_arXiv_2024,paper_index,RESEARCH_TRACE,YES,NO,NO,,,92.02,>=1%,NO
704,c_3loop_tail_bound,CALIBRATION_FROM_PARAMETERS,OK,YES,YES,YES,2.997925e+08,2.997925e+08,1.437e-07,<0.01%,YES
704,PAPER_052_UQFF_Predictions_vs_arXiv_2025,paper_index,RESEARCH_TRACE,YES,NO,YES,,125.35,99.79,>=1%,NO
705,universal_loop_factorial_rule,CALIBRATION_FROM_PARAMETERS,OK,YES,YES,YES,5.000000000000e-01,5.000000000000e-01,0,EXACT,YES
705,PAPER_053_NGC2264_Star_Formation_UQFF,paper_index,RESEARCH_TRACE,YES,NO,NO,,,,UNPARSED,NO
706,loop_factorial_n4,CALIBRATION_FROM_PARAMETERS,OK,YES,YES,YES,3.333333333333e-01,3.333333333333e-01,0,EXACT,YES
706,PAPER_054_Tadpole_Galaxy_UGC10214_UQFF,paper_index,RESEARCH_TRACE,YES,NO,NO,,,,UNPARSED,NO
707,so2_dpm_geometric_phase,CALIBRATION_FROM_PARAMETERS,OK,YES,YES,YES,2.997925e+08,2.997925e+08,2.26e-08,<0.01%,YES
707,PAPER_055_Mice_Galaxies_NGC4676_UQFF,paper_index,RESEARCH_TRACE,YES,NO,NO,,,,UNPARSED,NO
708,so2_dpm_rank_refined,CALIBRATION_FROM_PARAMETERS,OK,YES,YES,YES,2.997925e+08,2.997925e+08,0,EXACT,YES
708,PAPER_056_Red_Spider_Nebula_UQFF,paper_index,RESEARCH_TRACE,YES,NO,NO,,,,UNPARSED,NO
709,mu_chain_opening,CALIBRATION_FROM_PARAMETERS,OK,YES,YES,YES,1.8361530000e+03,1.8361526734e+03,1.77856e-05,<0.01%,YES
709,PAPER_057_Carina_Nebula_Multi_Scale_UQFF,paper_index,RESEARCH_TRACE,YES,NO,NO,,,,UNPARSED,NO
710,mu_2loop,CALIBRATION_FROM_PARAMETERS,OK,YES,YES,YES,1.8361526736e+03,1.8361526734e+03,9.258e-09,<0.01%,YES
710,PAPER_058_M42_Orion_Nebula_UQFF,paper_index,RESEARCH_TRACE,YES,NO,NO,,,,UNPARSED,NO
711,mu_3loop_finite_polynomial,CALIBRATION_FROM_PARAMETERS,OK,YES,YES,YES,1.836152673430e+03,1.836152673430e+03,0,EXACT,YES
711,PAPER_059_Alpha_BEC_Heavy_Ion_Collisions_UQFF,paper_index,RESEARCH_TRACE,YES,NO,NO,,,85.0,>=1%,NO
712,mu_4loop_termination_test,CALIBRATION_FROM_PARAMETERS,OK,YES,YES,YES,1.836152673430e+03,1.836152673430e+03,0,EXACT,YES
712,PAPER_060_Bose_Occupancy_NIMROD_ISiS_UQFF,paper_index,RESEARCH_TRACE,YES,NO,NO,,,7.4,>=1%,NO
713,alpha_4loop_borel_test,CALIBRATION_FROM_PARAMETERS,OK,YES,YES,YES,1.3703536107e+02,1.3703599908e+02,0.0004655785,<0.01%,YES
713,PAPER_061_Nuclear_BEC_Formation_UQFF,paper_index,RESEARCH_TRACE,YES,NO,NO,,,,UNPARSED,NO
714,alpha_c3_locked_candidate_hunt,CALIBRATION_FROM_PARAMETERS,OK,YES,YES,YES,1.3703599993e+02,1.3703599908e+02,6.174e-07,<0.01%,YES
714,PAPER_062_Widom_Larsen_LENR_UQFF,paper_index,RESEARCH_TRACE,YES,NO,NO,,,,UNPARSED,NO
715,alpha_4loop_locked_candidate,CALIBRATION_FROM_PARAMETERS,OK,YES,YES,YES,1.370359990864e+02,1.370359990840e+02,1.717e-09,<0.01%,YES
715,PAPER_063_F_U_Bi_i_Integral_UQFF,paper_index,RESEARCH_TRACE,YES,NO,NO,,,3.0,>=1%,NO
716,mu_5loop_ratio_rule_validation,CALIBRATION_FROM_PARAMETERS,OK,YES,YES,YES,4.186224708505e-05,4.186224708505e-05,0.004186224709,<0.01%,YES
716,PAPER_064_4_UQFF_Operational_Modes,paper_index,RESEARCH_TRACE,YES,NO,NO,,,,UNPARSED,NO
717,alpha_class_universality_test,CALIBRATION_FROM_PARAMETERS,OK,YES,YES,YES,1.000000000000e+00,1.000000000000e+00,0,EXACT,YES
717,PAPER_065_121_System_UQFF_Validation_Statistical_Summary,paper_index,RESEARCH_TRACE,YES,NO,NO,,,99.9,>=1%,NO
718,c_chain_class_assignment,CALIBRATION_FROM_PARAMETERS,OK,YES,YES,YES,2.997924588665e+08,2.997924580000e+08,2.890474511318e-07,<0.01%,YES
718,PAPER_066_Magnetar_Systems_SGR1745_Crab_Vela_UQFF,paper_index,RESEARCH_TRACE,YES,NO,NO,,,,UNPARSED,NO
719,hbar_dimensional_class_probe,CALIBRATION_FROM_PARAMETERS,OK,YES,YES,YES,3.492267331920e+02,3.489526964043e+02,0.07847,0.01-0.1%,YES
719,PAPER_067_AGN_SgrA_M87_CentaurusA_UQFF,paper_index,RESEARCH_TRACE,YES,NO,NO,,,,UNPARSED,NO
720,hbar_classIV_nogo_and_L_SCM_promotion,CALIBRATION_FROM_PARAMETERS,OK,YES,YES,YES,1.054571817000e-34,1.054571817000e-34,0,EXACT,YES
720,PAPER_068_Globular_Cluster_Dynamics_UQFF,paper_index,RESEARCH_TRACE,YES,NO,NO,,,1.6,>=1%,NO
721,classV_G_and_LSCM_MSCM_proportionality,CALIBRATION_FROM_PARAMETERS,OK,YES,YES,YES,3.492267331920e+02,3.492267331920e+02,0,EXACT,YES
721,PAPER_069_Radio_Transient_ASKAP_J1832_UQFF,paper_index,RESEARCH_TRACE,YES,NO,NO,,,10.0,>=1%,NO
722,K_G_prefactor_search,CALIBRATION_FROM_PARAMETERS,OK,YES,YES,YES,8.333333e-02,8.333333e-02,0,EXACT,YES
722,PAPER_070_Planetary_Nebula_Dynamics_Helix_UQFF,paper_index,RESEARCH_TRACE,YES,NO,NO,,,,UNPARSED,NO
723,K_G_locked_rational,CALIBRATION_FROM_PARAMETERS,OK,YES,YES,YES,8.333333e-02,8.333333e-02,0,EXACT,YES
723,PAPER_071_Stellar_Superflare_Energy_Budget_UQFF,paper_index,RESEARCH_TRACE,YES,NO,NO,,,,UNPARSED,NO
724,classVI_Lambda_opening,CALIBRATION_FROM_PARAMETERS,OK,YES,YES,YES,8.333333e-02,8.333333e-02,0,EXACT,YES
724,PAPER_072_Red_Dwarf_Reactor_Physics_UQFF,paper_index,RESEARCH_TRACE,YES,NO,NO,,,6.7,>=1%,NO
725,cosmological_hierarchy_probe,CALIBRATION_FROM_PARAMETERS,OK,YES,YES,YES,8.333333e-02,8.333333e-02,0,EXACT,YES
725,PAPER_073_GAIA_DR4_Stellar_UQFF_Validation,paper_index,RESEARCH_TRACE,YES,NO,NO,,,,UNPARSED,NO
726,LH_tighten_locked_closure,CALIBRATION_FROM_PARAMETERS,OK,YES,YES,YES,3.173077e-01,3.173077e-01,0,EXACT,YES
726,PAPER_074_NED_SIMBAD_Galactic_Structure_UQFF,paper_index,RESEARCH_TRACE,YES,NO,NO,,,,UNPARSED,NO
727,LH42_Lambda_closure,CALIBRATION_FROM_PARAMETERS,OK,YES,YES,YES,3.173077e-01,3.173077e-01,0,EXACT,YES
727,PAPER_075_XRay_Binaries_Chandra_UQFF,paper_index,RESEARCH_TRACE,YES,NO,NO,,,,UNPARSED,NO
728,triple_track_consolidation,CALIBRATION_FROM_PARAMETERS,OK,YES,YES,YES,3.173077e-01,3.173077e-01,0,EXACT,YES
728,PAPER_076_FermiLAT_GammaRay_UQFF,paper_index,RESEARCH_TRACE,YES,NO,NO,,,,UNPARSED,NO
729,H0_eta_hbar_consolidation,CALIBRATION_FROM_PARAMETERS,OK,YES,YES,YES,8.333333e-02,8.333333e-02,0,EXACT,YES
729,PAPER_077_LIGO_GWTC4_Cross_Validation_UQFF,paper_index,RESEARCH_TRACE,YES,NO,NO,,,0.5,0.1-1%,NO
730,Dcrit7_TCMB_Hubble,CALIBRATION_FROM_PARAMETERS,OK,YES,YES,YES,1.968300e+04,1.968300e+04,0,EXACT,YES
730,PAPER_078_NED_Extragalactic_UQFF,paper_index,RESEARCH_TRACE,YES,NO,NO,,,,UNPARSED,NO
731,TCMB_OmegaX_motifs,CALIBRATION_FROM_PARAMETERS,OK,YES,YES,YES,4.000000e+00,4.000000e+00,0,EXACT,YES
731,PAPER_079_HEASARC_HighEnergy_UQFF,paper_index,RESEARCH_TRACE,YES,NO,NO,,,,UNPARSED,NO
732,classX_BAO_audit,CALIBRATION_FROM_PARAMETERS,OK,YES,YES,YES,5.000000e+00,5.000000e+00,0,EXACT,YES
732,PAPER_080_Complete_MultiWavelength_UQFF_Suite,paper_index,RESEARCH_TRACE,YES,NO,NO,,,0.01,0.01-0.1%,NO
733,residual_hierarchy_OmegaB_BAO_crosscheck,CALIBRATION_FROM_PARAMETERS,OK,YES,YES,YES,2.724847e+00,2.725500e+00,0.02394951,0.01-0.1%,YES
733,PAPER_081_UQFF_Hawking_Temperature_Derivation,paper_index,RESEARCH_TRACE,YES,NO,NO,,,,UNPARSED,NO
734,classXII_tighten_HubbleTension_residual,CALIBRATION_FROM_PARAMETERS,OK,YES,YES,YES,2.171587e+00,2.171583e+00,0.0001988734,<0.01%,YES
734,PAPER_082_BH_Evaporation_Timescales_UQFF,paper_index,RESEARCH_TRACE,YES,NO,NO,,,4.0,>=1%,NO
735,universal_residual_HubbleInvariant_sigma8,CALIBRATION_FROM_PARAMETERS,OK,YES,YES,YES,8.333333e-01,8.320000e-01,0.1602564,0.1-1%,YES
735,PAPER_083_Primordial_BH_UQFF,paper_index,RESEARCH_TRACE,YES,NO,NO,,,3.5,>=1%,NO
736,delta_univ_classXV_ns_S8_check,CALIBRATION_FROM_PARAMETERS,OK,YES,YES,YES,8.313374e-01,8.320000e-01,0.07964434,0.01-0.1%,YES
736,PAPER_084_Information_Paradox_26D_UQFF,paper_index,RESEARCH_TRACE,YES,NO,NO,,,,UNPARSED,NO
737,delta_dress_classXVI_alphas_VII_decompose,CALIBRATION_FROM_PARAMETERS,OK,YES,YES,YES,-3.876506e-03,-4.000000e-03,3.087361,>=1%,YES
737,PAPER_085_Page_Curve_UQFF,paper_index,RESEARCH_TRACE,YES,NO,NO,,,4.1,>=1%,NO
738,globalR_classXVII_r_alphas_identity,CALIBRATION_FROM_PARAMETERS,OK,YES,YES,YES,3.500000e-02,3.500000e-02,0,EXACT,YES
738,PAPER_086_Ug4_AGN_Feedback_UQFF,paper_index,RESEARCH_TRACE,YES,NO,NO,,,,UNPARSED,NO
739,R_xi_classXVIII_OmegaLambda_betas,CALIBRATION_FROM_PARAMETERS,SUPERSEDED,YES,YES,YES,-1.458333e-04,-4.287500e-05,240.1361,>=1%,YES
739,PAPER_087_AT2019qiz_TDE_UQFF,paper_index,RESEARCH_TRACE,YES,NO,NO,,,8.0,>=1%,NO
740,xi_refine_classXIX_age_gammas,CALIBRATION_FROM_PARAMETERS,OK,YES,YES,YES,-4.726080e-06,-4.726080e-06,0,EXACT,YES
740,PAPER_088_Neutrino_SED_UQFF,paper_index,RESEARCH_TRACE,YES,NO,NO,,,0.3,0.1-1%,NO
741,t0_refine_zeq_classXX_ell1,CALIBRATION_FROM_PARAMETERS,OK,YES,NO,NO,,,0,EXACT,NO
741,PAPER_089_UQFF_Master_Equation_Derivation,paper_index,RESEARCH_TRACE,YES,NO,NO,,,,UNPARSED,NO
742,higher_peaks_t0_exact_classXXII_rs,CALIBRATION_FROM_PARAMETERS,OK,YES,NO,NO,,,4.6e-05,<0.01%,NO
742,PAPER_090_MUGE_Compressed_Gravity,paper_index,RESEARCH_TRACE,YES,NO,NO,,,,UNPARSED,NO
743,rs_silk_As,CALIBRATION_FROM_PARAMETERS,OK,YES,NO,NO,,,3.288342,>=1%,NO
743,PAPER_091_MUGE_Resonance_14_Mode,paper_index,RESEARCH_TRACE,YES,NO,NO,,,,UNPARSED,NO
744,As_refine_kD_Neff,CALIBRATION_FROM_PARAMETERS,OK,YES,NO,NO,,,0,EXACT,NO
744,PAPER_092_SgrA_MUGE_Comparison,paper_index,RESEARCH_TRACE,YES,NO,NO,,,,UNPARSED,NO
745,As_kD_exact_Yp,CALIBRATION_FROM_PARAMETERS,OK,YES,NO,NO,,,0,EXACT,NO
745,PAPER_093_M87_Event_Horizon_UQFF,paper_index,RESEARCH_TRACE,YES,NO,NO,,,,UNPARSED,NO
746,DH_kD_As,CALIBRATION_FROM_PARAMETERS,OK,YES,NO,NO,,,0.017313,0.01-0.1%,NO
746,PAPER_094_Magnetar_SGR1745_UQFF_Calibration,paper_index,RESEARCH_TRACE,YES,NO,NO,,,,UNPARSED,NO
747,LiH_As_DH,CALIBRATION_FROM_PARAMETERS,OK,YES,NO,NO,,,0.5302,0.1-1%,NO
747,PAPER_095_UQFF_99pt9_Solvability,paper_index,RESEARCH_TRACE,YES,NO,NO,,,99.9,>=1%,NO
748,LiH_He3_eta,CALIBRATION_FROM_PARAMETERS,OK,YES,NO,NO,,,0.028957,0.01-0.1%,NO
748,PAPER_096_FRB_UQFF_Emission_Model,paper_index,RESEARCH_TRACE,YES,NO,NO,,,,UNPARSED,NO
749,eta_Yp_T0,CALIBRATION_FROM_PARAMETERS,OK,YES,NO,NO,,,0,EXACT,NO
749,PAPER_097_Whittaker_Decomposition_UQFF,paper_index,RESEARCH_TRACE,YES,NO,NO,,,,UNPARSED,NO
750,eta_T0_H0,CALIBRATION_FROM_PARAMETERS,OK,YES,NO,NO,,,0.000709,<0.01%,NO
750,PAPER_098_Big_Bang_UQFF,paper_index,RESEARCH_TRACE,YES,NO,NO,,,0.5,0.1-1%,NO
751,T0_Hratio_sigma8_Omegam,CALIBRATION_FROM_PARAMETERS,OK,YES,NO,NO,,,4e-05,<0.01%,NO
751,PAPER_099_Plasma_Shield_UQFF,paper_index,RESEARCH_TRACE,YES,NO,NO,,,,UNPARSED,NO
752,T0reform_sigma8KiDS_OmegaL,CALIBRATION_FROM_PARAMETERS,OK,YES,NO,NO,,,1.8e-05,<0.01%,NO
752,PAPER_1000_NS_Merger_FUBi_Strain,paper_index,RESEARCH_TRACE,YES,NO,NO,,,47.0,>=1%,NO
753,sigma8push_wDE_Obh2,CALIBRATION_FROM_PARAMETERS,OK,YES,NO,NO,,,0,EXACT,NO
753,PAPER_1001_SMBH_Binary_Merger_FUBi,paper_index,RESEARCH_TRACE,YES,NO,NO,,,,UNPARSED,NO
754,Obh2push_zeq_rs,CALIBRATION_FROM_PARAMETERS,OK,YES,NO,NO,,,0.003388,<0.01%,NO
754,PAPER_1002,paper_index,RESEARCH_TRACE,NO,NO,NO,,,,UNPARSED,NO
755,Obh2unblock_t0_tau,CALIBRATION_FROM_PARAMETERS,OK,YES,NO,NO,,,0.000465,<0.01%,NO
755,PAPER_1003_Spectral_Ladder_Merger,paper_index,RESEARCH_TRACE,YES,NO,NO,,,,UNPARSED,NO
756,tauCE_zstar_Neff,CALIBRATION_FROM_PARAMETERS,OK,YES,YES,YES,3.046004e+00,3.046000e+00,0.0001439336,<0.01%,YES
756,PAPER_1004_QGP_Vacuum_Density_SCm,paper_index,RESEARCH_TRACE,YES,NO,NO,,,,UNPARSED,NO
757,tau_zstar_DH,CALIBRATION_FROM_PARAMETERS,OK,YES,YES,YES,2.547604e-05,2.547000e-05,0.02371875,0.01-0.1%,YES
757,PAPER_1005_YangMills_MassGap_SCm,paper_index,RESEARCH_TRACE,YES,NO,NO,,,,UNPARSED,NO
758,mpme_alphaS_Omh2,CALIBRATION_FROM_PARAMETERS,OK,YES,YES,YES,1.430000e-01,1.430000e-01,0,EXACT,YES
758,PAPER_1006_ALICE_Multiplicity_SCm,paper_index,RESEARCH_TRACE,YES,NO,NO,,,,UNPARSED,NO
759,tau_zstar_Oc_kpivot,CALIBRATION_FROM_PARAMETERS,OK,YES,YES,YES,5.000000e-02,5.000000e-02,0,EXACT,YES
759,PAPER_1007,paper_index,RESEARCH_TRACE,NO,NO,NO,,,,UNPARSED,NO
760,Och2_mnu_As,OPEN_PREDICTION,SUPERSEDED,YES,YES,YES,0.000000e+00,2.100000e-09,1.000000e+02,>=1%,YES
760,PAPER_1008,paper_index,RESEARCH_TRACE,NO,NO,NO,,,,UNPARSED,NO
761,As_obratio_eta,CALIBRATION_FROM_PARAMETERS,OK,YES,YES,YES,1.015335e+00,1.015330e+00,0.0004722345,<0.01%,YES
761,PAPER_1009,paper_index,RESEARCH_TRACE,NO,NO,NO,,,,UNPARSED,NO
762,H0_rdrag_gammaPPN,CALIBRATION_FROM_PARAMETERS,OK,YES,YES,YES,1.000000e+00,1.000000e+00,0,EXACT,YES
762,PAPER_100,paper_index,RESEARCH_TRACE,NO,NO,NO,,,-0.01,<0.01%,NO
763,NeffBBN_OmK_zreion_dCP,CALIBRATION_FROM_PARAMETERS,OK,YES,YES,YES,-1.570789e+00,-1.570796e+00,0.000466479,<0.01%,YES
763,PAPER_1010,paper_index,RESEARCH_TRACE,NO,NO,NO,,,22.6,>=1%,NO
764,crossval_omnu_zBAO_etab,OPEN_PREDICTION,SUPERSEDED,YES,YES,YES,0.000000e+00,6.140000e-10,1.000000e+02,>=1%,YES
764,PAPER_1011_GW170817_NS_Merger_FUBi_i,paper_index,RESEARCH_TRACE,YES,NO,NO,,,66.7,>=1%,NO
765,Aplanck_tau_S8_etabwiden,CALIBRATION_FROM_PARAMETERS,OK,YES,YES,YES,6.140332e-10,6.140000e-10,0.005410045,<0.01%,YES
765,PAPER_1012_GW190425_Upgraded_FUBi_i,paper_index,RESEARCH_TRACE,YES,NO,NO,,,,UNPARSED,NO
766,AL_w0_wa_Hz,CALIBRATION_FROM_PARAMETERS,OK,YES,YES,YES,8.150063e+01,8.150000e+01,0.0007749198,<0.01%,YES
766,PAPER_1013_QGP_ALICE_Centrality_FUBi_i,paper_index,RESEARCH_TRACE,YES,NO,NO,,,,UNPARSED,NO
767,BAO_distance_suite,CALIBRATION_FROM_PARAMETERS,OK,YES,YES,YES,4.970131e-01,4.970000e-01,0.002644301,<0.01%,YES
767,PAPER_1014,paper_index,RESEARCH_TRACE,NO,NO,NO,,,,UNPARSED,NO
768,BAO_z051_z061,CALIBRATION_FROM_PARAMETERS,OK,YES,YES,YES,9.729790e+01,9.730000e+01,0.002160799,<0.01%,YES
768,PAPER_1015,paper_index,RESEARCH_TRACE,NO,NO,NO,,,,UNPARSED,NO
769,struct_amp_anchors,CALIBRATION_FROM_PARAMETERS,OK,YES,YES,YES,1.430000e-01,1.430000e-01,0,EXACT,YES
769,PAPER_1016,paper_index,RESEARCH_TRACE,NO,NO,NO,,,,UNPARSED,NO
770,matter_radiation_acoustic,CALIBRATION_FROM_PARAMETERS,OK,YES,YES,YES,1.040904e+00,1.040920e+00,0.001572066,<0.01%,YES
770,PAPER_1017,paper_index,RESEARCH_TRACE,NO,NO,NO,,,,UNPARSED,NO
771,inflation_reion_age_CV4,CALIBRATION_FROM_PARAMETERS,OK,YES,YES,YES,1.430000e-01,1.430000e-01,0,EXACT,YES
771,PAPER_1018,paper_index,RESEARCH_TRACE,NO,NO,NO,,,,UNPARSED,NO
772,running_zdec_DH_CV5,CALIBRATION_FROM_PARAMETERS,OK,YES,YES,YES,1.028571e+00,1.028571e+00,0,EXACT,YES
772,PAPER_1019,paper_index,RESEARCH_TRACE,NO,NO,NO,,,3.0,>=1%,NO
773,zeq_BAO_nu_CV6,CALIBRATION_FROM_PARAMETERS,OK,YES,YES,YES,-1.250000e-01,-1.250000e-01,0,EXACT,YES
773,PAPER_101,paper_index,RESEARCH_TRACE,NO,NO,NO,,,,UNPARSED,NO
774,Rstar_DV015_fs8_CV7,CALIBRATION_FROM_PARAMETERS,OK,YES,YES,YES,8.250000e-01,8.250000e-01,0,EXACT,YES
774,PAPER_1020,paper_index,RESEARCH_TRACE,NO,NO,NO,,,,UNPARSED,NO
775,teq_keq_mnu_CV8,CALIBRATION_FROM_PARAMETERS,OK,YES,YES,YES,1.470000e+00,1.470000e+00,0,EXACT,YES
775,PAPER_1021,paper_index,RESEARCH_TRACE,NO,NO,NO,,,,UNPARSED,NO
776,zdrag_theta_OmDE_CV9,CALIBRATION_FROM_PARAMETERS,OK,YES,YES,YES,4.333333e+00,4.333333e+00,0,EXACT,YES
776,PAPER_1022,paper_index,RESEARCH_TRACE,NO,NO,NO,,,0.34,0.1-1%,NO
777,SMsector_CV10,CALIBRATION_FROM_PARAMETERS,OK,YES,YES,YES,1.300000e+01,1.300000e+01,0,EXACT,YES
777,PAPER_1023,paper_index,RESEARCH_TRACE,NO,NO,NO,,,0.1,0.1-1%,NO
778,SMmasses_CV11,CALIBRATION_FROM_PARAMETERS,OK,YES,YES,YES,3.600000e+01,3.600000e+01,0,EXACT,YES
778,PAPER_1024,paper_index,RESEARCH_TRACE,NO,NO,YES,,2004.0,64.0,>=1%,NO
779,quarks_CKM_CV12,CALIBRATION_FROM_PARAMETERS,OK,YES,YES,YES,1.900000e+01,1.900000e+01,0,EXACT,YES
779,PAPER_1025,paper_index,RESEARCH_TRACE,NO,NO,NO,,,0.03,0.01-0.1%,NO
780,Higgs_gravity_CV13,CALIBRATION_FROM_PARAMETERS,OK,YES,YES,YES,4.000000e+00,4.000000e+00,0,EXACT,YES
780,PAPER_1026,paper_index,RESEARCH_TRACE,NO,NO,NO,,,2.3,>=1%,NO
781,cosmoconst_entropy_CV14,CALIBRATION_FROM_PARAMETERS,OK,YES,YES,YES,2.600000e+01,2.600000e+01,0,EXACT,YES
781,PAPER_1027,paper_index,RESEARCH_TRACE,NO,NO,NO,,,8.2,>=1%,NO
782,lambdaH_yt_etaB_CV15,CALIBRATION_FROM_PARAMETERS,OK,YES,YES,YES,1.370000e+02,1.370000e+02,0,EXACT,YES
782,PAPER_1028,paper_index,RESEARCH_TRACE,NO,NO,NO,,,0.034,0.01-0.1%,NO
783,sinW_alphasGUT_rho_CV16,CALIBRATION_FROM_PARAMETERS,OK,YES,YES,YES,1.100000e+01,1.100000e+01,0,EXACT,YES
783,PAPER_1029,paper_index,RESEARCH_TRACE,NO,NO,NO,,,,UNPARSED,NO
784,MGUT_Dm2atm_PMNS_CV17,CALIBRATION_FROM_PARAMETERS,OK,YES,YES,YES,3.000000e+00,3.000000e+00,0,EXACT,YES
784,PAPER_102,paper_index,RESEARCH_TRACE,NO,NO,NO,,,,UNPARSED,NO
785,PMNS_solar_reactor_CV18,CALIBRATION_FROM_PARAMETERS,OK,YES,YES,YES,7.000000e+00,7.000000e+00,0,EXACT,YES
785,closures,DERIVATION_FIRST_PRINCIPLES,candidate_EXACT,YES,YES,YES,3.070000e-01,3.070000e-01,-1.808181e-14,<0.01%,YES
785,closures,DERIVATION_FIRST_PRINCIPLES,EXACT,YES,YES,YES,2.240000e-02,2.240000e-02,0.000000e+00,EXACT,YES
785,closures,DERIVATION_FIRST_PRINCIPLES,EXACT,YES,YES,YES,2.970000e-02,2.970000e-02,0.000000e+00,EXACT,YES
785,closures,DERIVATION_FIRST_PRINCIPLES,EXACT,YES,YES,YES,7.000000e+00,7.000000e+00,0.000000e+00,EXACT,YES
785,PAPER_1030,paper_index,RESEARCH_TRACE,NO,NO,NO,,,,UNPARSED,NO
786,PAPER_1031,paper_index,RESEARCH_TRACE,NO,NO,NO,,,0.017,0.01-0.1%,NO
787,PAPER_1032,paper_index,RESEARCH_TRACE,NO,NO,NO,,,0.3,0.1-1%,NO
788,PAPER_1033_Galactic_Bar_Resonance,paper_index,RESEARCH_TRACE,YES,NO,NO,,,1.2,>=1%,NO
789,PAPER_1034,paper_index,RESEARCH_TRACE,NO,NO,NO,,,0.8,0.1-1%,NO
790,PAPER_1035,paper_index,RESEARCH_TRACE,NO,NO,NO,,,5.7,>=1%,NO
791,PAPER_1036,paper_index,RESEARCH_TRACE,NO,NO,NO,,,0.05,0.01-0.1%,NO
792,PAPER_1037,paper_index,RESEARCH_TRACE,NO,NO,NO,,,12.0,>=1%,NO
793,PAPER_1038,paper_index,RESEARCH_TRACE,NO,NO,NO,,,,UNPARSED,NO
794,PAPER_1039,paper_index,RESEARCH_TRACE,NO,NO,NO,,,3.2,>=1%,NO
795,PAPER_103,paper_index,RESEARCH_TRACE,NO,NO,NO,,,,UNPARSED,NO
796,PAPER_1040,paper_index,RESEARCH_TRACE,NO,NO,NO,,,2.8,>=1%,NO
797,PAPER_1041,paper_index,RESEARCH_TRACE,NO,NO,NO,,,14.6,>=1%,NO
798,PAPER_1042,paper_index,RESEARCH_TRACE,NO,NO,NO,,,0.15,0.1-1%,NO
799,PAPER_1043,paper_index,RESEARCH_TRACE,NO,NO,NO,,,,UNPARSED,NO
800,chain_trace_26layer,DERIVATION_FIRST_PRINCIPLES,OK,YES,NO,NO,,,2.75,>=1%,NO
800,PAPER_1044,paper_index,RESEARCH_TRACE,NO,NO,NO,,,0.7,0.1-1%,NO
801,chain_trace_C,RESEARCH_TRACE,RESEARCH_TRACE,YES,NO,NO,,,,UNPARSED,NO
801,PAPER_1045,paper_index,RESEARCH_TRACE,NO,NO,NO,,,9.0,>=1%,NO
802,chain_trace_C_particles,RESEARCH_TRACE,RESEARCH_TRACE,YES,NO,NO,,,,UNPARSED,NO
802,PAPER_1046,paper_index,RESEARCH_TRACE,NO,NO,NO,,,1.2,>=1%,NO
803,chain_trace_fix348,DERIVATION_FIRST_PRINCIPLES,OK,YES,NO,NO,,,6.07,>=1%,NO
803,PAPER_1047,paper_index,RESEARCH_TRACE,NO,NO,NO,,,,UNPARSED,NO
804,chain_trace_fix56_7_910,RESEARCH_TRACE,RESEARCH_TRACE,YES,NO,NO,,,,UNPARSED,NO
804,PAPER_1048,paper_index,RESEARCH_TRACE,NO,NO,NO,,,,UNPARSED,NO
805,chain_trace_np_split,DERIVATION_FIRST_PRINCIPLES,OK,YES,NO,NO,,,28.72,>=1%,NO
805,PAPER_1049,paper_index,RESEARCH_TRACE,NO,NO,NO,,,,UNPARSED,NO
806,chain_trace_SSq,DERIVATION_FIRST_PRINCIPLES,OK,YES,NO,NO,,,0.34,0.1-1%,NO
806,PAPER_104,paper_index,RESEARCH_TRACE,NO,NO,NO,,,,UNPARSED,NO
807,constant_derivation_attempt,RESEARCH_TRACE,RESEARCH_TRACE,YES,NO,NO,,,,UNPARSED,NO
807,PAPER_1050,paper_index,RESEARCH_TRACE,NO,NO,NO,,,,UNPARSED,NO
808,constant_derivation_v2,RESEARCH_TRACE,RESEARCH_TRACE,YES,NO,NO,,,,UNPARSED,NO
808,PAPER_1051,paper_index,RESEARCH_TRACE,NO,NO,NO,,,,UNPARSED,NO
809,constant_derivation_v3,DERIVATION_FIRST_PRINCIPLES,OK,YES,YES,NO,6.6944e-11,,0.31,0.1-1%,NO
809,PAPER_1052,paper_index,RESEARCH_TRACE,NO,NO,NO,,,0.34,0.1-1%,NO
810,K_Mex_REAL_derivation,RESEARCH_TRACE,RESEARCH_TRACE,YES,NO,NO,,,,UNPARSED,NO
810,PAPER_1053,paper_index,RESEARCH_TRACE,NO,NO,NO,,,0.34,0.1-1%,NO
811,lagrangian_rederivation_outline,DERIVATION_FIRST_PRINCIPLES,OK,YES,NO,NO,,,0,EXACT,NO
811,PAPER_1054_SUSY_Breaking_Soft_Terms,paper_index,RESEARCH_TRACE,YES,NO,NO,,,0.3,0.1-1%,NO
812,PAPER_1065_1066_variational_audit,RESEARCH_TRACE,RESEARCH_TRACE,YES,NO,NO,,,,UNPARSED,NO
812,PAPER_1055,paper_index,RESEARCH_TRACE,NO,NO,NO,,,0.17,0.1-1%,NO
813,PAPER_1183_first_principles_derivation,RESEARCH_TRACE,RESEARCH_TRACE,YES,NO,NO,,,,UNPARSED,NO
813,PAPER_1056,paper_index,RESEARCH_TRACE,NO,NO,NO,,,,UNPARSED,NO
814,variational_sustainability_solution,DERIVATION_FIRST_PRINCIPLES,OK,YES,NO,NO,,,0.613,0.1-1%,NO
814,PAPER_1057,paper_index,RESEARCH_TRACE,NO,NO,YES,,125.1,4.7,>=1%,NO
815,bsm_bounds_derivation,RESEARCH_TRACE,RESEARCH_TRACE,YES,NO,NO,,,,UNPARSED,NO
815,PAPER_1058,paper_index,RESEARCH_TRACE,NO,NO,NO,,,0.34,0.1-1%,NO
816,buoyancy_lagrangian_eom,RESEARCH_TRACE,RESEARCH_TRACE,YES,NO,NO,,,,UNPARSED,NO
816,PAPER_1059,paper_index,RESEARCH_TRACE,NO,NO,NO,,,0.2,0.1-1%,NO
817,et_full_lagrangian,DERIVATION_FIRST_PRINCIPLES,OK,YES,YES,YES,10,10,0,EXACT,YES
817,PAPER_105,paper_index,RESEARCH_TRACE,NO,NO,NO,,,,UNPARSED,NO
818,first_principles_derivation,RESEARCH_TRACE,RESEARCH_TRACE,YES,NO,NO,,,,UNPARSED,NO
818,PAPER_1060,paper_index,RESEARCH_TRACE,NO,NO,NO,,,,UNPARSED,NO
819,lagrangian_re_runner,RESEARCH_TRACE,RESEARCH_TRACE,YES,NO,NO,,,,UNPARSED,NO
819,PAPER_1061,paper_index,RESEARCH_TRACE,NO,NO,NO,,,,UNPARSED,NO
820,qcalcgeom_core_derivation,DERIVATION_FIRST_PRINCIPLES,OK,YES,YES,YES,10,10,0,EXACT,YES
820,PAPER_1062,paper_index,RESEARCH_TRACE,NO,NO,NO,,,,UNPARSED,NO
821,thorne_morris_exotic_derivation,DERIVATION_FIRST_PRINCIPLES,OK,YES,YES,YES,7,7,0,EXACT,YES
821,PAPER_1063,paper_index,RESEARCH_TRACE,NO,NO,NO,,,0.34,0.1-1%,NO
822,uqff_lagrangian_derivation,RESEARCH_TRACE,RESEARCH_TRACE,YES,NO,NO,,,,UNPARSED,NO
822,PAPER_1064,paper_index,RESEARCH_TRACE,NO,NO,NO,,,0.1,0.1-1%,NO
823,UQFF_UNIFIED_CLOSURE_DERIVATIONS,DERIVATION_FIRST_PRINCIPLES,OK,YES,YES,NO,0.3336,,0.07,0.01-0.1%,NO
823,PAPER_1065,paper_index,RESEARCH_TRACE,NO,NO,NO,,,,UNPARSED,NO
824,variational_reversal_condition,RESEARCH_TRACE,RESEARCH_TRACE,YES,NO,NO,,,,UNPARSED,NO
824,PAPER_1066,paper_index,RESEARCH_TRACE,NO,NO,NO,,,,UNPARSED,NO
825,vds_dvp_bsh_symbolic_proofs,DERIVATION_FIRST_PRINCIPLES,OK,YES,YES,YES,12,12,0,EXACT,YES
825,PAPER_1067,paper_index,RESEARCH_TRACE,NO,NO,NO,,,1.0,>=1%,NO
826,six_anchor_closures,DERIVATION_FIRST_PRINCIPLES,OK,YES,NO,NO,,,0,EXACT,NO
826,PAPER_1068,paper_index,RESEARCH_TRACE,NO,NO,NO,,,,UNPARSED,NO
827,matter_density_closures,DERIVATION_FIRST_PRINCIPLES,OK,YES,NO,NO,,,0,EXACT,NO
827,PAPER_1069,paper_index,RESEARCH_TRACE,NO,NO,NO,,,0.1,0.1-1%,NO
828,cosmological_closures,DERIVATION_FIRST_PRINCIPLES,OK,YES,YES,YES,2.083333e-09,2.100000e-09,0.794,0.1-1%,YES
828,PAPER_106,paper_index,RESEARCH_TRACE,NO,NO,NO,,,,UNPARSED,NO
829,lambda_closure_v1,RESEARCH_TRACE,RESEARCH_TRACE,YES,NO,NO,,,,UNPARSED,NO
829,PAPER_1070,paper_index,RESEARCH_TRACE,NO,NO,NO,,,,UNPARSED,NO
830,classL_A_s_S786_calibrated,CALIBRATION_FROM_PARAMETERS,OK,YES,YES,YES,2.100000e-09,2.100000e-09,0.000000,EXACT,YES
830,PAPER_1071,paper_index,RESEARCH_TRACE,NO,NO,NO,,,,UNPARSED,NO
831,classLXII_eta_b_S786_calibrated,CALIBRATION_FROM_PARAMETERS,OK,YES,YES,YES,6.140000e-10,6.140000e-10,0.000000,EXACT,YES
831,PAPER_1072,paper_index,RESEARCH_TRACE,NO,NO,NO,,,,UNPARSED,NO
832,Delta_M_np_S786_EM_corrected,DERIVATION_FIRST_PRINCIPLES,OK,YES,YES,YES,1.293314e+00,1.293300e+00,0.001060,<0.01%,YES
832,PAPER_1073,paper_index,RESEARCH_TRACE,NO,NO,NO,,,,UNPARSED,NO
833,E_ion_H_S786_paired,DERIVATION_FIRST_PRINCIPLES,OK,YES,YES,YES,1.361284e+01,1.360570e+01,0.052510,0.01-0.1%,YES
833,PAPER_1074,paper_index,RESEARCH_TRACE,NO,NO,NO,,,,UNPARSED,NO
834,J_CP_S786_eta_bar_calibrated,CALIBRATION_FROM_PARAMETERS,CALIBRATED,YES,YES,YES,2.996155e-05,3.180000e-05,5.781294,>=1%,YES
834,PAPER_1075_3D_Volumetric_MUGE_Fields,paper_index,RESEARCH_TRACE,YES,NO,NO,,,,UNPARSED,NO
835,Hubble_tension_S787_ratio,CALIBRATION_FROM_PARAMETERS,OK,YES,YES,YES,1.002083e+00,1.003600e+00,0.151123,0.1-1%,YES
835,PAPER_1076_SCm_Dark_Energy_Gamma_Modulation,paper_index,RESEARCH_TRACE,YES,NO,NO,,,,UNPARSED,NO
836,classXVI_beta_s_S787_DPM_corrected,DERIVATION_FIRST_PRINCIPLES,OK,YES,YES,YES,-4.290000e-05,-4.290000e-05,0.000000,EXACT,YES
836,PAPER_1077,paper_index,RESEARCH_TRACE,NO,NO,NO,,,,UNPARSED,NO
837,R_K_S787_phi_res_corrected,DERIVATION_FIRST_PRINCIPLES,RESEARCH_TRACE,YES,YES,YES,2.058333e-01,2.950000e-01,30.225989,>=1%,YES
837,PAPER_1078_QCalcGeom_Master_Equation_Derivation,paper_index,RESEARCH_TRACE,YES,NO,NO,,,,UNPARSED,NO
838,Inflation_Ne_S787_SCm_driven,DERIVATION_FIRST_PRINCIPLES,OK,YES,YES,YES,6.032000e+01,6.000000e+01,0.533333,0.1-1%,YES
838,PAPER_1078,paper_index,RESEARCH_TRACE,NO,NO,NO,,,,UNPARSED,NO
839,M_Chandra_S787_phi_res_balance,DERIVATION_FIRST_PRINCIPLES,CALIBRATED,YES,YES,YES,1.540700e+00,1.400000e+00,10.050000,>=1%,YES
839,PAPER_1079,paper_index,RESEARCH_TRACE,NO,NO,NO,,,,UNPARSED,NO
840,n_periods_stable_S787_unit_fix,CALIBRATION_FROM_PARAMETERS,OK,YES,YES,YES,7.000000e+00,7.000000e+00,0.000000,EXACT,YES
840,PAPER_1079_Galaxy_Cluster_Cooling_Flow_Suppression,paper_index,RESEARCH_TRACE,YES,NO,NO,,,,UNPARSED,NO
841,PAPER_107,paper_index,RESEARCH_TRACE,NO,NO,NO,,,,UNPARSED,NO
842,PAPER_1080_Ramanujan_Binomial_Expansion_Proof,paper_index,RESEARCH_TRACE,YES,NO,NO,,,,UNPARSED,NO
843,PAPER_1080,paper_index,RESEARCH_TRACE,NO,NO,NO,,,,UNPARSED,NO
844,PAPER_1081,paper_index,RESEARCH_TRACE,NO,NO,NO,,,,UNPARSED,NO
845,PAPER_1081_SCm_LENR_COP_Linewidth_Parametric,paper_index,RESEARCH_TRACE,YES,NO,NO,,,,UNPARSED,NO
846,PAPER_1082,paper_index,RESEARCH_TRACE,NO,NO,NO,,,,UNPARSED,NO
847,PAPER_1083,paper_index,RESEARCH_TRACE,NO,NO,NO,,,,UNPARSED,NO
848,PAPER_1084,paper_index,RESEARCH_TRACE,NO,NO,NO,,,,UNPARSED,NO
849,PAPER_1085,paper_index,RESEARCH_TRACE,NO,NO,NO,,,,UNPARSED,NO
850,PAPER_1086,paper_index,RESEARCH_TRACE,NO,NO,NO,,,,UNPARSED,NO
851,PAPER_1087,paper_index,RESEARCH_TRACE,NO,NO,NO,,,,UNPARSED,NO
852,PAPER_1088,paper_index,RESEARCH_TRACE,NO,NO,NO,,,,UNPARSED,NO
853,PAPER_1089,paper_index,RESEARCH_TRACE,NO,NO,NO,,,,UNPARSED,NO
854,PAPER_108_EP10_IceCube_Neutrino_SED_Proof,paper_index,RESEARCH_TRACE,YES,NO,NO,,,3.0,>=1%,NO
855,PAPER_1090,paper_index,RESEARCH_TRACE,NO,NO,NO,,,,UNPARSED,NO
856,PAPER_1091_Production_Scaling_V23,paper_index,RESEARCH_TRACE,YES,NO,NO,,,,UNPARSED,NO
857,PAPER_1092,paper_index,RESEARCH_TRACE,NO,NO,NO,,,,UNPARSED,NO
858,PAPER_1093,paper_index,RESEARCH_TRACE,NO,NO,NO,,,,UNPARSED,NO
859,PAPER_1094,paper_index,RESEARCH_TRACE,NO,NO,NO,,,,UNPARSED,NO
860,PAPER_1095,paper_index,RESEARCH_TRACE,NO,NO,NO,,,,UNPARSED,NO
861,PAPER_1096,paper_index,RESEARCH_TRACE,NO,NO,NO,,,,UNPARSED,NO
862,PAPER_1097,paper_index,RESEARCH_TRACE,NO,NO,NO,,,,UNPARSED,NO
863,PAPER_1098,paper_index,RESEARCH_TRACE,NO,NO,NO,,,,UNPARSED,NO
864,PAPER_1099,paper_index,RESEARCH_TRACE,NO,NO,NO,,,,UNPARSED,NO
865,PAPER_109,paper_index,RESEARCH_TRACE,NO,NO,NO,,,40.0,>=1%,NO
866,PAPER_1100,paper_index,RESEARCH_TRACE,NO,NO,NO,,,,UNPARSED,NO
867,PAPER_1101,paper_index,RESEARCH_TRACE,NO,NO,NO,,,,UNPARSED,NO
868,PAPER_1102,paper_index,RESEARCH_TRACE,NO,NO,NO,,,,UNPARSED,NO
869,PAPER_1103,paper_index,RESEARCH_TRACE,NO,NO,NO,,,,UNPARSED,NO
870,PAPER_1104_Unified_FUBi_SMBH_Merger_Dynamics,paper_index,RESEARCH_TRACE,YES,NO,NO,,,,UNPARSED,NO
871,PAPER_1105_Hydrogen_Universe_Dual_3D_MUGE,paper_index,RESEARCH_TRACE,YES,NO,NO,,,,UNPARSED,NO
872,PAPER_1106,paper_index,RESEARCH_TRACE,NO,NO,NO,,,,UNPARSED,NO
873,PAPER_1107,paper_index,RESEARCH_TRACE,NO,NO,NO,,,,UNPARSED,NO
874,PAPER_1108,paper_index,RESEARCH_TRACE,NO,NO,NO,,,,UNPARSED,NO
875,PAPER_1109,paper_index,RESEARCH_TRACE,NO,NO,NO,,,,UNPARSED,NO
876,PAPER_110_EP06_Gaia_SgrA_Distance_Proof,paper_index,RESEARCH_TRACE,YES,NO,NO,,,5.0,>=1%,NO
877,PAPER_1110,paper_index,RESEARCH_TRACE,NO,NO,NO,,,,UNPARSED,NO
878,PAPER_1111,paper_index,RESEARCH_TRACE,NO,NO,NO,,,,UNPARSED,NO
879,PAPER_1112,paper_index,RESEARCH_TRACE,NO,NO,NO,,,5.26,>=1%,NO
880,PAPER_1113_CMS_Differential_Higgs_Kappa_Coupling,paper_index,RESEARCH_TRACE,YES,NO,NO,,,20.0,>=1%,NO
881,PAPER_1114_ATLAS_OffShell_Higgs_Width_Bound,paper_index,RESEARCH_TRACE,YES,NO,NO,,,80.95,>=1%,NO
882,PAPER_1115,paper_index,RESEARCH_TRACE,NO,NO,NO,,,91.68,>=1%,NO
883,PAPER_1116,paper_index,RESEARCH_TRACE,NO,NO,NO,,,98.73,>=1%,NO
884,PAPER_1117,paper_index,RESEARCH_TRACE,NO,NO,NO,,,95.0,>=1%,NO
885,PAPER_1118,paper_index,RESEARCH_TRACE,NO,NO,NO,,,,UNPARSED,NO
886,PAPER_1119,paper_index,RESEARCH_TRACE,NO,NO,NO,,,,UNPARSED,NO
887,PAPER_111,paper_index,RESEARCH_TRACE,NO,NO,NO,,,,UNPARSED,NO
888,PAPER_1120,paper_index,RESEARCH_TRACE,NO,NO,NO,,,,UNPARSED,NO
889,PAPER_1121,paper_index,RESEARCH_TRACE,NO,NO,NO,,,,UNPARSED,NO
890,PAPER_1122,paper_index,RESEARCH_TRACE,NO,NO,NO,,,,UNPARSED,NO
891,PAPER_1123,paper_index,RESEARCH_TRACE,NO,NO,NO,,,,UNPARSED,NO
892,PAPER_1124,paper_index,RESEARCH_TRACE,NO,NO,NO,,,,UNPARSED,NO
893,PAPER_1125_AGN_Feedback_MSigma_Scaling,paper_index,RESEARCH_TRACE,YES,NO,NO,,,,UNPARSED,NO
894,PAPER_1126_PSR_J0030_Neutron_Star_LENR_Buoyancy,paper_index,RESEARCH_TRACE,YES,NO,NO,,,,UNPARSED,NO
895,PAPER_1127_SCm_LQG_Holonomy_Phonon_Modulated_Spin_Networks,paper_index,RESEARCH_TRACE,YES,NO,NO,,,,UNPARSED,NO
896,PAPER_1128_SCm_String_Theory_Phonon_Coupling_26D_Compactification,paper_index,RESEARCH_TRACE,YES,NO,NO,,,,UNPARSED,NO
897,PAPER_1129_VDS_DVP_BH_Longform_Mathematical_Derivations,paper_index,RESEARCH_TRACE,YES,NO,NO,,,,UNPARSED,NO
898,PAPER_112,paper_index,RESEARCH_TRACE,NO,NO,NO,,,90.5,>=1%,NO
899,PAPER_1130_UQFF_26D_Geometric_Folding_Wolfram_Parallel_Hypergraph,paper_index,RESEARCH_TRACE,YES,NO,NO,,,,UNPARSED,NO
900,PAPER_1131_SCm_Vacuum_Manifold_Primordial_First_Principle,paper_index,RESEARCH_TRACE,YES,NO,NO,,,,UNPARSED,NO
901,PAPER_1132_SCm_Primordial_Split_26D_Ladder,paper_index,RESEARCH_TRACE,YES,NO,NO,,,,UNPARSED,NO
902,PAPER_1133_Holmlid_Rydberg_SCm_Bridge,paper_index,RESEARCH_TRACE,YES,NO,NO,,,,UNPARSED,NO
903,PAPER_1134_SCm_Riemann_Hypothesis_Closure,paper_index,RESEARCH_TRACE,YES,NO,NO,,,,UNPARSED,NO
904,PAPER_1135_SCm_Vacuum_Manifold_Hub_Reactor_Validation,paper_index,RESEARCH_TRACE,YES,NO,NO,,,,UNPARSED,NO
905,PAPER_1136_SCm_Holmlid_KER_Reactor_Validation,paper_index,RESEARCH_TRACE,YES,NO,YES,,630.0,,UNPARSED,NO
906,PAPER_1137_SCm_Holmlid_Rossi_Parkhomov_Validation,paper_index,RESEARCH_TRACE,YES,NO,NO,,,,UNPARSED,NO
907,PAPER_1138_SCm_Holmlid_Parkhomov_PonsFleischmann_Upgrade,paper_index,RESEARCH_TRACE,YES,NO,NO,,,,UNPARSED,NO
908,PAPER_1139_SCm_PonsFleischmann_Derivation,paper_index,RESEARCH_TRACE,YES,NO,NO,,,,UNPARSED,NO
909,PAPER_113_EP05_FermiLAT_Blazar_Ereact_Proof,paper_index,RESEARCH_TRACE,YES,NO,NO,,,5.0,>=1%,NO
910,PAPER_1140_SCm_Mizuno_LENR_Transmutation,paper_index,RESEARCH_TRACE,YES,NO,NO,,,,UNPARSED,NO
911,PAPER_1141,paper_index,RESEARCH_TRACE,NO,NO,NO,,,,UNPARSED,NO
912,PAPER_1142_Polyakov_Action_Details_SCm_26D,paper_index,RESEARCH_TRACE,YES,NO,NO,,,,UNPARSED,NO
913,PAPER_1143_Nambu_Goto_Bosonic_String_SCm_26D,paper_index,RESEARCH_TRACE,YES,NO,NO,,,,UNPARSED,NO
914,PAPER_1144_Type_IIB_Superstring_SCm_10D_Compactification,paper_index,RESEARCH_TRACE,YES,NO,NO,,,,UNPARSED,NO
915,PAPER_1145_Type_IIA_Superstring_SCm_10D_Compactification,paper_index,RESEARCH_TRACE,YES,NO,NO,,,,UNPARSED,NO
916,PAPER_1146_Heterotic_String_SCm_Gauge_Sector,paper_index,RESEARCH_TRACE,YES,NO,NO,,,,UNPARSED,NO
917,PAPER_1147_Calabi_Yau_3fold_Compactification_SCm,paper_index,RESEARCH_TRACE,YES,NO,NO,,,,UNPARSED,NO
918,PAPER_1148_M_Theory_Unification_SCm_26D,paper_index,RESEARCH_TRACE,YES,NO,NO,,,,UNPARSED,NO
919,PAPER_1149,paper_index,RESEARCH_TRACE,NO,NO,NO,,,,UNPARSED,NO
920,PAPER_114_EP07_ParkerProbe_Heliosheath_Proof,paper_index,RESEARCH_TRACE,YES,NO,NO,,,,UNPARSED,NO
921,PAPER_1150,paper_index,RESEARCH_TRACE,NO,NO,NO,,,,UNPARSED,NO
922,PAPER_1151,paper_index,RESEARCH_TRACE,NO,NO,NO,,,,UNPARSED,NO
923,PAPER_1152,paper_index,RESEARCH_TRACE,NO,NO,NO,,,,UNPARSED,NO
924,PAPER_1153,paper_index,RESEARCH_TRACE,NO,NO,NO,,,,UNPARSED,NO
925,PAPER_1154,paper_index,RESEARCH_TRACE,NO,NO,NO,,,,UNPARSED,NO
926,PAPER_1155,paper_index,RESEARCH_TRACE,NO,NO,NO,,,,UNPARSED,NO
927,PAPER_1156,paper_index,RESEARCH_TRACE,NO,NO,NO,,,,UNPARSED,NO
928,PAPER_1157,paper_index,RESEARCH_TRACE,NO,NO,NO,,,,UNPARSED,NO
929,PAPER_1158,paper_index,RESEARCH_TRACE,NO,NO,NO,,,,UNPARSED,NO
930,PAPER_1159,paper_index,RESEARCH_TRACE,NO,NO,NO,,,,UNPARSED,NO
931,PAPER_115,paper_index,RESEARCH_TRACE,NO,NO,NO,,,,UNPARSED,NO
932,PAPER_1160,paper_index,RESEARCH_TRACE,NO,NO,NO,,,,UNPARSED,NO
933,PAPER_1161,paper_index,RESEARCH_TRACE,NO,NO,NO,,,,UNPARSED,NO
934,PAPER_1162,paper_index,RESEARCH_TRACE,NO,NO,NO,,,,UNPARSED,NO
935,PAPER_1163,paper_index,RESEARCH_TRACE,NO,NO,NO,,,,UNPARSED,NO
936,PAPER_1164,paper_index,RESEARCH_TRACE,NO,NO,NO,,,,UNPARSED,NO
937,PAPER_1165,paper_index,RESEARCH_TRACE,NO,NO,NO,,,0.5,0.1-1%,NO
938,PAPER_1166,paper_index,RESEARCH_TRACE,NO,NO,NO,,,,UNPARSED,NO
939,PAPER_1167,paper_index,RESEARCH_TRACE,NO,NO,NO,,,,UNPARSED,NO
940,PAPER_1168,paper_index,RESEARCH_TRACE,NO,NO,NO,,,,UNPARSED,NO
941,PAPER_1169_UQFF_Numerical_Confrontation_P1_P5_With_Archival_Data,paper_index,RESEARCH_TRACE,YES,NO,NO,,,,UNPARSED,NO
942,PAPER_116,paper_index,RESEARCH_TRACE,NO,NO,NO,,,,UNPARSED,NO
943,PAPER_1170,paper_index,RESEARCH_TRACE,NO,NO,NO,,,,UNPARSED,NO
944,PAPER_1171,paper_index,RESEARCH_TRACE,NO,NO,NO,,,,UNPARSED,NO
945,PAPER_1172,paper_index,RESEARCH_TRACE,NO,NO,NO,,,,UNPARSED,NO
946,PAPER_1173,paper_index,RESEARCH_TRACE,NO,NO,NO,,,95.0,>=1%,NO
947,PAPER_1174,paper_index,RESEARCH_TRACE,NO,NO,NO,,,,UNPARSED,NO
948,PAPER_1175,paper_index,RESEARCH_TRACE,NO,NO,NO,,,,UNPARSED,NO
949,PAPER_1176,paper_index,RESEARCH_TRACE,NO,NO,NO,,,,UNPARSED,NO
950,PAPER_1177,paper_index,RESEARCH_TRACE,NO,NO,NO,,,,UNPARSED,NO
951,PAPER_1178,paper_index,RESEARCH_TRACE,NO,NO,NO,,,,UNPARSED,NO
952,PAPER_1179_UQFF_2027_2028_Quadruple_Falsifier,paper_index,RESEARCH_TRACE,YES,NO,NO,,,,UNPARSED,NO
953,PAPER_117,paper_index,RESEARCH_TRACE,NO,NO,NO,,,3.5,>=1%,NO
954,PAPER_1180_UQFF_P14_CMB_S4_mu_Distortion,paper_index,RESEARCH_TRACE,YES,NO,NO,,,,UNPARSED,NO
955,PAPER_1181_Gap_Verification_Um_Heaviside_JobB_Scope,paper_index,RESEARCH_TRACE,YES,NO,NO,,,,UNPARSED,NO
956,PAPER_1181_UQFF_Grand_Unification_S266_S295_Thirty_Closures,paper_index,RESEARCH_TRACE,YES,NO,NO,,,,UNPARSED,NO
957,PAPER_1182_UQFF_Millennium_Prize_Unified_Proof_Set,paper_index,RESEARCH_TRACE,YES,NO,NO,,,,UNPARSED,NO
958,PAPER_1183,paper_index,RESEARCH_TRACE,NO,NO,NO,,,,UNPARSED,NO
959,PAPER_1184_Chandra_Flux_to_Parameter_Bridge,paper_index,RESEARCH_TRACE,YES,NO,NO,,,,UNPARSED,NO
960,PAPER_1185_Neutrino_GW_Cross_Coupling_UQFF,paper_index,RESEARCH_TRACE,YES,NO,NO,,,,UNPARSED,NO
961,PAPER_1186_High_z_Quasar_Accretion_Batch,paper_index,RESEARCH_TRACE,YES,NO,NO,,,,UNPARSED,NO
962,PAPER_1187_Cooling_Flow_Mass_Accretion_UQFF,paper_index,RESEARCH_TRACE,YES,NO,NO,,,,UNPARSED,NO
963,PAPER_1188_Magnetar_Thermal_Conductivity_UQFF,paper_index,RESEARCH_TRACE,YES,NO,NO,,,,UNPARSED,NO
964,PAPER_1189_Photoevaporation_Compressed_HZ_Orion_UQFF,paper_index,RESEARCH_TRACE,YES,NO,NO,,,,UNPARSED,NO
965,PAPER_118,paper_index,RESEARCH_TRACE,NO,NO,NO,,,9.1,>=1%,NO
966,PAPER_1190,paper_index,RESEARCH_TRACE,NO,NO,NO,,,,UNPARSED,NO
967,PAPER_1191,paper_index,RESEARCH_TRACE,NO,NO,NO,,,,UNPARSED,NO
968,PAPER_1192,paper_index,RESEARCH_TRACE,NO,NO,NO,,,,UNPARSED,NO
969,PAPER_1193,paper_index,RESEARCH_TRACE,NO,NO,NO,,,,UNPARSED,NO
970,PAPER_1194,paper_index,RESEARCH_TRACE,NO,NO,NO,,,,UNPARSED,NO
971,PAPER_119,paper_index,RESEARCH_TRACE,NO,NO,NO,,,,UNPARSED,NO
972,PAPER_120,paper_index,RESEARCH_TRACE,NO,NO,NO,,,,UNPARSED,NO
973,PAPER_1211,paper_index,RESEARCH_TRACE,NO,NO,NO,,,,UNPARSED,NO
974,PAPER_121,paper_index,RESEARCH_TRACE,NO,NO,NO,,,99.5,>=1%,NO
975,PAPER_122,paper_index,RESEARCH_TRACE,NO,NO,NO,,,,UNPARSED,NO
976,PAPER_123,paper_index,RESEARCH_TRACE,NO,NO,NO,,,,UNPARSED,NO
977,PAPER_124,paper_index,RESEARCH_TRACE,NO,NO,NO,,,5.5,>=1%,NO
978,PAPER_125_UQFF_Superconductive_Fermi4LAC_Ereact_Kappa,paper_index,RESEARCH_TRACE,YES,NO,NO,,,,UNPARSED,NO
979,PAPER_126,paper_index,RESEARCH_TRACE,NO,NO,NO,,,4.3,>=1%,NO
980,PAPER_127,paper_index,RESEARCH_TRACE,NO,NO,NO,,,,UNPARSED,NO
981,PAPER_128,paper_index,RESEARCH_TRACE,NO,NO,NO,,,12.8,>=1%,NO
982,PAPER_129,paper_index,RESEARCH_TRACE,NO,NO,NO,,,,UNPARSED,NO
983,PAPER_130_UQFF_Buoyancy_IceCube_Beta_i_CRP_Calibration,paper_index,RESEARCH_TRACE,YES,NO,NO,,,3.0,>=1%,NO
984,PAPER_131_UQFF_Superconductive_GW170817_Chandra_Jets_Combined,paper_index,RESEARCH_TRACE,YES,NO,NO,,,40.0,>=1%,NO
985,PAPER_132,paper_index,RESEARCH_TRACE,NO,NO,NO,,,,UNPARSED,NO
986,PAPER_133_UQFF_F_U_Genesis_Complete_Derivation_4Component_Framework,paper_index,RESEARCH_TRACE,YES,NO,NO,,,,UNPARSED,NO
987,PAPER_134,paper_index,RESEARCH_TRACE,NO,NO,NO,,,,UNPARSED,NO
988,PAPER_135,paper_index,RESEARCH_TRACE,NO,NO,NO,,,,UNPARSED,NO
989,PAPER_136_UQFF_PlanetaryCore_Ug3_SCm_Exclusivity_OrbitalHamiltonian,paper_index,RESEARCH_TRACE,YES,NO,NO,,,,UNPARSED,NO
990,PAPER_137,paper_index,RESEARCH_TRACE,NO,NO,NO,,,,UNPARSED,NO
991,PAPER_138_UQFF_NGC3603_ClusterBurst_MassEvolution_SCm_PFeedback,paper_index,RESEARCH_TRACE,YES,NO,NO,,,,UNPARSED,NO
992,PAPER_139,paper_index,RESEARCH_TRACE,NO,NO,NO,,,,UNPARSED,NO
993,PAPER_140,paper_index,RESEARCH_TRACE,NO,NO,NO,,,,UNPARSED,NO
994,PAPER_141,paper_index,RESEARCH_TRACE,NO,NO,NO,,,,UNPARSED,NO
995,PAPER_142,paper_index,RESEARCH_TRACE,NO,NO,NO,,,,UNPARSED,NO
996,PAPER_143_UQFF_40pct_Contribution_MUGE_vs_Prior_SchrodingerDirac_Bridge,paper_index,RESEARCH_TRACE,YES,NO,NO,,,60.0,>=1%,NO
997,PAPER_144,paper_index,RESEARCH_TRACE,NO,NO,NO,,,,UNPARSED,NO
998,PAPER_145_UQFF_MUGE_Compression_Cycle3_Unified_Framework_12Term_Resonance,paper_index,RESEARCH_TRACE,YES,NO,NO,,,,UNPARSED,NO
999,PAPER_146_UQFF_SuperconductiveResonance_12Term_MUGE_Master_Equation,paper_index,RESEARCH_TRACE,YES,NO,NO,,,,UNPARSED,NO
1000,PAPER_147,paper_index,RESEARCH_TRACE,NO,NO,NO,,,,UNPARSED,NO
1001,PAPER_148_UQFF_SGR1745_Magnetar_MUGE_FluidDynamics_Dominant,paper_index,RESEARCH_TRACE,YES,NO,NO,,,,UNPARSED,NO
1002,PAPER_149_UQFF_SgrA_MUGE_FDPM_Dominance_Extreme_Gravity,paper_index,RESEARCH_TRACE,YES,NO,NO,,,,UNPARSED,NO
1003,PAPER_150,paper_index,RESEARCH_TRACE,NO,NO,NO,,,,UNPARSED,NO
1004,PAPER_151,paper_index,RESEARCH_TRACE,NO,NO,NO,,,,UNPARSED,NO
1005,PAPER_152_UQFF_StudentsGuide_Cosmological_MUGE_Baseline,paper_index,RESEARCH_TRACE,YES,NO,NO,,,,UNPARSED,NO
1006,PAPER_153,paper_index,RESEARCH_TRACE,NO,NO,NO,,,,UNPARSED,NO
1007,PAPER_154,paper_index,RESEARCH_TRACE,NO,NO,NO,,,,UNPARSED,NO
1008,PAPER_155_UQFF_SM_Gravity_MUGE_Resonance_Equilibrium_LimitingCase,paper_index,RESEARCH_TRACE,YES,NO,NO,,,,UNPARSED,NO
1009,PAPER_156,paper_index,RESEARCH_TRACE,NO,NO,NO,,,,UNPARSED,NO
1010,PAPER_157,paper_index,RESEARCH_TRACE,NO,NO,NO,,,,UNPARSED,NO
1011,PAPER_158_Hybrid_MUGE_Blending_Model_Beta_Compressed_Resonance,paper_index,RESEARCH_TRACE,YES,NO,NO,,,,UNPARSED,NO
1012,PAPER_159_13th_Resonance_Term_MorrisThorne_Wormhole_MUGE,paper_index,RESEARCH_TRACE,YES,NO,NO,,,,UNPARSED,NO
1013,PAPER_160,paper_index,RESEARCH_TRACE,NO,NO,NO,,,,UNPARSED,NO
1014,PAPER_161,paper_index,RESEARCH_TRACE,NO,NO,NO,,,,UNPARSED,NO
1015,PAPER_162_SolarCycle_UQFF_omegac_TimeVarying_Bt,paper_index,RESEARCH_TRACE,YES,NO,NO,,,,UNPARSED,NO
1016,PAPER_163_UQFF_Modular_Compressed_MUGE_Decomposed_Functions,paper_index,RESEARCH_TRACE,YES,NO,NO,,,,UNPARSED,NO
1017,PAPER_164_HighEnergy_Dataset_UQFF_Validation_CERN_GWOSC_EHT_Chandra,paper_index,RESEARCH_TRACE,YES,NO,NO,,,,UNPARSED,NO
1018,PAPER_165_UQFF_StressEnergy_Tensor_Coupling_Amu_nu,paper_index,RESEARCH_TRACE,YES,NO,NO,,,,UNPARSED,NO
1019,PAPER_166,paper_index,RESEARCH_TRACE,NO,NO,NO,,,,UNPARSED,NO
1020,PAPER_167_GW231123_225Msun_BH_Merger_UQFF_Ug4_MassGap,paper_index,RESEARCH_TRACE,YES,NO,NO,,,,UNPARSED,NO
1021,PAPER_168,paper_index,RESEARCH_TRACE,NO,NO,NO,,,,UNPARSED,NO
1022,PAPER_169_CoAnQi_Architecture_UQFF_3D_Plugin_System,paper_index,RESEARCH_TRACE,YES,NO,NO,,,,UNPARSED,NO
1023,PAPER_170,paper_index,RESEARCH_TRACE,NO,NO,NO,,,,UNPARSED,NO
1024,PAPER_171,paper_index,RESEARCH_TRACE,NO,NO,NO,,,,UNPARSED,NO
1025,PAPER_172,paper_index,RESEARCH_TRACE,NO,NO,NO,,,,UNPARSED,NO
1026,PAPER_173,paper_index,RESEARCH_TRACE,NO,NO,NO,,,,UNPARSED,NO
1027,PAPER_174,paper_index,RESEARCH_TRACE,NO,NO,NO,,,,UNPARSED,NO
1028,PAPER_175,paper_index,RESEARCH_TRACE,NO,NO,NO,,,,UNPARSED,NO
1029,PAPER_176,paper_index,RESEARCH_TRACE,NO,NO,NO,,,,UNPARSED,NO
1030,PAPER_177,paper_index,RESEARCH_TRACE,NO,NO,NO,,,,UNPARSED,NO
1031,PAPER_178,paper_index,RESEARCH_TRACE,NO,NO,NO,,,,UNPARSED,NO
1032,PAPER_179,paper_index,RESEARCH_TRACE,NO,NO,NO,,,,UNPARSED,NO
1033,PAPER_180,paper_index,RESEARCH_TRACE,NO,NO,NO,,,,UNPARSED,NO
1034,PAPER_181,paper_index,RESEARCH_TRACE,NO,NO,NO,,,,UNPARSED,NO
1035,PAPER_182,paper_index,RESEARCH_TRACE,NO,NO,NO,,,,UNPARSED,NO
1036,PAPER_183,paper_index,RESEARCH_TRACE,NO,NO,NO,,,,UNPARSED,NO
1037,PAPER_184,paper_index,RESEARCH_TRACE,NO,NO,NO,,,,UNPARSED,NO
1038,PAPER_185_UQFF_Pi_Cycle_Riemann_Zeta_Connection,paper_index,RESEARCH_TRACE,YES,NO,NO,,,,UNPARSED,NO
1039,PAPER_186,paper_index,RESEARCH_TRACE,NO,NO,NO,,,,UNPARSED,NO
1040,PAPER_187,paper_index,RESEARCH_TRACE,NO,NO,NO,,,,UNPARSED,NO
1041,PAPER_188,paper_index,RESEARCH_TRACE,NO,NO,NO,,,15.51,>=1%,NO
1042,PAPER_189,paper_index,RESEARCH_TRACE,NO,NO,NO,,,,UNPARSED,NO
1043,PAPER_190,paper_index,RESEARCH_TRACE,NO,NO,NO,,,,UNPARSED,NO
1044,PAPER_191,paper_index,RESEARCH_TRACE,NO,NO,NO,,,,UNPARSED,NO
1045,PAPER_192,paper_index,RESEARCH_TRACE,NO,NO,NO,,,,UNPARSED,NO
1046,PAPER_193,paper_index,RESEARCH_TRACE,NO,NO,NO,,,,UNPARSED,NO
1047,PAPER_194,paper_index,RESEARCH_TRACE,NO,NO,NO,,,,UNPARSED,NO
1048,PAPER_195,paper_index,RESEARCH_TRACE,NO,NO,NO,,,,UNPARSED,NO
1049,PAPER_196,paper_index,RESEARCH_TRACE,NO,NO,NO,,,90.97,>=1%,NO
1050,PAPER_197,paper_index,RESEARCH_TRACE,NO,NO,NO,,,,UNPARSED,NO
1051,PAPER_198,paper_index,RESEARCH_TRACE,NO,NO,NO,,,,UNPARSED,NO
1052,PAPER_199,paper_index,RESEARCH_TRACE,NO,NO,NO,,,,UNPARSED,NO
1053,PAPER_200,paper_index,RESEARCH_TRACE,NO,NO,NO,,,,UNPARSED,NO
1054,PAPER_201,paper_index,RESEARCH_TRACE,NO,NO,NO,,,,UNPARSED,NO
1055,PAPER_202,paper_index,RESEARCH_TRACE,NO,NO,NO,,,,UNPARSED,NO
1056,PAPER_203,paper_index,RESEARCH_TRACE,NO,NO,NO,,,,UNPARSED,NO
1057,PAPER_204,paper_index,RESEARCH_TRACE,NO,NO,NO,,,,UNPARSED,NO
1058,PAPER_205,paper_index,RESEARCH_TRACE,NO,NO,NO,,,,UNPARSED,NO
1059,PAPER_206,paper_index,RESEARCH_TRACE,NO,NO,NO,,,,UNPARSED,NO
1060,PAPER_207,paper_index,RESEARCH_TRACE,NO,NO,NO,,,,UNPARSED,NO
1061,PAPER_208,paper_index,RESEARCH_TRACE,NO,NO,NO,,,,UNPARSED,NO
1062,PAPER_209_UQFF_vs_LambdaCDM_Comparison_Framework,paper_index,RESEARCH_TRACE,YES,NO,NO,,,,UNPARSED,NO
1063,PAPER_210,paper_index,RESEARCH_TRACE,NO,NO,NO,,,,UNPARSED,NO
1064,PAPER_211,paper_index,RESEARCH_TRACE,NO,NO,NO,,,99.9,>=1%,NO
1065,PAPER_212,paper_index,RESEARCH_TRACE,NO,NO,NO,,,,UNPARSED,NO
1066,PAPER_213,paper_index,RESEARCH_TRACE,NO,NO,NO,,,,UNPARSED,NO
1067,PAPER_214,paper_index,RESEARCH_TRACE,NO,NO,NO,,,,UNPARSED,NO
1068,PAPER_215,paper_index,RESEARCH_TRACE,NO,NO,NO,,,,UNPARSED,NO
1069,PAPER_216,paper_index,RESEARCH_TRACE,NO,NO,NO,,,,UNPARSED,NO
1070,PAPER_217,paper_index,RESEARCH_TRACE,NO,NO,NO,,,,UNPARSED,NO
1071,PAPER_218_NGC3603_Stellar_Pressure_Dispersal_UQFF,paper_index,RESEARCH_TRACE,YES,NO,NO,,,,UNPARSED,NO
1072,PAPER_219_M16_Eagle_Nebula_Radiation_SFR_UQFF,paper_index,RESEARCH_TRACE,YES,NO,NO,,,,UNPARSED,NO
1073,PAPER_220,paper_index,RESEARCH_TRACE,NO,NO,NO,,,,UNPARSED,NO
1074,PAPER_221_Bubble_Nebula_Positive_Enhancement_UQFF,paper_index,RESEARCH_TRACE,YES,NO,NO,,,,UNPARSED,NO
1075,PAPER_221_Bubble_Nebula_Positive_Expansion_UQFF,paper_index,RESEARCH_TRACE,YES,NO,NO,,,,UNPARSED,NO
1076,PAPER_221b,paper_index,RESEARCH_TRACE,NO,NO,NO,,,,UNPARSED,NO
1077,PAPER_222,paper_index,RESEARCH_TRACE,NO,NO,NO,,,,UNPARSED,NO
1078,PAPER_223,paper_index,RESEARCH_TRACE,NO,NO,NO,,,,UNPARSED,NO
1079,PAPER_224,paper_index,RESEARCH_TRACE,NO,NO,NO,,,,UNPARSED,NO
1080,PAPER_225_Early_Universe_Relativistic_UV_UQFF,paper_index,RESEARCH_TRACE,YES,NO,NO,,,,UNPARSED,NO
1081,PAPER_226,paper_index,RESEARCH_TRACE,NO,NO,NO,,,,UNPARSED,NO
1082,PAPER_227,paper_index,RESEARCH_TRACE,NO,NO,NO,,,,UNPARSED,NO
1083,PAPER_228,paper_index,RESEARCH_TRACE,NO,NO,NO,,,,UNPARSED,NO
1084,PAPER_229,paper_index,RESEARCH_TRACE,NO,NO,NO,,,,UNPARSED,NO
1085,PAPER_230,paper_index,RESEARCH_TRACE,NO,NO,NO,,,,UNPARSED,NO
1086,PAPER_231,paper_index,RESEARCH_TRACE,NO,NO,NO,,,,UNPARSED,NO
1087,PAPER_232,paper_index,RESEARCH_TRACE,NO,NO,NO,,,,UNPARSED,NO
1088,PAPER_233,paper_index,RESEARCH_TRACE,NO,NO,NO,,,,UNPARSED,NO
1089,PAPER_234,paper_index,RESEARCH_TRACE,NO,NO,NO,,,,UNPARSED,NO
1090,PAPER_235,paper_index,RESEARCH_TRACE,NO,NO,NO,,,,UNPARSED,NO
1091,PAPER_236,paper_index,RESEARCH_TRACE,NO,NO,NO,,,,UNPARSED,NO
1092,PAPER_237_UQFFSource10_Catalogue_Master_Buoyancy_26Layer_UQFF,paper_index,RESEARCH_TRACE,YES,NO,NO,,,,UNPARSED,NO
1093,PAPER_238_UQFF_Vacuum_Repulsion_Surface_Tension_Analogy,paper_index,RESEARCH_TRACE,YES,NO,NO,,,,UNPARSED,NO
1094,PAPER_239,paper_index,RESEARCH_TRACE,NO,NO,NO,,,,UNPARSED,NO
1095,PAPER_240,paper_index,RESEARCH_TRACE,NO,NO,NO,,,,UNPARSED,NO
1096,PAPER_241,paper_index,RESEARCH_TRACE,NO,NO,NO,,,92.53,>=1%,NO
1097,PAPER_242_RingsOfRelativityEinsteinLensingMUGE,paper_index,RESEARCH_TRACE,YES,NO,NO,,,,UNPARSED,NO
1098,PAPER_243_NGC3603FullMUGECavityPressure,paper_index,RESEARCH_TRACE,YES,NO,NO,,,,UNPARSED,NO
1099,PAPER_244_MUGE_Quantum_Uncertainty_Gravity_SubTerm_Universal,paper_index,RESEARCH_TRACE,YES,NO,NO,,,,UNPARSED,NO
1100,PAPER_245_MUGE_Fluid_Self_Gravity_Archimedes_Buoyancy_SubTerm,paper_index,RESEARCH_TRACE,YES,NO,NO,,,,UNPARSED,NO
1101,PAPER_246,paper_index,RESEARCH_TRACE,NO,NO,NO,,,,UNPARSED,NO
1102,PAPER_247_MUGE_Merger_Interaction_Modulation_Tidal_Gravity_Boost,paper_index,RESEARCH_TRACE,YES,NO,NO,,,1.0,>=1%,NO
1103,PAPER_248_UQFF_Source10_Batch_OpenMP_DPM_Resonance_Profiling,paper_index,RESEARCH_TRACE,YES,NO,NO,,,,UNPARSED,NO
1104,PAPER_249,paper_index,RESEARCH_TRACE,NO,NO,NO,,,80.0,>=1%,NO
1105,PAPER_250_SN1006_TypeIa_SNR_FUBi_Ejecta_Knot_Stabilisation,paper_index,RESEARCH_TRACE,YES,NO,NO,,,,UNPARSED,NO
1106,PAPER_251_EtaCarina_Homunculus_DPM_Invisibility_LENR_Resonance,paper_index,RESEARCH_TRACE,YES,NO,NO,,,,UNPARSED,NO
1107,PAPER_252,paper_index,RESEARCH_TRACE,NO,NO,NO,,,,UNPARSED,NO
1108,PAPER_253,paper_index,RESEARCH_TRACE,NO,NO,NO,,,,UNPARSED,NO
1109,PAPER_254,paper_index,RESEARCH_TRACE,NO,NO,NO,,,,UNPARSED,NO
1110,PAPER_255,paper_index,RESEARCH_TRACE,NO,NO,NO,,,,UNPARSED,NO
1111,PAPER_256,paper_index,RESEARCH_TRACE,NO,NO,NO,,,,UNPARSED,NO
1112,PAPER_257,paper_index,RESEARCH_TRACE,NO,NO,NO,,,,UNPARSED,NO
1113,PAPER_258,paper_index,RESEARCH_TRACE,NO,NO,NO,,,,UNPARSED,NO
1114,PAPER_259,paper_index,RESEARCH_TRACE,NO,NO,NO,,,,UNPARSED,NO
1115,PAPER_260,paper_index,RESEARCH_TRACE,NO,NO,NO,,,,UNPARSED,NO
1116,PAPER_261,paper_index,RESEARCH_TRACE,NO,NO,NO,,,,UNPARSED,NO
1117,PAPER_262_NGC2525_SN_TypeIa_Negative_Mass_Loss_Gravitational_Sign_Reversal_UQFF,paper_index,RESEARCH_TRACE,YES,NO,NO,,,,UNPARSED,NO
1118,PAPER_263_UQFF_Simultaneous_CoAction_Universality_Dissipative_Buoyancy_Pair_Master_Theorem,paper_index,RESEARCH_TRACE,YES,NO,NO,,,,UNPARSED,NO
1119,PAPER_264_HUDF_TRZ_CPT_Asymmetric_Gravitational_Phase_Transition_NegativeTime,paper_index,RESEARCH_TRACE,YES,NO,NO,,,,UNPARSED,NO
1120,PAPER_265,paper_index,RESEARCH_TRACE,NO,NO,NO,,,,UNPARSED,NO
1121,PAPER_266,paper_index,RESEARCH_TRACE,NO,NO,NO,,,,UNPARSED,NO
1122,PAPER_267_NGC1792_SFR_Normalization_Starburst_Buoyancy_Coherence,paper_index,RESEARCH_TRACE,YES,NO,NO,,,,UNPARSED,NO
1123,PAPER_268,paper_index,RESEARCH_TRACE,NO,NO,NO,,,,UNPARSED,NO
1124,PAPER_269_NGC1792_SN_RamPressure_Degeneracy_Point_Kinematic_Invariant_StarburstGravity,paper_index,RESEARCH_TRACE,YES,NO,NO,,,,UNPARSED,NO
1125,PAPER_270,paper_index,RESEARCH_TRACE,NO,NO,NO,,,,UNPARSED,NO
1126,PAPER_271,paper_index,RESEARCH_TRACE,NO,NO,NO,,,,UNPARSED,NO
1127,PAPER_272_Source10_GravitationalVacuumDrag_kVac_equals_G_VacuumGravitationalDuality,paper_index,RESEARCH_TRACE,YES,NO,NO,,,,UNPARSED,NO
1128,PAPER_273_Andromeda_BlueshiftUQFF_kappa_approach_NegativeRedshiftGravitationalAmplifier,paper_index,RESEARCH_TRACE,YES,NO,NO,,,,UNPARSED,NO
1129,PAPER_274_Andromeda_HI21cm_UQFF_GalacticBuoyancyResonanceFrequency_omegaHI_Bridging,paper_index,RESEARCH_TRACE,YES,NO,NO,,,,UNPARSED,NO
1130,PAPER_275,paper_index,RESEARCH_TRACE,NO,NO,NO,,,80.0,>=1%,NO
1131,PAPER_276_Andromeda_FriedmannUQFF_HzExpansionCoupling_H_UQFF_NearUnityResonance,paper_index,RESEARCH_TRACE,YES,NO,NO,,,,UNPARSED,NO
1132,PAPER_277_Sombrero_UQFF_Gravitational_Recession_Damping_kappa_recession_z_positive,paper_index,RESEARCH_TRACE,YES,NO,NO,,,0.63,0.1-1%,NO
1133,PAPER_278_Sombrero_DustRing_UQFF_GravitationalRingResonator_omega_ring_r_ring,paper_index,RESEARCH_TRACE,YES,NO,NO,,,,UNPARSED,NO
1134,PAPER_279_Sombrero_SMBH_Dominance_Ratio_gamma_BH_SphereOfInfluence_r_SOI,paper_index,RESEARCH_TRACE,YES,NO,NO,,,1.0,>=1%,NO
1135,PAPER_280,paper_index,RESEARCH_TRACE,NO,NO,NO,,,,UNPARSED,NO
1136,PAPER_281_Saturn_Ring_UQFF_TidalGravityResonance_omega_ring_kep_T_ring,paper_index,RESEARCH_TRACE,YES,NO,NO,,,,UNPARSED,NO
1137,PAPER_282,paper_index,RESEARCH_TRACE,NO,NO,NO,,,,UNPARSED,NO
1138,PAPER_283,paper_index,RESEARCH_TRACE,NO,NO,NO,,,,UNPARSED,NO
1139,PAPER_284,paper_index,RESEARCH_TRACE,NO,NO,NO,,,30.0,>=1%,NO
1140,PAPER_285_M16_UQFF_ErosionSaturationHalfTime_t_half_DeltaGMax,paper_index,RESEARCH_TRACE,YES,NO,NO,,,,UNPARSED,NO
1141,PAPER_286_M16_UQFF_NebularFriedmannRedshift_kappa_neb_z0p0015,paper_index,RESEARCH_TRACE,YES,NO,NO,,,,UNPARSED,NO
1142,PAPER_287,paper_index,RESEARCH_TRACE,NO,NO,NO,,,,UNPARSED,NO
1143,PAPER_288_ResonanceSC_UQFF_CosmicAgeStandingWaveBridge_2pi13p8,paper_index,RESEARCH_TRACE,YES,NO,NO,,,,UNPARSED,NO
1144,PAPER_289_ResonanceSC_UQFF_CooperDPM_DualFreqSCSynthesis_Asc6p994e21,paper_index,RESEARCH_TRACE,YES,NO,NO,,,,UNPARSED,NO
1145,PAPER_290,paper_index,RESEARCH_TRACE,NO,NO,NO,,,,UNPARSED,NO
1146,PAPER_291,paper_index,RESEARCH_TRACE,NO,NO,NO,,,,UNPARSED,NO
1147,PAPER_292,paper_index,RESEARCH_TRACE,NO,NO,NO,,,,UNPARSED,NO
1148,PAPER_293,paper_index,RESEARCH_TRACE,NO,NO,NO,,,,UNPARSED,NO
1149,PAPER_294,paper_index,RESEARCH_TRACE,NO,NO,NO,,,10.0,>=1%,NO
1150,PAPER_295,paper_index,RESEARCH_TRACE,NO,NO,NO,,,,UNPARSED,NO
1151,PAPER_296_UniverseDiameter_CosmologicalConstantDirectVacuumAcceleration_LambdaC2Over3,paper_index,RESEARCH_TRACE,YES,NO,NO,,,,UNPARSED,NO
1152,PAPER_297_UniverseDiameter_SuperluminalHubbleExpansionRatio_etaExpGreaterThan1,paper_index,RESEARCH_TRACE,YES,NO,NO,,,,UNPARSED,NO
1153,PAPER_298_UniverseDiameter_GRCurvatureDominance_epsilonGRGreaterThan1,paper_index,RESEARCH_TRACE,YES,NO,NO,,,30.0,>=1%,NO
1154,PAPER_299_HydrogenAtom_ElectrogravitationalDominanceRatio_etaEM_9p65e29,paper_index,RESEARCH_TRACE,YES,NO,NO,,,,UNPARSED,NO
1155,PAPER_300_HydrogenAtom_LymanAlphaCosmicBridge_ToverS_pi_over_13p8,paper_index,RESEARCH_TRACE,YES,NO,NO,,,,UNPARSED,NO
1156,PAPER_301_HydrogenAtom_ProtonGRSpectralMinimum_epsilonGR_7p04e44,paper_index,RESEARCH_TRACE,YES,NO,NO,,,,UNPARSED,NO
1157,PAPER_302_HydrogenPToE_Ug4iReactiveResonanceVacuumBridge_Gamma_4p704e36,paper_index,RESEARCH_TRACE,YES,NO,NO,,,,UNPARSED,NO
1158,PAPER_303,paper_index,RESEARCH_TRACE,NO,NO,NO,,,,UNPARSED,NO
1159,PAPER_304_HydrogenPToE_AetherGravitationalDominanceAtomicScale_xiAether_1p852e24,paper_index,RESEARCH_TRACE,YES,NO,NO,,,,UNPARSED,NO
1160,PAPER_305_LagoonNebula_SFRMassRunawayAmplifier_DeltaM_10_100kyr,paper_index,RESEARCH_TRACE,YES,NO,NO,,,,UNPARSED,NO
1161,PAPER_306,paper_index,RESEARCH_TRACE,NO,NO,NO,,,,UNPARSED,NO
1162,PAPER_307,paper_index,RESEARCH_TRACE,NO,NO,NO,,,,UNPARSED,NO
1163,PAPER_308,paper_index,RESEARCH_TRACE,NO,NO,NO,,,,UNPARSED,NO
1164,PAPER_309,paper_index,RESEARCH_TRACE,NO,NO,NO,,,8.31,>=1%,NO
1165,PAPER_310,paper_index,RESEARCH_TRACE,NO,NO,NO,,,15.0,>=1%,NO
1166,PAPER_311,paper_index,RESEARCH_TRACE,NO,NO,NO,,,,UNPARSED,NO
1167,PAPER_312,paper_index,RESEARCH_TRACE,NO,NO,NO,,,,UNPARSED,NO
1168,PAPER_313,paper_index,RESEARCH_TRACE,NO,NO,NO,,,,UNPARSED,NO
1169,PAPER_314,paper_index,RESEARCH_TRACE,NO,NO,NO,,,,UNPARSED,NO
1170,PAPER_315,paper_index,RESEARCH_TRACE,NO,NO,NO,,,,UNPARSED,NO
1171,PAPER_316,paper_index,RESEARCH_TRACE,NO,NO,NO,,,,UNPARSED,NO
1172,PAPER_317_OrionM42_TrapeziumWindRamPressure_etaWind_28p47_tErosion_467kyr,paper_index,RESEARCH_TRACE,YES,NO,NO,,,,UNPARSED,NO
1173,PAPER_318_OrionM42_TrapeziumOBUV_etaRad_7p664e18_champagneFlow,paper_index,RESEARCH_TRACE,YES,NO,NO,,,,UNPARSED,NO
1174,PAPER_319,paper_index,RESEARCH_TRACE,NO,NO,NO,,,,UNPARSED,NO
1175,PAPER_320_CR34_DPMForceDensitySpectralAtlas_xiSpan_1e35_7systems,paper_index,RESEARCH_TRACE,YES,NO,NO,,,,UNPARSED,NO
1176,PAPER_321,paper_index,RESEARCH_TRACE,NO,NO,NO,,,,UNPARSED,NO
1177,PAPER_322,paper_index,RESEARCH_TRACE,NO,NO,NO,,,,UNPARSED,NO
1178,PAPER_323,paper_index,RESEARCH_TRACE,NO,NO,NO,,,,UNPARSED,NO
1179,PAPER_324,paper_index,RESEARCH_TRACE,NO,NO,NO,,,,UNPARSED,NO
1180,PAPER_325,paper_index,RESEARCH_TRACE,NO,NO,NO,,,,UNPARSED,NO
1181,PAPER_326,paper_index,RESEARCH_TRACE,NO,NO,NO,,,1.0,>=1%,NO
1182,PAPER_327,paper_index,RESEARCH_TRACE,NO,NO,NO,,,,UNPARSED,NO
1183,PAPER_328,paper_index,RESEARCH_TRACE,NO,NO,NO,,,10.0,>=1%,NO
1184,PAPER_329,paper_index,RESEARCH_TRACE,NO,NO,NO,,,,UNPARSED,NO
1185,PAPER_330,paper_index,RESEARCH_TRACE,NO,NO,NO,,,,UNPARSED,NO
1186,PAPER_331,paper_index,RESEARCH_TRACE,NO,NO,NO,,,,UNPARSED,NO
1187,PAPER_332,paper_index,RESEARCH_TRACE,NO,NO,NO,,,,UNPARSED,NO
1188,PAPER_333,paper_index,RESEARCH_TRACE,NO,NO,NO,,,,UNPARSED,NO
1189,PAPER_334,paper_index,RESEARCH_TRACE,NO,NO,NO,,,,UNPARSED,NO
1190,PAPER_335,paper_index,RESEARCH_TRACE,NO,NO,NO,,,,UNPARSED,NO
1191,PAPER_336_gCompressed_AllForces_DM_Perturbation_Rt_26State_4Subterm_Resonant_Decomposition,paper_index,RESEARCH_TRACE,YES,NO,NO,,,,UNPARSED,NO
1192,PAPER_337,paper_index,RESEARCH_TRACE,NO,NO,NO,,,0.5,0.1-1%,NO
1193,PAPER_338,paper_index,RESEARCH_TRACE,NO,NO,NO,,,,UNPARSED,NO
1194,PAPER_339,paper_index,RESEARCH_TRACE,NO,NO,NO,,,,UNPARSED,NO
1195,PAPER_340,paper_index,RESEARCH_TRACE,NO,NO,NO,,,5.0,>=1%,NO
1196,PAPER_341,paper_index,RESEARCH_TRACE,NO,NO,NO,,,,UNPARSED,NO
1197,PAPER_342,paper_index,RESEARCH_TRACE,NO,NO,NO,,,,UNPARSED,NO
1198,PAPER_343,paper_index,RESEARCH_TRACE,NO,NO,NO,,,,UNPARSED,NO
1199,PAPER_344,paper_index,RESEARCH_TRACE,NO,NO,NO,,,,UNPARSED,NO
1200,PAPER_345_Tapestry_Starbirth_DPM_THz_FreqOnly_Sigma26_SFR_Coupling,paper_index,RESEARCH_TRACE,YES,NO,NO,,,,UNPARSED,NO
1201,PAPER_346,paper_index,RESEARCH_TRACE,NO,NO,NO,,,,UNPARSED,NO
1202,PAPER_347,paper_index,RESEARCH_TRACE,NO,NO,NO,,,,UNPARSED,NO
1203,PAPER_348,paper_index,RESEARCH_TRACE,NO,NO,NO,,,,UNPARSED,NO
1204,PAPER_349,paper_index,RESEARCH_TRACE,NO,NO,NO,,,,UNPARSED,NO
1205,PAPER_350,paper_index,RESEARCH_TRACE,NO,NO,NO,,,,UNPARSED,NO
1206,PAPER_351,paper_index,RESEARCH_TRACE,NO,NO,NO,,,,UNPARSED,NO
1207,PAPER_352,paper_index,RESEARCH_TRACE,NO,NO,NO,,,,UNPARSED,NO
1208,PAPER_353,paper_index,RESEARCH_TRACE,NO,NO,NO,,,,UNPARSED,NO
1209,PAPER_354,paper_index,RESEARCH_TRACE,NO,NO,NO,,,,UNPARSED,NO
1210,PAPER_355_PLCKG287_Merger_Relic_Triadic_FUg1_Rt_FUBi_DeltaRho,paper_index,RESEARCH_TRACE,YES,NO,NO,,,,UNPARSED,NO
1211,PAPER_356,paper_index,RESEARCH_TRACE,NO,NO,NO,,,,UNPARSED,NO
1212,PAPER_357,paper_index,RESEARCH_TRACE,NO,NO,NO,,,,UNPARSED,NO
1213,PAPER_358,paper_index,RESEARCH_TRACE,NO,NO,NO,,,,UNPARSED,NO
1214,PAPER_359,paper_index,RESEARCH_TRACE,NO,NO,NO,,,,UNPARSED,NO
1215,PAPER_360,paper_index,RESEARCH_TRACE,NO,NO,NO,,,,UNPARSED,NO
1216,PAPER_361,paper_index,RESEARCH_TRACE,NO,NO,NO,,,,UNPARSED,NO
1217,PAPER_362,paper_index,RESEARCH_TRACE,NO,NO,NO,,,,UNPARSED,NO
1218,PAPER_363,paper_index,RESEARCH_TRACE,NO,NO,NO,,,,UNPARSED,NO
1219,PAPER_364,paper_index,RESEARCH_TRACE,NO,NO,NO,,,,UNPARSED,NO
1220,PAPER_365,paper_index,RESEARCH_TRACE,NO,NO,NO,,,,UNPARSED,NO
1221,PAPER_366_SgrA_JWST2025_Flare_OmegaAct_kact_Contrast_fTRZ_Calibration,paper_index,RESEARCH_TRACE,YES,NO,NO,,,,UNPARSED,NO
1222,PAPER_367_PSZ2G181_Merger_Relic_Full5Eq_Triadic_FUBi_Compressed_Resonant_Buoyancy_Ui,paper_index,RESEARCH_TRACE,YES,NO,NO,,,,UNPARSED,NO
1223,PAPER_368,paper_index,RESEARCH_TRACE,NO,NO,NO,,,,UNPARSED,NO
1224,PAPER_369,paper_index,RESEARCH_TRACE,NO,NO,NO,,,,UNPARSED,NO
1225,PAPER_370,paper_index,RESEARCH_TRACE,NO,NO,NO,,,,UNPARSED,NO
1226,PAPER_371,paper_index,RESEARCH_TRACE,NO,NO,NO,,,,UNPARSED,NO
1227,PAPER_372_Compressed_UQFF_Bcrit,paper_index,RESEARCH_TRACE,YES,NO,NO,,,,UNPARSED,NO
1228,PAPER_373,paper_index,RESEARCH_TRACE,NO,NO,NO,,,,UNPARSED,NO
1229,PAPER_374,paper_index,RESEARCH_TRACE,NO,NO,NO,,,,UNPARSED,NO
1230,PAPER_375_UQFF_Advanced_Integration,paper_index,RESEARCH_TRACE,YES,NO,NO,,,,UNPARSED,NO
1231,PAPER_376,paper_index,RESEARCH_TRACE,NO,NO,NO,,,,UNPARSED,NO
1232,PAPER_376b_UQFF_Formal_Proof_Set_Extended,paper_index,RESEARCH_TRACE,YES,NO,NO,,,,UNPARSED,NO
1233,PAPER_377_Wormhole_MUGE_Impl_Safety,paper_index,RESEARCH_TRACE,YES,NO,NO,,,,UNPARSED,NO
1234,PAPER_378_CohesiveUQFF_IntegrationFormula,paper_index,RESEARCH_TRACE,YES,NO,NO,,,,UNPARSED,NO
1235,PAPER_379_MUGE_DualModel_7System_Comparison,paper_index,RESEARCH_TRACE,YES,NO,NO,,,,UNPARSED,NO
1236,PAPER_380_UQFF_Solvable_Equation_Set,paper_index,RESEARCH_TRACE,YES,NO,NO,,,,UNPARSED,NO
1237,PAPER_381_SGR1745_Compressed_MUGE_Spectral_Term_Decomposition,paper_index,RESEARCH_TRACE,YES,NO,NO,,,,UNPARSED,NO
1238,PAPER_382,paper_index,RESEARCH_TRACE,NO,NO,NO,,,,UNPARSED,NO
1239,PAPER_383,paper_index,RESEARCH_TRACE,NO,NO,NO,,,,UNPARSED,NO
1240,PAPER_384_SagAStar_Full_Resonance_Term_Decomposition,paper_index,RESEARCH_TRACE,YES,NO,NO,,,,UNPARSED,NO
1241,PAPER_385,paper_index,RESEARCH_TRACE,NO,NO,NO,,,,UNPARSED,NO
1242,PAPER_386_LaTeX_DualBlock_Master_UQFF_May2025_Document_Integration,paper_index,RESEARCH_TRACE,YES,NO,NO,,,,UNPARSED,NO
1243,PAPER_387,paper_index,RESEARCH_TRACE,NO,NO,NO,,,,UNPARSED,NO
1244,PAPER_388,paper_index,RESEARCH_TRACE,NO,NO,NO,,,,UNPARSED,NO
1245,PAPER_389_Galactic_OmegaS_VelocityDispersion_Calibration,paper_index,RESEARCH_TRACE,YES,NO,NO,,,,UNPARSED,NO
1246,PAPER_390_SMBH_Mass_Sigma_Dispersion_UQFF_Anchor,paper_index,RESEARCH_TRACE,YES,NO,NO,,,,UNPARSED,NO
1247,PAPER_391,paper_index,RESEARCH_TRACE,NO,NO,NO,,,,UNPARSED,NO
1248,PAPER_392_Aether_Metric_Tensor_UQFF_Perturbation,paper_index,RESEARCH_TRACE,YES,NO,NO,,,,UNPARSED,NO
1249,PAPER_393_SCm_Reactor_Efficiency_Kappa_Decay,paper_index,RESEARCH_TRACE,YES,NO,NO,,,,UNPARSED,NO
1250,PAPER_394,paper_index,RESEARCH_TRACE,NO,NO,NO,,,,UNPARSED,NO
1251,PAPER_395_Wormhole_UQFF_Resonance_Acceleration_Term,paper_index,RESEARCH_TRACE,YES,NO,NO,,,,UNPARSED,NO
1252,PAPER_396_Higgs_Emergent_Level18_UQFF_Stratum,paper_index,RESEARCH_TRACE,YES,NO,NO,,,,UNPARSED,NO
1253,PAPER_397_UQFF_Solvable_15_Equations_Taxonomy,paper_index,RESEARCH_TRACE,YES,NO,NO,,,,UNPARSED,NO
1254,PAPER_398_CoAnQi_PImath_Encryption_UQFF_Pi_Cycle,paper_index,RESEARCH_TRACE,YES,NO,NO,,,,UNPARSED,NO
1255,PAPER_399,paper_index,RESEARCH_TRACE,NO,NO,NO,,,,UNPARSED,NO
1256,PAPER_400,paper_index,RESEARCH_TRACE,NO,NO,NO,,,,UNPARSED,NO
1257,PAPER_401,paper_index,RESEARCH_TRACE,NO,NO,NO,,,,UNPARSED,NO
1258,PAPER_402,paper_index,RESEARCH_TRACE,NO,NO,NO,,,,UNPARSED,NO
1259,PAPER_403,paper_index,RESEARCH_TRACE,NO,NO,NO,,,,UNPARSED,NO
1260,PAPER_404_MusSCm_Augmented_Magnetic_Dipole,paper_index,RESEARCH_TRACE,YES,NO,NO,,,,UNPARSED,NO
1261,PAPER_405,paper_index,RESEARCH_TRACE,NO,NO,NO,,,,UNPARSED,NO
1262,PAPER_406,paper_index,RESEARCH_TRACE,NO,NO,NO,,,,UNPARSED,NO
1263,PAPER_407_FU_4Body_Solar_System_Numerical_Verification,paper_index,RESEARCH_TRACE,YES,NO,NO,,,,UNPARSED,NO
1264,PAPER_408,paper_index,RESEARCH_TRACE,NO,NO,NO,,,,UNPARSED,NO
1265,PAPER_409,paper_index,RESEARCH_TRACE,NO,NO,NO,,,,UNPARSED,NO
1266,PAPER_410,paper_index,RESEARCH_TRACE,NO,NO,NO,,,,UNPARSED,NO
1267,PAPER_411,paper_index,RESEARCH_TRACE,NO,NO,NO,,,,UNPARSED,NO
1268,PAPER_412,paper_index,RESEARCH_TRACE,NO,NO,NO,,,,UNPARSED,NO
1269,PAPER_413,paper_index,RESEARCH_TRACE,NO,NO,NO,,,,UNPARSED,NO
1270,PAPER_414,paper_index,RESEARCH_TRACE,NO,NO,NO,,,,UNPARSED,NO
1271,PAPER_415,paper_index,RESEARCH_TRACE,NO,NO,NO,,,,UNPARSED,NO
1272,PAPER_416_Ts00_FiveComponent_StressEnergy_SCm_UA_SolarWind_Full_Decomposition,paper_index,RESEARCH_TRACE,YES,NO,NO,,,,UNPARSED,NO
1273,PAPER_417_PiCycles_NegativeTime_TemporalReversal_CosPiTn_UQFF_Framework,paper_index,RESEARCH_TRACE,YES,NO,NO,,,,UNPARSED,NO
1274,PAPER_418,paper_index,RESEARCH_TRACE,NO,NO,NO,,,,UNPARSED,NO
1275,PAPER_419,paper_index,RESEARCH_TRACE,NO,NO,NO,,,,UNPARSED,NO
1276,PAPER_420_FU_Complete_Lambda_i_4th_Dissipation_Sum_Code_Gap,paper_index,RESEARCH_TRACE,YES,NO,NO,,,,UNPARSED,NO
1277,PAPER_421,paper_index,RESEARCH_TRACE,NO,NO,NO,,,,UNPARSED,NO
1278,PAPER_422,paper_index,RESEARCH_TRACE,NO,NO,NO,,,,UNPARSED,NO
1279,PAPER_423,paper_index,RESEARCH_TRACE,NO,NO,NO,,,,UNPARSED,NO
1280,PAPER_424,paper_index,RESEARCH_TRACE,NO,NO,NO,,,,UNPARSED,NO
1281,PAPER_425_DPM_Four_Component_Correlation,paper_index,RESEARCH_TRACE,YES,NO,NO,,,,UNPARSED,NO
1282,PAPER_426,paper_index,RESEARCH_TRACE,NO,NO,NO,,,,UNPARSED,NO
1283,PAPER_427,paper_index,RESEARCH_TRACE,NO,NO,NO,,,,UNPARSED,NO
1284,PAPER_428,paper_index,RESEARCH_TRACE,NO,NO,NO,,,,UNPARSED,NO
1285,PAPER_429,paper_index,RESEARCH_TRACE,NO,NO,NO,,,,UNPARSED,NO
1286,PAPER_430,paper_index,RESEARCH_TRACE,NO,NO,NO,,,,UNPARSED,NO
1287,PAPER_431_SGR1745_2900_Complete_PerSystem_MUGE_BHProximity,paper_index,RESEARCH_TRACE,YES,NO,NO,,,,UNPARSED,NO
1288,PAPER_432_SgrA_SMBH_PerSystem_MUGE_Accretion_DM_Precession,paper_index,RESEARCH_TRACE,YES,NO,NO,,,,UNPARSED,NO
1289,PAPER_433_Tapestry_Starbirth_PerSystem_MUGE_WindFeedback,paper_index,RESEARCH_TRACE,YES,NO,NO,,,,UNPARSED,NO
1290,PAPER_434_Westerlund2_PerSystem_MUGE_TauSF2Myr,paper_index,RESEARCH_TRACE,YES,NO,NO,,,,UNPARSED,NO
1291,PAPER_435_PillarsOfCreation_PerSystem_MUGE_ErosionCoupling,paper_index,RESEARCH_TRACE,YES,NO,NO,,,,UNPARSED,NO
1292,PAPER_436_RingsOfRelativity_PerSystem_MUGE_LensingAmplification,paper_index,RESEARCH_TRACE,YES,NO,NO,,,,UNPARSED,NO
1293,PAPER_437_UQFFLearningAssessment_EvB_AdvancementMetric,paper_index,RESEARCH_TRACE,YES,NO,NO,,,,UNPARSED,NO
1294,PAPER_438_NGC2525_PerSystem_MUGE_SNMassLoss_BHProximity,paper_index,RESEARCH_TRACE,YES,NO,NO,,,,UNPARSED,NO
1295,PAPER_439_NGC3603_PerSystem_MUGE_CavityPressure_DualWind,paper_index,RESEARCH_TRACE,YES,NO,NO,,,,UNPARSED,NO
1296,PAPER_440_BubbleNebula_NGC7635_PerSystem_MUGE_GrowingExpansion,paper_index,RESEARCH_TRACE,YES,NO,NO,,,,UNPARSED,NO
1297,PAPER_441_AntennaeGalaxies_PerSystem_MUGE_MergerInteractionBoost,paper_index,RESEARCH_TRACE,YES,NO,NO,,,,UNPARSED,NO
1298,PAPER_442_HorseheadNebula_PerSystem_MUGE_GrowingErosion5Myr,paper_index,RESEARCH_TRACE,YES,NO,NO,,,,UNPARSED,NO
1299,PAPER_443_NGC1275_PerseusA_PerSystem_MUGE_BDecay_FilamentCoupling_CoolingFlow,paper_index,RESEARCH_TRACE,YES,NO,NO,,,,UNPARSED,NO
1300,PAPER_444_HUDF_GalaxiesGalore_PerSystem_MUGE_CosmicScale_HighRedshift,paper_index,RESEARCH_TRACE,YES,NO,NO,,,,UNPARSED,NO
1301,PAPER_445_NGC1792_StellarForge_PerSystem_MUGE_StarburstWindDominance,paper_index,RESEARCH_TRACE,YES,NO,NO,,,,UNPARSED,NO
1302,PAPER_446,paper_index,RESEARCH_TRACE,NO,NO,NO,,,,UNPARSED,NO
1303,PAPER_447_OrionNebula_UQFF_MUGE_HAlpha_SFR_Evolution,paper_index,RESEARCH_TRACE,YES,NO,NO,,,,UNPARSED,NO
1304,PAPER_448,paper_index,RESEARCH_TRACE,NO,NO,NO,,,,UNPARSED,NO
1305,PAPER_449_YoungStars_Outflows_Pressure_Vout100kms_MUGE_UQFF,paper_index,RESEARCH_TRACE,YES,NO,NO,,,,UNPARSED,NO
1306,PAPER_450_Eagle_Nebula_Wind_Radiation_Pressure_NGC6611_UQFF,paper_index,RESEARCH_TRACE,YES,NO,NO,,,,UNPARSED,NO
1307,PAPER_451_BigBang_Gravity_Evolution_MUGE_QG_DM_GW_Composite_Fcosmo,paper_index,RESEARCH_TRACE,YES,NO,NO,,,,UNPARSED,NO
1308,PAPER_452,paper_index,RESEARCH_TRACE,NO,NO,NO,,,,UNPARSED,NO
1309,PAPER_453_Magnetar_DualMode_UQFF_Compressed_Frequency_SGR1745_AetherResonance,paper_index,RESEARCH_TRACE,YES,NO,NO,,,0.1,0.1-1%,NO
1310,PAPER_454,paper_index,RESEARCH_TRACE,NO,NO,NO,,,,UNPARSED,NO
1311,PAPER_455,paper_index,RESEARCH_TRACE,NO,NO,NO,,,,UNPARSED,NO
1312,PAPER_456_MUGE_29System_Compressed_Unified_Gravity_Duniverse_4Factor_13Fenv,paper_index,RESEARCH_TRACE,YES,NO,NO,,,,UNPARSED,NO
1313,PAPER_457_MUGE_38System_Extended_Env_Ftorque_Fshock_Fcosmo_AutoCascade,paper_index,RESEARCH_TRACE,YES,NO,NO,,,,UNPARSED,NO
1314,PAPER_458,paper_index,RESEARCH_TRACE,NO,NO,NO,,,,UNPARSED,NO
1315,PAPER_459,paper_index,RESEARCH_TRACE,NO,NO,NO,,,,UNPARSED,NO
1316,PAPER_460,paper_index,RESEARCH_TRACE,NO,NO,NO,,,,UNPARSED,NO
1317,PAPER_461_RedDwarf_LENR_Basel_Pi_Series_S2_Wmag_Cyclotron_Buoyancy,paper_index,RESEARCH_TRACE,YES,NO,NO,,,,UNPARSED,NO
1318,PAPER_462,paper_index,RESEARCH_TRACE,NO,NO,NO,,,,UNPARSED,NO
1319,PAPER_463,paper_index,RESEARCH_TRACE,NO,NO,NO,,,,UNPARSED,NO
1320,PAPER_464_M51_WhirlpoolGalaxy_MUGE_UQFF_Tidal_NGC5195_DensityWaves,paper_index,RESEARCH_TRACE,YES,NO,NO,,,,UNPARSED,NO
1321,PAPER_465,paper_index,RESEARCH_TRACE,NO,NO,NO,,,,UNPARSED,NO
1322,PAPER_466,paper_index,RESEARCH_TRACE,NO,NO,NO,,,,UNPARSED,NO
1323,PAPER_467,paper_index,RESEARCH_TRACE,NO,NO,NO,,,,UNPARSED,NO
1324,PAPER_468_SMBHBinary_MUGE_UQFF_FrequencyDerived_DPM_THz_Coalescence,paper_index,RESEARCH_TRACE,YES,NO,NO,,,,UNPARSED,NO
1325,PAPER_469,paper_index,RESEARCH_TRACE,NO,NO,NO,,,,UNPARSED,NO
1326,PAPER_470_SMBH_Msigma_UQFF_Resonance_FeedbackCalibration_f0063_26StateModel,paper_index,RESEARCH_TRACE,YES,NO,NO,,,,UNPARSED,NO
1327,PAPER_471_LENR_Keta_NeutronProduction_Calibration_NonLocal_SSq_26D_UmMediated,paper_index,RESEARCH_TRACE,YES,NO,NO,,,100.0,>=1%,NO
1328,PAPER_472_Abell2256_UQFF_FUBii_Enhanced,paper_index,RESEARCH_TRACE,YES,NO,NO,,,,UNPARSED,NO
1329,PAPER_473_MUGEModule_7System_Compressed_Resonance,paper_index,RESEARCH_TRACE,YES,NO,NO,,,,UNPARSED,NO
1330,PAPER_474_MUGEResonanceModule_12System_Superconductive,paper_index,RESEARCH_TRACE,YES,NO,NO,,,,UNPARSED,NO
1331,PAPER_475,paper_index,RESEARCH_TRACE,NO,NO,NO,,,,UNPARSED,NO
1332,PAPER_476_DPM_PreBigBang_26Sphere_Birth_Model,paper_index,RESEARCH_TRACE,YES,NO,NO,,,,UNPARSED,NO
1333,PAPER_477_Buoyancy_Coupling_Constants_Beta_i,paper_index,RESEARCH_TRACE,YES,NO,NO,,,60.0,>=1%,NO
1334,PAPER_478,paper_index,RESEARCH_TRACE,NO,NO,NO,,,,UNPARSED,NO
1335,PAPER_479,paper_index,RESEARCH_TRACE,NO,NO,NO,,,,UNPARSED,NO
1336,PAPER_480,paper_index,RESEARCH_TRACE,NO,NO,NO,,,,UNPARSED,NO
1337,PAPER_481,paper_index,RESEARCH_TRACE,NO,NO,NO,,,,UNPARSED,NO
1338,PAPER_482,paper_index,RESEARCH_TRACE,NO,NO,NO,,,,UNPARSED,NO
1339,PAPER_483,paper_index,RESEARCH_TRACE,NO,NO,NO,,,,UNPARSED,NO
1340,PAPER_484,paper_index,RESEARCH_TRACE,NO,NO,NO,,,,UNPARSED,NO
1341,PAPER_485,paper_index,RESEARCH_TRACE,NO,NO,NO,,,,UNPARSED,NO
1342,PAPER_486,paper_index,RESEARCH_TRACE,NO,NO,NO,,,,UNPARSED,NO
1343,PAPER_487,paper_index,RESEARCH_TRACE,NO,NO,NO,,,,UNPARSED,NO
1344,PAPER_488,paper_index,RESEARCH_TRACE,NO,NO,NO,,,,UNPARSED,NO
1345,PAPER_489,paper_index,RESEARCH_TRACE,NO,NO,NO,,,,UNPARSED,NO
1346,PAPER_490,paper_index,RESEARCH_TRACE,NO,NO,NO,,,,UNPARSED,NO
1347,PAPER_491_MUGE_Compressed_Nine_Term_Gravity_Framework,paper_index,RESEARCH_TRACE,YES,NO,NO,,,,UNPARSED,NO
1348,PAPER_492_MUGE_Resonance_Thirteen_Mode_Frequency_Spectrum,paper_index,RESEARCH_TRACE,YES,NO,NO,,,,UNPARSED,NO
1349,PAPER_493_Universal_Field_Decomposition_Ug1234_Ub_Um_UA,paper_index,RESEARCH_TRACE,YES,NO,NO,,,,UNPARSED,NO
1350,PAPER_494,paper_index,RESEARCH_TRACE,NO,NO,NO,,,,UNPARSED,NO
1351,PAPER_495,paper_index,RESEARCH_TRACE,NO,NO,NO,,,7.0,>=1%,NO
1352,PAPER_496,paper_index,RESEARCH_TRACE,NO,NO,NO,,,,UNPARSED,NO
1353,PAPER_497,paper_index,RESEARCH_TRACE,NO,NO,NO,,,,UNPARSED,NO
1354,PAPER_498,paper_index,RESEARCH_TRACE,NO,NO,NO,,,,UNPARSED,NO
1355,PAPER_499,paper_index,RESEARCH_TRACE,NO,NO,NO,,,,UNPARSED,NO
1356,PAPER_500,paper_index,RESEARCH_TRACE,NO,NO,NO,,,,UNPARSED,NO
1357,PAPER_501,paper_index,RESEARCH_TRACE,NO,NO,NO,,,,UNPARSED,NO
1358,PAPER_502,paper_index,RESEARCH_TRACE,NO,NO,NO,,,,UNPARSED,NO
1359,PAPER_503,paper_index,RESEARCH_TRACE,NO,NO,NO,,,,UNPARSED,NO
1360,PAPER_504,paper_index,RESEARCH_TRACE,NO,NO,NO,,,,UNPARSED,NO
1361,PAPER_505,paper_index,RESEARCH_TRACE,NO,NO,NO,,,,UNPARSED,NO
1362,PAPER_506,paper_index,RESEARCH_TRACE,NO,NO,NO,,,,UNPARSED,NO
1363,PAPER_507_Wolfram_Field_Unity_Engine_Hypergraph,paper_index,RESEARCH_TRACE,YES,NO,NO,,,,UNPARSED,NO
1364,PAPER_508,paper_index,RESEARCH_TRACE,NO,NO,NO,,,,UNPARSED,NO
1365,PAPER_509,paper_index,RESEARCH_TRACE,NO,NO,NO,,,,UNPARSED,NO
1366,PAPER_510,paper_index,RESEARCH_TRACE,NO,NO,NO,,,,UNPARSED,NO
1367,PAPER_511,paper_index,RESEARCH_TRACE,NO,NO,NO,,,,UNPARSED,NO
1368,PAPER_512,paper_index,RESEARCH_TRACE,NO,NO,NO,,,,UNPARSED,NO
1369,PAPER_513,paper_index,RESEARCH_TRACE,NO,NO,NO,,,14.0,>=1%,NO
1370,PAPER_514,paper_index,RESEARCH_TRACE,NO,NO,NO,,,,UNPARSED,NO
1371,PAPER_515,paper_index,RESEARCH_TRACE,NO,NO,NO,,,,UNPARSED,NO
1372,PAPER_516_DPM_Layered_Shell_Energy_Radiance_Phase_Cascade,paper_index,RESEARCH_TRACE,YES,NO,NO,,,,UNPARSED,NO
1373,PAPER_517_Negative_Time_Dilation_Proof_Spooky_Distance_Dual_Existence,paper_index,RESEARCH_TRACE,YES,NO,NO,,,,UNPARSED,NO
1374,PAPER_518_DPM_Unified_Inertia_Centripetal_Centrifugal_Forces,paper_index,RESEARCH_TRACE,YES,NO,NO,,,,UNPARSED,NO
1375,PAPER_519_Shell_Radiance_Prototype_Full_26D_Layer_Formulation,paper_index,RESEARCH_TRACE,YES,NO,NO,,,,UNPARSED,NO
1376,PAPER_520_Session140_Hub_DPM_Shell_Radiance_Negative_Time_Forces,paper_index,RESEARCH_TRACE,YES,NO,NO,,,,UNPARSED,NO
1377,PAPER_521,paper_index,RESEARCH_TRACE,NO,NO,NO,,,,UNPARSED,NO
1378,PAPER_522,paper_index,RESEARCH_TRACE,NO,NO,NO,,,,UNPARSED,NO
1379,PAPER_523,paper_index,RESEARCH_TRACE,NO,NO,NO,,,,UNPARSED,NO
1380,PAPER_524,paper_index,RESEARCH_TRACE,NO,NO,NO,,,,UNPARSED,NO
1381,PAPER_525_Session141_Hub_Universal_Spectrum_DPM_Quantum_Egg_Plasma_Orb_Proplyds,paper_index,RESEARCH_TRACE,YES,NO,NO,,,,UNPARSED,NO
1382,PAPER_526,paper_index,RESEARCH_TRACE,NO,NO,NO,,,,UNPARSED,NO
1383,PAPER_527,paper_index,RESEARCH_TRACE,NO,NO,NO,,,,UNPARSED,NO
1384,PAPER_528,paper_index,RESEARCH_TRACE,NO,NO,NO,,,,UNPARSED,NO
1385,PAPER_529,paper_index,RESEARCH_TRACE,NO,NO,NO,,,,UNPARSED,NO
1386,PAPER_530,paper_index,RESEARCH_TRACE,NO,NO,NO,,,,UNPARSED,NO
1387,PAPER_531,paper_index,RESEARCH_TRACE,NO,NO,NO,,,,UNPARSED,NO
1388,PAPER_532,paper_index,RESEARCH_TRACE,NO,NO,NO,,,,UNPARSED,NO
1389,PAPER_533,paper_index,RESEARCH_TRACE,NO,NO,NO,,,,UNPARSED,NO
1390,PAPER_534,paper_index,RESEARCH_TRACE,NO,NO,NO,,,,UNPARSED,NO
1391,PAPER_535,paper_index,RESEARCH_TRACE,NO,NO,NO,,,,UNPARSED,NO
1392,PAPER_536,paper_index,RESEARCH_TRACE,NO,NO,NO,,,,UNPARSED,NO
1393,PAPER_537,paper_index,RESEARCH_TRACE,NO,NO,NO,,,,UNPARSED,NO
1394,PAPER_538,paper_index,RESEARCH_TRACE,NO,NO,NO,,,,UNPARSED,NO
1395,PAPER_539,paper_index,RESEARCH_TRACE,NO,NO,NO,,,,UNPARSED,NO
1396,PAPER_540,paper_index,RESEARCH_TRACE,NO,NO,NO,,,,UNPARSED,NO
1397,PAPER_541,paper_index,RESEARCH_TRACE,NO,NO,NO,,,,UNPARSED,NO
1398,PAPER_542,paper_index,RESEARCH_TRACE,NO,NO,NO,,,,UNPARSED,NO
1399,PAPER_543,paper_index,RESEARCH_TRACE,NO,NO,NO,,,,UNPARSED,NO
1400,PAPER_544,paper_index,RESEARCH_TRACE,NO,NO,NO,,,,UNPARSED,NO
1401,PAPER_545_Simultaneous_Multi_Method_Equivalence_Merger_Hub,paper_index,RESEARCH_TRACE,YES,NO,NO,,,,UNPARSED,NO
1402,PAPER_546_UgUb_Boundary_Overlap_Simultaneous_Displacement,paper_index,RESEARCH_TRACE,YES,NO,NO,,,,UNPARSED,NO
1403,PAPER_547,paper_index,RESEARCH_TRACE,NO,NO,NO,,,,UNPARSED,NO
1404,PAPER_548_FUBi_Universal_Buoyancy_Collapse_Prevention_Eigenproof,paper_index,RESEARCH_TRACE,YES,NO,NO,,,,UNPARSED,NO
1405,PAPER_549_Galaxy_Merger_UQFF_vs_Newton_Einstein_ThreeMethod_Hub,paper_index,RESEARCH_TRACE,YES,NO,NO,,,,UNPARSED,NO
1406,PAPER_550,paper_index,RESEARCH_TRACE,NO,NO,NO,,,,UNPARSED,NO
1407,PAPER_551,paper_index,RESEARCH_TRACE,NO,NO,NO,,,,UNPARSED,NO
1408,PAPER_552_UQFFComp26D_Tensor_OffDiag13_NS_YM_Hub,paper_index,RESEARCH_TRACE,YES,NO,NO,,,,UNPARSED,NO
1409,PAPER_553,paper_index,RESEARCH_TRACE,NO,NO,NO,,,,UNPARSED,NO
1410,PAPER_554,paper_index,RESEARCH_TRACE,NO,NO,NO,,,,UNPARSED,NO
1411,PAPER_555_BSFG_Geodesic_Metric_Compatibility,paper_index,RESEARCH_TRACE,YES,NO,NO,,,,UNPARSED,NO
1412,PAPER_556,paper_index,RESEARCH_TRACE,NO,NO,NO,,,,UNPARSED,NO
1413,PAPER_557,paper_index,RESEARCH_TRACE,NO,NO,NO,,,,UNPARSED,NO
1414,PAPER_558,paper_index,RESEARCH_TRACE,NO,NO,NO,,,,UNPARSED,NO
1415,PAPER_559,paper_index,RESEARCH_TRACE,NO,NO,NO,,,,UNPARSED,NO
1416,PAPER_560_BSFG_Holonomy_Group_Parallel_Transport,paper_index,RESEARCH_TRACE,YES,NO,NO,,,,UNPARSED,NO
1417,PAPER_561,paper_index,RESEARCH_TRACE,NO,NO,NO,,,,UNPARSED,NO
1418,PAPER_562_BSFG_BohrSommerfeld_Aether_Quantization,paper_index,RESEARCH_TRACE,YES,NO,NO,,,,UNPARSED,NO
1419,PAPER_563,paper_index,RESEARCH_TRACE,NO,NO,NO,,,,UNPARSED,NO
1420,PAPER_564,paper_index,RESEARCH_TRACE,NO,NO,NO,,,,UNPARSED,NO
1421,PAPER_565,paper_index,RESEARCH_TRACE,NO,NO,NO,,,,UNPARSED,NO
1422,PAPER_566,paper_index,RESEARCH_TRACE,NO,NO,NO,,,,UNPARSED,NO
1423,PAPER_567,paper_index,RESEARCH_TRACE,NO,NO,NO,,,,UNPARSED,NO
1424,PAPER_568_Olbers_WavelengthOpacity_kappa_lambda,paper_index,RESEARCH_TRACE,YES,NO,NO,,,,UNPARSED,NO
1425,PAPER_569,paper_index,RESEARCH_TRACE,NO,NO,NO,,,,UNPARSED,NO
1426,PAPER_570,paper_index,RESEARCH_TRACE,NO,NO,NO,,,,UNPARSED,NO
1427,PAPER_571,paper_index,RESEARCH_TRACE,NO,NO,NO,,,,UNPARSED,NO
1428,PAPER_572,paper_index,RESEARCH_TRACE,NO,NO,NO,,,,UNPARSED,NO
1429,PAPER_573,paper_index,RESEARCH_TRACE,NO,NO,NO,,,,UNPARSED,NO
1430,PAPER_574,paper_index,RESEARCH_TRACE,NO,NO,NO,,,,UNPARSED,NO
1431,PAPER_575,paper_index,RESEARCH_TRACE,NO,NO,NO,,,,UNPARSED,NO
1432,PAPER_576,paper_index,RESEARCH_TRACE,NO,NO,NO,,,,UNPARSED,NO
1433,PAPER_577,paper_index,RESEARCH_TRACE,NO,NO,NO,,,,UNPARSED,NO
1434,PAPER_578,paper_index,RESEARCH_TRACE,NO,NO,NO,,,,UNPARSED,NO
1435,PAPER_579,paper_index,RESEARCH_TRACE,NO,NO,NO,,,,UNPARSED,NO
1436,PAPER_580,paper_index,RESEARCH_TRACE,NO,NO,NO,,,,UNPARSED,NO
1437,PAPER_581_UQFF_LQG_LambdaCDM_Triple_System_QG_Comparison,paper_index,RESEARCH_TRACE,YES,NO,NO,,,,UNPARSED,NO
1438,PAPER_582,paper_index,RESEARCH_TRACE,NO,NO,NO,,,,UNPARSED,NO
1439,PAPER_583,paper_index,RESEARCH_TRACE,NO,NO,NO,,,,UNPARSED,NO
1440,PAPER_584,paper_index,RESEARCH_TRACE,NO,NO,NO,,,,UNPARSED,NO
1441,PAPER_585,paper_index,RESEARCH_TRACE,NO,NO,NO,,,,UNPARSED,NO
1442,PAPER_586,paper_index,RESEARCH_TRACE,NO,NO,NO,,,,UNPARSED,NO
1443,PAPER_587,paper_index,RESEARCH_TRACE,NO,NO,NO,,,,UNPARSED,NO
1444,PAPER_588,paper_index,RESEARCH_TRACE,NO,NO,NO,,,,UNPARSED,NO
1445,PAPER_589,paper_index,RESEARCH_TRACE,NO,NO,NO,,,,UNPARSED,NO
1446,PAPER_590,paper_index,RESEARCH_TRACE,NO,NO,NO,,,,UNPARSED,NO
1447,PAPER_591,paper_index,RESEARCH_TRACE,NO,NO,NO,,,,UNPARSED,NO
1448,PAPER_592,paper_index,RESEARCH_TRACE,NO,NO,NO,,,,UNPARSED,NO
1449,PAPER_593_UQFF_Gravitational_Constant_Void_Coupling,paper_index,RESEARCH_TRACE,YES,NO,NO,,,,UNPARSED,NO
1450,PAPER_594,paper_index,RESEARCH_TRACE,NO,NO,NO,,,,UNPARSED,NO
1451,PAPER_595,paper_index,RESEARCH_TRACE,NO,NO,NO,,,,UNPARSED,NO
1452,PAPER_596,paper_index,RESEARCH_TRACE,NO,NO,NO,,,,UNPARSED,NO
1453,PAPER_597,paper_index,RESEARCH_TRACE,NO,NO,NO,,,,UNPARSED,NO
1454,PAPER_598,paper_index,RESEARCH_TRACE,NO,NO,NO,,,,UNPARSED,NO
1455,PAPER_599,paper_index,RESEARCH_TRACE,NO,NO,NO,,,,UNPARSED,NO
1456,PAPER_600_UQFF_Hodge_Conjecture_Algebraic_Cycles,paper_index,RESEARCH_TRACE,YES,NO,NO,,,,UNPARSED,NO
1457,PAPER_601,paper_index,RESEARCH_TRACE,NO,NO,NO,,,,UNPARSED,NO
1458,PAPER_602,paper_index,RESEARCH_TRACE,NO,NO,NO,,,,UNPARSED,NO
1459,PAPER_603,paper_index,RESEARCH_TRACE,NO,NO,NO,,,,UNPARSED,NO
1460,PAPER_604,paper_index,RESEARCH_TRACE,NO,NO,NO,,,,UNPARSED,NO
1461,PAPER_605,paper_index,RESEARCH_TRACE,NO,NO,NO,,,,UNPARSED,NO
1462,PAPER_606,paper_index,RESEARCH_TRACE,NO,NO,NO,,,,UNPARSED,NO
1463,PAPER_607_UQFF_Centripetal_26D_Shell,paper_index,RESEARCH_TRACE,YES,NO,NO,,,10.0,>=1%,NO
1464,PAPER_608,paper_index,RESEARCH_TRACE,NO,NO,NO,,,,UNPARSED,NO
1465,PAPER_609,paper_index,RESEARCH_TRACE,NO,NO,NO,,,,UNPARSED,NO
1466,PAPER_610,paper_index,RESEARCH_TRACE,NO,NO,NO,,,,UNPARSED,NO
1467,PAPER_611,paper_index,RESEARCH_TRACE,NO,NO,NO,,,18.0,>=1%,NO
1468,PAPER_612,paper_index,RESEARCH_TRACE,NO,NO,NO,,,,UNPARSED,NO
1469,PAPER_613_UQFF_NASA_ATP_Grant_Framework_Validation,paper_index,RESEARCH_TRACE,YES,NO,NO,,,10.0,>=1%,NO
1470,PAPER_614,paper_index,RESEARCH_TRACE,NO,NO,NO,,,,UNPARSED,NO
1471,PAPER_615,paper_index,RESEARCH_TRACE,NO,NO,NO,,,,UNPARSED,NO
1472,PAPER_616,paper_index,RESEARCH_TRACE,NO,NO,NO,,,,UNPARSED,NO
1473,PAPER_617,paper_index,RESEARCH_TRACE,NO,NO,NO,,,,UNPARSED,NO
1474,PAPER_618,paper_index,RESEARCH_TRACE,NO,NO,NO,,,,UNPARSED,NO
1475,PAPER_619,paper_index,RESEARCH_TRACE,NO,NO,NO,,,,UNPARSED,NO
1476,PAPER_620,paper_index,RESEARCH_TRACE,NO,NO,NO,,,,UNPARSED,NO
1477,PAPER_621,paper_index,RESEARCH_TRACE,NO,NO,NO,,,,UNPARSED,NO
1478,PAPER_622,paper_index,RESEARCH_TRACE,NO,NO,NO,,,,UNPARSED,NO
1479,PAPER_623,paper_index,RESEARCH_TRACE,NO,NO,NO,,,,UNPARSED,NO
1480,PAPER_624,paper_index,RESEARCH_TRACE,NO,NO,NO,,,,UNPARSED,NO
1481,PAPER_625,paper_index,RESEARCH_TRACE,NO,NO,NO,,,,UNPARSED,NO
1482,PAPER_626,paper_index,RESEARCH_TRACE,NO,NO,NO,,,,UNPARSED,NO
1483,PAPER_627,paper_index,RESEARCH_TRACE,NO,NO,NO,,,,UNPARSED,NO
1484,PAPER_628,paper_index,RESEARCH_TRACE,NO,NO,NO,,,,UNPARSED,NO
1485,PAPER_629,paper_index,RESEARCH_TRACE,NO,NO,NO,,,,UNPARSED,NO
1486,PAPER_630,paper_index,RESEARCH_TRACE,NO,NO,NO,,,,UNPARSED,NO
1487,PAPER_631,paper_index,RESEARCH_TRACE,NO,NO,NO,,,,UNPARSED,NO
1488,PAPER_632,paper_index,RESEARCH_TRACE,NO,NO,NO,,,,UNPARSED,NO
1489,PAPER_633,paper_index,RESEARCH_TRACE,NO,NO,NO,,,,UNPARSED,NO
1490,PAPER_634,paper_index,RESEARCH_TRACE,NO,NO,NO,,,,UNPARSED,NO
1491,PAPER_635_UQFF_VectorLike_Quark_Kappa_Heavy_Mode,paper_index,RESEARCH_TRACE,YES,NO,NO,,,,UNPARSED,NO
1492,PAPER_636,paper_index,RESEARCH_TRACE,NO,NO,NO,,,,UNPARSED,NO
1493,PAPER_637,paper_index,RESEARCH_TRACE,NO,NO,NO,,,,UNPARSED,NO
1494,PAPER_638,paper_index,RESEARCH_TRACE,NO,NO,NO,,,,UNPARSED,NO
1495,PAPER_639,paper_index,RESEARCH_TRACE,NO,NO,NO,,,,UNPARSED,NO
1496,PAPER_640_UQFF_Proton_Decay_Kappa_Rate_Scale_Separation,paper_index,RESEARCH_TRACE,YES,NO,NO,,,,UNPARSED,NO
1497,PAPER_641,paper_index,RESEARCH_TRACE,NO,NO,NO,,,,UNPARSED,NO
1498,PAPER_642,paper_index,RESEARCH_TRACE,NO,NO,NO,,,,UNPARSED,NO
1499,PAPER_643,paper_index,RESEARCH_TRACE,NO,NO,NO,,,,UNPARSED,NO
1500,PAPER_644,paper_index,RESEARCH_TRACE,NO,NO,NO,,,,UNPARSED,NO
1501,PAPER_645_UQFF_Einstein_Field_Equations_Black_Hole_Singularity_Resolution,paper_index,RESEARCH_TRACE,YES,NO,NO,,,,UNPARSED,NO
1502,PAPER_646_UQFF_Universal_Inertial_Operator_Caduceus_Wave,paper_index,RESEARCH_TRACE,YES,NO,NO,,,,UNPARSED,NO
1503,PAPER_647,paper_index,RESEARCH_TRACE,NO,NO,NO,,,,UNPARSED,NO
1504,PAPER_648,paper_index,RESEARCH_TRACE,NO,NO,NO,,,,UNPARSED,NO
1505,PAPER_649,paper_index,RESEARCH_TRACE,NO,NO,NO,,,,UNPARSED,NO
1506,PAPER_650,paper_index,RESEARCH_TRACE,NO,NO,NO,,,,UNPARSED,NO
1507,PAPER_651,paper_index,RESEARCH_TRACE,NO,NO,NO,,,,UNPARSED,NO
1508,PAPER_652,paper_index,RESEARCH_TRACE,NO,NO,NO,,,,UNPARSED,NO
1509,PAPER_653,paper_index,RESEARCH_TRACE,NO,NO,NO,,,,UNPARSED,NO
1510,PAPER_654,paper_index,RESEARCH_TRACE,NO,NO,NO,,,,UNPARSED,NO
1511,PAPER_655,paper_index,RESEARCH_TRACE,NO,NO,NO,,,,UNPARSED,NO
1512,PAPER_656,paper_index,RESEARCH_TRACE,NO,NO,NO,,,,UNPARSED,NO
1513,PAPER_657,paper_index,RESEARCH_TRACE,NO,NO,NO,,,,UNPARSED,NO
1514,PAPER_657,paper_index,RESEARCH_TRACE,NO,NO,NO,,,,UNPARSED,NO
1515,PAPER_658,paper_index,RESEARCH_TRACE,NO,NO,NO,,,,UNPARSED,NO
1516,PAPER_659,paper_index,RESEARCH_TRACE,NO,NO,NO,,,99.0,>=1%,NO
1517,PAPER_660,paper_index,RESEARCH_TRACE,NO,NO,NO,,,,UNPARSED,NO
1518,PAPER_661,paper_index,RESEARCH_TRACE,NO,NO,NO,,,,UNPARSED,NO
1519,PAPER_662,paper_index,RESEARCH_TRACE,NO,NO,NO,,,,UNPARSED,NO
1520,PAPER_663_UQFFBlackHoleInversion,paper_index,RESEARCH_TRACE,YES,NO,NO,,,,UNPARSED,NO
1521,PAPER_664,paper_index,RESEARCH_TRACE,NO,NO,NO,,,,UNPARSED,NO
1522,PAPER_665,paper_index,RESEARCH_TRACE,NO,NO,NO,,,,UNPARSED,NO
1523,PAPER_666,paper_index,RESEARCH_TRACE,NO,NO,NO,,,,UNPARSED,NO
1524,PAPER_667,paper_index,RESEARCH_TRACE,NO,NO,NO,,,,UNPARSED,NO
1525,PAPER_668,paper_index,RESEARCH_TRACE,NO,NO,NO,,,,UNPARSED,NO
1526,PAPER_669,paper_index,RESEARCH_TRACE,NO,NO,NO,,,10.0,>=1%,NO
1527,PAPER_670,paper_index,RESEARCH_TRACE,NO,NO,NO,,,,UNPARSED,NO
1528,PAPER_671,paper_index,RESEARCH_TRACE,NO,NO,NO,,,,UNPARSED,NO
1529,PAPER_672,paper_index,RESEARCH_TRACE,NO,NO,NO,,,,UNPARSED,NO
1530,PAPER_673,paper_index,RESEARCH_TRACE,NO,NO,NO,,,,UNPARSED,NO
1531,PAPER_674,paper_index,RESEARCH_TRACE,NO,NO,NO,,,,UNPARSED,NO
1532,PAPER_675,paper_index,RESEARCH_TRACE,NO,NO,YES,,1.74,,UNPARSED,NO
1533,PAPER_676,paper_index,RESEARCH_TRACE,NO,NO,NO,,,,UNPARSED,NO
1534,PAPER_677,paper_index,RESEARCH_TRACE,NO,NO,NO,,,,UNPARSED,NO
1535,PAPER_678,paper_index,RESEARCH_TRACE,NO,NO,NO,,,,UNPARSED,NO
1536,PAPER_679,paper_index,RESEARCH_TRACE,NO,NO,NO,,,,UNPARSED,NO
1537,PAPER_680,paper_index,RESEARCH_TRACE,NO,NO,NO,,,,UNPARSED,NO
1538,PAPER_681_GrossPitaevskiiVortexSimulation,paper_index,RESEARCH_TRACE,YES,NO,NO,,,,UNPARSED,NO
1539,PAPER_682,paper_index,RESEARCH_TRACE,NO,NO,NO,,,,UNPARSED,NO
1540,PAPER_683,paper_index,RESEARCH_TRACE,NO,NO,NO,,,,UNPARSED,NO
1541,PAPER_684,paper_index,RESEARCH_TRACE,NO,NO,NO,,,,UNPARSED,NO
1542,PAPER_685,paper_index,RESEARCH_TRACE,NO,NO,NO,,,,UNPARSED,NO
1543,PAPER_686,paper_index,RESEARCH_TRACE,NO,NO,NO,,,,UNPARSED,NO
1544,PAPER_687,paper_index,RESEARCH_TRACE,NO,NO,NO,,,,UNPARSED,NO
1545,PAPER_688_NGC1316MUGECalculation,paper_index,RESEARCH_TRACE,YES,NO,NO,,,,UNPARSED,NO
1546,PAPER_689,paper_index,RESEARCH_TRACE,NO,NO,NO,,,,UNPARSED,NO
1547,PAPER_690,paper_index,RESEARCH_TRACE,NO,NO,NO,,,,UNPARSED,NO
1548,PAPER_691,paper_index,RESEARCH_TRACE,NO,NO,NO,,,,UNPARSED,NO
1549,PAPER_692,paper_index,RESEARCH_TRACE,NO,NO,NO,,,,UNPARSED,NO
1550,PAPER_693,paper_index,RESEARCH_TRACE,NO,NO,NO,,,,UNPARSED,NO
1551,PAPER_694,paper_index,RESEARCH_TRACE,NO,NO,NO,,,,UNPARSED,NO
1552,PAPER_695,paper_index,RESEARCH_TRACE,NO,NO,NO,,,,UNPARSED,NO
1553,PAPER_696,paper_index,RESEARCH_TRACE,NO,NO,NO,,,,UNPARSED,NO
1554,PAPER_697,paper_index,RESEARCH_TRACE,NO,NO,NO,,,,UNPARSED,NO
1555,PAPER_698,paper_index,RESEARCH_TRACE,NO,NO,NO,,,,UNPARSED,NO
1556,PAPER_699,paper_index,RESEARCH_TRACE,NO,NO,NO,,,,UNPARSED,NO
1557,PAPER_700,paper_index,RESEARCH_TRACE,NO,NO,NO,,,,UNPARSED,NO
1558,PAPER_701,paper_index,RESEARCH_TRACE,NO,NO,NO,,,,UNPARSED,NO
1559,PAPER_702,paper_index,RESEARCH_TRACE,NO,NO,NO,,,,UNPARSED,NO
1560,PAPER_703,paper_index,RESEARCH_TRACE,NO,NO,NO,,,,UNPARSED,NO
1561,PAPER_704,paper_index,RESEARCH_TRACE,NO,NO,NO,,,,UNPARSED,NO
1562,PAPER_705,paper_index,RESEARCH_TRACE,NO,NO,NO,,,,UNPARSED,NO
1563,PAPER_706,paper_index,RESEARCH_TRACE,NO,NO,NO,,,,UNPARSED,NO
1564,PAPER_707,paper_index,RESEARCH_TRACE,NO,NO,NO,,,,UNPARSED,NO
1565,PAPER_708,paper_index,RESEARCH_TRACE,NO,NO,NO,,,,UNPARSED,NO
1566,PAPER_709,paper_index,RESEARCH_TRACE,NO,NO,NO,,,,UNPARSED,NO
1567,PAPER_710,paper_index,RESEARCH_TRACE,NO,NO,NO,,,,UNPARSED,NO
1568,PAPER_711,paper_index,RESEARCH_TRACE,NO,NO,NO,,,,UNPARSED,NO
1569,PAPER_712,paper_index,RESEARCH_TRACE,NO,NO,NO,,,,UNPARSED,NO
1570,PAPER_713,paper_index,RESEARCH_TRACE,NO,NO,NO,,,,UNPARSED,NO
1571,PAPER_714,paper_index,RESEARCH_TRACE,NO,NO,NO,,,,UNPARSED,NO
1572,PAPER_715,paper_index,RESEARCH_TRACE,NO,NO,NO,,,,UNPARSED,NO
1573,PAPER_716,paper_index,RESEARCH_TRACE,NO,NO,NO,,,,UNPARSED,NO
1574,PAPER_717,paper_index,RESEARCH_TRACE,NO,NO,NO,,,,UNPARSED,NO
1575,PAPER_718,paper_index,RESEARCH_TRACE,NO,NO,NO,,,,UNPARSED,NO
1576,PAPER_719,paper_index,RESEARCH_TRACE,NO,NO,NO,,,,UNPARSED,NO
1577,PAPER_720,paper_index,RESEARCH_TRACE,NO,NO,NO,,,,UNPARSED,NO
1578,PAPER_721,paper_index,RESEARCH_TRACE,NO,NO,NO,,,,UNPARSED,NO
1579,PAPER_722,paper_index,RESEARCH_TRACE,NO,NO,NO,,,,UNPARSED,NO
1580,PAPER_723,paper_index,RESEARCH_TRACE,NO,NO,NO,,,,UNPARSED,NO
1581,PAPER_724,paper_index,RESEARCH_TRACE,NO,NO,NO,,,,UNPARSED,NO
1582,PAPER_725,paper_index,RESEARCH_TRACE,NO,NO,NO,,,,UNPARSED,NO
1583,PAPER_726,paper_index,RESEARCH_TRACE,NO,NO,NO,,,,UNPARSED,NO
1584,PAPER_727,paper_index,RESEARCH_TRACE,NO,NO,NO,,,,UNPARSED,NO
1585,PAPER_728,paper_index,RESEARCH_TRACE,NO,NO,NO,,,,UNPARSED,NO
1586,PAPER_729,paper_index,RESEARCH_TRACE,NO,NO,NO,,,,UNPARSED,NO
1587,PAPER_730,paper_index,RESEARCH_TRACE,NO,NO,NO,,,,UNPARSED,NO
1588,PAPER_731_NGC1316MergerEvolution,paper_index,RESEARCH_TRACE,YES,NO,NO,,,,UNPARSED,NO
1589,PAPER_732_TenAstroSystemsMUGE,paper_index,RESEARCH_TRACE,YES,NO,NO,,,,UNPARSED,NO
1590,PAPER_733,paper_index,RESEARCH_TRACE,NO,NO,NO,,,,UNPARSED,NO
1591,PAPER_734,paper_index,RESEARCH_TRACE,NO,NO,NO,,,,UNPARSED,NO
1592,PAPER_735_Ug2_Electron_Shell_Energy_Eshell,paper_index,RESEARCH_TRACE,YES,NO,NO,,,,UNPARSED,NO
1593,PAPER_736,paper_index,RESEARCH_TRACE,NO,NO,NO,,,,UNPARSED,NO
1594,PAPER_737,paper_index,RESEARCH_TRACE,NO,NO,NO,,,,UNPARSED,NO
1595,PAPER_738,paper_index,RESEARCH_TRACE,NO,NO,NO,,,,UNPARSED,NO
1596,PAPER_739_Tapestry26D_ThreeSystem_Simultaneous_Full,paper_index,RESEARCH_TRACE,YES,NO,NO,,,,UNPARSED,NO
1597,PAPER_740_MassWithoutWeight_fUb_BuoyancyCalibration,paper_index,RESEARCH_TRACE,YES,NO,NO,,,,UNPARSED,NO
1598,PAPER_741,paper_index,RESEARCH_TRACE,NO,NO,NO,,,,UNPARSED,NO
1599,PAPER_742,paper_index,RESEARCH_TRACE,NO,NO,NO,,,,UNPARSED,NO
1600,PAPER_743_Saturn_Ring_Tidal_MUGE_T_ring_F_wind,paper_index,RESEARCH_TRACE,YES,NO,NO,,,,UNPARSED,NO
1601,PAPER_744,paper_index,RESEARCH_TRACE,NO,NO,NO,,,,UNPARSED,NO
1602,PAPER_745_Crab_Nebula_Expanding_MUGE_Pulsar_Wind_Magnetic,paper_index,RESEARCH_TRACE,YES,NO,NO,,,,UNPARSED,NO
1603,PAPER_746,paper_index,RESEARCH_TRACE,NO,NO,NO,,,,UNPARSED,NO
1604,PAPER_747,paper_index,RESEARCH_TRACE,NO,NO,NO,,,,UNPARSED,NO
1605,PAPER_748,paper_index,RESEARCH_TRACE,NO,NO,NO,,,,UNPARSED,NO
1606,PAPER_749_Five_Quantum_Variable_Sets_rj_dg_FU_Omega_fHeaviside_Mbh_gamma_Ereact,paper_index,RESEARCH_TRACE,YES,NO,NO,,,,UNPARSED,NO
1607,PAPER_750,paper_index,RESEARCH_TRACE,NO,NO,NO,,,,UNPARSED,NO
1608,PAPER_751,paper_index,RESEARCH_TRACE,NO,NO,NO,,,,UNPARSED,NO
1609,PAPER_752,paper_index,RESEARCH_TRACE,NO,NO,NO,,,,UNPARSED,NO
1610,PAPER_753,paper_index,RESEARCH_TRACE,NO,NO,NO,,,,UNPARSED,NO
1611,PAPER_754,paper_index,RESEARCH_TRACE,NO,NO,NO,,,,UNPARSED,NO
1612,PAPER_755,paper_index,RESEARCH_TRACE,NO,NO,NO,,,,UNPARSED,NO
1613,PAPER_756,paper_index,RESEARCH_TRACE,NO,NO,NO,,,,UNPARSED,NO
1614,PAPER_757,paper_index,RESEARCH_TRACE,NO,NO,NO,,,,UNPARSED,NO
1615,PAPER_758,paper_index,RESEARCH_TRACE,NO,NO,NO,,,,UNPARSED,NO
1616,PAPER_759,paper_index,RESEARCH_TRACE,NO,NO,NO,,,,UNPARSED,NO
1617,PAPER_760,paper_index,RESEARCH_TRACE,NO,NO,NO,,,,UNPARSED,NO
1618,PAPER_761_Hubble_Ultra_Deep_Field_UQFF_Galaxy_Evolution,paper_index,RESEARCH_TRACE,YES,NO,NO,,,,UNPARSED,NO
1619,PAPER_762,paper_index,RESEARCH_TRACE,NO,NO,NO,,,,UNPARSED,NO
1620,PAPER_763,paper_index,RESEARCH_TRACE,NO,NO,NO,,,,UNPARSED,NO
1621,PAPER_764,paper_index,RESEARCH_TRACE,NO,NO,NO,,,,UNPARSED,NO
1622,PAPER_765,paper_index,RESEARCH_TRACE,NO,NO,NO,,,,UNPARSED,NO
1623,PAPER_766,paper_index,RESEARCH_TRACE,NO,NO,NO,,,,UNPARSED,NO
1624,PAPER_767,paper_index,RESEARCH_TRACE,NO,NO,NO,,,,UNPARSED,NO
1625,PAPER_768,paper_index,RESEARCH_TRACE,NO,NO,NO,,,,UNPARSED,NO
1626,PAPER_769,paper_index,RESEARCH_TRACE,NO,NO,NO,,,,UNPARSED,NO
1627,PAPER_770,paper_index,RESEARCH_TRACE,NO,NO,NO,,,,UNPARSED,NO
1628,PAPER_771,paper_index,RESEARCH_TRACE,NO,NO,NO,,,,UNPARSED,NO
1629,PAPER_772,paper_index,RESEARCH_TRACE,NO,NO,NO,,,,UNPARSED,NO
1630,PAPER_773,paper_index,RESEARCH_TRACE,NO,NO,NO,,,,UNPARSED,NO
1631,PAPER_774,paper_index,RESEARCH_TRACE,NO,NO,NO,,,,UNPARSED,NO
1632,PAPER_775,paper_index,RESEARCH_TRACE,NO,NO,NO,,,,UNPARSED,NO
1633,PAPER_776,paper_index,RESEARCH_TRACE,NO,NO,NO,,,,UNPARSED,NO
1634,PAPER_777_NGC6217_Barred_Spiral_UQFF,paper_index,RESEARCH_TRACE,YES,NO,NO,,,,UNPARSED,NO
1635,PAPER_778,paper_index,RESEARCH_TRACE,NO,NO,NO,,,,UNPARSED,NO
1636,PAPER_779,paper_index,RESEARCH_TRACE,NO,NO,NO,,,,UNPARSED,NO
1637,PAPER_780,paper_index,RESEARCH_TRACE,NO,NO,NO,,,,UNPARSED,NO
1638,PAPER_781,paper_index,RESEARCH_TRACE,NO,NO,NO,,,,UNPARSED,NO
1639,PAPER_782,paper_index,RESEARCH_TRACE,NO,NO,NO,,,,UNPARSED,NO
1640,PAPER_783,paper_index,RESEARCH_TRACE,NO,NO,NO,,,,UNPARSED,NO
1641,PAPER_784,paper_index,RESEARCH_TRACE,NO,NO,NO,,,,UNPARSED,NO
1642,PAPER_785,paper_index,RESEARCH_TRACE,NO,NO,NO,,,,UNPARSED,NO
1643,PAPER_786,paper_index,RESEARCH_TRACE,NO,NO,NO,,,,UNPARSED,NO
1644,PAPER_787,paper_index,RESEARCH_TRACE,NO,NO,NO,,,,UNPARSED,NO
1645,PAPER_788,paper_index,RESEARCH_TRACE,NO,NO,NO,,,,UNPARSED,NO
1646,PAPER_789_Cassini_Ring_Gaps_Three_UQFF,paper_index,RESEARCH_TRACE,YES,NO,NO,,,,UNPARSED,NO
1647,PAPER_790,paper_index,RESEARCH_TRACE,NO,NO,NO,,,,UNPARSED,NO
1648,PAPER_791,paper_index,RESEARCH_TRACE,NO,NO,NO,,,,UNPARSED,NO
1649,PAPER_792,paper_index,RESEARCH_TRACE,NO,NO,NO,,,,UNPARSED,NO
1650,PAPER_793,paper_index,RESEARCH_TRACE,NO,NO,NO,,,,UNPARSED,NO
1651,PAPER_794,paper_index,RESEARCH_TRACE,NO,NO,NO,,,,UNPARSED,NO
1652,PAPER_795_NGC3603_Extreme_Star_Cluster_UQFF,paper_index,RESEARCH_TRACE,YES,NO,NO,,,,UNPARSED,NO
1653,PAPER_796,paper_index,RESEARCH_TRACE,NO,NO,NO,,,,UNPARSED,NO
1654,PAPER_797,paper_index,RESEARCH_TRACE,NO,NO,NO,,,,UNPARSED,NO
1655,PAPER_798,paper_index,RESEARCH_TRACE,NO,NO,NO,,,,UNPARSED,NO
1656,PAPER_799,paper_index,RESEARCH_TRACE,NO,NO,NO,,,,UNPARSED,NO
1657,PAPER_800_NGC685_Barred_Spiral_Three_UQFF,paper_index,RESEARCH_TRACE,YES,NO,NO,,,,UNPARSED,NO
1658,PAPER_801_NGC3507_Spiral_Three_UQFF,paper_index,RESEARCH_TRACE,YES,NO,NO,,,,UNPARSED,NO
1659,PAPER_802,paper_index,RESEARCH_TRACE,NO,NO,NO,,,,UNPARSED,NO
1660,PAPER_803,paper_index,RESEARCH_TRACE,NO,NO,NO,,,,UNPARSED,NO
1661,PAPER_804,paper_index,RESEARCH_TRACE,NO,NO,NO,,,,UNPARSED,NO
1662,PAPER_805,paper_index,RESEARCH_TRACE,NO,NO,NO,,,,UNPARSED,NO
1663,PAPER_806,paper_index,RESEARCH_TRACE,NO,NO,NO,,,,UNPARSED,NO
1664,PAPER_807,paper_index,RESEARCH_TRACE,NO,NO,NO,,,,UNPARSED,NO
1665,PAPER_808,paper_index,RESEARCH_TRACE,NO,NO,NO,,,,UNPARSED,NO
1666,PAPER_809_NGC3603_Clean_UQFF_Streamlined_Gravity,paper_index,RESEARCH_TRACE,YES,NO,NO,,,,UNPARSED,NO
1667,PAPER_810,paper_index,RESEARCH_TRACE,NO,NO,NO,,,,UNPARSED,NO
1668,PAPER_811,paper_index,RESEARCH_TRACE,NO,NO,NO,,,,UNPARSED,NO
1669,PAPER_812,paper_index,RESEARCH_TRACE,NO,NO,NO,,,,UNPARSED,NO
1670,PAPER_813,paper_index,RESEARCH_TRACE,NO,NO,NO,,,,UNPARSED,NO
1671,PAPER_814,paper_index,RESEARCH_TRACE,NO,NO,NO,,,,UNPARSED,NO
1672,PAPER_815_VDF_GSMF_SMBH_Mass_Function_Velocity_Dispersion_UQFF,paper_index,RESEARCH_TRACE,YES,NO,NO,,,,UNPARSED,NO
1673,PAPER_816,paper_index,RESEARCH_TRACE,NO,NO,NO,,,,UNPARSED,NO
1674,PAPER_817,paper_index,RESEARCH_TRACE,NO,NO,NO,,,,UNPARSED,NO
1675,PAPER_818,paper_index,RESEARCH_TRACE,NO,NO,NO,,,,UNPARSED,NO
1676,PAPER_819,paper_index,RESEARCH_TRACE,NO,NO,NO,,,,UNPARSED,NO
1677,PAPER_820,paper_index,RESEARCH_TRACE,NO,NO,NO,,,,UNPARSED,NO
1678,PAPER_821,paper_index,RESEARCH_TRACE,NO,NO,NO,,,,UNPARSED,NO
1679,PAPER_822,paper_index,RESEARCH_TRACE,NO,NO,NO,,,,UNPARSED,NO
1680,PAPER_823_UQFF_Compression_Cycle2_Derivation_Method,paper_index,RESEARCH_TRACE,YES,NO,NO,,,,UNPARSED,NO
1681,PAPER_824_Spirals_Supernovae_Tspiral_SNterm_UQFF,paper_index,RESEARCH_TRACE,YES,NO,NO,,,,UNPARSED,NO
1682,PAPER_825,paper_index,RESEARCH_TRACE,NO,NO,NO,,,,UNPARSED,NO
1683,PAPER_826_Gravity_Since_BigBang_QG_DM_GW_Terms_UQFF,paper_index,RESEARCH_TRACE,YES,NO,NO,,,,UNPARSED,NO
1684,PAPER_827,paper_index,RESEARCH_TRACE,NO,NO,NO,,,,UNPARSED,NO
1685,PAPER_828,paper_index,RESEARCH_TRACE,NO,NO,NO,,,,UNPARSED,NO
1686,PAPER_829,paper_index,RESEARCH_TRACE,NO,NO,NO,,,,UNPARSED,NO
1687,PAPER_830,paper_index,RESEARCH_TRACE,NO,NO,NO,,,,UNPARSED,NO
1688,PAPER_831,paper_index,RESEARCH_TRACE,NO,NO,NO,,,,UNPARSED,NO
1689,PAPER_832,paper_index,RESEARCH_TRACE,NO,NO,NO,,,,UNPARSED,NO
1690,PAPER_833_Universal_Gravity_Equation_Catalog_All29_UQFF_Systems,paper_index,RESEARCH_TRACE,YES,NO,NO,,,,UNPARSED,NO
1691,PAPER_834,paper_index,RESEARCH_TRACE,NO,NO,NO,,,,UNPARSED,NO
1692,PAPER_835,paper_index,RESEARCH_TRACE,NO,NO,NO,,,,UNPARSED,NO
1693,PAPER_836,paper_index,RESEARCH_TRACE,NO,NO,NO,,,,UNPARSED,NO
1694,PAPER_837,paper_index,RESEARCH_TRACE,NO,NO,NO,,,,UNPARSED,NO
1695,PAPER_838,paper_index,RESEARCH_TRACE,NO,NO,NO,,,,UNPARSED,NO
1696,PAPER_839,paper_index,RESEARCH_TRACE,NO,NO,NO,,,,UNPARSED,NO
1697,PAPER_840,paper_index,RESEARCH_TRACE,NO,NO,NO,,,,UNPARSED,NO
1698,PAPER_841_UQFF_Millennium_Prize_Applications,paper_index,RESEARCH_TRACE,YES,NO,NO,,,,UNPARSED,NO
1699,PAPER_842,paper_index,RESEARCH_TRACE,NO,NO,NO,,,,UNPARSED,NO
1700,PAPER_843,paper_index,RESEARCH_TRACE,NO,NO,NO,,,,UNPARSED,NO
1701,PAPER_844,paper_index,RESEARCH_TRACE,NO,NO,NO,,,,UNPARSED,NO
1702,PAPER_845,paper_index,RESEARCH_TRACE,NO,NO,NO,,,,UNPARSED,NO
1703,PAPER_846,paper_index,RESEARCH_TRACE,NO,NO,NO,,,,UNPARSED,NO
1704,PAPER_847,paper_index,RESEARCH_TRACE,NO,NO,NO,,,,UNPARSED,NO
1705,PAPER_848,paper_index,RESEARCH_TRACE,NO,NO,NO,,,,UNPARSED,NO
1706,PAPER_849,paper_index,RESEARCH_TRACE,NO,NO,NO,,,,UNPARSED,NO
1707,PAPER_850,paper_index,RESEARCH_TRACE,NO,NO,NO,,,,UNPARSED,NO
1708,PAPER_851,paper_index,RESEARCH_TRACE,NO,NO,NO,,,,UNPARSED,NO
1709,PAPER_852,paper_index,RESEARCH_TRACE,NO,NO,NO,,,,UNPARSED,NO
1710,PAPER_853,paper_index,RESEARCH_TRACE,NO,NO,NO,,,,UNPARSED,NO
1711,PAPER_854,paper_index,RESEARCH_TRACE,NO,NO,NO,,,,UNPARSED,NO
1712,PAPER_855,paper_index,RESEARCH_TRACE,NO,NO,NO,,,,UNPARSED,NO
1713,PAPER_856,paper_index,RESEARCH_TRACE,NO,NO,NO,,,,UNPARSED,NO
1714,PAPER_857,paper_index,RESEARCH_TRACE,NO,NO,NO,,,,UNPARSED,NO
1715,PAPER_858,paper_index,RESEARCH_TRACE,NO,NO,NO,,,,UNPARSED,NO
1716,PAPER_859,paper_index,RESEARCH_TRACE,NO,NO,NO,,,70.0,>=1%,NO
1717,PAPER_860,paper_index,RESEARCH_TRACE,NO,NO,NO,,,,UNPARSED,NO
1718,PAPER_861,paper_index,RESEARCH_TRACE,NO,NO,NO,,,,UNPARSED,NO
1719,PAPER_862,paper_index,RESEARCH_TRACE,NO,NO,NO,,,,UNPARSED,NO
1720,PAPER_863,paper_index,RESEARCH_TRACE,NO,NO,NO,,,,UNPARSED,NO
1721,PAPER_864,paper_index,RESEARCH_TRACE,NO,NO,NO,,,,UNPARSED,NO
1722,PAPER_865,paper_index,RESEARCH_TRACE,NO,NO,NO,,,,UNPARSED,NO
1723,PAPER_866,paper_index,RESEARCH_TRACE,NO,NO,NO,,,,UNPARSED,NO
1724,PAPER_867,paper_index,RESEARCH_TRACE,NO,NO,NO,,,,UNPARSED,NO
1725,PAPER_868,paper_index,RESEARCH_TRACE,NO,NO,NO,,,,UNPARSED,NO
1726,PAPER_869,paper_index,RESEARCH_TRACE,NO,NO,NO,,,,UNPARSED,NO
1727,PAPER_870,paper_index,RESEARCH_TRACE,NO,NO,NO,,,,UNPARSED,NO
1728,PAPER_871_Universal_Speed_Range_Photon_Deceleration,paper_index,RESEARCH_TRACE,YES,NO,NO,,,,UNPARSED,NO
1729,PAPER_872,paper_index,RESEARCH_TRACE,NO,NO,NO,,,,UNPARSED,NO
1730,PAPER_873,paper_index,RESEARCH_TRACE,NO,NO,NO,,,,UNPARSED,NO
1731,PAPER_874,paper_index,RESEARCH_TRACE,NO,NO,NO,,,,UNPARSED,NO
1732,PAPER_875,paper_index,RESEARCH_TRACE,NO,NO,NO,,,,UNPARSED,NO
1733,PAPER_876,paper_index,RESEARCH_TRACE,NO,NO,NO,,,,UNPARSED,NO
1734,PAPER_877,paper_index,RESEARCH_TRACE,NO,NO,NO,,,,UNPARSED,NO
1735,PAPER_878,paper_index,RESEARCH_TRACE,NO,NO,NO,,,28.0,>=1%,NO
1736,PAPER_879,paper_index,RESEARCH_TRACE,NO,NO,NO,,,,UNPARSED,NO
1737,PAPER_880,paper_index,RESEARCH_TRACE,NO,NO,NO,,,,UNPARSED,NO
1738,PAPER_881,paper_index,RESEARCH_TRACE,NO,NO,NO,,,,UNPARSED,NO
1739,PAPER_882,paper_index,RESEARCH_TRACE,NO,NO,NO,,,,UNPARSED,NO
1740,PAPER_883,paper_index,RESEARCH_TRACE,NO,NO,NO,,,,UNPARSED,NO
1741,PAPER_884,paper_index,RESEARCH_TRACE,NO,NO,NO,,,,UNPARSED,NO
1742,PAPER_885,paper_index,RESEARCH_TRACE,NO,NO,NO,,,66.7,>=1%,NO
1743,PAPER_886,paper_index,RESEARCH_TRACE,NO,NO,NO,,,,UNPARSED,NO
1744,PAPER_887,paper_index,RESEARCH_TRACE,NO,NO,NO,,,,UNPARSED,NO
1745,PAPER_888,paper_index,RESEARCH_TRACE,NO,NO,NO,,,,UNPARSED,NO
1746,PAPER_889,paper_index,RESEARCH_TRACE,NO,NO,NO,,,,UNPARSED,NO
1747,PAPER_890,paper_index,RESEARCH_TRACE,NO,NO,NO,,,,UNPARSED,NO
1748,PAPER_891,paper_index,RESEARCH_TRACE,NO,NO,NO,,,,UNPARSED,NO
1749,PAPER_892,paper_index,RESEARCH_TRACE,NO,NO,NO,,,,UNPARSED,NO
1750,PAPER_893,paper_index,RESEARCH_TRACE,NO,NO,NO,,,,UNPARSED,NO
1751,PAPER_894,paper_index,RESEARCH_TRACE,NO,NO,NO,,,,UNPARSED,NO
1752,PAPER_895,paper_index,RESEARCH_TRACE,NO,NO,NO,,,,UNPARSED,NO
1753,PAPER_896,paper_index,RESEARCH_TRACE,NO,NO,NO,,,,UNPARSED,NO
1754,PAPER_897,paper_index,RESEARCH_TRACE,NO,NO,NO,,,,UNPARSED,NO
1755,PAPER_898_Phonon_Lagrangian_Phi_S26_Derivation,paper_index,RESEARCH_TRACE,YES,NO,NO,,,,UNPARSED,NO
1756,PAPER_899,paper_index,RESEARCH_TRACE,NO,NO,NO,,,,UNPARSED,NO
1757,PAPER_900,paper_index,RESEARCH_TRACE,NO,NO,NO,,,,UNPARSED,NO
1758,PAPER_901,paper_index,RESEARCH_TRACE,NO,NO,NO,,,,UNPARSED,NO
1759,PAPER_902,paper_index,RESEARCH_TRACE,NO,NO,NO,,,,UNPARSED,NO
1760,PAPER_903,paper_index,RESEARCH_TRACE,NO,NO,YES,,0.1,11.0,>=1%,NO
1761,PAPER_904,paper_index,RESEARCH_TRACE,NO,NO,NO,,,7.8,>=1%,NO
1762,PAPER_905,paper_index,RESEARCH_TRACE,NO,NO,NO,,,,UNPARSED,NO
1763,PAPER_906,paper_index,RESEARCH_TRACE,NO,NO,NO,,,,UNPARSED,NO
1764,PAPER_907,paper_index,RESEARCH_TRACE,NO,NO,NO,,,,UNPARSED,NO
1765,PAPER_908,paper_index,RESEARCH_TRACE,NO,NO,NO,,,,UNPARSED,NO
1766,PAPER_909,paper_index,RESEARCH_TRACE,NO,NO,NO,,,,UNPARSED,NO
1767,PAPER_910,paper_index,RESEARCH_TRACE,NO,NO,NO,,,,UNPARSED,NO
1768,PAPER_911,paper_index,RESEARCH_TRACE,NO,NO,NO,,,,UNPARSED,NO
1769,PAPER_912,paper_index,RESEARCH_TRACE,NO,NO,NO,,,,UNPARSED,NO
1770,PAPER_913,paper_index,RESEARCH_TRACE,NO,NO,YES,,12.7,,UNPARSED,NO
1771,PAPER_914,paper_index,RESEARCH_TRACE,NO,NO,NO,,,90.0,>=1%,NO
1772,PAPER_915,paper_index,RESEARCH_TRACE,NO,NO,NO,,,66.7,>=1%,NO
1773,PAPER_916,paper_index,RESEARCH_TRACE,NO,NO,NO,,,49.0,>=1%,NO
1774,PAPER_917_Exponential_Strain_Phonon_Evolution,paper_index,RESEARCH_TRACE,YES,NO,NO,,,,UNPARSED,NO
1775,PAPER_918,paper_index,RESEARCH_TRACE,NO,NO,NO,,,96.3,>=1%,NO
1776,PAPER_919,paper_index,RESEARCH_TRACE,NO,NO,NO,,,,UNPARSED,NO
1777,PAPER_920,paper_index,RESEARCH_TRACE,NO,NO,NO,,,0.1,0.1-1%,NO
1778,PAPER_921,paper_index,RESEARCH_TRACE,NO,NO,NO,,,,UNPARSED,NO
1779,PAPER_922,paper_index,RESEARCH_TRACE,NO,NO,NO,,,,UNPARSED,NO
1780,PAPER_923,paper_index,RESEARCH_TRACE,NO,NO,NO,,,,UNPARSED,NO
1781,PAPER_924,paper_index,RESEARCH_TRACE,NO,NO,NO,,,,UNPARSED,NO
1782,PAPER_925,paper_index,RESEARCH_TRACE,NO,NO,NO,,,,UNPARSED,NO
1783,PAPER_926,paper_index,RESEARCH_TRACE,NO,NO,NO,,,,UNPARSED,NO
1784,PAPER_927_GW190425_Phonon_Suppressed_Strain,paper_index,RESEARCH_TRACE,YES,NO,NO,,,47.0,>=1%,NO
1785,PAPER_928_GW190425_Wavelength_Phonon_Correction,paper_index,RESEARCH_TRACE,YES,NO,NO,,,,UNPARSED,NO
1786,PAPER_929_NS_Phonon_Spindown_Correction,paper_index,RESEARCH_TRACE,YES,NO,NO,,,,UNPARSED,NO
1787,PAPER_930,paper_index,RESEARCH_TRACE,NO,NO,NO,,,,UNPARSED,NO
1788,PAPER_931,paper_index,RESEARCH_TRACE,NO,NO,NO,,,,UNPARSED,NO
1789,PAPER_932,paper_index,RESEARCH_TRACE,NO,NO,NO,,,,UNPARSED,NO
1790,PAPER_933,paper_index,RESEARCH_TRACE,NO,NO,NO,,,,UNPARSED,NO
1791,PAPER_934_GW170817_Phonon_Suppressed_Strain,paper_index,RESEARCH_TRACE,YES,NO,NO,,,66.7,>=1%,NO
1792,PAPER_935_GW170817_Tidal_Deformability_Phonon_Correction,paper_index,RESEARCH_TRACE,YES,NO,NO,,,,UNPARSED,NO
1793,PAPER_936_GW170817_Inspiral_Phase_Lag,paper_index,RESEARCH_TRACE,YES,NO,NO,,,,UNPARSED,NO
1794,PAPER_937,paper_index,RESEARCH_TRACE,NO,NO,NO,,,,UNPARSED,NO
1795,PAPER_938,paper_index,RESEARCH_TRACE,NO,NO,NO,,,17.0,>=1%,NO
1796,PAPER_939,paper_index,RESEARCH_TRACE,NO,NO,NO,,,,UNPARSED,NO
1797,PAPER_940,paper_index,RESEARCH_TRACE,NO,NO,NO,,,,UNPARSED,NO
1798,PAPER_941,paper_index,RESEARCH_TRACE,NO,NO,NO,,,,UNPARSED,NO
1799,PAPER_942,paper_index,RESEARCH_TRACE,NO,NO,NO,,,,UNPARSED,NO
1800,PAPER_943_SMBH_Binary_Merger_Phonon,paper_index,RESEARCH_TRACE,YES,NO,NO,,,47.0,>=1%,NO
1801,PAPER_944_Merger_Strain_Damping,paper_index,RESEARCH_TRACE,YES,NO,NO,,,33.3,>=1%,NO
1802,PAPER_945_Merger_Phase_Lag,paper_index,RESEARCH_TRACE,YES,NO,NO,,,,UNPARSED,NO
1803,PAPER_946_Merger_Lagrangian_Variation,paper_index,RESEARCH_TRACE,YES,NO,NO,,,,UNPARSED,NO
1804,PAPER_947_GW190425_Mass_Gap_Phonon,paper_index,RESEARCH_TRACE,YES,NO,NO,,,,UNPARSED,NO
1805,PAPER_948,paper_index,RESEARCH_TRACE,NO,NO,NO,,,14.0,>=1%,NO
1806,PAPER_949,paper_index,RESEARCH_TRACE,NO,NO,NO,,,,UNPARSED,NO
1807,PAPER_950,paper_index,RESEARCH_TRACE,NO,NO,NO,,,,UNPARSED,NO
1808,PAPER_951,paper_index,RESEARCH_TRACE,NO,NO,NO,,,,UNPARSED,NO
1809,PAPER_952,paper_index,RESEARCH_TRACE,NO,NO,NO,,,,UNPARSED,NO
1810,PAPER_953,paper_index,RESEARCH_TRACE,NO,NO,NO,,,,UNPARSED,NO
1811,PAPER_954,paper_index,RESEARCH_TRACE,NO,NO,NO,,,,UNPARSED,NO
1812,PAPER_955_BCS_Phonon_Resonance,paper_index,RESEARCH_TRACE,YES,NO,NO,,,,UNPARSED,NO
1813,PAPER_956,paper_index,RESEARCH_TRACE,NO,NO,NO,,,,UNPARSED,NO
1814,PAPER_957,paper_index,RESEARCH_TRACE,NO,NO,NO,,,,UNPARSED,NO
1815,PAPER_958,paper_index,RESEARCH_TRACE,NO,NO,NO,,,12.5,>=1%,NO
1816,PAPER_959,paper_index,RESEARCH_TRACE,NO,NO,NO,,,,UNPARSED,NO
1817,PAPER_960,paper_index,RESEARCH_TRACE,NO,NO,NO,,,,UNPARSED,NO
1818,PAPER_961,paper_index,RESEARCH_TRACE,NO,NO,NO,,,,UNPARSED,NO
1819,PAPER_962,paper_index,RESEARCH_TRACE,NO,NO,NO,,,,UNPARSED,NO
1820,PAPER_963,paper_index,RESEARCH_TRACE,NO,NO,NO,,,,UNPARSED,NO
1821,PAPER_964,paper_index,RESEARCH_TRACE,NO,NO,NO,,,,UNPARSED,NO
1822,PAPER_965,paper_index,RESEARCH_TRACE,NO,NO,NO,,,47.0,>=1%,NO
1823,PAPER_966,paper_index,RESEARCH_TRACE,NO,NO,NO,,,,UNPARSED,NO
1824,PAPER_967,paper_index,RESEARCH_TRACE,NO,NO,NO,,,10.0,>=1%,NO
1825,PAPER_968,paper_index,RESEARCH_TRACE,NO,NO,NO,,,11.1,>=1%,NO
1826,PAPER_969,paper_index,RESEARCH_TRACE,NO,NO,NO,,,,UNPARSED,NO
1827,PAPER_970,paper_index,RESEARCH_TRACE,NO,NO,NO,,,,UNPARSED,NO
1828,PAPER_971_Yang_Mills_Mass_Gap,paper_index,RESEARCH_TRACE,YES,NO,NO,,,,UNPARSED,NO
1829,PAPER_972,paper_index,RESEARCH_TRACE,NO,NO,NO,,,,UNPARSED,NO
1830,PAPER_973,paper_index,RESEARCH_TRACE,NO,NO,NO,,,,UNPARSED,NO
1831,PAPER_974,paper_index,RESEARCH_TRACE,NO,NO,NO,,,,UNPARSED,NO
1832,PAPER_975,paper_index,RESEARCH_TRACE,NO,NO,NO,,,,UNPARSED,NO
1833,PAPER_976,paper_index,RESEARCH_TRACE,NO,NO,NO,,,,UNPARSED,NO
1834,PAPER_977,paper_index,RESEARCH_TRACE,NO,NO,NO,,,0.2,0.1-1%,NO
1835,PAPER_978,paper_index,RESEARCH_TRACE,NO,NO,NO,,,,UNPARSED,NO
1836,PAPER_979_FUBi_Master_Buoyancy_6Layer,paper_index,RESEARCH_TRACE,YES,NO,NO,,,,UNPARSED,NO
1837,PAPER_980_Solar_Surface_Buoyancy_Calibration,paper_index,RESEARCH_TRACE,YES,NO,NO,,,,UNPARSED,NO
1838,PAPER_981_FUBi_Variational_Derivation,paper_index,RESEARCH_TRACE,YES,NO,NO,,,,UNPARSED,NO
1839,PAPER_982_Gamma_Linewidth_Curves,paper_index,RESEARCH_TRACE,YES,NO,NO,,,,UNPARSED,NO
1840,PAPER_983_SCm_First_Axiom_Validation,paper_index,RESEARCH_TRACE,YES,NO,NO,,,,UNPARSED,NO
1841,PAPER_984,paper_index,RESEARCH_TRACE,NO,NO,NO,,,,UNPARSED,NO
1842,PAPER_985_Production_Kernel_FUBi_Complete,paper_index,RESEARCH_TRACE,YES,NO,NO,,,,UNPARSED,NO
1843,PAPER_986_BCS_Spectral_Ladder_Master_Coupling,paper_index,RESEARCH_TRACE,YES,NO,NO,,,,UNPARSED,NO
1844,PAPER_987_WSTP_FUBi_Symbolic_Export,paper_index,RESEARCH_TRACE,YES,NO,NO,,,,UNPARSED,NO
1845,PAPER_988,paper_index,RESEARCH_TRACE,NO,NO,NO,,,,UNPARSED,NO
1846,PAPER_989_FUBi_Inside_Out_Mass,paper_index,RESEARCH_TRACE,YES,NO,NO,,,,UNPARSED,NO
1847,PAPER_990_FUBi_vs_FUBii_Distinction,paper_index,RESEARCH_TRACE,YES,NO,NO,,,,UNPARSED,NO
1848,PAPER_991,paper_index,RESEARCH_TRACE,NO,NO,NO,,,,UNPARSED,NO
1849,PAPER_992_GW190425_NS_Merger_Curves,paper_index,RESEARCH_TRACE,YES,NO,NO,,,47.0,>=1%,NO
1850,PAPER_993,paper_index,RESEARCH_TRACE,NO,NO,NO,,,,UNPARSED,NO
1851,PAPER_994,paper_index,RESEARCH_TRACE,NO,NO,NO,,,,UNPARSED,NO
1852,PAPER_995,paper_index,RESEARCH_TRACE,NO,NO,NO,,,,UNPARSED,NO
1853,PAPER_996_WSTP_Gamma_Sweep_Runner,paper_index,RESEARCH_TRACE,YES,NO,NO,,,,UNPARSED,NO
1854,PAPER_997,paper_index,RESEARCH_TRACE,NO,NO,NO,,,,UNPARSED,NO
1855,PAPER_998,paper_index,RESEARCH_TRACE,NO,NO,NO,,,,UNPARSED,NO
1856,PAPER_999_AGN_FUBi_Merger_S26_3rd,paper_index,RESEARCH_TRACE,YES,NO,NO,,,,UNPARSED,NO
