observable,target_geometry,route_formula,route_paper,status
BH_seed_mass,bsfg,"M_seed = A_5 * D_BSFG^2 * D_crit = 60 * 36 * 26 = 56,160 M_Sun || bsfg-native re-expression: generator D_BSFG: D_phys=2*D_BSFG/3 [PAPER_1962]; SO_5=2*(D_BSFG-1) [R320 triple-form]; D_crit=D_BSFG+2*SO_5 [PAPER_1521]; A_5=360/D_BSFG [PAPER_2116]; N_CH=SO_5-1 [PAPER_2128]; K_MEX per PAPER_1522; kappa per PAPER_2112; real vacuum-kernel primitives global",PAPER_1650;PAPER_1962;R320;PAPER_1521;PAPER_2116;PAPER_2128;PAPER_1522;PAPER_2112,XGEO_ROUTED_IDENTITY
BH_seed_mass,dpm,"M_seed = A_5 * D_BSFG^2 * D_crit = 60 * 36 * 26 = 56,160 M_Sun || dpm-native re-expression: generators SO_5=rho_UA/rho_SCm + D_crit=26 caduceus pinch count [PAPER_646], D_phys via magic 8=2*D_phys [PAPER_1203]; D_BSFG=D_crit-2*SO_5 [PAPER_1521]; A_5=360/D_BSFG [PAPER_2116]; N_CH=SO_5-1 [PAPER_2128]; K_MEX per PAPER_1522; kappa per PAPER_2112; real vacuum-kernel primitives native to SCm manifold",PAPER_1650;PAPER_646;PAPER_1203;PAPER_1521;PAPER_2116;PAPER_2128;PAPER_1522;PAPER_2112,XGEO_ROUTED_IDENTITY
CM_BCS_coherence_length_coeff,bsfg,xi_0 coeff = 1/pi || bsfg-native re-expression: generator D_BSFG: D_phys=2*D_BSFG/3 [PAPER_1962]; SO_5=2*(D_BSFG-1) [R320 triple-form]; D_crit=D_BSFG+2*SO_5 [PAPER_1521]; A_5=360/D_BSFG [PAPER_2116]; N_CH=SO_5-1 [PAPER_2128]; K_MEX per PAPER_1522; kappa per PAPER_2112; real vacuum-kernel primitives global,PAPER_1167;PAPER_1962;R320;PAPER_1521;PAPER_2116;PAPER_2128;PAPER_1522;PAPER_2112,XGEO_ROUTED_IDENTITY
CM_BCS_coherence_length_coeff,d26,xi_0 coeff = 1/pi || d26-native re-expression: generator D_crit=26: D_phys=D_crit-22 with 22=T22 compactified moduli [PAPER_1927]; real vacuum-kernel primitives global,PAPER_1167;PAPER_1927,XGEO_ROUTED_IDENTITY
CM_BCS_isotope_alpha,bsfg,alpha_iso = Phi_res - F_TRZ*Phi_res*D_PHYS = 1/2 EXACT || bsfg-native re-expression: generator D_BSFG: D_phys=2*D_BSFG/3 [PAPER_1962]; SO_5=2*(D_BSFG-1) [R320 triple-form]; D_crit=D_BSFG+2*SO_5 [PAPER_1521]; A_5=360/D_BSFG [PAPER_2116]; N_CH=SO_5-1 [PAPER_2128]; K_MEX per PAPER_1522; kappa per PAPER_2112; real vacuum-kernel primitives global,PAPER_1167;PAPER_1962;R320;PAPER_1521;PAPER_2116;PAPER_2128;PAPER_1522;PAPER_2112,XGEO_ROUTED_IDENTITY
CM_BCS_isotope_alpha,d26,alpha_iso = Phi_res - F_TRZ*Phi_res*D_PHYS = 1/2 EXACT || d26-native re-expression: generator D_crit=26: D_phys=D_crit-22 with 22=T22 compactified moduli [PAPER_1927]; real vacuum-kernel primitives global,PAPER_1167;PAPER_1927,XGEO_ROUTED_IDENTITY
CM_Brinkman_Rice_U_c_W,bsfg,U_c/W = 2*Phi_res*(1-F_TRZ) = 3/2 EXACT || bsfg-native re-expression: generator D_BSFG: D_phys=2*D_BSFG/3 [PAPER_1962]; SO_5=2*(D_BSFG-1) [R320 triple-form]; D_crit=D_BSFG+2*SO_5 [PAPER_1521]; A_5=360/D_BSFG [PAPER_2116]; N_CH=SO_5-1 [PAPER_2128]; K_MEX per PAPER_1522; kappa per PAPER_2112; real vacuum-kernel primitives global,PAPER_1167;PAPER_1962;R320;PAPER_1521;PAPER_2116;PAPER_2128;PAPER_1522;PAPER_2112,XGEO_ROUTED_IDENTITY
CM_Brinkman_Rice_U_c_W,d26,U_c/W = 2*Phi_res*(1-F_TRZ) = 3/2 EXACT || d26-native re-expression: generator D_crit=26: D_phys=D_crit-22 with 22=T22 compactified moduli [PAPER_1927]; real vacuum-kernel primitives global,PAPER_1167;PAPER_1927,XGEO_ROUTED_IDENTITY
CM_Sommerfeld_Wilson_R_W,bsfg,R_W = K_MEX - F_TRZ*Phi_res = 24/12 = 2 EXACT || bsfg-native re-expression: generator D_BSFG: D_phys=2*D_BSFG/3 [PAPER_1962]; SO_5=2*(D_BSFG-1) [R320 triple-form]; D_crit=D_BSFG+2*SO_5 [PAPER_1521]; A_5=360/D_BSFG [PAPER_2116]; N_CH=SO_5-1 [PAPER_2128]; K_MEX per PAPER_1522; kappa per PAPER_2112; real vacuum-kernel primitives global,PAPER_1167;PAPER_1962;R320;PAPER_1521;PAPER_2116;PAPER_2128;PAPER_1522;PAPER_2112,XGEO_ROUTED_IDENTITY
CM_Wiedemann_Franz_L_coeff,bsfg,L_0 = pi^2/3 closure || bsfg-native re-expression: generator D_BSFG: D_phys=2*D_BSFG/3 [PAPER_1962]; SO_5=2*(D_BSFG-1) [R320 triple-form]; D_crit=D_BSFG+2*SO_5 [PAPER_1521]; A_5=360/D_BSFG [PAPER_2116]; N_CH=SO_5-1 [PAPER_2128]; K_MEX per PAPER_1522; kappa per PAPER_2112; real vacuum-kernel primitives global,PAPER_1167;PAPER_1962;R320;PAPER_1521;PAPER_2116;PAPER_2128;PAPER_1522;PAPER_2112,XGEO_ROUTED_IDENTITY
CM_Wiedemann_Franz_L_coeff,d26,L_0 = pi^2/3 closure || d26-native re-expression: generator D_crit=26: D_phys=D_crit-22 with 22=T22 compactified moduli [PAPER_1927]; real vacuum-kernel primitives global,PAPER_1167;PAPER_1927,XGEO_ROUTED_IDENTITY
CM_XY_3D_nu_exponent,dpm,"nu_XY = D_PHYS/D_BSFG = 2/3 EXACT || dpm-native re-expression: generators SO_5=rho_UA/rho_SCm + D_crit=26 caduceus pinch count [PAPER_646], D_phys via magic 8=2*D_phys [PAPER_1203]; D_BSFG=D_crit-2*SO_5 [PAPER_1521]; A_5=360/D_BSFG [PAPER_2116]; N_CH=SO_5-1 [PAPER_2128]; K_MEX per PAPER_1522; kappa per PAPER_2112; real vacuum-kernel primitives native to SCm manifold",PAPER_1167;PAPER_646;PAPER_1203;PAPER_1521;PAPER_2116;PAPER_2128;PAPER_1522;PAPER_2112,XGEO_ROUTED_IDENTITY
GR_Kerr_ISCO_extremal,dpm,"Kerr extremal ISCO r/M = F_TRZ*SO_5 = 1 EXACT || dpm-native re-expression: generators SO_5=rho_UA/rho_SCm + D_crit=26 caduceus pinch count [PAPER_646], D_phys via magic 8=2*D_phys [PAPER_1203]; D_BSFG=D_crit-2*SO_5 [PAPER_1521]; A_5=360/D_BSFG [PAPER_2116]; N_CH=SO_5-1 [PAPER_2128]; K_MEX per PAPER_1522; kappa per PAPER_2112; real vacuum-kernel primitives native to SCm manifold",PAPER_1149;PAPER_646;PAPER_1203;PAPER_1521;PAPER_2116;PAPER_2128;PAPER_1522;PAPER_2112,XGEO_ROUTED_IDENTITY
GR_Shapiro_delay_coeff,dpm,"2(1+gamma) = D_PHYS = 4 EXACT || dpm-native re-expression: generators SO_5=rho_UA/rho_SCm + D_crit=26 caduceus pinch count [PAPER_646], D_phys via magic 8=2*D_phys [PAPER_1203]; D_BSFG=D_crit-2*SO_5 [PAPER_1521]; A_5=360/D_BSFG [PAPER_2116]; N_CH=SO_5-1 [PAPER_2128]; K_MEX per PAPER_1522; kappa per PAPER_2112; real vacuum-kernel primitives native to SCm manifold",PAPER_1149;PAPER_646;PAPER_1203;PAPER_1521;PAPER_2116;PAPER_2128;PAPER_1522;PAPER_2112,XGEO_ROUTED_IDENTITY
GR_Shapiro_delay_coeff,d26,2(1+gamma) = D_PHYS = 4 EXACT || d26-native re-expression: generator D_crit=26: D_phys=D_crit-22 with 22=T22 compactified moduli [PAPER_1927]; real vacuum-kernel primitives global,PAPER_1149;PAPER_1927,XGEO_ROUTED_IDENTITY
GR_photon_sphere_r_M,dpm,"r_ph/M = D_PHYS - F_TRZ*SO_5 = 4 - 1 = 3 EXACT || dpm-native re-expression: generators SO_5=rho_UA/rho_SCm + D_crit=26 caduceus pinch count [PAPER_646], D_phys via magic 8=2*D_phys [PAPER_1203]; D_BSFG=D_crit-2*SO_5 [PAPER_1521]; A_5=360/D_BSFG [PAPER_2116]; N_CH=SO_5-1 [PAPER_2128]; K_MEX per PAPER_1522; kappa per PAPER_2112; real vacuum-kernel primitives native to SCm manifold",PAPER_1149;PAPER_646;PAPER_1203;PAPER_1521;PAPER_2116;PAPER_2128;PAPER_1522;PAPER_2112,XGEO_ROUTED_IDENTITY
GW_memory_fraction,bsfg,h_mem/h_peak = F_TRZ * beta_i = 0.1 * 0.6029 || bsfg-native re-expression: generator D_BSFG: D_phys=2*D_BSFG/3 [PAPER_1962]; SO_5=2*(D_BSFG-1) [R320 triple-form]; D_crit=D_BSFG+2*SO_5 [PAPER_1521]; A_5=360/D_BSFG [PAPER_2116]; N_CH=SO_5-1 [PAPER_2128]; K_MEX per PAPER_1522; kappa per PAPER_2112; real vacuum-kernel primitives global,PAPER_1766;PAPER_1962;R320;PAPER_1521;PAPER_2116;PAPER_2128;PAPER_1522;PAPER_2112,XGEO_ROUTED_IDENTITY
GW_memory_fraction,dpm,"h_mem/h_peak = F_TRZ * beta_i = 0.1 * 0.6029 || dpm-native re-expression: generators SO_5=rho_UA/rho_SCm + D_crit=26 caduceus pinch count [PAPER_646], D_phys via magic 8=2*D_phys [PAPER_1203]; D_BSFG=D_crit-2*SO_5 [PAPER_1521]; A_5=360/D_BSFG [PAPER_2116]; N_CH=SO_5-1 [PAPER_2128]; K_MEX per PAPER_1522; kappa per PAPER_2112; real vacuum-kernel primitives native to SCm manifold",PAPER_1766;PAPER_646;PAPER_1203;PAPER_1521;PAPER_2116;PAPER_2128;PAPER_1522;PAPER_2112,XGEO_ROUTED_IDENTITY
GW_memory_fraction,d26,h_mem/h_peak = F_TRZ * beta_i = 0.1 * 0.6029 || d26-native re-expression: generator D_crit=26: D_phys=D_crit-22 with 22=T22 compactified moduli [PAPER_1927]; real vacuum-kernel primitives global,PAPER_1766;PAPER_1927,XGEO_ROUTED_IDENTITY
ITER_R_over_a,dpm,"R/a = D_BSFG/2 + F_TRZ = 3 + 0.1 = 3.1 || dpm-native re-expression: generators SO_5=rho_UA/rho_SCm + D_crit=26 caduceus pinch count [PAPER_646], D_phys via magic 8=2*D_phys [PAPER_1203]; D_BSFG=D_crit-2*SO_5 [PAPER_1521]; A_5=360/D_BSFG [PAPER_2116]; N_CH=SO_5-1 [PAPER_2128]; K_MEX per PAPER_1522; kappa per PAPER_2112; real vacuum-kernel primitives native to SCm manifold",PAPER_1706;PAPER_646;PAPER_1203;PAPER_1521;PAPER_2116;PAPER_2128;PAPER_1522;PAPER_2112,XGEO_ROUTED_IDENTITY
KK_Mars_orbit_AU,bsfg,-beta^2 - beta^5 - F*beta^2 + 2 || bsfg-native re-expression: generator D_BSFG: D_phys=2*D_BSFG/3 [PAPER_1962]; SO_5=2*(D_BSFG-1) [R320 triple-form]; D_crit=D_BSFG+2*SO_5 [PAPER_1521]; A_5=360/D_BSFG [PAPER_2116]; N_CH=SO_5-1 [PAPER_2128]; K_MEX per PAPER_1522; kappa per PAPER_2112; real vacuum-kernel primitives global,PAPER_1167;PAPER_1962;R320;PAPER_1521;PAPER_2116;PAPER_2128;PAPER_1522;PAPER_2112,XGEO_ROUTED_IDENTITY
KK_Mars_orbit_AU,dpm,"-beta^2 - beta^5 - F*beta^2 + 2 || dpm-native re-expression: generators SO_5=rho_UA/rho_SCm + D_crit=26 caduceus pinch count [PAPER_646], D_phys via magic 8=2*D_phys [PAPER_1203]; D_BSFG=D_crit-2*SO_5 [PAPER_1521]; A_5=360/D_BSFG [PAPER_2116]; N_CH=SO_5-1 [PAPER_2128]; K_MEX per PAPER_1522; kappa per PAPER_2112; real vacuum-kernel primitives native to SCm manifold",PAPER_1167;PAPER_646;PAPER_1203;PAPER_1521;PAPER_2116;PAPER_2128;PAPER_1522;PAPER_2112,XGEO_ROUTED_IDENTITY
LCDM_BAO_rd_H0_over_c_alternate,bsfg,"r_d*H0/c = 1 / (SO_5 * K_MEX * S_26) [alternate, 3-primitive amplification form] || bsfg-native re-expression: generator D_BSFG: D_phys=2*D_BSFG/3 [PAPER_1962]; SO_5=2*(D_BSFG-1) [R320 triple-form]; D_crit=D_BSFG+2*SO_5 [PAPER_1521]; A_5=360/D_BSFG [PAPER_2116]; N_CH=SO_5-1 [PAPER_2128]; K_MEX per PAPER_1522; kappa per PAPER_2112; real vacuum-kernel primitives global",PAPER_1156;PAPER_1962;R320;PAPER_1521;PAPER_2116;PAPER_2128;PAPER_1522;PAPER_2112,XGEO_ROUTED_IDENTITY
LCDM_BAO_rd_H0_over_c_alternate,dpm,"r_d*H0/c = 1 / (SO_5 * K_MEX * S_26) [alternate, 3-primitive amplification form] || dpm-native re-expression: generators SO_5=rho_UA/rho_SCm + D_crit=26 caduceus pinch count [PAPER_646], D_phys via magic 8=2*D_phys [PAPER_1203]; D_BSFG=D_crit-2*SO_5 [PAPER_1521]; A_5=360/D_BSFG [PAPER_2116]; N_CH=SO_5-1 [PAPER_2128]; K_MEX per PAPER_1522; kappa per PAPER_2112; real vacuum-kernel primitives native to SCm manifold",PAPER_1156;PAPER_646;PAPER_1203;PAPER_1521;PAPER_2116;PAPER_2128;PAPER_1522;PAPER_2112,XGEO_ROUTED_IDENTITY
LCDM_BAO_rd_H0_over_c_primary,bsfg,"r_d*H0/c = (SO_5 * SSq * beta_i) / (D_phys * D_crit) [primary, 5-primitive triadic co-sum form] || bsfg-native re-expression: generator D_BSFG: D_phys=2*D_BSFG/3 [PAPER_1962]; SO_5=2*(D_BSFG-1) [R320 triple-form]; D_crit=D_BSFG+2*SO_5 [PAPER_1521]; A_5=360/D_BSFG [PAPER_2116]; N_CH=SO_5-1 [PAPER_2128]; K_MEX per PAPER_1522; kappa per PAPER_2112; real vacuum-kernel primitives global",PAPER_1156;PAPER_1962;R320;PAPER_1521;PAPER_2116;PAPER_2128;PAPER_1522;PAPER_2112,XGEO_ROUTED_IDENTITY
LCDM_BAO_rd_H0_over_c_primary,dpm,"r_d*H0/c = (SO_5 * SSq * beta_i) / (D_phys * D_crit) [primary, 5-primitive triadic co-sum form] || dpm-native re-expression: generators SO_5=rho_UA/rho_SCm + D_crit=26 caduceus pinch count [PAPER_646], D_phys via magic 8=2*D_phys [PAPER_1203]; D_BSFG=D_crit-2*SO_5 [PAPER_1521]; A_5=360/D_BSFG [PAPER_2116]; N_CH=SO_5-1 [PAPER_2128]; K_MEX per PAPER_1522; kappa per PAPER_2112; real vacuum-kernel primitives native to SCm manifold",PAPER_1156;PAPER_646;PAPER_1203;PAPER_1521;PAPER_2116;PAPER_2128;PAPER_1522;PAPER_2112,XGEO_ROUTED_IDENTITY
LCDM_D_over_H,bsfg,D/H = F_TRZ^5 * (K_MEX + Phi_res*F_TRZ*D_BSFG) || bsfg-native re-expression: generator D_BSFG: D_phys=2*D_BSFG/3 [PAPER_1962]; SO_5=2*(D_BSFG-1) [R320 triple-form]; D_crit=D_BSFG+2*SO_5 [PAPER_1521]; A_5=360/D_BSFG [PAPER_2116]; N_CH=SO_5-1 [PAPER_2128]; K_MEX per PAPER_1522; kappa per PAPER_2112; real vacuum-kernel primitives global,PAPER_1156;PAPER_1962;R320;PAPER_1521;PAPER_2116;PAPER_2128;PAPER_1522;PAPER_2112,XGEO_ROUTED_IDENTITY
LCDM_D_over_H,dpm,"D/H = F_TRZ^5 * (K_MEX + Phi_res*F_TRZ*D_BSFG) || dpm-native re-expression: generators SO_5=rho_UA/rho_SCm + D_crit=26 caduceus pinch count [PAPER_646], D_phys via magic 8=2*D_phys [PAPER_1203]; D_BSFG=D_crit-2*SO_5 [PAPER_1521]; A_5=360/D_BSFG [PAPER_2116]; N_CH=SO_5-1 [PAPER_2128]; K_MEX per PAPER_1522; kappa per PAPER_2112; real vacuum-kernel primitives native to SCm manifold",PAPER_1156;PAPER_646;PAPER_1203;PAPER_1521;PAPER_2116;PAPER_2128;PAPER_1522;PAPER_2112,XGEO_ROUTED_IDENTITY
LCDM_EDGES_T21_amplitude,bsfg,T_21 = -D_phys * A_5 * beta_i * 2 [mK]  (integer-primitive EDGES amplitude per PAPER_1761) || bsfg-native re-expression: generator D_BSFG: D_phys=2*D_BSFG/3 [PAPER_1962]; SO_5=2*(D_BSFG-1) [R320 triple-form]; D_crit=D_BSFG+2*SO_5 [PAPER_1521]; A_5=360/D_BSFG [PAPER_2116]; N_CH=SO_5-1 [PAPER_2128]; K_MEX per PAPER_1522; kappa per PAPER_2112; real vacuum-kernel primitives global,PAPER_1761;PAPER_1962;R320;PAPER_1521;PAPER_2116;PAPER_2128;PAPER_1522;PAPER_2112,XGEO_ROUTED_IDENTITY
LCDM_EDGES_T21_amplitude,dpm,"T_21 = -D_phys * A_5 * beta_i * 2 [mK]  (integer-primitive EDGES amplitude per PAPER_1761) || dpm-native re-expression: generators SO_5=rho_UA/rho_SCm + D_crit=26 caduceus pinch count [PAPER_646], D_phys via magic 8=2*D_phys [PAPER_1203]; D_BSFG=D_crit-2*SO_5 [PAPER_1521]; A_5=360/D_BSFG [PAPER_2116]; N_CH=SO_5-1 [PAPER_2128]; K_MEX per PAPER_1522; kappa per PAPER_2112; real vacuum-kernel primitives native to SCm manifold",PAPER_1761;PAPER_646;PAPER_1203;PAPER_1521;PAPER_2116;PAPER_2128;PAPER_1522;PAPER_2112,XGEO_ROUTED_IDENTITY
LCDM_EDGES_extra_cooling,bsfg,EDGES = 1 + F_TRZ^(-1/4)*(1-F_TRZ) || bsfg-native re-expression: generator D_BSFG: D_phys=2*D_BSFG/3 [PAPER_1962]; SO_5=2*(D_BSFG-1) [R320 triple-form]; D_crit=D_BSFG+2*SO_5 [PAPER_1521]; A_5=360/D_BSFG [PAPER_2116]; N_CH=SO_5-1 [PAPER_2128]; K_MEX per PAPER_1522; kappa per PAPER_2112; real vacuum-kernel primitives global,PAPER_1156;PAPER_1962;R320;PAPER_1521;PAPER_2116;PAPER_2128;PAPER_1522;PAPER_2112,XGEO_ROUTED_IDENTITY
LCDM_EDGES_extra_cooling,dpm,"EDGES = 1 + F_TRZ^(-1/4)*(1-F_TRZ) || dpm-native re-expression: generators SO_5=rho_UA/rho_SCm + D_crit=26 caduceus pinch count [PAPER_646], D_phys via magic 8=2*D_phys [PAPER_1203]; D_BSFG=D_crit-2*SO_5 [PAPER_1521]; A_5=360/D_BSFG [PAPER_2116]; N_CH=SO_5-1 [PAPER_2128]; K_MEX per PAPER_1522; kappa per PAPER_2112; real vacuum-kernel primitives native to SCm manifold",PAPER_1156;PAPER_646;PAPER_1203;PAPER_1521;PAPER_2116;PAPER_2128;PAPER_1522;PAPER_2112,XGEO_ROUTED_IDENTITY
LCDM_H0_tension_ratio,bsfg,H0_local/H0_CMB = 1 + F_TRZ*Phi_res_5_6 = 1 + 1/12 || bsfg-native re-expression: generator D_BSFG: D_phys=2*D_BSFG/3 [PAPER_1962]; SO_5=2*(D_BSFG-1) [R320 triple-form]; D_crit=D_BSFG+2*SO_5 [PAPER_1521]; A_5=360/D_BSFG [PAPER_2116]; N_CH=SO_5-1 [PAPER_2128]; K_MEX per PAPER_1522; kappa per PAPER_2112; real vacuum-kernel primitives global,PAPER_1156;PAPER_1962;R320;PAPER_1521;PAPER_2116;PAPER_2128;PAPER_1522;PAPER_2112,XGEO_ROUTED_IDENTITY
LCDM_H0_tension_ratio,dpm,"H0_local/H0_CMB = 1 + F_TRZ*Phi_res_5_6 = 1 + 1/12 || dpm-native re-expression: generators SO_5=rho_UA/rho_SCm + D_crit=26 caduceus pinch count [PAPER_646], D_phys via magic 8=2*D_phys [PAPER_1203]; D_BSFG=D_crit-2*SO_5 [PAPER_1521]; A_5=360/D_BSFG [PAPER_2116]; N_CH=SO_5-1 [PAPER_2128]; K_MEX per PAPER_1522; kappa per PAPER_2112; real vacuum-kernel primitives native to SCm manifold",PAPER_1156;PAPER_646;PAPER_1203;PAPER_1521;PAPER_2116;PAPER_2128;PAPER_1522;PAPER_2112,XGEO_ROUTED_IDENTITY
LCDM_Li7_BBN_dilution,bsfg,Li-7 dilution = D_phys - 1 = 3 EXACT (integer-primitive Ricci-trace dimension) || bsfg-native re-expression: generator D_BSFG: D_phys=2*D_BSFG/3 [PAPER_1962]; SO_5=2*(D_BSFG-1) [R320 triple-form]; D_crit=D_BSFG+2*SO_5 [PAPER_1521]; A_5=360/D_BSFG [PAPER_2116]; N_CH=SO_5-1 [PAPER_2128]; K_MEX per PAPER_1522; kappa per PAPER_2112; real vacuum-kernel primitives global,PAPER_1227;PAPER_1962;R320;PAPER_1521;PAPER_2116;PAPER_2128;PAPER_1522;PAPER_2112,XGEO_ROUTED_IDENTITY
LCDM_Li7_BBN_dilution,d26,Li-7 dilution = D_phys - 1 = 3 EXACT (integer-primitive Ricci-trace dimension) || d26-native re-expression: generator D_crit=26: D_phys=D_crit-22 with 22=T22 compactified moduli [PAPER_1927]; real vacuum-kernel primitives global,PAPER_1227;PAPER_1927,XGEO_ROUTED_IDENTITY
LCDM_Li7_over_H,bsfg,Li-7/H = F_TRZ^10 * D_PHYS*Phi_res/K_MEX || bsfg-native re-expression: generator D_BSFG: D_phys=2*D_BSFG/3 [PAPER_1962]; SO_5=2*(D_BSFG-1) [R320 triple-form]; D_crit=D_BSFG+2*SO_5 [PAPER_1521]; A_5=360/D_BSFG [PAPER_2116]; N_CH=SO_5-1 [PAPER_2128]; K_MEX per PAPER_1522; kappa per PAPER_2112; real vacuum-kernel primitives global,PAPER_1156;PAPER_1962;R320;PAPER_1521;PAPER_2116;PAPER_2128;PAPER_1522;PAPER_2112,XGEO_ROUTED_IDENTITY
LCDM_Li7_over_H,dpm,"Li-7/H = F_TRZ^10 * D_PHYS*Phi_res/K_MEX || dpm-native re-expression: generators SO_5=rho_UA/rho_SCm + D_crit=26 caduceus pinch count [PAPER_646], D_phys via magic 8=2*D_phys [PAPER_1203]; D_BSFG=D_crit-2*SO_5 [PAPER_1521]; A_5=360/D_BSFG [PAPER_2116]; N_CH=SO_5-1 [PAPER_2128]; K_MEX per PAPER_1522; kappa per PAPER_2112; real vacuum-kernel primitives native to SCm manifold",PAPER_1156;PAPER_646;PAPER_1203;PAPER_1521;PAPER_2116;PAPER_2128;PAPER_1522;PAPER_2112,XGEO_ROUTED_IDENTITY
LCDM_N_eff,bsfg,N_eff = D_PHYS - Phi_res - F_TRZ*K_MEX*SSQ || bsfg-native re-expression: generator D_BSFG: D_phys=2*D_BSFG/3 [PAPER_1962]; SO_5=2*(D_BSFG-1) [R320 triple-form]; D_crit=D_BSFG+2*SO_5 [PAPER_1521]; A_5=360/D_BSFG [PAPER_2116]; N_CH=SO_5-1 [PAPER_2128]; K_MEX per PAPER_1522; kappa per PAPER_2112; real vacuum-kernel primitives global,PAPER_1156;PAPER_1962;R320;PAPER_1521;PAPER_2116;PAPER_2128;PAPER_1522;PAPER_2112,XGEO_ROUTED_IDENTITY
LCDM_Omega_m,bsfg,Omega_m = SSQ - K_MEX*F_TRZ - Phi_res*F_TRZ*SSQ || bsfg-native re-expression: generator D_BSFG: D_phys=2*D_BSFG/3 [PAPER_1962]; SO_5=2*(D_BSFG-1) [R320 triple-form]; D_crit=D_BSFG+2*SO_5 [PAPER_1521]; A_5=360/D_BSFG [PAPER_2116]; N_CH=SO_5-1 [PAPER_2128]; K_MEX per PAPER_1522; kappa per PAPER_2112; real vacuum-kernel primitives global,PAPER_1156;PAPER_1962;R320;PAPER_1521;PAPER_2116;PAPER_2128;PAPER_1522;PAPER_2112,XGEO_ROUTED_IDENTITY
LCDM_T_CMB,bsfg,T_CMB = Phi_res*(D_PHYS-Phi_res+F_TRZ) Kelvin || bsfg-native re-expression: generator D_BSFG: D_phys=2*D_BSFG/3 [PAPER_1962]; SO_5=2*(D_BSFG-1) [R320 triple-form]; D_crit=D_BSFG+2*SO_5 [PAPER_1521]; A_5=360/D_BSFG [PAPER_2116]; N_CH=SO_5-1 [PAPER_2128]; K_MEX per PAPER_1522; kappa per PAPER_2112; real vacuum-kernel primitives global,PAPER_1156;PAPER_1962;R320;PAPER_1521;PAPER_2116;PAPER_2128;PAPER_1522;PAPER_2112,XGEO_ROUTED_IDENTITY
LCDM_T_CMB,d26,T_CMB = Phi_res*(D_PHYS-Phi_res+F_TRZ) Kelvin || d26-native re-expression: generator D_crit=26: D_phys=D_crit-22 with 22=T22 compactified moduli [PAPER_1927]; real vacuum-kernel primitives global,PAPER_1156;PAPER_1927,XGEO_ROUTED_IDENTITY
LCDM_Y_p,bsfg,Y_p = (1-Phi_res) + Phi_res*F_TRZ*(1-F_TRZ*SSQ) || bsfg-native re-expression: generator D_BSFG: D_phys=2*D_BSFG/3 [PAPER_1962]; SO_5=2*(D_BSFG-1) [R320 triple-form]; D_crit=D_BSFG+2*SO_5 [PAPER_1521]; A_5=360/D_BSFG [PAPER_2116]; N_CH=SO_5-1 [PAPER_2128]; K_MEX per PAPER_1522; kappa per PAPER_2112; real vacuum-kernel primitives global,PAPER_1156;PAPER_1962;R320;PAPER_1521;PAPER_2116;PAPER_2128;PAPER_1522;PAPER_2112,XGEO_ROUTED_IDENTITY
LCDM_Y_p,d26,Y_p = (1-Phi_res) + Phi_res*F_TRZ*(1-F_TRZ*SSQ) || d26-native re-expression: generator D_crit=26: D_phys=D_crit-22 with 22=T22 compactified moduli [PAPER_1927]; real vacuum-kernel primitives global,PAPER_1156;PAPER_1927,XGEO_ROUTED_IDENTITY
LCDM_eta_B,bsfg,eta_B = D_BSFG * F_TRZ^10 || bsfg-native re-expression: generator D_BSFG: D_phys=2*D_BSFG/3 [PAPER_1962]; SO_5=2*(D_BSFG-1) [R320 triple-form]; D_crit=D_BSFG+2*SO_5 [PAPER_1521]; A_5=360/D_BSFG [PAPER_2116]; N_CH=SO_5-1 [PAPER_2128]; K_MEX per PAPER_1522; kappa per PAPER_2112; real vacuum-kernel primitives global,PAPER_1156;PAPER_1962;R320;PAPER_1521;PAPER_2116;PAPER_2128;PAPER_1522;PAPER_2112,XGEO_ROUTED_IDENTITY
LCDM_eta_B,dpm,"eta_B = D_BSFG * F_TRZ^10 || dpm-native re-expression: generators SO_5=rho_UA/rho_SCm + D_crit=26 caduceus pinch count [PAPER_646], D_phys via magic 8=2*D_phys [PAPER_1203]; D_BSFG=D_crit-2*SO_5 [PAPER_1521]; A_5=360/D_BSFG [PAPER_2116]; N_CH=SO_5-1 [PAPER_2128]; K_MEX per PAPER_1522; kappa per PAPER_2112; real vacuum-kernel primitives native to SCm manifold",PAPER_1156;PAPER_646;PAPER_1203;PAPER_1521;PAPER_2116;PAPER_2128;PAPER_1522;PAPER_2112,XGEO_ROUTED_IDENTITY
LCDM_n_s_S336,bsfg,n_s = 1 - (1-Phi_res)*F_TRZ*K_MEX || bsfg-native re-expression: generator D_BSFG: D_phys=2*D_BSFG/3 [PAPER_1962]; SO_5=2*(D_BSFG-1) [R320 triple-form]; D_crit=D_BSFG+2*SO_5 [PAPER_1521]; A_5=360/D_BSFG [PAPER_2116]; N_CH=SO_5-1 [PAPER_2128]; K_MEX per PAPER_1522; kappa per PAPER_2112; real vacuum-kernel primitives global,PAPER_1156;PAPER_1962;R320;PAPER_1521;PAPER_2116;PAPER_2128;PAPER_1522;PAPER_2112,XGEO_ROUTED_IDENTITY
LCDM_n_s_S336,dpm,"n_s = 1 - (1-Phi_res)*F_TRZ*K_MEX || dpm-native re-expression: generators SO_5=rho_UA/rho_SCm + D_crit=26 caduceus pinch count [PAPER_646], D_phys via magic 8=2*D_phys [PAPER_1203]; D_BSFG=D_crit-2*SO_5 [PAPER_1521]; A_5=360/D_BSFG [PAPER_2116]; N_CH=SO_5-1 [PAPER_2128]; K_MEX per PAPER_1522; kappa per PAPER_2112; real vacuum-kernel primitives native to SCm manifold",PAPER_1156;PAPER_646;PAPER_1203;PAPER_1521;PAPER_2116;PAPER_2128;PAPER_1522;PAPER_2112,XGEO_ROUTED_IDENTITY
LCDM_sigma8_KiDS_Planck_lift,bsfg,lift = 1 - SSQ*F_TRZ*Phi_res = 1 - SSQ/12 || bsfg-native re-expression: generator D_BSFG: D_phys=2*D_BSFG/3 [PAPER_1962]; SO_5=2*(D_BSFG-1) [R320 triple-form]; D_crit=D_BSFG+2*SO_5 [PAPER_1521]; A_5=360/D_BSFG [PAPER_2116]; N_CH=SO_5-1 [PAPER_2128]; K_MEX per PAPER_1522; kappa per PAPER_2112; real vacuum-kernel primitives global,PAPER_1156;PAPER_1962;R320;PAPER_1521;PAPER_2116;PAPER_2128;PAPER_1522;PAPER_2112,XGEO_ROUTED_IDENTITY
LCDM_sigma8_KiDS_Planck_lift,d26,lift = 1 - SSQ*F_TRZ*Phi_res = 1 - SSQ/12 || d26-native re-expression: generator D_crit=26: D_phys=D_crit-22 with 22=T22 compactified moduli [PAPER_1927]; real vacuum-kernel primitives global,PAPER_1156;PAPER_1927,XGEO_ROUTED_IDENTITY
LCDM_sigma_8_S365,bsfg,sigma_8 = (1 + Phi_res - F_TRZ*K_MEX)/2 || bsfg-native re-expression: generator D_BSFG: D_phys=2*D_BSFG/3 [PAPER_1962]; SO_5=2*(D_BSFG-1) [R320 triple-form]; D_crit=D_BSFG+2*SO_5 [PAPER_1521]; A_5=360/D_BSFG [PAPER_2116]; N_CH=SO_5-1 [PAPER_2128]; K_MEX per PAPER_1522; kappa per PAPER_2112; real vacuum-kernel primitives global,PAPER_1156;PAPER_1962;R320;PAPER_1521;PAPER_2116;PAPER_2128;PAPER_1522;PAPER_2112,XGEO_ROUTED_IDENTITY
LCDM_z_reion,dpm,"z_reion = D_BSFG + D_PHYS*Phi_res/2 || dpm-native re-expression: generators SO_5=rho_UA/rho_SCm + D_crit=26 caduceus pinch count [PAPER_646], D_phys via magic 8=2*D_phys [PAPER_1203]; D_BSFG=D_crit-2*SO_5 [PAPER_1521]; A_5=360/D_BSFG [PAPER_2116]; N_CH=SO_5-1 [PAPER_2128]; K_MEX per PAPER_1522; kappa per PAPER_2112; real vacuum-kernel primitives native to SCm manifold",PAPER_1156;PAPER_646;PAPER_1203;PAPER_1521;PAPER_2116;PAPER_2128;PAPER_1522;PAPER_2112,XGEO_ROUTED_IDENTITY
Pop_III_IMF_max,bsfg,M_max = A_5 * 2 = 120 M_Sun || bsfg-native re-expression: generator D_BSFG: D_phys=2*D_BSFG/3 [PAPER_1962]; SO_5=2*(D_BSFG-1) [R320 triple-form]; D_crit=D_BSFG+2*SO_5 [PAPER_1521]; A_5=360/D_BSFG [PAPER_2116]; N_CH=SO_5-1 [PAPER_2128]; K_MEX per PAPER_1522; kappa per PAPER_2112; real vacuum-kernel primitives global,PAPER_1652;PAPER_1962;R320;PAPER_1521;PAPER_2116;PAPER_2128;PAPER_1522;PAPER_2112,XGEO_ROUTED_IDENTITY
SM_PMNS_theta_12_deg,bsfg,theta_12 = 3*SO_5 + D_PHYS - Phi_res + SSQ - F_TRZ - F_TRZ*K_MEX deg || bsfg-native re-expression: generator D_BSFG: D_phys=2*D_BSFG/3 [PAPER_1962]; SO_5=2*(D_BSFG-1) [R320 triple-form]; D_crit=D_BSFG+2*SO_5 [PAPER_1521]; A_5=360/D_BSFG [PAPER_2116]; N_CH=SO_5-1 [PAPER_2128]; K_MEX per PAPER_1522; kappa per PAPER_2112; real vacuum-kernel primitives global,PAPER_1209HH;PAPER_1962;R320;PAPER_1521;PAPER_2116;PAPER_2128;PAPER_1522;PAPER_2112,XGEO_ROUTED_IDENTITY
SM_PMNS_theta_12_deg,dpm,"theta_12 = 3*SO_5 + D_PHYS - Phi_res + SSQ - F_TRZ - F_TRZ*K_MEX deg || dpm-native re-expression: generators SO_5=rho_UA/rho_SCm + D_crit=26 caduceus pinch count [PAPER_646], D_phys via magic 8=2*D_phys [PAPER_1203]; D_BSFG=D_crit-2*SO_5 [PAPER_1521]; A_5=360/D_BSFG [PAPER_2116]; N_CH=SO_5-1 [PAPER_2128]; K_MEX per PAPER_1522; kappa per PAPER_2112; real vacuum-kernel primitives native to SCm manifold",PAPER_1209HH;PAPER_646;PAPER_1203;PAPER_1521;PAPER_2116;PAPER_2128;PAPER_1522;PAPER_2112,XGEO_ROUTED_IDENTITY
SM_alpha_s_M_Z_S378,bsfg,alpha_s(M_Z) = F_TRZ*K_MEX*SSQ - F_TRZ^3*Phi_res || bsfg-native re-expression: generator D_BSFG: D_phys=2*D_BSFG/3 [PAPER_1962]; SO_5=2*(D_BSFG-1) [R320 triple-form]; D_crit=D_BSFG+2*SO_5 [PAPER_1521]; A_5=360/D_BSFG [PAPER_2116]; N_CH=SO_5-1 [PAPER_2128]; K_MEX per PAPER_1522; kappa per PAPER_2112; real vacuum-kernel primitives global,PAPER_1209HH;PAPER_1962;R320;PAPER_1521;PAPER_2116;PAPER_2128;PAPER_1522;PAPER_2112,XGEO_ROUTED_IDENTITY
SM_cabibbo_sin_S379,bsfg,sin(theta_C) = F_TRZ*K_MEX + F_TRZ^3*D_PHYS^2 || bsfg-native re-expression: generator D_BSFG: D_phys=2*D_BSFG/3 [PAPER_1962]; SO_5=2*(D_BSFG-1) [R320 triple-form]; D_crit=D_BSFG+2*SO_5 [PAPER_1521]; A_5=360/D_BSFG [PAPER_2116]; N_CH=SO_5-1 [PAPER_2128]; K_MEX per PAPER_1522; kappa per PAPER_2112; real vacuum-kernel primitives global,PAPER_1209HH;PAPER_1962;R320;PAPER_1521;PAPER_2116;PAPER_2128;PAPER_1522;PAPER_2112,XGEO_ROUTED_IDENTITY
SM_cabibbo_sin_alternate,bsfg,"sin(theta_C) = (D_phys * K_MEX * S_26) / (D_BSFG * N_CH) [alternate, 5-primitive Ramanujan-amplification form] || bsfg-native re-expression: generator D_BSFG: D_phys=2*D_BSFG/3 [PAPER_1962]; SO_5=2*(D_BSFG-1) [R320 triple-form]; D_crit=D_BSFG+2*SO_5 [PAPER_1521]; A_5=360/D_BSFG [PAPER_2116]; N_CH=SO_5-1 [PAPER_2128]; K_MEX per PAPER_1522; kappa per PAPER_2112; real vacuum-kernel primitives global",PAPER_1167;PAPER_1962;R320;PAPER_1521;PAPER_2116;PAPER_2128;PAPER_1522;PAPER_2112,XGEO_ROUTED_IDENTITY
SM_cabibbo_sin_primary,bsfg,"sin(theta_C) = (N_CH * K_MEX * beta_i) / (A_5 * Phi_res) [primary, 5-primitive triadic ratio form] || bsfg-native re-expression: generator D_BSFG: D_phys=2*D_BSFG/3 [PAPER_1962]; SO_5=2*(D_BSFG-1) [R320 triple-form]; D_crit=D_BSFG+2*SO_5 [PAPER_1521]; A_5=360/D_BSFG [PAPER_2116]; N_CH=SO_5-1 [PAPER_2128]; K_MEX per PAPER_1522; kappa per PAPER_2112; real vacuum-kernel primitives global",PAPER_1167;PAPER_1962;R320;PAPER_1521;PAPER_2116;PAPER_2128;PAPER_1522;PAPER_2112,XGEO_ROUTED_IDENTITY
SM_cabibbo_theta_deg_S326,bsfg,theta_C = arcsin((1 - Phi_res) * sqrt(F_TRZ * K_MEX * N_CH)) deg || bsfg-native re-expression: generator D_BSFG: D_phys=2*D_BSFG/3 [PAPER_1962]; SO_5=2*(D_BSFG-1) [R320 triple-form]; D_crit=D_BSFG+2*SO_5 [PAPER_1521]; A_5=360/D_BSFG [PAPER_2116]; N_CH=SO_5-1 [PAPER_2128]; K_MEX per PAPER_1522; kappa per PAPER_2112; real vacuum-kernel primitives global,PAPER_1167;PAPER_1962;R320;PAPER_1521;PAPER_2116;PAPER_2128;PAPER_1522;PAPER_2112,XGEO_ROUTED_IDENTITY
SM_delta_CP,bsfg,delta_CP = 1 + F_TRZ*K_MEX - F_TRZ*SSQ rad || bsfg-native re-expression: generator D_BSFG: D_phys=2*D_BSFG/3 [PAPER_1962]; SO_5=2*(D_BSFG-1) [R320 triple-form]; D_crit=D_BSFG+2*SO_5 [PAPER_1521]; A_5=360/D_BSFG [PAPER_2116]; N_CH=SO_5-1 [PAPER_2128]; K_MEX per PAPER_1522; kappa per PAPER_2112; real vacuum-kernel primitives global,PAPER_1209HH;PAPER_1962;R320;PAPER_1521;PAPER_2116;PAPER_2128;PAPER_1522;PAPER_2112,XGEO_ROUTED_IDENTITY
SM_eta_gamma_gamma_BR,bsfg,BR(eta->gg) = SO_5*K_MEX + SO_5 + N_CH - F_TRZ - F_TRZ*K_MEX - F_TRZ*Phi_res || bsfg-native re-expression: generator D_BSFG: D_phys=2*D_BSFG/3 [PAPER_1962]; SO_5=2*(D_BSFG-1) [R320 triple-form]; D_crit=D_BSFG+2*SO_5 [PAPER_1521]; A_5=360/D_BSFG [PAPER_2116]; N_CH=SO_5-1 [PAPER_2128]; K_MEX per PAPER_1522; kappa per PAPER_2112; real vacuum-kernel primitives global,PAPER_1209HH;PAPER_1962;R320;PAPER_1521;PAPER_2116;PAPER_2128;PAPER_1522;PAPER_2112,XGEO_ROUTED_IDENTITY
SM_generation_count,bsfg,n_gen = floor(log(1/2)/log(Phi_res_5_6)) = 3 || bsfg-native re-expression: generator D_BSFG: D_phys=2*D_BSFG/3 [PAPER_1962]; SO_5=2*(D_BSFG-1) [R320 triple-form]; D_crit=D_BSFG+2*SO_5 [PAPER_1521]; A_5=360/D_BSFG [PAPER_2116]; N_CH=SO_5-1 [PAPER_2128]; K_MEX per PAPER_1522; kappa per PAPER_2112; real vacuum-kernel primitives global,PAPER_1167;PAPER_1962;R320;PAPER_1521;PAPER_2116;PAPER_2128;PAPER_1522;PAPER_2112,XGEO_ROUTED_IDENTITY
SM_generation_count,d26,n_gen = floor(log(1/2)/log(Phi_res_5_6)) = 3 || d26-native re-expression: generator D_crit=26: D_phys=D_crit-22 with 22=T22 compactified moduli [PAPER_1927]; real vacuum-kernel primitives global,PAPER_1167;PAPER_1927,XGEO_ROUTED_IDENTITY
SM_higgs_lambda_S377,bsfg,lambda_H = F_TRZ*K_MEX*SSQ + F_TRZ^3*K_MEX*N_CH*SSQ || bsfg-native re-expression: generator D_BSFG: D_phys=2*D_BSFG/3 [PAPER_1962]; SO_5=2*(D_BSFG-1) [R320 triple-form]; D_crit=D_BSFG+2*SO_5 [PAPER_1521]; A_5=360/D_BSFG [PAPER_2116]; N_CH=SO_5-1 [PAPER_2128]; K_MEX per PAPER_1522; kappa per PAPER_2112; real vacuum-kernel primitives global,PAPER_1209HH;PAPER_1962;R320;PAPER_1521;PAPER_2116;PAPER_2128;PAPER_1522;PAPER_2112,XGEO_ROUTED_IDENTITY
SM_higgs_lambda_S441,bsfg,lambda_H = F_TRZ + F_TRZ^2*K_MEX + F_TRZ^2 - F_TRZ^3 || bsfg-native re-expression: generator D_BSFG: D_phys=2*D_BSFG/3 [PAPER_1962]; SO_5=2*(D_BSFG-1) [R320 triple-form]; D_crit=D_BSFG+2*SO_5 [PAPER_1521]; A_5=360/D_BSFG [PAPER_2116]; N_CH=SO_5-1 [PAPER_2128]; K_MEX per PAPER_1522; kappa per PAPER_2112; real vacuum-kernel primitives global,PAPER_1209HH;PAPER_1962;R320;PAPER_1521;PAPER_2116;PAPER_2128;PAPER_1522;PAPER_2112,XGEO_ROUTED_IDENTITY
SM_jarlskog_J,bsfg,J_CP = F_TRZ^5 * D_BSFG * SSQ * (1 - F_TRZ * K_MEX * SSQ) || bsfg-native re-expression: generator D_BSFG: D_phys=2*D_BSFG/3 [PAPER_1962]; SO_5=2*(D_BSFG-1) [R320 triple-form]; D_crit=D_BSFG+2*SO_5 [PAPER_1521]; A_5=360/D_BSFG [PAPER_2116]; N_CH=SO_5-1 [PAPER_2128]; K_MEX per PAPER_1522; kappa per PAPER_2112; real vacuum-kernel primitives global,PAPER_1209HH;PAPER_1962;R320;PAPER_1521;PAPER_2116;PAPER_2128;PAPER_1522;PAPER_2112,XGEO_ROUTED_IDENTITY
SM_mH_over_mt,bsfg,m_H/m_t = beta_i + F_TRZ*K_MEX*SSQ || bsfg-native re-expression: generator D_BSFG: D_phys=2*D_BSFG/3 [PAPER_1962]; SO_5=2*(D_BSFG-1) [R320 triple-form]; D_crit=D_BSFG+2*SO_5 [PAPER_1521]; A_5=360/D_BSFG [PAPER_2116]; N_CH=SO_5-1 [PAPER_2128]; K_MEX per PAPER_1522; kappa per PAPER_2112; real vacuum-kernel primitives global,PAPER_1209HH;PAPER_1962;R320;PAPER_1521;PAPER_2116;PAPER_2128;PAPER_1522;PAPER_2112,XGEO_ROUTED_IDENTITY
SM_mt_over_mW,bsfg,m_t/m_W = K_MEX + F_TRZ*SSQ + F_TRZ^2*Phi_res || bsfg-native re-expression: generator D_BSFG: D_phys=2*D_BSFG/3 [PAPER_1962]; SO_5=2*(D_BSFG-1) [R320 triple-form]; D_crit=D_BSFG+2*SO_5 [PAPER_1521]; A_5=360/D_BSFG [PAPER_2116]; N_CH=SO_5-1 [PAPER_2128]; K_MEX per PAPER_1522; kappa per PAPER_2112; real vacuum-kernel primitives global,PAPER_1209HH;PAPER_1962;R320;PAPER_1521;PAPER_2116;PAPER_2128;PAPER_1522;PAPER_2112,XGEO_ROUTED_IDENTITY
SM_proton_g_factor,dpm,"g_p = D_BSFG - Phi_res + F_TRZ*D_PHYS || dpm-native re-expression: generators SO_5=rho_UA/rho_SCm + D_crit=26 caduceus pinch count [PAPER_646], D_phys via magic 8=2*D_phys [PAPER_1203]; D_BSFG=D_crit-2*SO_5 [PAPER_1521]; A_5=360/D_BSFG [PAPER_2116]; N_CH=SO_5-1 [PAPER_2128]; K_MEX per PAPER_1522; kappa per PAPER_2112; real vacuum-kernel primitives native to SCm manifold",PAPER_1209HH;PAPER_646;PAPER_1203;PAPER_1521;PAPER_2116;PAPER_2128;PAPER_1522;PAPER_2112,XGEO_ROUTED_IDENTITY
SM_theta_23_atm,bsfg,sin^2(theta_23) = SSQ * (1 - F_TRZ^2 * D_PHYS) || bsfg-native re-expression: generator D_BSFG: D_phys=2*D_BSFG/3 [PAPER_1962]; SO_5=2*(D_BSFG-1) [R320 triple-form]; D_crit=D_BSFG+2*SO_5 [PAPER_1521]; A_5=360/D_BSFG [PAPER_2116]; N_CH=SO_5-1 [PAPER_2128]; K_MEX per PAPER_1522; kappa per PAPER_2112; real vacuum-kernel primitives global,PAPER_1209HH;PAPER_1962;R320;PAPER_1521;PAPER_2116;PAPER_2128;PAPER_1522;PAPER_2112,XGEO_ROUTED_IDENTITY
SM_theta_23_atm,d26,sin^2(theta_23) = SSQ * (1 - F_TRZ^2 * D_PHYS) || d26-native re-expression: generator D_crit=26: D_phys=D_crit-22 with 22=T22 compactified moduli [PAPER_1927]; real vacuum-kernel primitives global,PAPER_1209HH;PAPER_1927,XGEO_ROUTED_IDENTITY
SM_top_yukawa_S376,bsfg,y_t = 1 - F_TRZ^2 (at m_t scale) || bsfg-native re-expression: generator D_BSFG: D_phys=2*D_BSFG/3 [PAPER_1962]; SO_5=2*(D_BSFG-1) [R320 triple-form]; D_crit=D_BSFG+2*SO_5 [PAPER_1521]; A_5=360/D_BSFG [PAPER_2116]; N_CH=SO_5-1 [PAPER_2128]; K_MEX per PAPER_1522; kappa per PAPER_2112; real vacuum-kernel primitives global,PAPER_1209HH;PAPER_1962;R320;PAPER_1521;PAPER_2116;PAPER_2128;PAPER_1522;PAPER_2112,XGEO_ROUTED_IDENTITY
SM_top_yukawa_S376,d26,y_t = 1 - F_TRZ^2 (at m_t scale) || d26-native re-expression: generator D_crit=26: D_phys=D_crit-22 with 22=T22 compactified moduli [PAPER_1927]; real vacuum-kernel primitives global,PAPER_1209HH;PAPER_1927,XGEO_ROUTED_IDENTITY
SM_top_yukawa_S440,bsfg,y_t = Phi_res + F_TRZ + F_TRZ^2 - F_TRZ^3*K_MEX || bsfg-native re-expression: generator D_BSFG: D_phys=2*D_BSFG/3 [PAPER_1962]; SO_5=2*(D_BSFG-1) [R320 triple-form]; D_crit=D_BSFG+2*SO_5 [PAPER_1521]; A_5=360/D_BSFG [PAPER_2116]; N_CH=SO_5-1 [PAPER_2128]; K_MEX per PAPER_1522; kappa per PAPER_2112; real vacuum-kernel primitives global,PAPER_1209HH;PAPER_1962;R320;PAPER_1521;PAPER_2116;PAPER_2128;PAPER_1522;PAPER_2112,XGEO_ROUTED_IDENTITY
SM_wimp_exponent,bsfg,WIMP exponent = SO_5*D_PHYS + D_PHYS + K_MEX - F_TRZ*Phi_res || bsfg-native re-expression: generator D_BSFG: D_phys=2*D_BSFG/3 [PAPER_1962]; SO_5=2*(D_BSFG-1) [R320 triple-form]; D_crit=D_BSFG+2*SO_5 [PAPER_1521]; A_5=360/D_BSFG [PAPER_2116]; N_CH=SO_5-1 [PAPER_2128]; K_MEX per PAPER_1522; kappa per PAPER_2112; real vacuum-kernel primitives global,PAPER_1209HH;PAPER_1962;R320;PAPER_1521;PAPER_2116;PAPER_2128;PAPER_1522;PAPER_2112,XGEO_ROUTED_IDENTITY
alpha_inverse,bsfg,1/alpha = A_5 * K_MEX + 1/(F_TRZ * Phi_res_5_6) = 125 + 12 = 137 || bsfg-native re-expression: generator D_BSFG: D_phys=2*D_BSFG/3 [PAPER_1962]; SO_5=2*(D_BSFG-1) [R320 triple-form]; D_crit=D_BSFG+2*SO_5 [PAPER_1521]; A_5=360/D_BSFG [PAPER_2116]; N_CH=SO_5-1 [PAPER_2128]; K_MEX per PAPER_1522; kappa per PAPER_2112; real vacuum-kernel primitives global,PAPER_1167;PAPER_1962;R320;PAPER_1521;PAPER_2116;PAPER_2128;PAPER_1522;PAPER_2112,XGEO_ROUTED_IDENTITY
alpha_inverse,dpm,"1/alpha = A_5 * K_MEX + 1/(F_TRZ * Phi_res_5_6) = 125 + 12 = 137 || dpm-native re-expression: generators SO_5=rho_UA/rho_SCm + D_crit=26 caduceus pinch count [PAPER_646], D_phys via magic 8=2*D_phys [PAPER_1203]; D_BSFG=D_crit-2*SO_5 [PAPER_1521]; A_5=360/D_BSFG [PAPER_2116]; N_CH=SO_5-1 [PAPER_2128]; K_MEX per PAPER_1522; kappa per PAPER_2112; real vacuum-kernel primitives native to SCm manifold",PAPER_1167;PAPER_646;PAPER_1203;PAPER_1521;PAPER_2116;PAPER_2128;PAPER_1522;PAPER_2112,XGEO_ROUTED_IDENTITY
alpha_s_M_Z,bsfg,alpha_s(M_Z) = 1/(K_MEX*D_phys + F_TRZ) = 1/8.4333 || bsfg-native re-expression: generator D_BSFG: D_phys=2*D_BSFG/3 [PAPER_1962]; SO_5=2*(D_BSFG-1) [R320 triple-form]; D_crit=D_BSFG+2*SO_5 [PAPER_1521]; A_5=360/D_BSFG [PAPER_2116]; N_CH=SO_5-1 [PAPER_2128]; K_MEX per PAPER_1522; kappa per PAPER_2112; real vacuum-kernel primitives global,PAPER_1167;PAPER_1962;R320;PAPER_1521;PAPER_2116;PAPER_2128;PAPER_1522;PAPER_2112,XGEO_ROUTED_IDENTITY
astro_BH_entropy_coeff,bsfg,S/A = F_TRZ*K_MEX + F_TRZ^2*D_PHYS || bsfg-native re-expression: generator D_BSFG: D_phys=2*D_BSFG/3 [PAPER_1962]; SO_5=2*(D_BSFG-1) [R320 triple-form]; D_crit=D_BSFG+2*SO_5 [PAPER_1521]; A_5=360/D_BSFG [PAPER_2116]; N_CH=SO_5-1 [PAPER_2128]; K_MEX per PAPER_1522; kappa per PAPER_2112; real vacuum-kernel primitives global,PAPER_594;PAPER_1962;R320;PAPER_1521;PAPER_2116;PAPER_2128;PAPER_1522;PAPER_2112,XGEO_ROUTED_IDENTITY
astro_BH_entropy_coeff,dpm,"S/A = F_TRZ*K_MEX + F_TRZ^2*D_PHYS || dpm-native re-expression: generators SO_5=rho_UA/rho_SCm + D_crit=26 caduceus pinch count [PAPER_646], D_phys via magic 8=2*D_phys [PAPER_1203]; D_BSFG=D_crit-2*SO_5 [PAPER_1521]; A_5=360/D_BSFG [PAPER_2116]; N_CH=SO_5-1 [PAPER_2128]; K_MEX per PAPER_1522; kappa per PAPER_2112; real vacuum-kernel primitives native to SCm manifold",PAPER_594;PAPER_646;PAPER_1203;PAPER_1521;PAPER_2116;PAPER_2128;PAPER_1522;PAPER_2112,XGEO_ROUTED_IDENTITY
astro_Chandrasekhar_mass,bsfg,M_Ch = F_TRZ*D_PHYS^2*(1-F_TRZ) M_sun || bsfg-native re-expression: generator D_BSFG: D_phys=2*D_BSFG/3 [PAPER_1962]; SO_5=2*(D_BSFG-1) [R320 triple-form]; D_crit=D_BSFG+2*SO_5 [PAPER_1521]; A_5=360/D_BSFG [PAPER_2116]; N_CH=SO_5-1 [PAPER_2128]; K_MEX per PAPER_1522; kappa per PAPER_2112; real vacuum-kernel primitives global,PAPER_1149;PAPER_1962;R320;PAPER_1521;PAPER_2116;PAPER_2128;PAPER_1522;PAPER_2112,XGEO_ROUTED_IDENTITY
astro_Chandrasekhar_mass,dpm,"M_Ch = F_TRZ*D_PHYS^2*(1-F_TRZ) M_sun || dpm-native re-expression: generators SO_5=rho_UA/rho_SCm + D_crit=26 caduceus pinch count [PAPER_646], D_phys via magic 8=2*D_phys [PAPER_1203]; D_BSFG=D_crit-2*SO_5 [PAPER_1521]; A_5=360/D_BSFG [PAPER_2116]; N_CH=SO_5-1 [PAPER_2128]; K_MEX per PAPER_1522; kappa per PAPER_2112; real vacuum-kernel primitives native to SCm manifold",PAPER_1149;PAPER_646;PAPER_1203;PAPER_1521;PAPER_2116;PAPER_2128;PAPER_1522;PAPER_2112,XGEO_ROUTED_IDENTITY
astro_Chandrasekhar_mass,d26,M_Ch = F_TRZ*D_PHYS^2*(1-F_TRZ) M_sun || d26-native re-expression: generator D_crit=26: D_phys=D_crit-22 with 22=T22 compactified moduli [PAPER_1927]; real vacuum-kernel primitives global,PAPER_1149;PAPER_1927,XGEO_ROUTED_IDENTITY
astro_ISCO_r_M,dpm,"r_ISCO/M = D_BSFG = 6 EXACT || dpm-native re-expression: generators SO_5=rho_UA/rho_SCm + D_crit=26 caduceus pinch count [PAPER_646], D_phys via magic 8=2*D_phys [PAPER_1203]; D_BSFG=D_crit-2*SO_5 [PAPER_1521]; A_5=360/D_BSFG [PAPER_2116]; N_CH=SO_5-1 [PAPER_2128]; K_MEX per PAPER_1522; kappa per PAPER_2112; real vacuum-kernel primitives native to SCm manifold",PAPER_1149;PAPER_646;PAPER_1203;PAPER_1521;PAPER_2116;PAPER_2128;PAPER_1522;PAPER_2112,XGEO_ROUTED_IDENTITY
astro_NS_compactness,bsfg,GM/(Rc^2) = K_MEX*F_TRZ + F_TRZ^3*D_PHYS*SSQ || bsfg-native re-expression: generator D_BSFG: D_phys=2*D_BSFG/3 [PAPER_1962]; SO_5=2*(D_BSFG-1) [R320 triple-form]; D_crit=D_BSFG+2*SO_5 [PAPER_1521]; A_5=360/D_BSFG [PAPER_2116]; N_CH=SO_5-1 [PAPER_2128]; K_MEX per PAPER_1522; kappa per PAPER_2112; real vacuum-kernel primitives global,PAPER_1149;PAPER_1962;R320;PAPER_1521;PAPER_2116;PAPER_2128;PAPER_1522;PAPER_2112,XGEO_ROUTED_IDENTITY
astro_NS_compactness,dpm,"GM/(Rc^2) = K_MEX*F_TRZ + F_TRZ^3*D_PHYS*SSQ || dpm-native re-expression: generators SO_5=rho_UA/rho_SCm + D_crit=26 caduceus pinch count [PAPER_646], D_phys via magic 8=2*D_phys [PAPER_1203]; D_BSFG=D_crit-2*SO_5 [PAPER_1521]; A_5=360/D_BSFG [PAPER_2116]; N_CH=SO_5-1 [PAPER_2128]; K_MEX per PAPER_1522; kappa per PAPER_2112; real vacuum-kernel primitives native to SCm manifold",PAPER_1149;PAPER_646;PAPER_1203;PAPER_1521;PAPER_2116;PAPER_2128;PAPER_1522;PAPER_2112,XGEO_ROUTED_IDENTITY
astro_Salpeter_IMF_alpha,bsfg,alpha = K_MEX + Phi_res - F_TRZ*D_BSFG + F_TRZ^2*(D_PHYS-Phi_res) || bsfg-native re-expression: generator D_BSFG: D_phys=2*D_BSFG/3 [PAPER_1962]; SO_5=2*(D_BSFG-1) [R320 triple-form]; D_crit=D_BSFG+2*SO_5 [PAPER_1521]; A_5=360/D_BSFG [PAPER_2116]; N_CH=SO_5-1 [PAPER_2128]; K_MEX per PAPER_1522; kappa per PAPER_2112; real vacuum-kernel primitives global,PAPER_1149;PAPER_1962;R320;PAPER_1521;PAPER_2116;PAPER_2128;PAPER_1522;PAPER_2112,XGEO_ROUTED_IDENTITY
astro_Solar_Schwarzschild_ratio,dpm,"R_s/R_sun = F_TRZ^6*D_PHYS*(1+F_TRZ*SSQ) || dpm-native re-expression: generators SO_5=rho_UA/rho_SCm + D_crit=26 caduceus pinch count [PAPER_646], D_phys via magic 8=2*D_phys [PAPER_1203]; D_BSFG=D_crit-2*SO_5 [PAPER_1521]; A_5=360/D_BSFG [PAPER_2116]; N_CH=SO_5-1 [PAPER_2128]; K_MEX per PAPER_1522; kappa per PAPER_2112; real vacuum-kernel primitives native to SCm manifold",PAPER_1149;PAPER_646;PAPER_1203;PAPER_1521;PAPER_2116;PAPER_2128;PAPER_1522;PAPER_2112,XGEO_ROUTED_IDENTITY
astro_Solar_Schwarzschild_ratio,d26,R_s/R_sun = F_TRZ^6*D_PHYS*(1+F_TRZ*SSQ) || d26-native re-expression: generator D_crit=26: D_phys=D_crit-22 with 22=T22 compactified moduli [PAPER_1927]; real vacuum-kernel primitives global,PAPER_1149;PAPER_1927,XGEO_ROUTED_IDENTITY
astro_TOV_max_mass,bsfg,M_TOV = K_MEX + F_TRZ*SSQ + F_TRZ^2*SSQ*(D_PHYS-Phi_res) || bsfg-native re-expression: generator D_BSFG: D_phys=2*D_BSFG/3 [PAPER_1962]; SO_5=2*(D_BSFG-1) [R320 triple-form]; D_crit=D_BSFG+2*SO_5 [PAPER_1521]; A_5=360/D_BSFG [PAPER_2116]; N_CH=SO_5-1 [PAPER_2128]; K_MEX per PAPER_1522; kappa per PAPER_2112; real vacuum-kernel primitives global,PAPER_1149;PAPER_1962;R320;PAPER_1521;PAPER_2116;PAPER_2128;PAPER_1522;PAPER_2112,XGEO_ROUTED_IDENTITY
astro_TOV_max_mass,dpm,"M_TOV = K_MEX + F_TRZ*SSQ + F_TRZ^2*SSQ*(D_PHYS-Phi_res) || dpm-native re-expression: generators SO_5=rho_UA/rho_SCm + D_crit=26 caduceus pinch count [PAPER_646], D_phys via magic 8=2*D_phys [PAPER_1203]; D_BSFG=D_crit-2*SO_5 [PAPER_1521]; A_5=360/D_BSFG [PAPER_2116]; N_CH=SO_5-1 [PAPER_2128]; K_MEX per PAPER_1522; kappa per PAPER_2112; real vacuum-kernel primitives native to SCm manifold",PAPER_1149;PAPER_646;PAPER_1203;PAPER_1521;PAPER_2116;PAPER_2128;PAPER_1522;PAPER_2112,XGEO_ROUTED_IDENTITY
astro_WD_radius_mass_exponent,bsfg,exponent = -Phi_res*F_TRZ*D_PHYS = -1/3 EXACT || bsfg-native re-expression: generator D_BSFG: D_phys=2*D_BSFG/3 [PAPER_1962]; SO_5=2*(D_BSFG-1) [R320 triple-form]; D_crit=D_BSFG+2*SO_5 [PAPER_1521]; A_5=360/D_BSFG [PAPER_2116]; N_CH=SO_5-1 [PAPER_2128]; K_MEX per PAPER_1522; kappa per PAPER_2112; real vacuum-kernel primitives global,PAPER_1149;PAPER_1962;R320;PAPER_1521;PAPER_2116;PAPER_2128;PAPER_1522;PAPER_2112,XGEO_ROUTED_IDENTITY
astro_WD_radius_mass_exponent,d26,exponent = -Phi_res*F_TRZ*D_PHYS = -1/3 EXACT || d26-native re-expression: generator D_crit=26: D_phys=D_crit-22 with 22=T22 compactified moduli [PAPER_1927]; real vacuum-kernel primitives global,PAPER_1149;PAPER_1927,XGEO_ROUTED_IDENTITY
astro_grav_binding_coeff,bsfg,U_grav = SSQ + F_TRZ^2*(D_PHYS-1) = 3/5 EXACT || bsfg-native re-expression: generator D_BSFG: D_phys=2*D_BSFG/3 [PAPER_1962]; SO_5=2*(D_BSFG-1) [R320 triple-form]; D_crit=D_BSFG+2*SO_5 [PAPER_1521]; A_5=360/D_BSFG [PAPER_2116]; N_CH=SO_5-1 [PAPER_2128]; K_MEX per PAPER_1522; kappa per PAPER_2112; real vacuum-kernel primitives global,PAPER_1149;PAPER_1962;R320;PAPER_1521;PAPER_2116;PAPER_2128;PAPER_1522;PAPER_2112,XGEO_ROUTED_IDENTITY
astro_grav_binding_coeff,d26,U_grav = SSQ + F_TRZ^2*(D_PHYS-1) = 3/5 EXACT || d26-native re-expression: generator D_crit=26: D_phys=D_crit-22 with 22=T22 compactified moduli [PAPER_1927]; real vacuum-kernel primitives global,PAPER_1149;PAPER_1927,XGEO_ROUTED_IDENTITY
astro_photon_sphere_r_M,dpm,"r_ph/M = K_MEX + Phi_res + F_TRZ || dpm-native re-expression: generators SO_5=rho_UA/rho_SCm + D_crit=26 caduceus pinch count [PAPER_646], D_phys via magic 8=2*D_phys [PAPER_1203]; D_BSFG=D_crit-2*SO_5 [PAPER_1521]; A_5=360/D_BSFG [PAPER_2116]; N_CH=SO_5-1 [PAPER_2128]; K_MEX per PAPER_1522; kappa per PAPER_2112; real vacuum-kernel primitives native to SCm manifold",PAPER_1149;PAPER_646;PAPER_1203;PAPER_1521;PAPER_2116;PAPER_2128;PAPER_1522;PAPER_2112,XGEO_ROUTED_IDENTITY
bertrand_uniform,bsfg,P = 1/D_phys = 1/4 EXACT (random-endpoint Bertrand) || bsfg-native re-expression: generator D_BSFG: D_phys=2*D_BSFG/3 [PAPER_1962]; SO_5=2*(D_BSFG-1) [R320 triple-form]; D_crit=D_BSFG+2*SO_5 [PAPER_1521]; A_5=360/D_BSFG [PAPER_2116]; N_CH=SO_5-1 [PAPER_2128]; K_MEX per PAPER_1522; kappa per PAPER_2112; real vacuum-kernel primitives global,PAPER_1776;PAPER_1962;R320;PAPER_1521;PAPER_2116;PAPER_2128;PAPER_1522;PAPER_2112,XGEO_ROUTED_IDENTITY
bertrand_uniform,dpm,"P = 1/D_phys = 1/4 EXACT (random-endpoint Bertrand) || dpm-native re-expression: generators SO_5=rho_UA/rho_SCm + D_crit=26 caduceus pinch count [PAPER_646], D_phys via magic 8=2*D_phys [PAPER_1203]; D_BSFG=D_crit-2*SO_5 [PAPER_1521]; A_5=360/D_BSFG [PAPER_2116]; N_CH=SO_5-1 [PAPER_2128]; K_MEX per PAPER_1522; kappa per PAPER_2112; real vacuum-kernel primitives native to SCm manifold",PAPER_1776;PAPER_646;PAPER_1203;PAPER_1521;PAPER_2116;PAPER_2128;PAPER_1522;PAPER_2112,XGEO_ROUTED_IDENTITY
bio_DNA_pitch_bp_per_turn,bsfg,B-DNA helical pitch || bsfg-native re-expression: generator D_BSFG: D_phys=2*D_BSFG/3 [PAPER_1962]; SO_5=2*(D_BSFG-1) [R320 triple-form]; D_crit=D_BSFG+2*SO_5 [PAPER_1521]; A_5=360/D_BSFG [PAPER_2116]; N_CH=SO_5-1 [PAPER_2128]; K_MEX per PAPER_1522; kappa per PAPER_2112; real vacuum-kernel primitives global,PAPER_1167;PAPER_1962;R320;PAPER_1521;PAPER_2116;PAPER_2128;PAPER_1522;PAPER_2112,XGEO_ROUTED_IDENTITY
bio_DNA_pitch_bp_per_turn,dpm,"B-DNA helical pitch || dpm-native re-expression: generators SO_5=rho_UA/rho_SCm + D_crit=26 caduceus pinch count [PAPER_646], D_phys via magic 8=2*D_phys [PAPER_1203]; D_BSFG=D_crit-2*SO_5 [PAPER_1521]; A_5=360/D_BSFG [PAPER_2116]; N_CH=SO_5-1 [PAPER_2128]; K_MEX per PAPER_1522; kappa per PAPER_2112; real vacuum-kernel primitives native to SCm manifold",PAPER_1167;PAPER_646;PAPER_1203;PAPER_1521;PAPER_2116;PAPER_2128;PAPER_1522;PAPER_2112,XGEO_ROUTED_IDENTITY
bio_Kleiber_exponent,bsfg,Kleiber = Phi_res - F_TRZ*Phi_res = 3/4 EXACT || bsfg-native re-expression: generator D_BSFG: D_phys=2*D_BSFG/3 [PAPER_1962]; SO_5=2*(D_BSFG-1) [R320 triple-form]; D_crit=D_BSFG+2*SO_5 [PAPER_1521]; A_5=360/D_BSFG [PAPER_2116]; N_CH=SO_5-1 [PAPER_2128]; K_MEX per PAPER_1522; kappa per PAPER_2112; real vacuum-kernel primitives global,PAPER_1167;PAPER_1962;R320;PAPER_1521;PAPER_2116;PAPER_2128;PAPER_1522;PAPER_2112,XGEO_ROUTED_IDENTITY
bio_Kleiber_exponent,d26,Kleiber = Phi_res - F_TRZ*Phi_res = 3/4 EXACT || d26-native re-expression: generator D_crit=26: D_phys=D_crit-22 with 22=T22 compactified moduli [PAPER_1927]; real vacuum-kernel primitives global,PAPER_1167;PAPER_1927,XGEO_ROUTED_IDENTITY
bio_telomere_TTAGGG_length,dpm,"TTAGGG repeat = D_BSFG = 6 EXACT || dpm-native re-expression: generators SO_5=rho_UA/rho_SCm + D_crit=26 caduceus pinch count [PAPER_646], D_phys via magic 8=2*D_phys [PAPER_1203]; D_BSFG=D_crit-2*SO_5 [PAPER_1521]; A_5=360/D_BSFG [PAPER_2116]; N_CH=SO_5-1 [PAPER_2128]; K_MEX per PAPER_1522; kappa per PAPER_2112; real vacuum-kernel primitives native to SCm manifold",PAPER_1167;PAPER_646;PAPER_1203;PAPER_1521;PAPER_2116;PAPER_2128;PAPER_1522;PAPER_2112,XGEO_ROUTED_IDENTITY
flat_rotation_beta_i,bsfg,beta_i = 0.6029 in F_U_Bi_i master integral (resolves DM via UQFF buoyancy) || bsfg-native re-expression: generator D_BSFG: D_phys=2*D_BSFG/3 [PAPER_1962]; SO_5=2*(D_BSFG-1) [R320 triple-form]; D_crit=D_BSFG+2*SO_5 [PAPER_1521]; A_5=360/D_BSFG [PAPER_2116]; N_CH=SO_5-1 [PAPER_2128]; K_MEX per PAPER_1522; kappa per PAPER_2112; real vacuum-kernel primitives global,PAPER_1756;PAPER_1962;R320;PAPER_1521;PAPER_2116;PAPER_2128;PAPER_1522;PAPER_2112,XGEO_ROUTED_IDENTITY
flat_rotation_beta_i,dpm,"beta_i = 0.6029 in F_U_Bi_i master integral (resolves DM via UQFF buoyancy) || dpm-native re-expression: generators SO_5=rho_UA/rho_SCm + D_crit=26 caduceus pinch count [PAPER_646], D_phys via magic 8=2*D_phys [PAPER_1203]; D_BSFG=D_crit-2*SO_5 [PAPER_1521]; A_5=360/D_BSFG [PAPER_2116]; N_CH=SO_5-1 [PAPER_2128]; K_MEX per PAPER_1522; kappa per PAPER_2112; real vacuum-kernel primitives native to SCm manifold",PAPER_1756;PAPER_646;PAPER_1203;PAPER_1521;PAPER_2116;PAPER_2128;PAPER_1522;PAPER_2112,XGEO_ROUTED_IDENTITY
flat_rotation_beta_i,d26,beta_i = 0.6029 in F_U_Bi_i master integral (resolves DM via UQFF buoyancy) || d26-native re-expression: generator D_crit=26: D_phys=D_crit-22 with 22=T22 compactified moduli [PAPER_1927]; real vacuum-kernel primitives global,PAPER_1756;PAPER_1927,XGEO_ROUTED_IDENTITY
geo_brunt_vaisala_N2_s2,bsfg,N^2 = F_TRZ^4 EXACT || bsfg-native re-expression: generator D_BSFG: D_phys=2*D_BSFG/3 [PAPER_1962]; SO_5=2*(D_BSFG-1) [R320 triple-form]; D_crit=D_BSFG+2*SO_5 [PAPER_1521]; A_5=360/D_BSFG [PAPER_2116]; N_CH=SO_5-1 [PAPER_2128]; K_MEX per PAPER_1522; kappa per PAPER_2112; real vacuum-kernel primitives global,PAPER_1167;PAPER_1962;R320;PAPER_1521;PAPER_2116;PAPER_2128;PAPER_1522;PAPER_2112,XGEO_ROUTED_IDENTITY
geo_brunt_vaisala_N2_s2,dpm,"N^2 = F_TRZ^4 EXACT || dpm-native re-expression: generators SO_5=rho_UA/rho_SCm + D_crit=26 caduceus pinch count [PAPER_646], D_phys via magic 8=2*D_phys [PAPER_1203]; D_BSFG=D_crit-2*SO_5 [PAPER_1521]; A_5=360/D_BSFG [PAPER_2116]; N_CH=SO_5-1 [PAPER_2128]; K_MEX per PAPER_1522; kappa per PAPER_2112; real vacuum-kernel primitives native to SCm manifold",PAPER_1167;PAPER_646;PAPER_1203;PAPER_1521;PAPER_2116;PAPER_2128;PAPER_1522;PAPER_2112,XGEO_ROUTED_IDENTITY
geo_brunt_vaisala_N2_s2,d26,N^2 = F_TRZ^4 EXACT || d26-native re-expression: generator D_crit=26: D_phys=D_crit-22 with 22=T22 compactified moduli [PAPER_1927]; real vacuum-kernel primitives global,PAPER_1167;PAPER_1927,XGEO_ROUTED_IDENTITY
geo_magnetopause_R_E,dpm,"R_mp = SO_5 R_E = 10 EXACT || dpm-native re-expression: generators SO_5=rho_UA/rho_SCm + D_crit=26 caduceus pinch count [PAPER_646], D_phys via magic 8=2*D_phys [PAPER_1203]; D_BSFG=D_crit-2*SO_5 [PAPER_1521]; A_5=360/D_BSFG [PAPER_2116]; N_CH=SO_5-1 [PAPER_2128]; K_MEX per PAPER_1522; kappa per PAPER_2112; real vacuum-kernel primitives native to SCm manifold",PAPER_1167;PAPER_646;PAPER_1203;PAPER_1521;PAPER_2116;PAPER_2128;PAPER_1522;PAPER_2112,XGEO_ROUTED_IDENTITY
higgs_vev,bsfg,v_Higgs = A_5 * (D_phys + F_TRZ) = 60 * 4.1 = 246 GeV || bsfg-native re-expression: generator D_BSFG: D_phys=2*D_BSFG/3 [PAPER_1962]; SO_5=2*(D_BSFG-1) [R320 triple-form]; D_crit=D_BSFG+2*SO_5 [PAPER_1521]; A_5=360/D_BSFG [PAPER_2116]; N_CH=SO_5-1 [PAPER_2128]; K_MEX per PAPER_1522; kappa per PAPER_2112; real vacuum-kernel primitives global,PAPER_1636;PAPER_1962;R320;PAPER_1521;PAPER_2116;PAPER_2128;PAPER_1522;PAPER_2112,XGEO_ROUTED_IDENTITY
m_W_alt,bsfg,m_W = A_5 + A_5/3 = 60 + 20 = 80 GeV || bsfg-native re-expression: generator D_BSFG: D_phys=2*D_BSFG/3 [PAPER_1962]; SO_5=2*(D_BSFG-1) [R320 triple-form]; D_crit=D_BSFG+2*SO_5 [PAPER_1521]; A_5=360/D_BSFG [PAPER_2116]; N_CH=SO_5-1 [PAPER_2128]; K_MEX per PAPER_1522; kappa per PAPER_2112; real vacuum-kernel primitives global,PAPER_1686;PAPER_1962;R320;PAPER_1521;PAPER_2116;PAPER_2128;PAPER_1522;PAPER_2112,XGEO_ROUTED_IDENTITY
mp_me_ratio,dpm,"m_p/m_e = D_BSFG * pi^5 || dpm-native re-expression: generators SO_5=rho_UA/rho_SCm + D_crit=26 caduceus pinch count [PAPER_646], D_phys via magic 8=2*D_phys [PAPER_1203]; D_BSFG=D_crit-2*SO_5 [PAPER_1521]; A_5=360/D_BSFG [PAPER_2116]; N_CH=SO_5-1 [PAPER_2128]; K_MEX per PAPER_1522; kappa per PAPER_2112; real vacuum-kernel primitives native to SCm manifold",PAPER_1167;PAPER_646;PAPER_1203;PAPER_1521;PAPER_2116;PAPER_2128;PAPER_1522;PAPER_2112,XGEO_ROUTED_IDENTITY
n_s_scalar_tilt,bsfg,n_s = 1 - alpha_inv^-1 * (D_phys + Phi_res_5_6) = 1 - (1/137)(4 + 5/6) || bsfg-native re-expression: generator D_BSFG: D_phys=2*D_BSFG/3 [PAPER_1962]; SO_5=2*(D_BSFG-1) [R320 triple-form]; D_crit=D_BSFG+2*SO_5 [PAPER_1521]; A_5=360/D_BSFG [PAPER_2116]; N_CH=SO_5-1 [PAPER_2128]; K_MEX per PAPER_1522; kappa per PAPER_2112; real vacuum-kernel primitives global,PAPER_1736;PAPER_1962;R320;PAPER_1521;PAPER_2116;PAPER_2128;PAPER_1522;PAPER_2112,XGEO_ROUTED_IDENTITY
n_s_scalar_tilt,dpm,"n_s = 1 - alpha_inv^-1 * (D_phys + Phi_res_5_6) = 1 - (1/137)(4 + 5/6) || dpm-native re-expression: generators SO_5=rho_UA/rho_SCm + D_crit=26 caduceus pinch count [PAPER_646], D_phys via magic 8=2*D_phys [PAPER_1203]; D_BSFG=D_crit-2*SO_5 [PAPER_1521]; A_5=360/D_BSFG [PAPER_2116]; N_CH=SO_5-1 [PAPER_2128]; K_MEX per PAPER_1522; kappa per PAPER_2112; real vacuum-kernel primitives native to SCm manifold",PAPER_1736;PAPER_646;PAPER_1203;PAPER_1521;PAPER_2116;PAPER_2128;PAPER_1522;PAPER_2112,XGEO_ROUTED_IDENTITY
omega_lambda_6_5_SSQ,bsfg,Omega_Lambda = (6/5) * SSQ = 6/5 * 0.57 = 0.684 || bsfg-native re-expression: generator D_BSFG: D_phys=2*D_BSFG/3 [PAPER_1962]; SO_5=2*(D_BSFG-1) [R320 triple-form]; D_crit=D_BSFG+2*SO_5 [PAPER_1521]; A_5=360/D_BSFG [PAPER_2116]; N_CH=SO_5-1 [PAPER_2128]; K_MEX per PAPER_1522; kappa per PAPER_2112; real vacuum-kernel primitives global,PAPER_1696;PAPER_1962;R320;PAPER_1521;PAPER_2116;PAPER_2128;PAPER_1522;PAPER_2112,XGEO_ROUTED_IDENTITY
omega_lambda_6_5_SSQ,d26,Omega_Lambda = (6/5) * SSQ = 6/5 * 0.57 = 0.684 || d26-native re-expression: generator D_crit=26: D_phys=D_crit-22 with 22=T22 compactified moduli [PAPER_1927]; real vacuum-kernel primitives global,PAPER_1696;PAPER_1927,XGEO_ROUTED_IDENTITY
periodic_table_periods,dpm,"n_periods_stable = D_BSFG + 1 = 7 || dpm-native re-expression: generators SO_5=rho_UA/rho_SCm + D_crit=26 caduceus pinch count [PAPER_646], D_phys via magic 8=2*D_phys [PAPER_1203]; D_BSFG=D_crit-2*SO_5 [PAPER_1521]; A_5=360/D_BSFG [PAPER_2116]; N_CH=SO_5-1 [PAPER_2128]; K_MEX per PAPER_1522; kappa per PAPER_2112; real vacuum-kernel primitives native to SCm manifold",PAPER_1167;PAPER_646;PAPER_1203;PAPER_1521;PAPER_2116;PAPER_2128;PAPER_1522;PAPER_2112,XGEO_ROUTED_IDENTITY
quantum_supremacy_qubits,bsfg,n_qubits >= A_5 = 60 (Sycamore reached 53) || bsfg-native re-expression: generator D_BSFG: D_phys=2*D_BSFG/3 [PAPER_1962]; SO_5=2*(D_BSFG-1) [R320 triple-form]; D_crit=D_BSFG+2*SO_5 [PAPER_1521]; A_5=360/D_BSFG [PAPER_2116]; N_CH=SO_5-1 [PAPER_2128]; K_MEX per PAPER_1522; kappa per PAPER_2112; real vacuum-kernel primitives global,PAPER_1655;PAPER_1962;R320;PAPER_1521;PAPER_2116;PAPER_2128;PAPER_1522;PAPER_2112,XGEO_ROUTED_IDENTITY
stefan_boltzmann_prefactor,bsfg,sigma = pi^2 k_B^4 / (A_5 * hbar^3 * c^2); A_5 = 60 || bsfg-native re-expression: generator D_BSFG: D_phys=2*D_BSFG/3 [PAPER_1962]; SO_5=2*(D_BSFG-1) [R320 triple-form]; D_crit=D_BSFG+2*SO_5 [PAPER_1521]; A_5=360/D_BSFG [PAPER_2116]; N_CH=SO_5-1 [PAPER_2128]; K_MEX per PAPER_1522; kappa per PAPER_2112; real vacuum-kernel primitives global,PAPER_1167;PAPER_1962;R320;PAPER_1521;PAPER_2116;PAPER_2128;PAPER_1522;PAPER_2112,XGEO_ROUTED_IDENTITY
surface_code_threshold,bsfg,p_th = F_TRZ^2 = (1/10)^2 = 1/100 = 0.01 || bsfg-native re-expression: generator D_BSFG: D_phys=2*D_BSFG/3 [PAPER_1962]; SO_5=2*(D_BSFG-1) [R320 triple-form]; D_crit=D_BSFG+2*SO_5 [PAPER_1521]; A_5=360/D_BSFG [PAPER_2116]; N_CH=SO_5-1 [PAPER_2128]; K_MEX per PAPER_1522; kappa per PAPER_2112; real vacuum-kernel primitives global,PAPER_1746;PAPER_1962;R320;PAPER_1521;PAPER_2116;PAPER_2128;PAPER_1522;PAPER_2112,XGEO_ROUTED_IDENTITY
surface_code_threshold,dpm,"p_th = F_TRZ^2 = (1/10)^2 = 1/100 = 0.01 || dpm-native re-expression: generators SO_5=rho_UA/rho_SCm + D_crit=26 caduceus pinch count [PAPER_646], D_phys via magic 8=2*D_phys [PAPER_1203]; D_BSFG=D_crit-2*SO_5 [PAPER_1521]; A_5=360/D_BSFG [PAPER_2116]; N_CH=SO_5-1 [PAPER_2128]; K_MEX per PAPER_1522; kappa per PAPER_2112; real vacuum-kernel primitives native to SCm manifold",PAPER_1746;PAPER_646;PAPER_1203;PAPER_1521;PAPER_2116;PAPER_2128;PAPER_1522;PAPER_2112,XGEO_ROUTED_IDENTITY
weinberg_sin2,bsfg,sin^2(theta_W) = K_MEX / N_CH = 25/108 || bsfg-native re-expression: generator D_BSFG: D_phys=2*D_BSFG/3 [PAPER_1962]; SO_5=2*(D_BSFG-1) [R320 triple-form]; D_crit=D_BSFG+2*SO_5 [PAPER_1521]; A_5=360/D_BSFG [PAPER_2116]; N_CH=SO_5-1 [PAPER_2128]; K_MEX per PAPER_1522; kappa per PAPER_2112; real vacuum-kernel primitives global,PAPER_1167;PAPER_1962;R320;PAPER_1521;PAPER_2116;PAPER_2128;PAPER_1522;PAPER_2112,XGEO_ROUTED_IDENTITY
CM_Apery_zeta3,bsfg,EXTRACTED[_session399_cm_zeta3.py]: val = Phi_res + F_TRZ*D_phys - F_TRZ*F_TRZ*Phi_res*D_phys || bsfg-native re-expression: generator D_BSFG: D_phys=2*D_BSFG/3 [PAPER_1962]; SO_5=2*(D_BSFG-1) [R320 triple-form]; D_crit=D_BSFG+2*SO_5 [PAPER_1521]; A_5=360/D_BSFG [PAPER_2116]; N_CH=SO_5-1 [PAPER_2128]; K_MEX per PAPER_1522; real vacuum-kernel primitives global,PAPER_1167;_session399_cm_zeta3.py;PAPER_1962;R320;PAPER_1521;PAPER_2116;PAPER_2128;PAPER_1522,XGEO_ROUTED_IDENTITY
CM_Apery_zeta3,dpm,"EXTRACTED[_session399_cm_zeta3.py]: val = Phi_res + F_TRZ*D_phys - F_TRZ*F_TRZ*Phi_res*D_phys || dpm-native re-expression: generators SO_5=rho_UA/rho_SCm + D_crit=26 caduceus pinch count [PAPER_646], D_phys via magic 8=2*D_phys [PAPER_1203]; D_BSFG=D_crit-2*SO_5 [PAPER_1521]; A_5=360/D_BSFG [PAPER_2116]; N_CH=SO_5-1 [PAPER_2128]; K_MEX per PAPER_1522",PAPER_1167;_session399_cm_zeta3.py;PAPER_646;PAPER_1203;PAPER_1521;PAPER_2116;PAPER_2128;PAPER_1522,XGEO_ROUTED_IDENTITY
CM_BCS_gap_ratio,bsfg,EXTRACTED[_session393_cm_bcs_gap.py]: val = K_Mex + Phi_res + F_TRZ*(D_phys+D_BSFG)  # 2.0833+0.8333+1.0 = 3.9166? recompute || bsfg-native re-expression: generator D_BSFG: D_phys=2*D_BSFG/3 [PAPER_1962]; SO_5=2*(D_BSFG-1) [R320 triple-form]; D_crit=D_BSFG+2*SO_5 [PAPER_1521]; A_5=360/D_BSFG [PAPER_2116]; N_CH=SO_5-1 [PAPER_2128]; K_MEX per PAPER_1522; real vacuum-kernel primitives global,PAPER_1167;_session393_cm_bcs_gap.py;PAPER_1962;R320;PAPER_1521;PAPER_2116;PAPER_2128;PAPER_1522,XGEO_ROUTED_IDENTITY
CM_BEC_Tc_coeff,bsfg,EXTRACTED[_session398_cm_bec_tc.py]: val = K_Mex + Phi_res + F_TRZ*(D_phys + F_TRZ*Phi_res) || bsfg-native re-expression: generator D_BSFG: D_phys=2*D_BSFG/3 [PAPER_1962]; SO_5=2*(D_BSFG-1) [R320 triple-form]; D_crit=D_BSFG+2*SO_5 [PAPER_1521]; A_5=360/D_BSFG [PAPER_2116]; N_CH=SO_5-1 [PAPER_2128]; K_MEX per PAPER_1522; real vacuum-kernel primitives global,PAPER_1167;_session398_cm_bec_tc.py;PAPER_1962;R320;PAPER_1521;PAPER_2116;PAPER_2128;PAPER_1522,XGEO_ROUTED_IDENTITY
CM_log_R_K_von_Klitzing,bsfg,EXTRACTED[_session396_cm_von_klitzing.py]: val = D_phys + SSq*Phi_res - SSq*F_TRZ + F_TRZ*F_TRZ*Phi_res || bsfg-native re-expression: generator D_BSFG: D_phys=2*D_BSFG/3 [PAPER_1962]; SO_5=2*(D_BSFG-1) [R320 triple-form]; D_crit=D_BSFG+2*SO_5 [PAPER_1521]; A_5=360/D_BSFG [PAPER_2116]; N_CH=SO_5-1 [PAPER_2128]; K_MEX per PAPER_1522; real vacuum-kernel primitives global,PAPER_1167;_session396_cm_von_klitzing.py;PAPER_1962;R320;PAPER_1521;PAPER_2116;PAPER_2128;PAPER_1522,XGEO_ROUTED_IDENTITY
CM_log_R_K_von_Klitzing,d26,EXTRACTED[_session396_cm_von_klitzing.py]: val = D_phys + SSq*Phi_res - SSq*F_TRZ + F_TRZ*F_TRZ*Phi_res || d26-native re-expression: generator D_crit=26: D_phys=D_crit-22 with 22=T22 compactified moduli [PAPER_1927]; real vacuum-kernel primitives global,PAPER_1167;_session396_cm_von_klitzing.py;PAPER_1927,XGEO_ROUTED_IDENTITY
GR_BH_shadow_r_M,dpm,"EXTRACTED[_session459_gr_bh_shadow.py]: val = SO5 - D_phys - F_TRZ - F_TRZ*N_ch + F_TRZ*K_Mex - F_TRZ**2*Phi_res - F_TRZ**3 || dpm-native re-expression: generators SO_5=rho_UA/rho_SCm + D_crit=26 caduceus pinch count [PAPER_646], D_phys via magic 8=2*D_phys [PAPER_1203]; D_BSFG=D_crit-2*SO_5 [PAPER_1521]; A_5=360/D_BSFG [PAPER_2116]; N_CH=SO_5-1 [PAPER_2128]; K_MEX per PAPER_1522",PAPER_1149;_session459_gr_bh_shadow.py;PAPER_646;PAPER_1203;PAPER_1521;PAPER_2116;PAPER_2128;PAPER_1522,XGEO_ROUTED_IDENTITY
GR_GPB_frame_drag,dpm,"EXTRACTED[_session457_gr_gpb_frame_drag.py]: val = F_TRZ**2*K_Mex + F_TRZ**2 + F_TRZ**2*Phi_res || dpm-native re-expression: generators SO_5=rho_UA/rho_SCm + D_crit=26 caduceus pinch count [PAPER_646], D_phys via magic 8=2*D_phys [PAPER_1203]; D_BSFG=D_crit-2*SO_5 [PAPER_1521]; A_5=360/D_BSFG [PAPER_2116]; N_CH=SO_5-1 [PAPER_2128]; K_MEX per PAPER_1522",PAPER_1149;_session457_gr_gpb_frame_drag.py;PAPER_646;PAPER_1203;PAPER_1521;PAPER_2116;PAPER_2128;PAPER_1522,XGEO_ROUTED_IDENTITY
GR_GPB_geodetic,dpm,"EXTRACTED[_session456_gr_gpb_geodetic.py]: val = D_BSFG + SSq + F_TRZ - F_TRZ*Phi_res + F_TRZ**2*K_Mex - F_TRZ**2*Phi_res + F_TRZ**3 || dpm-native re-expression: generators SO_5=rho_UA/rho_SCm + D_crit=26 caduceus pinch count [PAPER_646], D_phys via magic 8=2*D_phys [PAPER_1203]; D_BSFG=D_crit-2*SO_5 [PAPER_1521]; A_5=360/D_BSFG [PAPER_2116]; N_CH=SO_5-1 [PAPER_2128]; K_MEX per PAPER_1522",PAPER_1149;_session456_gr_gpb_geodetic.py;PAPER_646;PAPER_1203;PAPER_1521;PAPER_2116;PAPER_2128;PAPER_1522,XGEO_ROUTED_IDENTITY
GR_Hulse_Taylor_ratio,dpm,"EXTRACTED[_session458_gr_hulse_taylor.py]: val = Phi_res + F_TRZ + F_TRZ*Phi_res - F_TRZ**2*K_Mex + F_TRZ**2 - F_TRZ**2*Phi_res - F_TRZ**3 || dpm-native re-expression: generators SO_5=rho_UA/rho_SCm + D_crit=26 caduceus pinch count [PAPER_646], D_phys via magic 8=2*D_phys [PAPER_1203]; D_BSFG=D_crit-2*SO_5 [PAPER_1521]; A_5=360/D_BSFG [PAPER_2116]; N_CH=SO_5-1 [PAPER_2128]; K_MEX per PAPER_1522",PAPER_1149;_session458_gr_hulse_taylor.py;PAPER_646;PAPER_1203;PAPER_1521;PAPER_2116;PAPER_2128;PAPER_1522,XGEO_ROUTED_IDENTITY
GR_Mercury_perihelion,dpm,"EXTRACTED[_session453_gr_mercury.py]: val = SO5*D_phys + K_Mex + F_TRZ*N_ch - F_TRZ**2 + F_TRZ**2*K_Mex || dpm-native re-expression: generators SO_5=rho_UA/rho_SCm + D_crit=26 caduceus pinch count [PAPER_646], D_phys via magic 8=2*D_phys [PAPER_1203]; D_BSFG=D_crit-2*SO_5 [PAPER_1521]; A_5=360/D_BSFG [PAPER_2116]; N_CH=SO_5-1 [PAPER_2128]; K_MEX per PAPER_1522",PAPER_1149;_session453_gr_mercury.py;PAPER_646;PAPER_1203;PAPER_1521;PAPER_2116;PAPER_2128;PAPER_1522,XGEO_ROUTED_IDENTITY
GR_NANOGrav_h_c,bsfg,EXTRACTED[_session461_gr_nanograv.py]: val = K_Mex + F_TRZ + F_TRZ*K_Mex + F_TRZ**2 - F_TRZ**3 || bsfg-native re-expression: generator D_BSFG: D_phys=2*D_BSFG/3 [PAPER_1962]; SO_5=2*(D_BSFG-1) [R320 triple-form]; D_crit=D_BSFG+2*SO_5 [PAPER_1521]; A_5=360/D_BSFG [PAPER_2116]; N_CH=SO_5-1 [PAPER_2128]; K_MEX per PAPER_1522; real vacuum-kernel primitives global,PAPER_1149;_session461_gr_nanograv.py;PAPER_1962;R320;PAPER_1521;PAPER_2116;PAPER_2128;PAPER_1522,XGEO_ROUTED_IDENTITY
GR_NANOGrav_h_c,dpm,"EXTRACTED[_session461_gr_nanograv.py]: val = K_Mex + F_TRZ + F_TRZ*K_Mex + F_TRZ**2 - F_TRZ**3 || dpm-native re-expression: generators SO_5=rho_UA/rho_SCm + D_crit=26 caduceus pinch count [PAPER_646], D_phys via magic 8=2*D_phys [PAPER_1203]; D_BSFG=D_crit-2*SO_5 [PAPER_1521]; A_5=360/D_BSFG [PAPER_2116]; N_CH=SO_5-1 [PAPER_2128]; K_MEX per PAPER_1522",PAPER_1149;_session461_gr_nanograv.py;PAPER_646;PAPER_1203;PAPER_1521;PAPER_2116;PAPER_2128;PAPER_1522,XGEO_ROUTED_IDENTITY
GR_light_bending_solar_limb,dpm,"EXTRACTED[_session454_gr_light_bending.py]: val = Phi_res + SSq + F_TRZ*K_Mex + F_TRZ + F_TRZ**2*K_Mex + F_TRZ**2 + F_TRZ**2*Phi_res - F_TRZ**3 || dpm-native re-expression: generators SO_5=rho_UA/rho_SCm + D_crit=26 caduceus pinch count [PAPER_646], D_phys via magic 8=2*D_phys [PAPER_1203]; D_BSFG=D_crit-2*SO_5 [PAPER_1521]; A_5=360/D_BSFG [PAPER_2116]; N_CH=SO_5-1 [PAPER_2128]; K_MEX per PAPER_1522",PAPER_1149;_session454_gr_light_bending.py;PAPER_646;PAPER_1203;PAPER_1521;PAPER_2116;PAPER_2128;PAPER_1522,XGEO_ROUTED_IDENTITY
KK_Earth_orbit_v_per_km_s,bsfg,"EXTRACTED[_session686_KK_Earth_orbit_v_per_km_s.py]: val = +(K**5)-(F*K**5)-(beta)-Fraction(5,1) || bsfg-native re-expression: generator D_BSFG: D_phys=2*D_BSFG/3 [PAPER_1962]; SO_5=2*(D_BSFG-1) [R320 triple-form]; D_crit=D_BSFG+2*SO_5 [PAPER_1521]; A_5=360/D_BSFG [PAPER_2116]; N_CH=SO_5-1 [PAPER_2128]; K_MEX per PAPER_1522; real vacuum-kernel primitives global",PAPER_1167;_session686_KK_Earth_orbit_v_per_km_s.py;PAPER_1962;R320;PAPER_1521;PAPER_2116;PAPER_2128;PAPER_1522,XGEO_ROUTED_IDENTITY
KK_Earth_orbit_v_per_km_s,d26,"EXTRACTED[_session686_KK_Earth_orbit_v_per_km_s.py]: val = +(K**5)-(F*K**5)-(beta)-Fraction(5,1) || d26-native re-expression: generator D_crit=26: D_phys=D_crit-22 with 22=T22 compactified moduli [PAPER_1927]; real vacuum-kernel primitives global",PAPER_1167;_session686_KK_Earth_orbit_v_per_km_s.py;PAPER_1927,XGEO_ROUTED_IDENTITY
KK_Earth_radius_per_1e6_m,bsfg,"EXTRACTED[_session689_KK_Earth_radius_per_1e6_m.py]: val = +(beta**2)-Fraction(2,1)+Fraction(3,1)+Fraction(5,1) || bsfg-native re-expression: generator D_BSFG: D_phys=2*D_BSFG/3 [PAPER_1962]; SO_5=2*(D_BSFG-1) [R320 triple-form]; D_crit=D_BSFG+2*SO_5 [PAPER_1521]; A_5=360/D_BSFG [PAPER_2116]; N_CH=SO_5-1 [PAPER_2128]; K_MEX per PAPER_1522; real vacuum-kernel primitives global",PAPER_1167;_session689_KK_Earth_radius_per_1e6_m.py;PAPER_1962;R320;PAPER_1521;PAPER_2116;PAPER_2128;PAPER_1522,XGEO_ROUTED_IDENTITY
KK_Earth_radius_per_1e6_m,dpm,"EXTRACTED[_session689_KK_Earth_radius_per_1e6_m.py]: val = +(beta**2)-Fraction(2,1)+Fraction(3,1)+Fraction(5,1) || dpm-native re-expression: generators SO_5=rho_UA/rho_SCm + D_crit=26 caduceus pinch count [PAPER_646], D_phys via magic 8=2*D_phys [PAPER_1203]; D_BSFG=D_crit-2*SO_5 [PAPER_1521]; A_5=360/D_BSFG [PAPER_2116]; N_CH=SO_5-1 [PAPER_2128]; K_MEX per PAPER_1522",PAPER_1167;_session689_KK_Earth_radius_per_1e6_m.py;PAPER_646;PAPER_1203;PAPER_1521;PAPER_2116;PAPER_2128;PAPER_1522,XGEO_ROUTED_IDENTITY
KK_Earth_radius_per_1e6_m,d26,"EXTRACTED[_session689_KK_Earth_radius_per_1e6_m.py]: val = +(beta**2)-Fraction(2,1)+Fraction(3,1)+Fraction(5,1) || d26-native re-expression: generator D_crit=26: D_phys=D_crit-22 with 22=T22 compactified moduli [PAPER_1927]; real vacuum-kernel primitives global",PAPER_1167;_session689_KK_Earth_radius_per_1e6_m.py;PAPER_1927,XGEO_ROUTED_IDENTITY
KK_Jupiter_mass_per_1e27_kg,bsfg,"EXTRACTED[_session688_KK_Jupiter_mass_per_1e27_kg.py]: val = -(F*beta)-(F*beta**3)-(F*beta**4)+Fraction(2,1) || bsfg-native re-expression: generator D_BSFG: D_phys=2*D_BSFG/3 [PAPER_1962]; SO_5=2*(D_BSFG-1) [R320 triple-form]; D_crit=D_BSFG+2*SO_5 [PAPER_1521]; A_5=360/D_BSFG [PAPER_2116]; N_CH=SO_5-1 [PAPER_2128]; K_MEX per PAPER_1522; real vacuum-kernel primitives global",PAPER_1167;_session688_KK_Jupiter_mass_per_1e27_kg.py;PAPER_1962;R320;PAPER_1521;PAPER_2116;PAPER_2128;PAPER_1522,XGEO_ROUTED_IDENTITY
KK_Jupiter_mass_per_1e27_kg,dpm,"EXTRACTED[_session688_KK_Jupiter_mass_per_1e27_kg.py]: val = -(F*beta)-(F*beta**3)-(F*beta**4)+Fraction(2,1) || dpm-native re-expression: generators SO_5=rho_UA/rho_SCm + D_crit=26 caduceus pinch count [PAPER_646], D_phys via magic 8=2*D_phys [PAPER_1203]; D_BSFG=D_crit-2*SO_5 [PAPER_1521]; A_5=360/D_BSFG [PAPER_2116]; N_CH=SO_5-1 [PAPER_2128]; K_MEX per PAPER_1522",PAPER_1167;_session688_KK_Jupiter_mass_per_1e27_kg.py;PAPER_646;PAPER_1203;PAPER_1521;PAPER_2116;PAPER_2128;PAPER_1522,XGEO_ROUTED_IDENTITY
KK_Jupiter_mass_per_1e27_kg,d26,"EXTRACTED[_session688_KK_Jupiter_mass_per_1e27_kg.py]: val = -(F*beta)-(F*beta**3)-(F*beta**4)+Fraction(2,1) || d26-native re-expression: generator D_crit=26: D_phys=D_crit-22 with 22=T22 compactified moduli [PAPER_1927]; real vacuum-kernel primitives global",PAPER_1167;_session688_KK_Jupiter_mass_per_1e27_kg.py;PAPER_1927,XGEO_ROUTED_IDENTITY
KK_Mars_orbit_AU,d26,"EXTRACTED[_session692_KK_Mars_orbit_AU.py]: val = -(beta**2)-(beta**5)-(F*beta**2)+Fraction(2,1) || d26-native re-expression: generator D_crit=26: D_phys=D_crit-22 with 22=T22 compactified moduli [PAPER_1927]; real vacuum-kernel primitives global",PAPER_1167;_session692_KK_Mars_orbit_AU.py;PAPER_1927,XGEO_ROUTED_IDENTITY
KK_Mercury_year_per_10_day,bsfg,"EXTRACTED[_session693_KK_Mercury_year_per_10_day.py]: val = +(beta)+(beta**3)+Fraction(3,1)+Fraction(5,1) || bsfg-native re-expression: generator D_BSFG: D_phys=2*D_BSFG/3 [PAPER_1962]; SO_5=2*(D_BSFG-1) [R320 triple-form]; D_crit=D_BSFG+2*SO_5 [PAPER_1521]; A_5=360/D_BSFG [PAPER_2116]; N_CH=SO_5-1 [PAPER_2128]; K_MEX per PAPER_1522; real vacuum-kernel primitives global",PAPER_1167;_session693_KK_Mercury_year_per_10_day.py;PAPER_1962;R320;PAPER_1521;PAPER_2116;PAPER_2128;PAPER_1522,XGEO_ROUTED_IDENTITY
KK_Mercury_year_per_10_day,dpm,"EXTRACTED[_session693_KK_Mercury_year_per_10_day.py]: val = +(beta)+(beta**3)+Fraction(3,1)+Fraction(5,1) || dpm-native re-expression: generators SO_5=rho_UA/rho_SCm + D_crit=26 caduceus pinch count [PAPER_646], D_phys via magic 8=2*D_phys [PAPER_1203]; D_BSFG=D_crit-2*SO_5 [PAPER_1521]; A_5=360/D_BSFG [PAPER_2116]; N_CH=SO_5-1 [PAPER_2128]; K_MEX per PAPER_1522",PAPER_1167;_session693_KK_Mercury_year_per_10_day.py;PAPER_646;PAPER_1203;PAPER_1521;PAPER_2116;PAPER_2128;PAPER_1522,XGEO_ROUTED_IDENTITY
KK_Mercury_year_per_10_day,d26,"EXTRACTED[_session693_KK_Mercury_year_per_10_day.py]: val = +(beta)+(beta**3)+Fraction(3,1)+Fraction(5,1) || d26-native re-expression: generator D_crit=26: D_phys=D_crit-22 with 22=T22 compactified moduli [PAPER_1927]; real vacuum-kernel primitives global",PAPER_1167;_session693_KK_Mercury_year_per_10_day.py;PAPER_1927,XGEO_ROUTED_IDENTITY
KK_Moon_orbital_period_per_day,bsfg,"EXTRACTED[_session690_KK_Moon_orbital_period_per_day.py]: val = +(K**5)-(F*K**5)-Fraction(3,1)-Fraction(5,1) || bsfg-native re-expression: generator D_BSFG: D_phys=2*D_BSFG/3 [PAPER_1962]; SO_5=2*(D_BSFG-1) [R320 triple-form]; D_crit=D_BSFG+2*SO_5 [PAPER_1521]; A_5=360/D_BSFG [PAPER_2116]; N_CH=SO_5-1 [PAPER_2128]; K_MEX per PAPER_1522; real vacuum-kernel primitives global",PAPER_1167;_session690_KK_Moon_orbital_period_per_day.py;PAPER_1962;R320;PAPER_1521;PAPER_2116;PAPER_2128;PAPER_1522,XGEO_ROUTED_IDENTITY
KK_Moon_orbital_period_per_day,d26,"EXTRACTED[_session690_KK_Moon_orbital_period_per_day.py]: val = +(K**5)-(F*K**5)-Fraction(3,1)-Fraction(5,1) || d26-native re-expression: generator D_crit=26: D_phys=D_crit-22 with 22=T22 compactified moduli [PAPER_1927]; real vacuum-kernel primitives global",PAPER_1167;_session690_KK_Moon_orbital_period_per_day.py;PAPER_1927,XGEO_ROUTED_IDENTITY
KK_Sun_mass_per_1e29_kg,bsfg,"EXTRACTED[_session685_KK_Sun_mass_per_1e29_kg.py]: val = +(K**4)-Fraction(2,1)+Fraction(3,1) || bsfg-native re-expression: generator D_BSFG: D_phys=2*D_BSFG/3 [PAPER_1962]; SO_5=2*(D_BSFG-1) [R320 triple-form]; D_crit=D_BSFG+2*SO_5 [PAPER_1521]; A_5=360/D_BSFG [PAPER_2116]; N_CH=SO_5-1 [PAPER_2128]; K_MEX per PAPER_1522; real vacuum-kernel primitives global",PAPER_1167;_session685_KK_Sun_mass_per_1e29_kg.py;PAPER_1962;R320;PAPER_1521;PAPER_2116;PAPER_2128;PAPER_1522,XGEO_ROUTED_IDENTITY
KK_Sun_mass_per_1e29_kg,d26,"EXTRACTED[_session685_KK_Sun_mass_per_1e29_kg.py]: val = +(K**4)-Fraction(2,1)+Fraction(3,1) || d26-native re-expression: generator D_crit=26: D_phys=D_crit-22 with 22=T22 compactified moduli [PAPER_1927]; real vacuum-kernel primitives global",PAPER_1167;_session685_KK_Sun_mass_per_1e29_kg.py;PAPER_1927,XGEO_ROUTED_IDENTITY
KK_Sun_radius_per_1e8_m,dpm,"EXTRACTED[_session687_KK_Sun_radius_per_1e8_m.py]: val = -(F**2*beta**2)-(F**2*beta**3)+Fraction(2,1)+Fraction(5,1) || dpm-native re-expression: generators SO_5=rho_UA/rho_SCm + D_crit=26 caduceus pinch count [PAPER_646], D_phys via magic 8=2*D_phys [PAPER_1203]; D_BSFG=D_crit-2*SO_5 [PAPER_1521]; A_5=360/D_BSFG [PAPER_2116]; N_CH=SO_5-1 [PAPER_2128]; K_MEX per PAPER_1522",PAPER_1167;_session687_KK_Sun_radius_per_1e8_m.py;PAPER_646;PAPER_1203;PAPER_1521;PAPER_2116;PAPER_2128;PAPER_1522,XGEO_ROUTED_IDENTITY
KK_Sun_radius_per_1e8_m,d26,"EXTRACTED[_session687_KK_Sun_radius_per_1e8_m.py]: val = -(F**2*beta**2)-(F**2*beta**3)+Fraction(2,1)+Fraction(5,1) || d26-native re-expression: generator D_crit=26: D_phys=D_crit-22 with 22=T22 compactified moduli [PAPER_1927]; real vacuum-kernel primitives global",PAPER_1167;_session687_KK_Sun_radius_per_1e8_m.py;PAPER_1927,XGEO_ROUTED_IDENTITY
KK_sidereal_year_per_100_day,bsfg,"EXTRACTED[_session691_KK_sidereal_year_per_100_day.py]: val = +(beta**2)+(beta**3)+(F*beta)+Fraction(3,1) || bsfg-native re-expression: generator D_BSFG: D_phys=2*D_BSFG/3 [PAPER_1962]; SO_5=2*(D_BSFG-1) [R320 triple-form]; D_crit=D_BSFG+2*SO_5 [PAPER_1521]; A_5=360/D_BSFG [PAPER_2116]; N_CH=SO_5-1 [PAPER_2128]; K_MEX per PAPER_1522; real vacuum-kernel primitives global",PAPER_1167;_session691_KK_sidereal_year_per_100_day.py;PAPER_1962;R320;PAPER_1521;PAPER_2116;PAPER_2128;PAPER_1522,XGEO_ROUTED_IDENTITY
KK_sidereal_year_per_100_day,dpm,"EXTRACTED[_session691_KK_sidereal_year_per_100_day.py]: val = +(beta**2)+(beta**3)+(F*beta)+Fraction(3,1) || dpm-native re-expression: generators SO_5=rho_UA/rho_SCm + D_crit=26 caduceus pinch count [PAPER_646], D_phys via magic 8=2*D_phys [PAPER_1203]; D_BSFG=D_crit-2*SO_5 [PAPER_1521]; A_5=360/D_BSFG [PAPER_2116]; N_CH=SO_5-1 [PAPER_2128]; K_MEX per PAPER_1522",PAPER_1167;_session691_KK_sidereal_year_per_100_day.py;PAPER_646;PAPER_1203;PAPER_1521;PAPER_2116;PAPER_2128;PAPER_1522,XGEO_ROUTED_IDENTITY
KK_sidereal_year_per_100_day,d26,"EXTRACTED[_session691_KK_sidereal_year_per_100_day.py]: val = +(beta**2)+(beta**3)+(F*beta)+Fraction(3,1) || d26-native re-expression: generator D_crit=26: D_phys=D_crit-22 with 22=T22 compactified moduli [PAPER_1927]; real vacuum-kernel primitives global",PAPER_1167;_session691_KK_sidereal_year_per_100_day.py;PAPER_1927,XGEO_ROUTED_IDENTITY
bio_ATP_hydrolysis_kJ_mol,bsfg,EXTRACTED[_session404_bio_atp.py]: val = Phi_res*A_5 - F_TRZ*D_phys*A_5*Phi_res + F_TRZ*Phi_res*SO5 - F_TRZ*Phi_res*D_phys || bsfg-native re-expression: generator D_BSFG: D_phys=2*D_BSFG/3 [PAPER_1962]; SO_5=2*(D_BSFG-1) [R320 triple-form]; D_crit=D_BSFG+2*SO_5 [PAPER_1521]; A_5=360/D_BSFG [PAPER_2116]; N_CH=SO_5-1 [PAPER_2128]; K_MEX per PAPER_1522; real vacuum-kernel primitives global,PAPER_1167;_session404_bio_atp.py;PAPER_1962;R320;PAPER_1521;PAPER_2116;PAPER_2128;PAPER_1522,XGEO_ROUTED_IDENTITY
bio_Hill_coefficient_O2,bsfg,EXTRACTED[_session407_bio_hill.py]: val = K_Mex + Phi_res - F_TRZ - F_TRZ*F_TRZ*K_Mex || bsfg-native re-expression: generator D_BSFG: D_phys=2*D_BSFG/3 [PAPER_1962]; SO_5=2*(D_BSFG-1) [R320 triple-form]; D_crit=D_BSFG+2*SO_5 [PAPER_1521]; A_5=360/D_BSFG [PAPER_2116]; N_CH=SO_5-1 [PAPER_2128]; K_MEX per PAPER_1522; real vacuum-kernel primitives global,PAPER_1167;_session407_bio_hill.py;PAPER_1962;R320;PAPER_1521;PAPER_2116;PAPER_2128;PAPER_1522,XGEO_ROUTED_IDENTITY
bio_Redfield_C_N_ratio,bsfg,EXTRACTED[_session411_bio_redfield.py]: val = D_BSFG + Phi_res - F_TRZ - F_TRZ*Phi_res - F_TRZ*F_TRZ - F_TRZ*F_TRZ*F_TRZ || bsfg-native re-expression: generator D_BSFG: D_phys=2*D_BSFG/3 [PAPER_1962]; SO_5=2*(D_BSFG-1) [R320 triple-form]; D_crit=D_BSFG+2*SO_5 [PAPER_1521]; A_5=360/D_BSFG [PAPER_2116]; N_CH=SO_5-1 [PAPER_2128]; K_MEX per PAPER_1522; real vacuum-kernel primitives global,PAPER_1167;_session411_bio_redfield.py;PAPER_1962;R320;PAPER_1521;PAPER_2116;PAPER_2128;PAPER_1522,XGEO_ROUTED_IDENTITY
bio_chlorophyll_a_peak_nm,bsfg,EXTRACTED[_session409_bio_chlorophyll.py]: val = A_5*SO5 + SO5*D_BSFG + SO5*K_Mex - SSq    # 600+60+20.833-0.57 || bsfg-native re-expression: generator D_BSFG: D_phys=2*D_BSFG/3 [PAPER_1962]; SO_5=2*(D_BSFG-1) [R320 triple-form]; D_crit=D_BSFG+2*SO_5 [PAPER_1521]; A_5=360/D_BSFG [PAPER_2116]; N_CH=SO_5-1 [PAPER_2128]; K_MEX per PAPER_1522; real vacuum-kernel primitives global,PAPER_1167;_session409_bio_chlorophyll.py;PAPER_1962;R320;PAPER_1521;PAPER_2116;PAPER_2128;PAPER_1522,XGEO_ROUTED_IDENTITY
bio_codon_redundancy_64_20,bsfg,EXTRACTED[_session405_bio_codon_redundancy.py]: val = K_Mex + SSq + F_TRZ*D_phys + SSq*F_TRZ + F_TRZ*Phi_res || bsfg-native re-expression: generator D_BSFG: D_phys=2*D_BSFG/3 [PAPER_1962]; SO_5=2*(D_BSFG-1) [R320 triple-form]; D_crit=D_BSFG+2*SO_5 [PAPER_1521]; A_5=360/D_BSFG [PAPER_2116]; N_CH=SO_5-1 [PAPER_2128]; K_MEX per PAPER_1522; real vacuum-kernel primitives global,PAPER_1167;_session405_bio_codon_redundancy.py;PAPER_1962;R320;PAPER_1521;PAPER_2116;PAPER_2128;PAPER_1522,XGEO_ROUTED_IDENTITY
bio_photosynthesis_quantum_yield,bsfg,EXTRACTED[_session408_bio_photosynthesis.py]: val = F_TRZ + F_TRZ*F_TRZ*K_Mex + F_TRZ*F_TRZ*F_TRZ*D_phys || bsfg-native re-expression: generator D_BSFG: D_phys=2*D_BSFG/3 [PAPER_1962]; SO_5=2*(D_BSFG-1) [R320 triple-form]; D_crit=D_BSFG+2*SO_5 [PAPER_1521]; A_5=360/D_BSFG [PAPER_2116]; N_CH=SO_5-1 [PAPER_2128]; K_MEX per PAPER_1522; real vacuum-kernel primitives global,PAPER_1167;_session408_bio_photosynthesis.py;PAPER_1962;R320;PAPER_1521;PAPER_2116;PAPER_2128;PAPER_1522,XGEO_ROUTED_IDENTITY
bio_phyllotaxis_golden_ratio,bsfg,EXTRACTED[_session412_bio_phyllotaxis.py]: val = K_Mex - SSq + F_TRZ*Phi_res + F_TRZ*F_TRZ*K_Mex - F_TRZ*F_TRZ*F_TRZ*K_Mex || bsfg-native re-expression: generator D_BSFG: D_phys=2*D_BSFG/3 [PAPER_1962]; SO_5=2*(D_BSFG-1) [R320 triple-form]; D_crit=D_BSFG+2*SO_5 [PAPER_1521]; A_5=360/D_BSFG [PAPER_2116]; N_CH=SO_5-1 [PAPER_2128]; K_MEX per PAPER_1522; real vacuum-kernel primitives global,PAPER_1167;_session412_bio_phyllotaxis.py;PAPER_1962;R320;PAPER_1521;PAPER_2116;PAPER_2128;PAPER_1522,XGEO_ROUTED_IDENTITY
bio_phyllotaxis_golden_ratio,dpm,"EXTRACTED[_session412_bio_phyllotaxis.py]: val = K_Mex - SSq + F_TRZ*Phi_res + F_TRZ*F_TRZ*K_Mex - F_TRZ*F_TRZ*F_TRZ*K_Mex || dpm-native re-expression: generators SO_5=rho_UA/rho_SCm + D_crit=26 caduceus pinch count [PAPER_646], D_phys via magic 8=2*D_phys [PAPER_1203]; D_BSFG=D_crit-2*SO_5 [PAPER_1521]; A_5=360/D_BSFG [PAPER_2116]; N_CH=SO_5-1 [PAPER_2128]; K_MEX per PAPER_1522",PAPER_1167;_session412_bio_phyllotaxis.py;PAPER_646;PAPER_1203;PAPER_1521;PAPER_2116;PAPER_2128;PAPER_1522,XGEO_ROUTED_IDENTITY
geo_Earth_Moon_a_over_R_E,bsfg,EXTRACTED[_session430_geo_earth_moon.py]: val = A_5+F_TRZ*K_Mex+F_TRZ*Phi_res+F_TRZ**2 || bsfg-native re-expression: generator D_BSFG: D_phys=2*D_BSFG/3 [PAPER_1962]; SO_5=2*(D_BSFG-1) [R320 triple-form]; D_crit=D_BSFG+2*SO_5 [PAPER_1521]; A_5=360/D_BSFG [PAPER_2116]; N_CH=SO_5-1 [PAPER_2128]; K_MEX per PAPER_1522; real vacuum-kernel primitives global,PAPER_1167;_session430_geo_earth_moon.py;PAPER_1962;R320;PAPER_1521;PAPER_2116;PAPER_2128;PAPER_1522,XGEO_ROUTED_IDENTITY
geo_Earth_Moon_a_over_R_E,dpm,"EXTRACTED[_session430_geo_earth_moon.py]: val = A_5+F_TRZ*K_Mex+F_TRZ*Phi_res+F_TRZ**2 || dpm-native re-expression: generators SO_5=rho_UA/rho_SCm + D_crit=26 caduceus pinch count [PAPER_646], D_phys via magic 8=2*D_phys [PAPER_1203]; D_BSFG=D_crit-2*SO_5 [PAPER_1521]; A_5=360/D_BSFG [PAPER_2116]; N_CH=SO_5-1 [PAPER_2128]; K_MEX per PAPER_1522",PAPER_1167;_session430_geo_earth_moon.py;PAPER_646;PAPER_1203;PAPER_1521;PAPER_2116;PAPER_2128;PAPER_1522,XGEO_ROUTED_IDENTITY
geo_Earth_obliquity_deg,bsfg,EXTRACTED[_session427_geo_obliquity.py]: val = 2*SO5+D_phys-Phi_res+F_TRZ*K_Mex+F_TRZ*Phi_res+F_TRZ**2 || bsfg-native re-expression: generator D_BSFG: D_phys=2*D_BSFG/3 [PAPER_1962]; SO_5=2*(D_BSFG-1) [R320 triple-form]; D_crit=D_BSFG+2*SO_5 [PAPER_1521]; A_5=360/D_BSFG [PAPER_2116]; N_CH=SO_5-1 [PAPER_2128]; K_MEX per PAPER_1522; real vacuum-kernel primitives global,PAPER_1167;_session427_geo_obliquity.py;PAPER_1962;R320;PAPER_1521;PAPER_2116;PAPER_2128;PAPER_1522,XGEO_ROUTED_IDENTITY
geo_Earth_obliquity_deg,dpm,"EXTRACTED[_session427_geo_obliquity.py]: val = 2*SO5+D_phys-Phi_res+F_TRZ*K_Mex+F_TRZ*Phi_res+F_TRZ**2 || dpm-native re-expression: generators SO_5=rho_UA/rho_SCm + D_crit=26 caduceus pinch count [PAPER_646], D_phys via magic 8=2*D_phys [PAPER_1203]; D_BSFG=D_crit-2*SO_5 [PAPER_1521]; A_5=360/D_BSFG [PAPER_2116]; N_CH=SO_5-1 [PAPER_2128]; K_MEX per PAPER_1522",PAPER_1167;_session427_geo_obliquity.py;PAPER_646;PAPER_1203;PAPER_1521;PAPER_2116;PAPER_2128;PAPER_1522,XGEO_ROUTED_IDENTITY
geo_J2_oblateness_norm,bsfg,EXTRACTED[_session423_geo_j2.py]: val = SSq+Phi_res-F_TRZ*K_Mex-F_TRZ-F_TRZ**2-F_TRZ**3 || bsfg-native re-expression: generator D_BSFG: D_phys=2*D_BSFG/3 [PAPER_1962]; SO_5=2*(D_BSFG-1) [R320 triple-form]; D_crit=D_BSFG+2*SO_5 [PAPER_1521]; A_5=360/D_BSFG [PAPER_2116]; N_CH=SO_5-1 [PAPER_2128]; K_MEX per PAPER_1522; real vacuum-kernel primitives global,PAPER_1167;_session423_geo_j2.py;PAPER_1962;R320;PAPER_1521;PAPER_2116;PAPER_2128;PAPER_1522,XGEO_ROUTED_IDENTITY
geo_J2_oblateness_norm,dpm,"EXTRACTED[_session423_geo_j2.py]: val = SSq+Phi_res-F_TRZ*K_Mex-F_TRZ-F_TRZ**2-F_TRZ**3 || dpm-native re-expression: generators SO_5=rho_UA/rho_SCm + D_crit=26 caduceus pinch count [PAPER_646], D_phys via magic 8=2*D_phys [PAPER_1203]; D_BSFG=D_crit-2*SO_5 [PAPER_1521]; A_5=360/D_BSFG [PAPER_2116]; N_CH=SO_5-1 [PAPER_2128]; K_MEX per PAPER_1522",PAPER_1167;_session423_geo_j2.py;PAPER_646;PAPER_1203;PAPER_1521;PAPER_2116;PAPER_2128;PAPER_1522,XGEO_ROUTED_IDENTITY
geo_adiabatic_lapse_K_per_km,bsfg,EXTRACTED[_session426_geo_lapse.py]: val = SO5-F_TRZ-F_TRZ*Phi_res-F_TRZ**2 || bsfg-native re-expression: generator D_BSFG: D_phys=2*D_BSFG/3 [PAPER_1962]; SO_5=2*(D_BSFG-1) [R320 triple-form]; D_crit=D_BSFG+2*SO_5 [PAPER_1521]; A_5=360/D_BSFG [PAPER_2116]; N_CH=SO_5-1 [PAPER_2128]; K_MEX per PAPER_1522; real vacuum-kernel primitives global,PAPER_1167;_session426_geo_lapse.py;PAPER_1962;R320;PAPER_1521;PAPER_2116;PAPER_2128;PAPER_1522,XGEO_ROUTED_IDENTITY
geo_adiabatic_lapse_K_per_km,dpm,"EXTRACTED[_session426_geo_lapse.py]: val = SO5-F_TRZ-F_TRZ*Phi_res-F_TRZ**2 || dpm-native re-expression: generators SO_5=rho_UA/rho_SCm + D_crit=26 caduceus pinch count [PAPER_646], D_phys via magic 8=2*D_phys [PAPER_1203]; D_BSFG=D_crit-2*SO_5 [PAPER_1521]; A_5=360/D_BSFG [PAPER_2116]; N_CH=SO_5-1 [PAPER_2128]; K_MEX per PAPER_1522",PAPER_1167;_session426_geo_lapse.py;PAPER_646;PAPER_1203;PAPER_1521;PAPER_2116;PAPER_2128;PAPER_1522,XGEO_ROUTED_IDENTITY
geo_atm_pressure_atm_norm,bsfg,EXTRACTED[_session432_geo_pressure.py]: val = F_TRZ*K_Mex+Phi_res-F_TRZ**2-F_TRZ**2*K_Mex || bsfg-native re-expression: generator D_BSFG: D_phys=2*D_BSFG/3 [PAPER_1962]; SO_5=2*(D_BSFG-1) [R320 triple-form]; D_crit=D_BSFG+2*SO_5 [PAPER_1521]; A_5=360/D_BSFG [PAPER_2116]; N_CH=SO_5-1 [PAPER_2128]; K_MEX per PAPER_1522; real vacuum-kernel primitives global,PAPER_1167;_session432_geo_pressure.py;PAPER_1962;R320;PAPER_1521;PAPER_2116;PAPER_2128;PAPER_1522,XGEO_ROUTED_IDENTITY
geo_atm_pressure_atm_norm,dpm,"EXTRACTED[_session432_geo_pressure.py]: val = F_TRZ*K_Mex+Phi_res-F_TRZ**2-F_TRZ**2*K_Mex || dpm-native re-expression: generators SO_5=rho_UA/rho_SCm + D_crit=26 caduceus pinch count [PAPER_646], D_phys via magic 8=2*D_phys [PAPER_1203]; D_BSFG=D_crit-2*SO_5 [PAPER_1521]; A_5=360/D_BSFG [PAPER_2116]; N_CH=SO_5-1 [PAPER_2128]; K_MEX per PAPER_1522",PAPER_1167;_session432_geo_pressure.py;PAPER_646;PAPER_1203;PAPER_1521;PAPER_2116;PAPER_2128;PAPER_1522,XGEO_ROUTED_IDENTITY
geo_atmospheric_scale_height_km,bsfg,EXTRACTED[_session424_geo_scale_height.py]: val = SO5-K_Mex+SSq+F_TRZ-F_TRZ*Phi_res || bsfg-native re-expression: generator D_BSFG: D_phys=2*D_BSFG/3 [PAPER_1962]; SO_5=2*(D_BSFG-1) [R320 triple-form]; D_crit=D_BSFG+2*SO_5 [PAPER_1521]; A_5=360/D_BSFG [PAPER_2116]; N_CH=SO_5-1 [PAPER_2128]; K_MEX per PAPER_1522; real vacuum-kernel primitives global,PAPER_1167;_session424_geo_scale_height.py;PAPER_1962;R320;PAPER_1521;PAPER_2116;PAPER_2128;PAPER_1522,XGEO_ROUTED_IDENTITY
geo_atmospheric_scale_height_km,dpm,"EXTRACTED[_session424_geo_scale_height.py]: val = SO5-K_Mex+SSq+F_TRZ-F_TRZ*Phi_res || dpm-native re-expression: generators SO_5=rho_UA/rho_SCm + D_crit=26 caduceus pinch count [PAPER_646], D_phys via magic 8=2*D_phys [PAPER_1203]; D_BSFG=D_crit-2*SO_5 [PAPER_1521]; A_5=360/D_BSFG [PAPER_2116]; N_CH=SO_5-1 [PAPER_2128]; K_MEX per PAPER_1522",PAPER_1167;_session424_geo_scale_height.py;PAPER_646;PAPER_1203;PAPER_1521;PAPER_2116;PAPER_2128;PAPER_1522,XGEO_ROUTED_IDENTITY
geo_greenhouse_DeltaT_K,bsfg,EXTRACTED[_session428_geo_greenhouse.py]: val = N_ch*D_phys-D_phys+Phi_res+F_TRZ*K_Mex-F_TRZ-F_TRZ**2 || bsfg-native re-expression: generator D_BSFG: D_phys=2*D_BSFG/3 [PAPER_1962]; SO_5=2*(D_BSFG-1) [R320 triple-form]; D_crit=D_BSFG+2*SO_5 [PAPER_1521]; A_5=360/D_BSFG [PAPER_2116]; N_CH=SO_5-1 [PAPER_2128]; K_MEX per PAPER_1522; real vacuum-kernel primitives global,PAPER_1167;_session428_geo_greenhouse.py;PAPER_1962;R320;PAPER_1521;PAPER_2116;PAPER_2128;PAPER_1522,XGEO_ROUTED_IDENTITY
geo_greenhouse_DeltaT_K,dpm,"EXTRACTED[_session428_geo_greenhouse.py]: val = N_ch*D_phys-D_phys+Phi_res+F_TRZ*K_Mex-F_TRZ-F_TRZ**2 || dpm-native re-expression: generators SO_5=rho_UA/rho_SCm + D_crit=26 caduceus pinch count [PAPER_646], D_phys via magic 8=2*D_phys [PAPER_1203]; D_BSFG=D_crit-2*SO_5 [PAPER_1521]; A_5=360/D_BSFG [PAPER_2116]; N_CH=SO_5-1 [PAPER_2128]; K_MEX per PAPER_1522",PAPER_1167;_session428_geo_greenhouse.py;PAPER_646;PAPER_1203;PAPER_1521;PAPER_2116;PAPER_2128;PAPER_1522,XGEO_ROUTED_IDENTITY
geo_ocean_salinity_ppt,bsfg,EXTRACTED[_session429_geo_salinity.py]: val = K_Mex*SO5+SO5+D_phys+F_TRZ*K_Mex-F_TRZ**2-F_TRZ**3 || bsfg-native re-expression: generator D_BSFG: D_phys=2*D_BSFG/3 [PAPER_1962]; SO_5=2*(D_BSFG-1) [R320 triple-form]; D_crit=D_BSFG+2*SO_5 [PAPER_1521]; A_5=360/D_BSFG [PAPER_2116]; N_CH=SO_5-1 [PAPER_2128]; K_MEX per PAPER_1522; real vacuum-kernel primitives global,PAPER_1167;_session429_geo_salinity.py;PAPER_1962;R320;PAPER_1521;PAPER_2116;PAPER_2128;PAPER_1522,XGEO_ROUTED_IDENTITY
geo_ocean_salinity_ppt,dpm,"EXTRACTED[_session429_geo_salinity.py]: val = K_Mex*SO5+SO5+D_phys+F_TRZ*K_Mex-F_TRZ**2-F_TRZ**3 || dpm-native re-expression: generators SO_5=rho_UA/rho_SCm + D_crit=26 caduceus pinch count [PAPER_646], D_phys via magic 8=2*D_phys [PAPER_1203]; D_BSFG=D_crit-2*SO_5 [PAPER_1521]; A_5=360/D_BSFG [PAPER_2116]; N_CH=SO_5-1 [PAPER_2128]; K_MEX per PAPER_1522",PAPER_1167;_session429_geo_salinity.py;PAPER_646;PAPER_1203;PAPER_1521;PAPER_2116;PAPER_2128;PAPER_1522,XGEO_ROUTED_IDENTITY
BH_seed_mass,qcalcgeom,"M_seed = A_5 * D_BSFG^2 * D_crit = 60 * 36 * 26 = 56,160 M_Sun || qcalcgeom-native re-expression: F_U-native constant set {rho_SCm, beta_i, SSq, F_TRZ, omega_SCm, Phi_res, S_26} [PAPER_1203/PAPER_2124 canonical F_U machinery = QCalcGeom v3 native surfaces compute_F_U/FUBi/FUBii/universal_inertia]; SO_5=1/F_TRZ [PAPER_1160 EXACT F_TRZ=1/|SO(5)|]; D_BSFG=6 native via bsfg_* wrapper surfaces [QCalcGeom v3 + PAPER_1159]; D_phys=2*D_BSFG/3 [PAPER_1962]; D_crit=D_BSFG+2*SO_5 [PAPER_1521]; A_5=360/D_BSFG [PAPER_2116]; N_CH=SO_5-1 [PAPER_2128]; K_MEX per PAPER_1522",PAPER_1650;PAPER_1203;PAPER_2124;PAPER_1160;PAPER_1159;PAPER_1962;PAPER_1521;PAPER_2116;PAPER_2128;PAPER_1522,XGEO_ROUTED_IDENTITY
CM_Apery_zeta3,qcalcgeom,"zeta(3) closure || qcalcgeom-native re-expression: F_U-native constant set {rho_SCm, beta_i, SSq, F_TRZ, omega_SCm, Phi_res, S_26} [PAPER_1203/PAPER_2124 canonical F_U machinery = QCalcGeom v3 native surfaces compute_F_U/FUBi/FUBii/universal_inertia]; SO_5=1/F_TRZ [PAPER_1160 EXACT F_TRZ=1/|SO(5)|]; D_BSFG=6 native via bsfg_* wrapper surfaces [QCalcGeom v3 + PAPER_1159]; D_phys=2*D_BSFG/3 [PAPER_1962]; D_crit=D_BSFG+2*SO_5 [PAPER_1521]; A_5=360/D_BSFG [PAPER_2116]; N_CH=SO_5-1 [PAPER_2128]; K_MEX per PAPER_1522",PAPER_1167;PAPER_1203;PAPER_2124;PAPER_1160;PAPER_1159;PAPER_1962;PAPER_1521;PAPER_2116;PAPER_2128;PAPER_1522,XGEO_ROUTED_IDENTITY
CM_BCS_coherence_length_coeff,qcalcgeom,"xi_0 coeff = 1/pi || qcalcgeom-native re-expression: F_U-native constant set {rho_SCm, beta_i, SSq, F_TRZ, omega_SCm, Phi_res, S_26} [PAPER_1203/PAPER_2124 canonical F_U machinery = QCalcGeom v3 native surfaces compute_F_U/FUBi/FUBii/universal_inertia]; SO_5=1/F_TRZ [PAPER_1160 EXACT F_TRZ=1/|SO(5)|]; D_BSFG=6 native via bsfg_* wrapper surfaces [QCalcGeom v3 + PAPER_1159]; D_phys=2*D_BSFG/3 [PAPER_1962]; D_crit=D_BSFG+2*SO_5 [PAPER_1521]; A_5=360/D_BSFG [PAPER_2116]; N_CH=SO_5-1 [PAPER_2128]; K_MEX per PAPER_1522",PAPER_1167;PAPER_1203;PAPER_2124;PAPER_1160;PAPER_1159;PAPER_1962;PAPER_1521;PAPER_2116;PAPER_2128;PAPER_1522,XGEO_ROUTED_IDENTITY
CM_BCS_gap_ratio,qcalcgeom,"BCS gap 2*Delta/(k_B T_c) || qcalcgeom-native re-expression: F_U-native constant set {rho_SCm, beta_i, SSq, F_TRZ, omega_SCm, Phi_res, S_26} [PAPER_1203/PAPER_2124 canonical F_U machinery = QCalcGeom v3 native surfaces compute_F_U/FUBi/FUBii/universal_inertia]; SO_5=1/F_TRZ [PAPER_1160 EXACT F_TRZ=1/|SO(5)|]; D_BSFG=6 native via bsfg_* wrapper surfaces [QCalcGeom v3 + PAPER_1159]; D_phys=2*D_BSFG/3 [PAPER_1962]; D_crit=D_BSFG+2*SO_5 [PAPER_1521]; A_5=360/D_BSFG [PAPER_2116]; N_CH=SO_5-1 [PAPER_2128]; K_MEX per PAPER_1522",PAPER_1167;PAPER_1203;PAPER_2124;PAPER_1160;PAPER_1159;PAPER_1962;PAPER_1521;PAPER_2116;PAPER_2128;PAPER_1522,XGEO_ROUTED_IDENTITY
CM_BCS_gap_ratio,d26,"BCS gap 2*Delta/(k_B T_c) || d26-native re-expression: generator D_crit=26: SO_5=10 via 26->10 superstring reduction [PAPER_1160 chain 4; CondensedPhysics2.py L28609; 26D_DOWNWARD_PROJECTION.md]; D_BSFG=6, D_phys=4 via 26->10->6->4 flow [PAPER_1160 + PAPER_1159 D=6 resonance manifold]; A_5=360/D_BSFG [PAPER_2116]; N_CH=SO_5-1 [PAPER_2128]; K_MEX per PAPER_1522",PAPER_1167;PAPER_1160;PAPER_1159;PAPER_2116;PAPER_2128;PAPER_1522,XGEO_ROUTED_IDENTITY
CM_BCS_isotope_alpha,qcalcgeom,"alpha_iso = Phi_res - F_TRZ*Phi_res*D_PHYS = 1/2 EXACT || qcalcgeom-native re-expression: F_U-native constant set {rho_SCm, beta_i, SSq, F_TRZ, omega_SCm, Phi_res, S_26} [PAPER_1203/PAPER_2124 canonical F_U machinery = QCalcGeom v3 native surfaces compute_F_U/FUBi/FUBii/universal_inertia]; SO_5=1/F_TRZ [PAPER_1160 EXACT F_TRZ=1/|SO(5)|]; D_BSFG=6 native via bsfg_* wrapper surfaces [QCalcGeom v3 + PAPER_1159]; D_phys=2*D_BSFG/3 [PAPER_1962]; D_crit=D_BSFG+2*SO_5 [PAPER_1521]; A_5=360/D_BSFG [PAPER_2116]; N_CH=SO_5-1 [PAPER_2128]; K_MEX per PAPER_1522",PAPER_1167;PAPER_1203;PAPER_2124;PAPER_1160;PAPER_1159;PAPER_1962;PAPER_1521;PAPER_2116;PAPER_2128;PAPER_1522,XGEO_ROUTED_IDENTITY
CM_BEC_Tc_coeff,qcalcgeom,"T_BEC coefficient || qcalcgeom-native re-expression: F_U-native constant set {rho_SCm, beta_i, SSq, F_TRZ, omega_SCm, Phi_res, S_26} [PAPER_1203/PAPER_2124 canonical F_U machinery = QCalcGeom v3 native surfaces compute_F_U/FUBi/FUBii/universal_inertia]; SO_5=1/F_TRZ [PAPER_1160 EXACT F_TRZ=1/|SO(5)|]; D_BSFG=6 native via bsfg_* wrapper surfaces [QCalcGeom v3 + PAPER_1159]; D_phys=2*D_BSFG/3 [PAPER_1962]; D_crit=D_BSFG+2*SO_5 [PAPER_1521]; A_5=360/D_BSFG [PAPER_2116]; N_CH=SO_5-1 [PAPER_2128]; K_MEX per PAPER_1522",PAPER_1167;PAPER_1203;PAPER_2124;PAPER_1160;PAPER_1159;PAPER_1962;PAPER_1521;PAPER_2116;PAPER_2128;PAPER_1522,XGEO_ROUTED_IDENTITY
CM_BEC_Tc_coeff,d26,"T_BEC coefficient || d26-native re-expression: generator D_crit=26: SO_5=10 via 26->10 superstring reduction [PAPER_1160 chain 4; CondensedPhysics2.py L28609; 26D_DOWNWARD_PROJECTION.md]; D_BSFG=6, D_phys=4 via 26->10->6->4 flow [PAPER_1160 + PAPER_1159 D=6 resonance manifold]; A_5=360/D_BSFG [PAPER_2116]; N_CH=SO_5-1 [PAPER_2128]; K_MEX per PAPER_1522",PAPER_1167;PAPER_1160;PAPER_1159;PAPER_2116;PAPER_2128;PAPER_1522,XGEO_ROUTED_IDENTITY
CM_Brinkman_Rice_U_c_W,qcalcgeom,"U_c/W = 2*Phi_res*(1-F_TRZ) = 3/2 EXACT || qcalcgeom-native re-expression: F_U-native constant set {rho_SCm, beta_i, SSq, F_TRZ, omega_SCm, Phi_res, S_26} [PAPER_1203/PAPER_2124 canonical F_U machinery = QCalcGeom v3 native surfaces compute_F_U/FUBi/FUBii/universal_inertia]; SO_5=1/F_TRZ [PAPER_1160 EXACT F_TRZ=1/|SO(5)|]; D_BSFG=6 native via bsfg_* wrapper surfaces [QCalcGeom v3 + PAPER_1159]; D_phys=2*D_BSFG/3 [PAPER_1962]; D_crit=D_BSFG+2*SO_5 [PAPER_1521]; A_5=360/D_BSFG [PAPER_2116]; N_CH=SO_5-1 [PAPER_2128]; K_MEX per PAPER_1522",PAPER_1167;PAPER_1203;PAPER_2124;PAPER_1160;PAPER_1159;PAPER_1962;PAPER_1521;PAPER_2116;PAPER_2128;PAPER_1522,XGEO_ROUTED_IDENTITY
CM_Sommerfeld_Wilson_R_W,qcalcgeom,"R_W = K_MEX - F_TRZ*Phi_res = 24/12 = 2 EXACT || qcalcgeom-native re-expression: F_U-native constant set {rho_SCm, beta_i, SSq, F_TRZ, omega_SCm, Phi_res, S_26} [PAPER_1203/PAPER_2124 canonical F_U machinery = QCalcGeom v3 native surfaces compute_F_U/FUBi/FUBii/universal_inertia]; SO_5=1/F_TRZ [PAPER_1160 EXACT F_TRZ=1/|SO(5)|]; D_BSFG=6 native via bsfg_* wrapper surfaces [QCalcGeom v3 + PAPER_1159]; D_phys=2*D_BSFG/3 [PAPER_1962]; D_crit=D_BSFG+2*SO_5 [PAPER_1521]; A_5=360/D_BSFG [PAPER_2116]; N_CH=SO_5-1 [PAPER_2128]; K_MEX per PAPER_1522",PAPER_1167;PAPER_1203;PAPER_2124;PAPER_1160;PAPER_1159;PAPER_1962;PAPER_1521;PAPER_2116;PAPER_2128;PAPER_1522,XGEO_ROUTED_IDENTITY
CM_Sommerfeld_Wilson_R_W,d26,"R_W = K_MEX - F_TRZ*Phi_res = 24/12 = 2 EXACT || d26-native re-expression: generator D_crit=26: SO_5=10 via 26->10 superstring reduction [PAPER_1160 chain 4; CondensedPhysics2.py L28609; 26D_DOWNWARD_PROJECTION.md]; D_BSFG=6, D_phys=4 via 26->10->6->4 flow [PAPER_1160 + PAPER_1159 D=6 resonance manifold]; A_5=360/D_BSFG [PAPER_2116]; N_CH=SO_5-1 [PAPER_2128]; K_MEX per PAPER_1522",PAPER_1167;PAPER_1160;PAPER_1159;PAPER_2116;PAPER_2128;PAPER_1522,XGEO_ROUTED_IDENTITY
CM_Wiedemann_Franz_L_coeff,qcalcgeom,"L_0 = pi^2/3 closure || qcalcgeom-native re-expression: F_U-native constant set {rho_SCm, beta_i, SSq, F_TRZ, omega_SCm, Phi_res, S_26} [PAPER_1203/PAPER_2124 canonical F_U machinery = QCalcGeom v3 native surfaces compute_F_U/FUBi/FUBii/universal_inertia]; SO_5=1/F_TRZ [PAPER_1160 EXACT F_TRZ=1/|SO(5)|]; D_BSFG=6 native via bsfg_* wrapper surfaces [QCalcGeom v3 + PAPER_1159]; D_phys=2*D_BSFG/3 [PAPER_1962]; D_crit=D_BSFG+2*SO_5 [PAPER_1521]; A_5=360/D_BSFG [PAPER_2116]; N_CH=SO_5-1 [PAPER_2128]; K_MEX per PAPER_1522",PAPER_1167;PAPER_1203;PAPER_2124;PAPER_1160;PAPER_1159;PAPER_1962;PAPER_1521;PAPER_2116;PAPER_2128;PAPER_1522,XGEO_ROUTED_IDENTITY
CM_XY_3D_nu_exponent,qcalcgeom,"nu_XY = D_PHYS/D_BSFG = 2/3 EXACT || qcalcgeom-native re-expression: F_U-native constant set {rho_SCm, beta_i, SSq, F_TRZ, omega_SCm, Phi_res, S_26} [PAPER_1203/PAPER_2124 canonical F_U machinery = QCalcGeom v3 native surfaces compute_F_U/FUBi/FUBii/universal_inertia]; SO_5=1/F_TRZ [PAPER_1160 EXACT F_TRZ=1/|SO(5)|]; D_BSFG=6 native via bsfg_* wrapper surfaces [QCalcGeom v3 + PAPER_1159]; D_phys=2*D_BSFG/3 [PAPER_1962]; D_crit=D_BSFG+2*SO_5 [PAPER_1521]; A_5=360/D_BSFG [PAPER_2116]; N_CH=SO_5-1 [PAPER_2128]; K_MEX per PAPER_1522",PAPER_1167;PAPER_1203;PAPER_2124;PAPER_1160;PAPER_1159;PAPER_1962;PAPER_1521;PAPER_2116;PAPER_2128;PAPER_1522,XGEO_ROUTED_IDENTITY
CM_XY_3D_nu_exponent,d26,"nu_XY = D_PHYS/D_BSFG = 2/3 EXACT || d26-native re-expression: generator D_crit=26: SO_5=10 via 26->10 superstring reduction [PAPER_1160 chain 4; CondensedPhysics2.py L28609; 26D_DOWNWARD_PROJECTION.md]; D_BSFG=6, D_phys=4 via 26->10->6->4 flow [PAPER_1160 + PAPER_1159 D=6 resonance manifold]; A_5=360/D_BSFG [PAPER_2116]; N_CH=SO_5-1 [PAPER_2128]; K_MEX per PAPER_1522",PAPER_1167;PAPER_1160;PAPER_1159;PAPER_2116;PAPER_2128;PAPER_1522,XGEO_ROUTED_IDENTITY
CM_log_R_K_von_Klitzing,qcalcgeom,"log10(R_K) || qcalcgeom-native re-expression: F_U-native constant set {rho_SCm, beta_i, SSq, F_TRZ, omega_SCm, Phi_res, S_26} [PAPER_1203/PAPER_2124 canonical F_U machinery = QCalcGeom v3 native surfaces compute_F_U/FUBi/FUBii/universal_inertia]; SO_5=1/F_TRZ [PAPER_1160 EXACT F_TRZ=1/|SO(5)|]; D_BSFG=6 native via bsfg_* wrapper surfaces [QCalcGeom v3 + PAPER_1159]; D_phys=2*D_BSFG/3 [PAPER_1962]; D_crit=D_BSFG+2*SO_5 [PAPER_1521]; A_5=360/D_BSFG [PAPER_2116]; N_CH=SO_5-1 [PAPER_2128]; K_MEX per PAPER_1522",PAPER_1167;PAPER_1203;PAPER_2124;PAPER_1160;PAPER_1159;PAPER_1962;PAPER_1521;PAPER_2116;PAPER_2128;PAPER_1522,XGEO_ROUTED_IDENTITY
Clifford_qualia_states,qcalcgeom,"RECOVERED: 8192 = 2^13 = 2^(D_crit/2) SO(26) Clifford-bundle qualia states EXACT || qcalcgeom-native re-expression: F_U-native constant set {rho_SCm, beta_i, SSq, F_TRZ, omega_SCm, Phi_res, S_26} [PAPER_1203/PAPER_2124 canonical F_U machinery = QCalcGeom v3 native surfaces compute_F_U/FUBi/FUBii/universal_inertia]; SO_5=1/F_TRZ [PAPER_1160 EXACT F_TRZ=1/|SO(5)|]; D_BSFG=6 native via bsfg_* wrapper surfaces [QCalcGeom v3 + PAPER_1159]; D_phys=2*D_BSFG/3 [PAPER_1962]; D_crit=D_BSFG+2*SO_5 [PAPER_1521]; A_5=360/D_BSFG [PAPER_2116]; N_CH=SO_5-1 [PAPER_2128]; K_MEX per PAPER_1522",PAPER_1666;PAPER_1666;PAPER_1229;PAPER_1203;PAPER_2124;PAPER_1160;PAPER_1159;PAPER_1962;PAPER_1521;PAPER_2116;PAPER_2128;PAPER_1522,XGEO_ROUTED_IDENTITY
Clifford_qualia_states,bsfg,RECOVERED: 8192 = 2^13 = 2^(D_crit/2) SO(26) Clifford-bundle qualia states EXACT || bsfg-native re-expression: generator D_BSFG: D_phys=2*D_BSFG/3 [PAPER_1962]; SO_5=2*(D_BSFG-1) [R320 triple-form; also |SO(D-1)| at D=6 per PAPER_1160]; D_crit=D_BSFG+2*SO_5 [PAPER_1521]; A_5=360/D_BSFG [PAPER_2116]; N_CH=SO_5-1 [PAPER_2128]; K_MEX per PAPER_1522,PAPER_1666;PAPER_1666;PAPER_1229;PAPER_1962;R320;PAPER_1160;PAPER_1521;PAPER_2116;PAPER_2128;PAPER_1522,XGEO_ROUTED_IDENTITY
Clifford_qualia_states,dpm,"RECOVERED: 8192 = 2^13 = 2^(D_crit/2) SO(26) Clifford-bundle qualia states EXACT || dpm-native re-expression: generators SO_5=rho_UA/rho_SCm + D_crit=26 caduceus pinch count [PAPER_646], D_phys via magic 8=2*D_phys [PAPER_1203]; D_BSFG=D_crit-2*SO_5 [PAPER_1521]; A_5=360/D_BSFG [PAPER_2116]; N_CH=SO_5-1 [PAPER_2128]; K_MEX per PAPER_1522",PAPER_1666;PAPER_1666;PAPER_1229;PAPER_646;PAPER_1203;PAPER_1521;PAPER_2116;PAPER_2128;PAPER_1522,XGEO_ROUTED_IDENTITY
GR_BH_shadow_r_M,qcalcgeom,"BH shadow radius r/M = 3*sqrt(3) || qcalcgeom-native re-expression: F_U-native constant set {rho_SCm, beta_i, SSq, F_TRZ, omega_SCm, Phi_res, S_26} [PAPER_1203/PAPER_2124 canonical F_U machinery = QCalcGeom v3 native surfaces compute_F_U/FUBi/FUBii/universal_inertia]; SO_5=1/F_TRZ [PAPER_1160 EXACT F_TRZ=1/|SO(5)|]; D_BSFG=6 native via bsfg_* wrapper surfaces [QCalcGeom v3 + PAPER_1159]; D_phys=2*D_BSFG/3 [PAPER_1962]; D_crit=D_BSFG+2*SO_5 [PAPER_1521]; A_5=360/D_BSFG [PAPER_2116]; N_CH=SO_5-1 [PAPER_2128]; K_MEX per PAPER_1522",PAPER_1149;PAPER_1203;PAPER_2124;PAPER_1160;PAPER_1159;PAPER_1962;PAPER_1521;PAPER_2116;PAPER_2128;PAPER_1522,XGEO_ROUTED_IDENTITY
GR_BH_shadow_r_M,d26,"BH shadow radius r/M = 3*sqrt(3) || d26-native re-expression: generator D_crit=26: SO_5=10 via 26->10 superstring reduction [PAPER_1160 chain 4; CondensedPhysics2.py L28609; 26D_DOWNWARD_PROJECTION.md]; D_BSFG=6, D_phys=4 via 26->10->6->4 flow [PAPER_1160 + PAPER_1159 D=6 resonance manifold]; A_5=360/D_BSFG [PAPER_2116]; N_CH=SO_5-1 [PAPER_2128]; K_MEX per PAPER_1522",PAPER_1149;PAPER_1160;PAPER_1159;PAPER_2116;PAPER_2128;PAPER_1522,XGEO_ROUTED_IDENTITY
GR_GPB_frame_drag,qcalcgeom,"Lense-Thirring arcsec/yr || qcalcgeom-native re-expression: F_U-native constant set {rho_SCm, beta_i, SSq, F_TRZ, omega_SCm, Phi_res, S_26} [PAPER_1203/PAPER_2124 canonical F_U machinery = QCalcGeom v3 native surfaces compute_F_U/FUBi/FUBii/universal_inertia]; SO_5=1/F_TRZ [PAPER_1160 EXACT F_TRZ=1/|SO(5)|]; D_BSFG=6 native via bsfg_* wrapper surfaces [QCalcGeom v3 + PAPER_1159]; D_phys=2*D_BSFG/3 [PAPER_1962]; D_crit=D_BSFG+2*SO_5 [PAPER_1521]; A_5=360/D_BSFG [PAPER_2116]; N_CH=SO_5-1 [PAPER_2128]; K_MEX per PAPER_1522",PAPER_1149;PAPER_1203;PAPER_2124;PAPER_1160;PAPER_1159;PAPER_1962;PAPER_1521;PAPER_2116;PAPER_2128;PAPER_1522,XGEO_ROUTED_IDENTITY
GR_GPB_frame_drag,d26,"Lense-Thirring arcsec/yr || d26-native re-expression: generator D_crit=26: SO_5=10 via 26->10 superstring reduction [PAPER_1160 chain 4; CondensedPhysics2.py L28609; 26D_DOWNWARD_PROJECTION.md]; D_BSFG=6, D_phys=4 via 26->10->6->4 flow [PAPER_1160 + PAPER_1159 D=6 resonance manifold]; A_5=360/D_BSFG [PAPER_2116]; N_CH=SO_5-1 [PAPER_2128]; K_MEX per PAPER_1522",PAPER_1149;PAPER_1160;PAPER_1159;PAPER_2116;PAPER_2128;PAPER_1522,XGEO_ROUTED_IDENTITY
GR_GPB_geodetic,qcalcgeom,"GPB geodetic arcsec/yr || qcalcgeom-native re-expression: F_U-native constant set {rho_SCm, beta_i, SSq, F_TRZ, omega_SCm, Phi_res, S_26} [PAPER_1203/PAPER_2124 canonical F_U machinery = QCalcGeom v3 native surfaces compute_F_U/FUBi/FUBii/universal_inertia]; SO_5=1/F_TRZ [PAPER_1160 EXACT F_TRZ=1/|SO(5)|]; D_BSFG=6 native via bsfg_* wrapper surfaces [QCalcGeom v3 + PAPER_1159]; D_phys=2*D_BSFG/3 [PAPER_1962]; D_crit=D_BSFG+2*SO_5 [PAPER_1521]; A_5=360/D_BSFG [PAPER_2116]; N_CH=SO_5-1 [PAPER_2128]; K_MEX per PAPER_1522",PAPER_1149;PAPER_1203;PAPER_2124;PAPER_1160;PAPER_1159;PAPER_1962;PAPER_1521;PAPER_2116;PAPER_2128;PAPER_1522,XGEO_ROUTED_IDENTITY
GR_GPB_geodetic,d26,"GPB geodetic arcsec/yr || d26-native re-expression: generator D_crit=26: SO_5=10 via 26->10 superstring reduction [PAPER_1160 chain 4; CondensedPhysics2.py L28609; 26D_DOWNWARD_PROJECTION.md]; D_BSFG=6, D_phys=4 via 26->10->6->4 flow [PAPER_1160 + PAPER_1159 D=6 resonance manifold]; A_5=360/D_BSFG [PAPER_2116]; N_CH=SO_5-1 [PAPER_2128]; K_MEX per PAPER_1522",PAPER_1149;PAPER_1160;PAPER_1159;PAPER_2116;PAPER_2128;PAPER_1522,XGEO_ROUTED_IDENTITY
GR_Hulse_Taylor_ratio,qcalcgeom,"PSR B1913+16 obs/GR orbital decay || qcalcgeom-native re-expression: F_U-native constant set {rho_SCm, beta_i, SSq, F_TRZ, omega_SCm, Phi_res, S_26} [PAPER_1203/PAPER_2124 canonical F_U machinery = QCalcGeom v3 native surfaces compute_F_U/FUBi/FUBii/universal_inertia]; SO_5=1/F_TRZ [PAPER_1160 EXACT F_TRZ=1/|SO(5)|]; D_BSFG=6 native via bsfg_* wrapper surfaces [QCalcGeom v3 + PAPER_1159]; D_phys=2*D_BSFG/3 [PAPER_1962]; D_crit=D_BSFG+2*SO_5 [PAPER_1521]; A_5=360/D_BSFG [PAPER_2116]; N_CH=SO_5-1 [PAPER_2128]; K_MEX per PAPER_1522",PAPER_1149;PAPER_1203;PAPER_2124;PAPER_1160;PAPER_1159;PAPER_1962;PAPER_1521;PAPER_2116;PAPER_2128;PAPER_1522,XGEO_ROUTED_IDENTITY
GR_Hulse_Taylor_ratio,d26,"PSR B1913+16 obs/GR orbital decay || d26-native re-expression: generator D_crit=26: SO_5=10 via 26->10 superstring reduction [PAPER_1160 chain 4; CondensedPhysics2.py L28609; 26D_DOWNWARD_PROJECTION.md]; D_BSFG=6, D_phys=4 via 26->10->6->4 flow [PAPER_1160 + PAPER_1159 D=6 resonance manifold]; A_5=360/D_BSFG [PAPER_2116]; N_CH=SO_5-1 [PAPER_2128]; K_MEX per PAPER_1522",PAPER_1149;PAPER_1160;PAPER_1159;PAPER_2116;PAPER_2128;PAPER_1522,XGEO_ROUTED_IDENTITY
GR_Kerr_ISCO_extremal,qcalcgeom,"Kerr extremal ISCO r/M = F_TRZ*SO_5 = 1 EXACT || qcalcgeom-native re-expression: F_U-native constant set {rho_SCm, beta_i, SSq, F_TRZ, omega_SCm, Phi_res, S_26} [PAPER_1203/PAPER_2124 canonical F_U machinery = QCalcGeom v3 native surfaces compute_F_U/FUBi/FUBii/universal_inertia]; SO_5=1/F_TRZ [PAPER_1160 EXACT F_TRZ=1/|SO(5)|]; D_BSFG=6 native via bsfg_* wrapper surfaces [QCalcGeom v3 + PAPER_1159]; D_phys=2*D_BSFG/3 [PAPER_1962]; D_crit=D_BSFG+2*SO_5 [PAPER_1521]; A_5=360/D_BSFG [PAPER_2116]; N_CH=SO_5-1 [PAPER_2128]; K_MEX per PAPER_1522",PAPER_1149;PAPER_1203;PAPER_2124;PAPER_1160;PAPER_1159;PAPER_1962;PAPER_1521;PAPER_2116;PAPER_2128;PAPER_1522,XGEO_ROUTED_IDENTITY
GR_Kerr_ISCO_extremal,d26,"Kerr extremal ISCO r/M = F_TRZ*SO_5 = 1 EXACT || d26-native re-expression: generator D_crit=26: SO_5=10 via 26->10 superstring reduction [PAPER_1160 chain 4; CondensedPhysics2.py L28609; 26D_DOWNWARD_PROJECTION.md]; D_BSFG=6, D_phys=4 via 26->10->6->4 flow [PAPER_1160 + PAPER_1159 D=6 resonance manifold]; A_5=360/D_BSFG [PAPER_2116]; N_CH=SO_5-1 [PAPER_2128]; K_MEX per PAPER_1522",PAPER_1149;PAPER_1160;PAPER_1159;PAPER_2116;PAPER_2128;PAPER_1522,XGEO_ROUTED_IDENTITY
GR_Mercury_perihelion,qcalcgeom,"Mercury arcsec/century || qcalcgeom-native re-expression: F_U-native constant set {rho_SCm, beta_i, SSq, F_TRZ, omega_SCm, Phi_res, S_26} [PAPER_1203/PAPER_2124 canonical F_U machinery = QCalcGeom v3 native surfaces compute_F_U/FUBi/FUBii/universal_inertia]; SO_5=1/F_TRZ [PAPER_1160 EXACT F_TRZ=1/|SO(5)|]; D_BSFG=6 native via bsfg_* wrapper surfaces [QCalcGeom v3 + PAPER_1159]; D_phys=2*D_BSFG/3 [PAPER_1962]; D_crit=D_BSFG+2*SO_5 [PAPER_1521]; A_5=360/D_BSFG [PAPER_2116]; N_CH=SO_5-1 [PAPER_2128]; K_MEX per PAPER_1522",PAPER_1149;PAPER_1203;PAPER_2124;PAPER_1160;PAPER_1159;PAPER_1962;PAPER_1521;PAPER_2116;PAPER_2128;PAPER_1522,XGEO_ROUTED_IDENTITY
GR_Mercury_perihelion,d26,"Mercury arcsec/century || d26-native re-expression: generator D_crit=26: SO_5=10 via 26->10 superstring reduction [PAPER_1160 chain 4; CondensedPhysics2.py L28609; 26D_DOWNWARD_PROJECTION.md]; D_BSFG=6, D_phys=4 via 26->10->6->4 flow [PAPER_1160 + PAPER_1159 D=6 resonance manifold]; A_5=360/D_BSFG [PAPER_2116]; N_CH=SO_5-1 [PAPER_2128]; K_MEX per PAPER_1522",PAPER_1149;PAPER_1160;PAPER_1159;PAPER_2116;PAPER_2128;PAPER_1522,XGEO_ROUTED_IDENTITY
GR_NANOGrav_h_c,d26,"NANOGrav characteristic strain (norm 2.4) || d26-native re-expression: generator D_crit=26: SO_5=10 via 26->10 superstring reduction [PAPER_1160 chain 4; CondensedPhysics2.py L28609; 26D_DOWNWARD_PROJECTION.md]; D_BSFG=6, D_phys=4 via 26->10->6->4 flow [PAPER_1160 + PAPER_1159 D=6 resonance manifold]; A_5=360/D_BSFG [PAPER_2116]; N_CH=SO_5-1 [PAPER_2128]; K_MEX per PAPER_1522",PAPER_1149;PAPER_1160;PAPER_1159;PAPER_2116;PAPER_2128;PAPER_1522,XGEO_ROUTED_IDENTITY
GR_Shapiro_delay_coeff,qcalcgeom,"2(1+gamma) = D_PHYS = 4 EXACT || qcalcgeom-native re-expression: F_U-native constant set {rho_SCm, beta_i, SSq, F_TRZ, omega_SCm, Phi_res, S_26} [PAPER_1203/PAPER_2124 canonical F_U machinery = QCalcGeom v3 native surfaces compute_F_U/FUBi/FUBii/universal_inertia]; SO_5=1/F_TRZ [PAPER_1160 EXACT F_TRZ=1/|SO(5)|]; D_BSFG=6 native via bsfg_* wrapper surfaces [QCalcGeom v3 + PAPER_1159]; D_phys=2*D_BSFG/3 [PAPER_1962]; D_crit=D_BSFG+2*SO_5 [PAPER_1521]; A_5=360/D_BSFG [PAPER_2116]; N_CH=SO_5-1 [PAPER_2128]; K_MEX per PAPER_1522",PAPER_1149;PAPER_1203;PAPER_2124;PAPER_1160;PAPER_1159;PAPER_1962;PAPER_1521;PAPER_2116;PAPER_2128;PAPER_1522,XGEO_ROUTED_IDENTITY
GR_light_bending_solar_limb,qcalcgeom,"light bending arcsec at solar limb || qcalcgeom-native re-expression: F_U-native constant set {rho_SCm, beta_i, SSq, F_TRZ, omega_SCm, Phi_res, S_26} [PAPER_1203/PAPER_2124 canonical F_U machinery = QCalcGeom v3 native surfaces compute_F_U/FUBi/FUBii/universal_inertia]; SO_5=1/F_TRZ [PAPER_1160 EXACT F_TRZ=1/|SO(5)|]; D_BSFG=6 native via bsfg_* wrapper surfaces [QCalcGeom v3 + PAPER_1159]; D_phys=2*D_BSFG/3 [PAPER_1962]; D_crit=D_BSFG+2*SO_5 [PAPER_1521]; A_5=360/D_BSFG [PAPER_2116]; N_CH=SO_5-1 [PAPER_2128]; K_MEX per PAPER_1522",PAPER_1149;PAPER_1203;PAPER_2124;PAPER_1160;PAPER_1159;PAPER_1962;PAPER_1521;PAPER_2116;PAPER_2128;PAPER_1522,XGEO_ROUTED_IDENTITY
GR_light_bending_solar_limb,d26,"light bending arcsec at solar limb || d26-native re-expression: generator D_crit=26: SO_5=10 via 26->10 superstring reduction [PAPER_1160 chain 4; CondensedPhysics2.py L28609; 26D_DOWNWARD_PROJECTION.md]; D_BSFG=6, D_phys=4 via 26->10->6->4 flow [PAPER_1160 + PAPER_1159 D=6 resonance manifold]; A_5=360/D_BSFG [PAPER_2116]; N_CH=SO_5-1 [PAPER_2128]; K_MEX per PAPER_1522",PAPER_1149;PAPER_1160;PAPER_1159;PAPER_2116;PAPER_2128;PAPER_1522,XGEO_ROUTED_IDENTITY
GR_photon_sphere_r_M,qcalcgeom,"r_ph/M = D_PHYS - F_TRZ*SO_5 = 4 - 1 = 3 EXACT || qcalcgeom-native re-expression: F_U-native constant set {rho_SCm, beta_i, SSq, F_TRZ, omega_SCm, Phi_res, S_26} [PAPER_1203/PAPER_2124 canonical F_U machinery = QCalcGeom v3 native surfaces compute_F_U/FUBi/FUBii/universal_inertia]; SO_5=1/F_TRZ [PAPER_1160 EXACT F_TRZ=1/|SO(5)|]; D_BSFG=6 native via bsfg_* wrapper surfaces [QCalcGeom v3 + PAPER_1159]; D_phys=2*D_BSFG/3 [PAPER_1962]; D_crit=D_BSFG+2*SO_5 [PAPER_1521]; A_5=360/D_BSFG [PAPER_2116]; N_CH=SO_5-1 [PAPER_2128]; K_MEX per PAPER_1522",PAPER_1149;PAPER_1203;PAPER_2124;PAPER_1160;PAPER_1159;PAPER_1962;PAPER_1521;PAPER_2116;PAPER_2128;PAPER_1522,XGEO_ROUTED_IDENTITY
GR_photon_sphere_r_M,d26,"r_ph/M = D_PHYS - F_TRZ*SO_5 = 4 - 1 = 3 EXACT || d26-native re-expression: generator D_crit=26: SO_5=10 via 26->10 superstring reduction [PAPER_1160 chain 4; CondensedPhysics2.py L28609; 26D_DOWNWARD_PROJECTION.md]; D_BSFG=6, D_phys=4 via 26->10->6->4 flow [PAPER_1160 + PAPER_1159 D=6 resonance manifold]; A_5=360/D_BSFG [PAPER_2116]; N_CH=SO_5-1 [PAPER_2128]; K_MEX per PAPER_1522",PAPER_1149;PAPER_1160;PAPER_1159;PAPER_2116;PAPER_2128;PAPER_1522,XGEO_ROUTED_IDENTITY
ITER_R_over_a,qcalcgeom,"R/a = D_BSFG/2 + F_TRZ = 3 + 0.1 = 3.1 || qcalcgeom-native re-expression: F_U-native constant set {rho_SCm, beta_i, SSq, F_TRZ, omega_SCm, Phi_res, S_26} [PAPER_1203/PAPER_2124 canonical F_U machinery = QCalcGeom v3 native surfaces compute_F_U/FUBi/FUBii/universal_inertia]; SO_5=1/F_TRZ [PAPER_1160 EXACT F_TRZ=1/|SO(5)|]; D_BSFG=6 native via bsfg_* wrapper surfaces [QCalcGeom v3 + PAPER_1159]; D_phys=2*D_BSFG/3 [PAPER_1962]; D_crit=D_BSFG+2*SO_5 [PAPER_1521]; A_5=360/D_BSFG [PAPER_2116]; N_CH=SO_5-1 [PAPER_2128]; K_MEX per PAPER_1522",PAPER_1706;PAPER_1203;PAPER_2124;PAPER_1160;PAPER_1159;PAPER_1962;PAPER_1521;PAPER_2116;PAPER_2128;PAPER_1522,XGEO_ROUTED_IDENTITY
ITER_R_over_a,d26,"R/a = D_BSFG/2 + F_TRZ = 3 + 0.1 = 3.1 || d26-native re-expression: generator D_crit=26: SO_5=10 via 26->10 superstring reduction [PAPER_1160 chain 4; CondensedPhysics2.py L28609; 26D_DOWNWARD_PROJECTION.md]; D_BSFG=6, D_phys=4 via 26->10->6->4 flow [PAPER_1160 + PAPER_1159 D=6 resonance manifold]; A_5=360/D_BSFG [PAPER_2116]; N_CH=SO_5-1 [PAPER_2128]; K_MEX per PAPER_1522",PAPER_1706;PAPER_1160;PAPER_1159;PAPER_2116;PAPER_2128;PAPER_1522,XGEO_ROUTED_IDENTITY
KK_AU_per_1e10_m,qcalcgeom,"RECOVERED: AU/1e10 m = K_MEX^4 - beta_i - beta_i^3 - 3 = 14.945 (0.10%) || qcalcgeom-native re-expression: F_U-native constant set {rho_SCm, beta_i, SSq, F_TRZ, omega_SCm, Phi_res, S_26} [PAPER_1203/PAPER_2124 canonical F_U machinery = QCalcGeom v3 native surfaces compute_F_U/FUBi/FUBii/universal_inertia]; SO_5=1/F_TRZ [PAPER_1160 EXACT F_TRZ=1/|SO(5)|]; D_BSFG=6 native via bsfg_* wrapper surfaces [QCalcGeom v3 + PAPER_1159]; D_phys=2*D_BSFG/3 [PAPER_1962]; D_crit=D_BSFG+2*SO_5 [PAPER_1521]; A_5=360/D_BSFG [PAPER_2116]; N_CH=SO_5-1 [PAPER_2128]; K_MEX per PAPER_1522",PAPER_1167;_session684_KK_AU_per_1e10_m.py;PAPER_1203;PAPER_2124;PAPER_1160;PAPER_1159;PAPER_1962;PAPER_1521;PAPER_2116;PAPER_2128;PAPER_1522,XGEO_ROUTED_IDENTITY
KK_AU_per_1e10_m,bsfg,RECOVERED: AU/1e10 m = K_MEX^4 - beta_i - beta_i^3 - 3 = 14.945 (0.10%) || bsfg-native re-expression: generator D_BSFG: D_phys=2*D_BSFG/3 [PAPER_1962]; SO_5=2*(D_BSFG-1) [R320 triple-form; also |SO(D-1)| at D=6 per PAPER_1160]; D_crit=D_BSFG+2*SO_5 [PAPER_1521]; A_5=360/D_BSFG [PAPER_2116]; N_CH=SO_5-1 [PAPER_2128]; K_MEX per PAPER_1522,PAPER_1167;_session684_KK_AU_per_1e10_m.py;PAPER_1962;R320;PAPER_1160;PAPER_1521;PAPER_2116;PAPER_2128;PAPER_1522,XGEO_ROUTED_IDENTITY
KK_AU_per_1e10_m,d26,"RECOVERED: AU/1e10 m = K_MEX^4 - beta_i - beta_i^3 - 3 = 14.945 (0.10%) || d26-native re-expression: generator D_crit=26: SO_5=10 via 26->10 superstring reduction [PAPER_1160 chain 4; CondensedPhysics2.py L28609; 26D_DOWNWARD_PROJECTION.md]; D_BSFG=6, D_phys=4 via 26->10->6->4 flow [PAPER_1160 + PAPER_1159 D=6 resonance manifold]; A_5=360/D_BSFG [PAPER_2116]; N_CH=SO_5-1 [PAPER_2128]; K_MEX per PAPER_1522",PAPER_1167;_session684_KK_AU_per_1e10_m.py;PAPER_1160;PAPER_1159;PAPER_2116;PAPER_2128;PAPER_1522,XGEO_ROUTED_IDENTITY
KK_Earth_orbit_v_per_km_s,qcalcgeom,"+K^5 - F*K^5 - beta - 5 || qcalcgeom-native re-expression: F_U-native constant set {rho_SCm, beta_i, SSq, F_TRZ, omega_SCm, Phi_res, S_26} [PAPER_1203/PAPER_2124 canonical F_U machinery = QCalcGeom v3 native surfaces compute_F_U/FUBi/FUBii/universal_inertia]; SO_5=1/F_TRZ [PAPER_1160 EXACT F_TRZ=1/|SO(5)|]; D_BSFG=6 native via bsfg_* wrapper surfaces [QCalcGeom v3 + PAPER_1159]; D_phys=2*D_BSFG/3 [PAPER_1962]; D_crit=D_BSFG+2*SO_5 [PAPER_1521]; A_5=360/D_BSFG [PAPER_2116]; N_CH=SO_5-1 [PAPER_2128]; K_MEX per PAPER_1522",PAPER_1167;PAPER_1203;PAPER_2124;PAPER_1160;PAPER_1159;PAPER_1962;PAPER_1521;PAPER_2116;PAPER_2128;PAPER_1522,XGEO_ROUTED_IDENTITY
KK_Moon_orbital_period_per_day,qcalcgeom,"+K^5 - F*K^5 - 3 - 5 || qcalcgeom-native re-expression: F_U-native constant set {rho_SCm, beta_i, SSq, F_TRZ, omega_SCm, Phi_res, S_26} [PAPER_1203/PAPER_2124 canonical F_U machinery = QCalcGeom v3 native surfaces compute_F_U/FUBi/FUBii/universal_inertia]; SO_5=1/F_TRZ [PAPER_1160 EXACT F_TRZ=1/|SO(5)|]; D_BSFG=6 native via bsfg_* wrapper surfaces [QCalcGeom v3 + PAPER_1159]; D_phys=2*D_BSFG/3 [PAPER_1962]; D_crit=D_BSFG+2*SO_5 [PAPER_1521]; A_5=360/D_BSFG [PAPER_2116]; N_CH=SO_5-1 [PAPER_2128]; K_MEX per PAPER_1522",PAPER_1167;PAPER_1203;PAPER_2124;PAPER_1160;PAPER_1159;PAPER_1962;PAPER_1521;PAPER_2116;PAPER_2128;PAPER_1522,XGEO_ROUTED_IDENTITY
KK_Sun_mass_per_1e29_kg,qcalcgeom,"+K^4 - 2 + 3 || qcalcgeom-native re-expression: F_U-native constant set {rho_SCm, beta_i, SSq, F_TRZ, omega_SCm, Phi_res, S_26} [PAPER_1203/PAPER_2124 canonical F_U machinery = QCalcGeom v3 native surfaces compute_F_U/FUBi/FUBii/universal_inertia]; SO_5=1/F_TRZ [PAPER_1160 EXACT F_TRZ=1/|SO(5)|]; D_BSFG=6 native via bsfg_* wrapper surfaces [QCalcGeom v3 + PAPER_1159]; D_phys=2*D_BSFG/3 [PAPER_1962]; D_crit=D_BSFG+2*SO_5 [PAPER_1521]; A_5=360/D_BSFG [PAPER_2116]; N_CH=SO_5-1 [PAPER_2128]; K_MEX per PAPER_1522",PAPER_1167;PAPER_1203;PAPER_2124;PAPER_1160;PAPER_1159;PAPER_1962;PAPER_1521;PAPER_2116;PAPER_2128;PAPER_1522,XGEO_ROUTED_IDENTITY
KK_Sun_radius_per_1e8_m,qcalcgeom,"-F^2*beta^2 - F^2*beta^3 + 2 + 5 || qcalcgeom-native re-expression: F_U-native constant set {rho_SCm, beta_i, SSq, F_TRZ, omega_SCm, Phi_res, S_26} [PAPER_1203/PAPER_2124 canonical F_U machinery = QCalcGeom v3 native surfaces compute_F_U/FUBi/FUBii/universal_inertia]; SO_5=1/F_TRZ [PAPER_1160 EXACT F_TRZ=1/|SO(5)|]; D_BSFG=6 native via bsfg_* wrapper surfaces [QCalcGeom v3 + PAPER_1159]; D_phys=2*D_BSFG/3 [PAPER_1962]; D_crit=D_BSFG+2*SO_5 [PAPER_1521]; A_5=360/D_BSFG [PAPER_2116]; N_CH=SO_5-1 [PAPER_2128]; K_MEX per PAPER_1522",PAPER_1167;PAPER_1203;PAPER_2124;PAPER_1160;PAPER_1159;PAPER_1962;PAPER_1521;PAPER_2116;PAPER_2128;PAPER_1522,XGEO_ROUTED_IDENTITY
LCDM_BAO_rd_H0_over_c_alternate,qcalcgeom,"r_d*H0/c = 1 / (SO_5 * K_MEX * S_26) [alternate, 3-primitive amplification form] || qcalcgeom-native re-expression: F_U-native constant set {rho_SCm, beta_i, SSq, F_TRZ, omega_SCm, Phi_res, S_26} [PAPER_1203/PAPER_2124 canonical F_U machinery = QCalcGeom v3 native surfaces compute_F_U/FUBi/FUBii/universal_inertia]; SO_5=1/F_TRZ [PAPER_1160 EXACT F_TRZ=1/|SO(5)|]; D_BSFG=6 native via bsfg_* wrapper surfaces [QCalcGeom v3 + PAPER_1159]; D_phys=2*D_BSFG/3 [PAPER_1962]; D_crit=D_BSFG+2*SO_5 [PAPER_1521]; A_5=360/D_BSFG [PAPER_2116]; N_CH=SO_5-1 [PAPER_2128]; K_MEX per PAPER_1522",PAPER_1156;PAPER_1203;PAPER_2124;PAPER_1160;PAPER_1159;PAPER_1962;PAPER_1521;PAPER_2116;PAPER_2128;PAPER_1522,XGEO_ROUTED_IDENTITY
LCDM_BAO_rd_H0_over_c_primary,qcalcgeom,"r_d*H0/c = (SO_5 * SSq * beta_i) / (D_phys * D_crit) [primary, 5-primitive triadic co-sum form] || qcalcgeom-native re-expression: F_U-native constant set {rho_SCm, beta_i, SSq, F_TRZ, omega_SCm, Phi_res, S_26} [PAPER_1203/PAPER_2124 canonical F_U machinery = QCalcGeom v3 native surfaces compute_F_U/FUBi/FUBii/universal_inertia]; SO_5=1/F_TRZ [PAPER_1160 EXACT F_TRZ=1/|SO(5)|]; D_BSFG=6 native via bsfg_* wrapper surfaces [QCalcGeom v3 + PAPER_1159]; D_phys=2*D_BSFG/3 [PAPER_1962]; D_crit=D_BSFG+2*SO_5 [PAPER_1521]; A_5=360/D_BSFG [PAPER_2116]; N_CH=SO_5-1 [PAPER_2128]; K_MEX per PAPER_1522",PAPER_1156;PAPER_1203;PAPER_2124;PAPER_1160;PAPER_1159;PAPER_1962;PAPER_1521;PAPER_2116;PAPER_2128;PAPER_1522,XGEO_ROUTED_IDENTITY
LCDM_D_over_H,qcalcgeom,"D/H = F_TRZ^5 * (K_MEX + Phi_res*F_TRZ*D_BSFG) || qcalcgeom-native re-expression: F_U-native constant set {rho_SCm, beta_i, SSq, F_TRZ, omega_SCm, Phi_res, S_26} [PAPER_1203/PAPER_2124 canonical F_U machinery = QCalcGeom v3 native surfaces compute_F_U/FUBi/FUBii/universal_inertia]; SO_5=1/F_TRZ [PAPER_1160 EXACT F_TRZ=1/|SO(5)|]; D_BSFG=6 native via bsfg_* wrapper surfaces [QCalcGeom v3 + PAPER_1159]; D_phys=2*D_BSFG/3 [PAPER_1962]; D_crit=D_BSFG+2*SO_5 [PAPER_1521]; A_5=360/D_BSFG [PAPER_2116]; N_CH=SO_5-1 [PAPER_2128]; K_MEX per PAPER_1522",PAPER_1156;PAPER_1203;PAPER_2124;PAPER_1160;PAPER_1159;PAPER_1962;PAPER_1521;PAPER_2116;PAPER_2128;PAPER_1522,XGEO_ROUTED_IDENTITY
LCDM_EDGES_T21_amplitude,qcalcgeom,"T_21 = -D_phys * A_5 * beta_i * 2 [mK]  (integer-primitive EDGES amplitude per PAPER_1761) || qcalcgeom-native re-expression: F_U-native constant set {rho_SCm, beta_i, SSq, F_TRZ, omega_SCm, Phi_res, S_26} [PAPER_1203/PAPER_2124 canonical F_U machinery = QCalcGeom v3 native surfaces compute_F_U/FUBi/FUBii/universal_inertia]; SO_5=1/F_TRZ [PAPER_1160 EXACT F_TRZ=1/|SO(5)|]; D_BSFG=6 native via bsfg_* wrapper surfaces [QCalcGeom v3 + PAPER_1159]; D_phys=2*D_BSFG/3 [PAPER_1962]; D_crit=D_BSFG+2*SO_5 [PAPER_1521]; A_5=360/D_BSFG [PAPER_2116]; N_CH=SO_5-1 [PAPER_2128]; K_MEX per PAPER_1522",PAPER_1761;PAPER_1203;PAPER_2124;PAPER_1160;PAPER_1159;PAPER_1962;PAPER_1521;PAPER_2116;PAPER_2128;PAPER_1522,XGEO_ROUTED_IDENTITY
LCDM_EDGES_extra_cooling,qcalcgeom,"EDGES = 1 + F_TRZ^(-1/4)*(1-F_TRZ) || qcalcgeom-native re-expression: F_U-native constant set {rho_SCm, beta_i, SSq, F_TRZ, omega_SCm, Phi_res, S_26} [PAPER_1203/PAPER_2124 canonical F_U machinery = QCalcGeom v3 native surfaces compute_F_U/FUBi/FUBii/universal_inertia]; SO_5=1/F_TRZ [PAPER_1160 EXACT F_TRZ=1/|SO(5)|]; D_BSFG=6 native via bsfg_* wrapper surfaces [QCalcGeom v3 + PAPER_1159]; D_phys=2*D_BSFG/3 [PAPER_1962]; D_crit=D_BSFG+2*SO_5 [PAPER_1521]; A_5=360/D_BSFG [PAPER_2116]; N_CH=SO_5-1 [PAPER_2128]; K_MEX per PAPER_1522",PAPER_1156;PAPER_1203;PAPER_2124;PAPER_1160;PAPER_1159;PAPER_1962;PAPER_1521;PAPER_2116;PAPER_2128;PAPER_1522,XGEO_ROUTED_IDENTITY
LCDM_H0_tension_ratio,qcalcgeom,"H0_local/H0_CMB = 1 + F_TRZ*Phi_res_5_6 = 1 + 1/12 || qcalcgeom-native re-expression: F_U-native constant set {rho_SCm, beta_i, SSq, F_TRZ, omega_SCm, Phi_res, S_26} [PAPER_1203/PAPER_2124 canonical F_U machinery = QCalcGeom v3 native surfaces compute_F_U/FUBi/FUBii/universal_inertia]; SO_5=1/F_TRZ [PAPER_1160 EXACT F_TRZ=1/|SO(5)|]; D_BSFG=6 native via bsfg_* wrapper surfaces [QCalcGeom v3 + PAPER_1159]; D_phys=2*D_BSFG/3 [PAPER_1962]; D_crit=D_BSFG+2*SO_5 [PAPER_1521]; A_5=360/D_BSFG [PAPER_2116]; N_CH=SO_5-1 [PAPER_2128]; K_MEX per PAPER_1522",PAPER_1156;PAPER_1203;PAPER_2124;PAPER_1160;PAPER_1159;PAPER_1962;PAPER_1521;PAPER_2116;PAPER_2128;PAPER_1522,XGEO_ROUTED_IDENTITY
LCDM_Li7_BBN_dilution,qcalcgeom,"Li-7 dilution = D_phys - 1 = 3 EXACT (integer-primitive Ricci-trace dimension) || qcalcgeom-native re-expression: F_U-native constant set {rho_SCm, beta_i, SSq, F_TRZ, omega_SCm, Phi_res, S_26} [PAPER_1203/PAPER_2124 canonical F_U machinery = QCalcGeom v3 native surfaces compute_F_U/FUBi/FUBii/universal_inertia]; SO_5=1/F_TRZ [PAPER_1160 EXACT F_TRZ=1/|SO(5)|]; D_BSFG=6 native via bsfg_* wrapper surfaces [QCalcGeom v3 + PAPER_1159]; D_phys=2*D_BSFG/3 [PAPER_1962]; D_crit=D_BSFG+2*SO_5 [PAPER_1521]; A_5=360/D_BSFG [PAPER_2116]; N_CH=SO_5-1 [PAPER_2128]; K_MEX per PAPER_1522",PAPER_1227;PAPER_1203;PAPER_2124;PAPER_1160;PAPER_1159;PAPER_1962;PAPER_1521;PAPER_2116;PAPER_2128;PAPER_1522,XGEO_ROUTED_IDENTITY
LCDM_Li7_over_H,qcalcgeom,"Li-7/H = F_TRZ^10 * D_PHYS*Phi_res/K_MEX || qcalcgeom-native re-expression: F_U-native constant set {rho_SCm, beta_i, SSq, F_TRZ, omega_SCm, Phi_res, S_26} [PAPER_1203/PAPER_2124 canonical F_U machinery = QCalcGeom v3 native surfaces compute_F_U/FUBi/FUBii/universal_inertia]; SO_5=1/F_TRZ [PAPER_1160 EXACT F_TRZ=1/|SO(5)|]; D_BSFG=6 native via bsfg_* wrapper surfaces [QCalcGeom v3 + PAPER_1159]; D_phys=2*D_BSFG/3 [PAPER_1962]; D_crit=D_BSFG+2*SO_5 [PAPER_1521]; A_5=360/D_BSFG [PAPER_2116]; N_CH=SO_5-1 [PAPER_2128]; K_MEX per PAPER_1522",PAPER_1156;PAPER_1203;PAPER_2124;PAPER_1160;PAPER_1159;PAPER_1962;PAPER_1521;PAPER_2116;PAPER_2128;PAPER_1522,XGEO_ROUTED_IDENTITY
LCDM_N_eff,qcalcgeom,"N_eff = D_PHYS - Phi_res - F_TRZ*K_MEX*SSQ || qcalcgeom-native re-expression: F_U-native constant set {rho_SCm, beta_i, SSq, F_TRZ, omega_SCm, Phi_res, S_26} [PAPER_1203/PAPER_2124 canonical F_U machinery = QCalcGeom v3 native surfaces compute_F_U/FUBi/FUBii/universal_inertia]; SO_5=1/F_TRZ [PAPER_1160 EXACT F_TRZ=1/|SO(5)|]; D_BSFG=6 native via bsfg_* wrapper surfaces [QCalcGeom v3 + PAPER_1159]; D_phys=2*D_BSFG/3 [PAPER_1962]; D_crit=D_BSFG+2*SO_5 [PAPER_1521]; A_5=360/D_BSFG [PAPER_2116]; N_CH=SO_5-1 [PAPER_2128]; K_MEX per PAPER_1522",PAPER_1156;PAPER_1203;PAPER_2124;PAPER_1160;PAPER_1159;PAPER_1962;PAPER_1521;PAPER_2116;PAPER_2128;PAPER_1522,XGEO_ROUTED_IDENTITY
LCDM_N_eff,d26,"N_eff = D_PHYS - Phi_res - F_TRZ*K_MEX*SSQ || d26-native re-expression: generator D_crit=26: SO_5=10 via 26->10 superstring reduction [PAPER_1160 chain 4; CondensedPhysics2.py L28609; 26D_DOWNWARD_PROJECTION.md]; D_BSFG=6, D_phys=4 via 26->10->6->4 flow [PAPER_1160 + PAPER_1159 D=6 resonance manifold]; A_5=360/D_BSFG [PAPER_2116]; N_CH=SO_5-1 [PAPER_2128]; K_MEX per PAPER_1522",PAPER_1156;PAPER_1160;PAPER_1159;PAPER_2116;PAPER_2128;PAPER_1522,XGEO_ROUTED_IDENTITY
LCDM_Omega_m,qcalcgeom,"Omega_m = SSQ - K_MEX*F_TRZ - Phi_res*F_TRZ*SSQ || qcalcgeom-native re-expression: F_U-native constant set {rho_SCm, beta_i, SSq, F_TRZ, omega_SCm, Phi_res, S_26} [PAPER_1203/PAPER_2124 canonical F_U machinery = QCalcGeom v3 native surfaces compute_F_U/FUBi/FUBii/universal_inertia]; SO_5=1/F_TRZ [PAPER_1160 EXACT F_TRZ=1/|SO(5)|]; D_BSFG=6 native via bsfg_* wrapper surfaces [QCalcGeom v3 + PAPER_1159]; D_phys=2*D_BSFG/3 [PAPER_1962]; D_crit=D_BSFG+2*SO_5 [PAPER_1521]; A_5=360/D_BSFG [PAPER_2116]; N_CH=SO_5-1 [PAPER_2128]; K_MEX per PAPER_1522",PAPER_1156;PAPER_1203;PAPER_2124;PAPER_1160;PAPER_1159;PAPER_1962;PAPER_1521;PAPER_2116;PAPER_2128;PAPER_1522,XGEO_ROUTED_IDENTITY
LCDM_Omega_m,d26,"Omega_m = SSQ - K_MEX*F_TRZ - Phi_res*F_TRZ*SSQ || d26-native re-expression: generator D_crit=26: SO_5=10 via 26->10 superstring reduction [PAPER_1160 chain 4; CondensedPhysics2.py L28609; 26D_DOWNWARD_PROJECTION.md]; D_BSFG=6, D_phys=4 via 26->10->6->4 flow [PAPER_1160 + PAPER_1159 D=6 resonance manifold]; A_5=360/D_BSFG [PAPER_2116]; N_CH=SO_5-1 [PAPER_2128]; K_MEX per PAPER_1522",PAPER_1156;PAPER_1160;PAPER_1159;PAPER_2116;PAPER_2128;PAPER_1522,XGEO_ROUTED_IDENTITY
LCDM_T_CMB,qcalcgeom,"T_CMB = Phi_res*(D_PHYS-Phi_res+F_TRZ) Kelvin || qcalcgeom-native re-expression: F_U-native constant set {rho_SCm, beta_i, SSq, F_TRZ, omega_SCm, Phi_res, S_26} [PAPER_1203/PAPER_2124 canonical F_U machinery = QCalcGeom v3 native surfaces compute_F_U/FUBi/FUBii/universal_inertia]; SO_5=1/F_TRZ [PAPER_1160 EXACT F_TRZ=1/|SO(5)|]; D_BSFG=6 native via bsfg_* wrapper surfaces [QCalcGeom v3 + PAPER_1159]; D_phys=2*D_BSFG/3 [PAPER_1962]; D_crit=D_BSFG+2*SO_5 [PAPER_1521]; A_5=360/D_BSFG [PAPER_2116]; N_CH=SO_5-1 [PAPER_2128]; K_MEX per PAPER_1522",PAPER_1156;PAPER_1203;PAPER_2124;PAPER_1160;PAPER_1159;PAPER_1962;PAPER_1521;PAPER_2116;PAPER_2128;PAPER_1522,XGEO_ROUTED_IDENTITY
LCDM_Y_p,qcalcgeom,"Y_p = (1-Phi_res) + Phi_res*F_TRZ*(1-F_TRZ*SSQ) || qcalcgeom-native re-expression: F_U-native constant set {rho_SCm, beta_i, SSq, F_TRZ, omega_SCm, Phi_res, S_26} [PAPER_1203/PAPER_2124 canonical F_U machinery = QCalcGeom v3 native surfaces compute_F_U/FUBi/FUBii/universal_inertia]; SO_5=1/F_TRZ [PAPER_1160 EXACT F_TRZ=1/|SO(5)|]; D_BSFG=6 native via bsfg_* wrapper surfaces [QCalcGeom v3 + PAPER_1159]; D_phys=2*D_BSFG/3 [PAPER_1962]; D_crit=D_BSFG+2*SO_5 [PAPER_1521]; A_5=360/D_BSFG [PAPER_2116]; N_CH=SO_5-1 [PAPER_2128]; K_MEX per PAPER_1522",PAPER_1156;PAPER_1203;PAPER_2124;PAPER_1160;PAPER_1159;PAPER_1962;PAPER_1521;PAPER_2116;PAPER_2128;PAPER_1522,XGEO_ROUTED_IDENTITY
LCDM_eta_B,qcalcgeom,"eta_B = D_BSFG * F_TRZ^10 || qcalcgeom-native re-expression: F_U-native constant set {rho_SCm, beta_i, SSq, F_TRZ, omega_SCm, Phi_res, S_26} [PAPER_1203/PAPER_2124 canonical F_U machinery = QCalcGeom v3 native surfaces compute_F_U/FUBi/FUBii/universal_inertia]; SO_5=1/F_TRZ [PAPER_1160 EXACT F_TRZ=1/|SO(5)|]; D_BSFG=6 native via bsfg_* wrapper surfaces [QCalcGeom v3 + PAPER_1159]; D_phys=2*D_BSFG/3 [PAPER_1962]; D_crit=D_BSFG+2*SO_5 [PAPER_1521]; A_5=360/D_BSFG [PAPER_2116]; N_CH=SO_5-1 [PAPER_2128]; K_MEX per PAPER_1522",PAPER_1156;PAPER_1203;PAPER_2124;PAPER_1160;PAPER_1159;PAPER_1962;PAPER_1521;PAPER_2116;PAPER_2128;PAPER_1522,XGEO_ROUTED_IDENTITY
LCDM_n_s_S336,qcalcgeom,"n_s = 1 - (1-Phi_res)*F_TRZ*K_MEX || qcalcgeom-native re-expression: F_U-native constant set {rho_SCm, beta_i, SSq, F_TRZ, omega_SCm, Phi_res, S_26} [PAPER_1203/PAPER_2124 canonical F_U machinery = QCalcGeom v3 native surfaces compute_F_U/FUBi/FUBii/universal_inertia]; SO_5=1/F_TRZ [PAPER_1160 EXACT F_TRZ=1/|SO(5)|]; D_BSFG=6 native via bsfg_* wrapper surfaces [QCalcGeom v3 + PAPER_1159]; D_phys=2*D_BSFG/3 [PAPER_1962]; D_crit=D_BSFG+2*SO_5 [PAPER_1521]; A_5=360/D_BSFG [PAPER_2116]; N_CH=SO_5-1 [PAPER_2128]; K_MEX per PAPER_1522",PAPER_1156;PAPER_1203;PAPER_2124;PAPER_1160;PAPER_1159;PAPER_1962;PAPER_1521;PAPER_2116;PAPER_2128;PAPER_1522,XGEO_ROUTED_IDENTITY
LCDM_sigma8_KiDS_Planck_lift,qcalcgeom,"lift = 1 - SSQ*F_TRZ*Phi_res = 1 - SSQ/12 || qcalcgeom-native re-expression: F_U-native constant set {rho_SCm, beta_i, SSq, F_TRZ, omega_SCm, Phi_res, S_26} [PAPER_1203/PAPER_2124 canonical F_U machinery = QCalcGeom v3 native surfaces compute_F_U/FUBi/FUBii/universal_inertia]; SO_5=1/F_TRZ [PAPER_1160 EXACT F_TRZ=1/|SO(5)|]; D_BSFG=6 native via bsfg_* wrapper surfaces [QCalcGeom v3 + PAPER_1159]; D_phys=2*D_BSFG/3 [PAPER_1962]; D_crit=D_BSFG+2*SO_5 [PAPER_1521]; A_5=360/D_BSFG [PAPER_2116]; N_CH=SO_5-1 [PAPER_2128]; K_MEX per PAPER_1522",PAPER_1156;PAPER_1203;PAPER_2124;PAPER_1160;PAPER_1159;PAPER_1962;PAPER_1521;PAPER_2116;PAPER_2128;PAPER_1522,XGEO_ROUTED_IDENTITY
LCDM_sigma_8_S365,qcalcgeom,"sigma_8 = (1 + Phi_res - F_TRZ*K_MEX)/2 || qcalcgeom-native re-expression: F_U-native constant set {rho_SCm, beta_i, SSq, F_TRZ, omega_SCm, Phi_res, S_26} [PAPER_1203/PAPER_2124 canonical F_U machinery = QCalcGeom v3 native surfaces compute_F_U/FUBi/FUBii/universal_inertia]; SO_5=1/F_TRZ [PAPER_1160 EXACT F_TRZ=1/|SO(5)|]; D_BSFG=6 native via bsfg_* wrapper surfaces [QCalcGeom v3 + PAPER_1159]; D_phys=2*D_BSFG/3 [PAPER_1962]; D_crit=D_BSFG+2*SO_5 [PAPER_1521]; A_5=360/D_BSFG [PAPER_2116]; N_CH=SO_5-1 [PAPER_2128]; K_MEX per PAPER_1522",PAPER_1156;PAPER_1203;PAPER_2124;PAPER_1160;PAPER_1159;PAPER_1962;PAPER_1521;PAPER_2116;PAPER_2128;PAPER_1522,XGEO_ROUTED_IDENTITY
LCDM_sigma_8_S365,d26,"sigma_8 = (1 + Phi_res - F_TRZ*K_MEX)/2 || d26-native re-expression: generator D_crit=26: SO_5=10 via 26->10 superstring reduction [PAPER_1160 chain 4; CondensedPhysics2.py L28609; 26D_DOWNWARD_PROJECTION.md]; D_BSFG=6, D_phys=4 via 26->10->6->4 flow [PAPER_1160 + PAPER_1159 D=6 resonance manifold]; A_5=360/D_BSFG [PAPER_2116]; N_CH=SO_5-1 [PAPER_2128]; K_MEX per PAPER_1522",PAPER_1156;PAPER_1160;PAPER_1159;PAPER_2116;PAPER_2128;PAPER_1522,XGEO_ROUTED_IDENTITY
LCDM_z_reion,qcalcgeom,"z_reion = D_BSFG + D_PHYS*Phi_res/2 || qcalcgeom-native re-expression: F_U-native constant set {rho_SCm, beta_i, SSq, F_TRZ, omega_SCm, Phi_res, S_26} [PAPER_1203/PAPER_2124 canonical F_U machinery = QCalcGeom v3 native surfaces compute_F_U/FUBi/FUBii/universal_inertia]; SO_5=1/F_TRZ [PAPER_1160 EXACT F_TRZ=1/|SO(5)|]; D_BSFG=6 native via bsfg_* wrapper surfaces [QCalcGeom v3 + PAPER_1159]; D_phys=2*D_BSFG/3 [PAPER_1962]; D_crit=D_BSFG+2*SO_5 [PAPER_1521]; A_5=360/D_BSFG [PAPER_2116]; N_CH=SO_5-1 [PAPER_2128]; K_MEX per PAPER_1522",PAPER_1156;PAPER_1203;PAPER_2124;PAPER_1160;PAPER_1159;PAPER_1962;PAPER_1521;PAPER_2116;PAPER_2128;PAPER_1522,XGEO_ROUTED_IDENTITY
LCDM_z_reion,d26,"z_reion = D_BSFG + D_PHYS*Phi_res/2 || d26-native re-expression: generator D_crit=26: SO_5=10 via 26->10 superstring reduction [PAPER_1160 chain 4; CondensedPhysics2.py L28609; 26D_DOWNWARD_PROJECTION.md]; D_BSFG=6, D_phys=4 via 26->10->6->4 flow [PAPER_1160 + PAPER_1159 D=6 resonance manifold]; A_5=360/D_BSFG [PAPER_2116]; N_CH=SO_5-1 [PAPER_2128]; K_MEX per PAPER_1522",PAPER_1156;PAPER_1160;PAPER_1159;PAPER_2116;PAPER_2128;PAPER_1522,XGEO_ROUTED_IDENTITY
Pop_III_IMF_max,qcalcgeom,"M_max = A_5 * 2 = 120 M_Sun || qcalcgeom-native re-expression: F_U-native constant set {rho_SCm, beta_i, SSq, F_TRZ, omega_SCm, Phi_res, S_26} [PAPER_1203/PAPER_2124 canonical F_U machinery = QCalcGeom v3 native surfaces compute_F_U/FUBi/FUBii/universal_inertia]; SO_5=1/F_TRZ [PAPER_1160 EXACT F_TRZ=1/|SO(5)|]; D_BSFG=6 native via bsfg_* wrapper surfaces [QCalcGeom v3 + PAPER_1159]; D_phys=2*D_BSFG/3 [PAPER_1962]; D_crit=D_BSFG+2*SO_5 [PAPER_1521]; A_5=360/D_BSFG [PAPER_2116]; N_CH=SO_5-1 [PAPER_2128]; K_MEX per PAPER_1522",PAPER_1652;PAPER_1203;PAPER_2124;PAPER_1160;PAPER_1159;PAPER_1962;PAPER_1521;PAPER_2116;PAPER_2128;PAPER_1522,XGEO_ROUTED_IDENTITY
Pop_III_IMF_max,d26,"M_max = A_5 * 2 = 120 M_Sun || d26-native re-expression: generator D_crit=26: SO_5=10 via 26->10 superstring reduction [PAPER_1160 chain 4; CondensedPhysics2.py L28609; 26D_DOWNWARD_PROJECTION.md]; D_BSFG=6, D_phys=4 via 26->10->6->4 flow [PAPER_1160 + PAPER_1159 D=6 resonance manifold]; A_5=360/D_BSFG [PAPER_2116]; N_CH=SO_5-1 [PAPER_2128]; K_MEX per PAPER_1522",PAPER_1652;PAPER_1160;PAPER_1159;PAPER_2116;PAPER_2128;PAPER_1522,XGEO_ROUTED_IDENTITY
SM_PMNS_theta_12_deg,qcalcgeom,"theta_12 = 3*SO_5 + D_PHYS - Phi_res + SSQ - F_TRZ - F_TRZ*K_MEX deg || qcalcgeom-native re-expression: F_U-native constant set {rho_SCm, beta_i, SSq, F_TRZ, omega_SCm, Phi_res, S_26} [PAPER_1203/PAPER_2124 canonical F_U machinery = QCalcGeom v3 native surfaces compute_F_U/FUBi/FUBii/universal_inertia]; SO_5=1/F_TRZ [PAPER_1160 EXACT F_TRZ=1/|SO(5)|]; D_BSFG=6 native via bsfg_* wrapper surfaces [QCalcGeom v3 + PAPER_1159]; D_phys=2*D_BSFG/3 [PAPER_1962]; D_crit=D_BSFG+2*SO_5 [PAPER_1521]; A_5=360/D_BSFG [PAPER_2116]; N_CH=SO_5-1 [PAPER_2128]; K_MEX per PAPER_1522",PAPER_1209HH;PAPER_1203;PAPER_2124;PAPER_1160;PAPER_1159;PAPER_1962;PAPER_1521;PAPER_2116;PAPER_2128;PAPER_1522,XGEO_ROUTED_IDENTITY
SM_alpha_s_M_Z_S378,qcalcgeom,"alpha_s(M_Z) = F_TRZ*K_MEX*SSQ - F_TRZ^3*Phi_res || qcalcgeom-native re-expression: F_U-native constant set {rho_SCm, beta_i, SSq, F_TRZ, omega_SCm, Phi_res, S_26} [PAPER_1203/PAPER_2124 canonical F_U machinery = QCalcGeom v3 native surfaces compute_F_U/FUBi/FUBii/universal_inertia]; SO_5=1/F_TRZ [PAPER_1160 EXACT F_TRZ=1/|SO(5)|]; D_BSFG=6 native via bsfg_* wrapper surfaces [QCalcGeom v3 + PAPER_1159]; D_phys=2*D_BSFG/3 [PAPER_1962]; D_crit=D_BSFG+2*SO_5 [PAPER_1521]; A_5=360/D_BSFG [PAPER_2116]; N_CH=SO_5-1 [PAPER_2128]; K_MEX per PAPER_1522",PAPER_1209HH;PAPER_1203;PAPER_2124;PAPER_1160;PAPER_1159;PAPER_1962;PAPER_1521;PAPER_2116;PAPER_2128;PAPER_1522,XGEO_ROUTED_IDENTITY
SM_alpha_s_M_Z_S378,d26,"alpha_s(M_Z) = F_TRZ*K_MEX*SSQ - F_TRZ^3*Phi_res || d26-native re-expression: generator D_crit=26: SO_5=10 via 26->10 superstring reduction [PAPER_1160 chain 4; CondensedPhysics2.py L28609; 26D_DOWNWARD_PROJECTION.md]; D_BSFG=6, D_phys=4 via 26->10->6->4 flow [PAPER_1160 + PAPER_1159 D=6 resonance manifold]; A_5=360/D_BSFG [PAPER_2116]; N_CH=SO_5-1 [PAPER_2128]; K_MEX per PAPER_1522",PAPER_1209HH;PAPER_1160;PAPER_1159;PAPER_2116;PAPER_2128;PAPER_1522,XGEO_ROUTED_IDENTITY
SM_cabibbo_sin_S379,qcalcgeom,"sin(theta_C) = F_TRZ*K_MEX + F_TRZ^3*D_PHYS^2 || qcalcgeom-native re-expression: F_U-native constant set {rho_SCm, beta_i, SSq, F_TRZ, omega_SCm, Phi_res, S_26} [PAPER_1203/PAPER_2124 canonical F_U machinery = QCalcGeom v3 native surfaces compute_F_U/FUBi/FUBii/universal_inertia]; SO_5=1/F_TRZ [PAPER_1160 EXACT F_TRZ=1/|SO(5)|]; D_BSFG=6 native via bsfg_* wrapper surfaces [QCalcGeom v3 + PAPER_1159]; D_phys=2*D_BSFG/3 [PAPER_1962]; D_crit=D_BSFG+2*SO_5 [PAPER_1521]; A_5=360/D_BSFG [PAPER_2116]; N_CH=SO_5-1 [PAPER_2128]; K_MEX per PAPER_1522",PAPER_1209HH;PAPER_1203;PAPER_2124;PAPER_1160;PAPER_1159;PAPER_1962;PAPER_1521;PAPER_2116;PAPER_2128;PAPER_1522,XGEO_ROUTED_IDENTITY
SM_cabibbo_sin_S379,d26,"sin(theta_C) = F_TRZ*K_MEX + F_TRZ^3*D_PHYS^2 || d26-native re-expression: generator D_crit=26: SO_5=10 via 26->10 superstring reduction [PAPER_1160 chain 4; CondensedPhysics2.py L28609; 26D_DOWNWARD_PROJECTION.md]; D_BSFG=6, D_phys=4 via 26->10->6->4 flow [PAPER_1160 + PAPER_1159 D=6 resonance manifold]; A_5=360/D_BSFG [PAPER_2116]; N_CH=SO_5-1 [PAPER_2128]; K_MEX per PAPER_1522",PAPER_1209HH;PAPER_1160;PAPER_1159;PAPER_2116;PAPER_2128;PAPER_1522,XGEO_ROUTED_IDENTITY
SM_cabibbo_sin_alternate,qcalcgeom,"sin(theta_C) = (D_phys * K_MEX * S_26) / (D_BSFG * N_CH) [alternate, 5-primitive Ramanujan-amplification form] || qcalcgeom-native re-expression: F_U-native constant set {rho_SCm, beta_i, SSq, F_TRZ, omega_SCm, Phi_res, S_26} [PAPER_1203/PAPER_2124 canonical F_U machinery = QCalcGeom v3 native surfaces compute_F_U/FUBi/FUBii/universal_inertia]; SO_5=1/F_TRZ [PAPER_1160 EXACT F_TRZ=1/|SO(5)|]; D_BSFG=6 native via bsfg_* wrapper surfaces [QCalcGeom v3 + PAPER_1159]; D_phys=2*D_BSFG/3 [PAPER_1962]; D_crit=D_BSFG+2*SO_5 [PAPER_1521]; A_5=360/D_BSFG [PAPER_2116]; N_CH=SO_5-1 [PAPER_2128]; K_MEX per PAPER_1522",PAPER_1167;PAPER_1203;PAPER_2124;PAPER_1160;PAPER_1159;PAPER_1962;PAPER_1521;PAPER_2116;PAPER_2128;PAPER_1522,XGEO_ROUTED_IDENTITY
SM_cabibbo_sin_alternate,d26,"sin(theta_C) = (D_phys * K_MEX * S_26) / (D_BSFG * N_CH) [alternate, 5-primitive Ramanujan-amplification form] || d26-native re-expression: generator D_crit=26: SO_5=10 via 26->10 superstring reduction [PAPER_1160 chain 4; CondensedPhysics2.py L28609; 26D_DOWNWARD_PROJECTION.md]; D_BSFG=6, D_phys=4 via 26->10->6->4 flow [PAPER_1160 + PAPER_1159 D=6 resonance manifold]; A_5=360/D_BSFG [PAPER_2116]; N_CH=SO_5-1 [PAPER_2128]; K_MEX per PAPER_1522",PAPER_1167;PAPER_1160;PAPER_1159;PAPER_2116;PAPER_2128;PAPER_1522,XGEO_ROUTED_IDENTITY
SM_cabibbo_sin_primary,qcalcgeom,"sin(theta_C) = (N_CH * K_MEX * beta_i) / (A_5 * Phi_res) [primary, 5-primitive triadic ratio form] || qcalcgeom-native re-expression: F_U-native constant set {rho_SCm, beta_i, SSq, F_TRZ, omega_SCm, Phi_res, S_26} [PAPER_1203/PAPER_2124 canonical F_U machinery = QCalcGeom v3 native surfaces compute_F_U/FUBi/FUBii/universal_inertia]; SO_5=1/F_TRZ [PAPER_1160 EXACT F_TRZ=1/|SO(5)|]; D_BSFG=6 native via bsfg_* wrapper surfaces [QCalcGeom v3 + PAPER_1159]; D_phys=2*D_BSFG/3 [PAPER_1962]; D_crit=D_BSFG+2*SO_5 [PAPER_1521]; A_5=360/D_BSFG [PAPER_2116]; N_CH=SO_5-1 [PAPER_2128]; K_MEX per PAPER_1522",PAPER_1167;PAPER_1203;PAPER_2124;PAPER_1160;PAPER_1159;PAPER_1962;PAPER_1521;PAPER_2116;PAPER_2128;PAPER_1522,XGEO_ROUTED_IDENTITY
SM_cabibbo_sin_primary,d26,"sin(theta_C) = (N_CH * K_MEX * beta_i) / (A_5 * Phi_res) [primary, 5-primitive triadic ratio form] || d26-native re-expression: generator D_crit=26: SO_5=10 via 26->10 superstring reduction [PAPER_1160 chain 4; CondensedPhysics2.py L28609; 26D_DOWNWARD_PROJECTION.md]; D_BSFG=6, D_phys=4 via 26->10->6->4 flow [PAPER_1160 + PAPER_1159 D=6 resonance manifold]; A_5=360/D_BSFG [PAPER_2116]; N_CH=SO_5-1 [PAPER_2128]; K_MEX per PAPER_1522",PAPER_1167;PAPER_1160;PAPER_1159;PAPER_2116;PAPER_2128;PAPER_1522,XGEO_ROUTED_IDENTITY
SM_cabibbo_theta_deg_S326,qcalcgeom,"theta_C = arcsin((1 - Phi_res) * sqrt(F_TRZ * K_MEX * N_CH)) deg || qcalcgeom-native re-expression: F_U-native constant set {rho_SCm, beta_i, SSq, F_TRZ, omega_SCm, Phi_res, S_26} [PAPER_1203/PAPER_2124 canonical F_U machinery = QCalcGeom v3 native surfaces compute_F_U/FUBi/FUBii/universal_inertia]; SO_5=1/F_TRZ [PAPER_1160 EXACT F_TRZ=1/|SO(5)|]; D_BSFG=6 native via bsfg_* wrapper surfaces [QCalcGeom v3 + PAPER_1159]; D_phys=2*D_BSFG/3 [PAPER_1962]; D_crit=D_BSFG+2*SO_5 [PAPER_1521]; A_5=360/D_BSFG [PAPER_2116]; N_CH=SO_5-1 [PAPER_2128]; K_MEX per PAPER_1522",PAPER_1167;PAPER_1203;PAPER_2124;PAPER_1160;PAPER_1159;PAPER_1962;PAPER_1521;PAPER_2116;PAPER_2128;PAPER_1522,XGEO_ROUTED_IDENTITY
SM_cabibbo_theta_deg_S326,d26,"theta_C = arcsin((1 - Phi_res) * sqrt(F_TRZ * K_MEX * N_CH)) deg || d26-native re-expression: generator D_crit=26: SO_5=10 via 26->10 superstring reduction [PAPER_1160 chain 4; CondensedPhysics2.py L28609; 26D_DOWNWARD_PROJECTION.md]; D_BSFG=6, D_phys=4 via 26->10->6->4 flow [PAPER_1160 + PAPER_1159 D=6 resonance manifold]; A_5=360/D_BSFG [PAPER_2116]; N_CH=SO_5-1 [PAPER_2128]; K_MEX per PAPER_1522",PAPER_1167;PAPER_1160;PAPER_1159;PAPER_2116;PAPER_2128;PAPER_1522,XGEO_ROUTED_IDENTITY
SM_delta_CP,qcalcgeom,"delta_CP = 1 + F_TRZ*K_MEX - F_TRZ*SSQ rad || qcalcgeom-native re-expression: F_U-native constant set {rho_SCm, beta_i, SSq, F_TRZ, omega_SCm, Phi_res, S_26} [PAPER_1203/PAPER_2124 canonical F_U machinery = QCalcGeom v3 native surfaces compute_F_U/FUBi/FUBii/universal_inertia]; SO_5=1/F_TRZ [PAPER_1160 EXACT F_TRZ=1/|SO(5)|]; D_BSFG=6 native via bsfg_* wrapper surfaces [QCalcGeom v3 + PAPER_1159]; D_phys=2*D_BSFG/3 [PAPER_1962]; D_crit=D_BSFG+2*SO_5 [PAPER_1521]; A_5=360/D_BSFG [PAPER_2116]; N_CH=SO_5-1 [PAPER_2128]; K_MEX per PAPER_1522",PAPER_1209HH;PAPER_1203;PAPER_2124;PAPER_1160;PAPER_1159;PAPER_1962;PAPER_1521;PAPER_2116;PAPER_2128;PAPER_1522,XGEO_ROUTED_IDENTITY
SM_delta_CP,d26,"delta_CP = 1 + F_TRZ*K_MEX - F_TRZ*SSQ rad || d26-native re-expression: generator D_crit=26: SO_5=10 via 26->10 superstring reduction [PAPER_1160 chain 4; CondensedPhysics2.py L28609; 26D_DOWNWARD_PROJECTION.md]; D_BSFG=6, D_phys=4 via 26->10->6->4 flow [PAPER_1160 + PAPER_1159 D=6 resonance manifold]; A_5=360/D_BSFG [PAPER_2116]; N_CH=SO_5-1 [PAPER_2128]; K_MEX per PAPER_1522",PAPER_1209HH;PAPER_1160;PAPER_1159;PAPER_2116;PAPER_2128;PAPER_1522,XGEO_ROUTED_IDENTITY
SM_eta_gamma_gamma_BR,qcalcgeom,"BR(eta->gg) = SO_5*K_MEX + SO_5 + N_CH - F_TRZ - F_TRZ*K_MEX - F_TRZ*Phi_res || qcalcgeom-native re-expression: F_U-native constant set {rho_SCm, beta_i, SSq, F_TRZ, omega_SCm, Phi_res, S_26} [PAPER_1203/PAPER_2124 canonical F_U machinery = QCalcGeom v3 native surfaces compute_F_U/FUBi/FUBii/universal_inertia]; SO_5=1/F_TRZ [PAPER_1160 EXACT F_TRZ=1/|SO(5)|]; D_BSFG=6 native via bsfg_* wrapper surfaces [QCalcGeom v3 + PAPER_1159]; D_phys=2*D_BSFG/3 [PAPER_1962]; D_crit=D_BSFG+2*SO_5 [PAPER_1521]; A_5=360/D_BSFG [PAPER_2116]; N_CH=SO_5-1 [PAPER_2128]; K_MEX per PAPER_1522",PAPER_1209HH;PAPER_1203;PAPER_2124;PAPER_1160;PAPER_1159;PAPER_1962;PAPER_1521;PAPER_2116;PAPER_2128;PAPER_1522,XGEO_ROUTED_IDENTITY
SM_eta_gamma_gamma_BR,d26,"BR(eta->gg) = SO_5*K_MEX + SO_5 + N_CH - F_TRZ - F_TRZ*K_MEX - F_TRZ*Phi_res || d26-native re-expression: generator D_crit=26: SO_5=10 via 26->10 superstring reduction [PAPER_1160 chain 4; CondensedPhysics2.py L28609; 26D_DOWNWARD_PROJECTION.md]; D_BSFG=6, D_phys=4 via 26->10->6->4 flow [PAPER_1160 + PAPER_1159 D=6 resonance manifold]; A_5=360/D_BSFG [PAPER_2116]; N_CH=SO_5-1 [PAPER_2128]; K_MEX per PAPER_1522",PAPER_1209HH;PAPER_1160;PAPER_1159;PAPER_2116;PAPER_2128;PAPER_1522,XGEO_ROUTED_IDENTITY
SM_generation_count,qcalcgeom,"RECOVERED: n_gen = floor(log(1/2)/log(Phi_5/6)) = 3 EXACT (Phi_5/6^3=0.579>0.5 stable, Phi_5/6^4=0.482<0.5 decouples) || qcalcgeom-native re-expression: F_U-native constant set {rho_SCm, beta_i, SSq, F_TRZ, omega_SCm, Phi_res, S_26} [PAPER_1203/PAPER_2124 canonical F_U machinery = QCalcGeom v3 native surfaces compute_F_U/FUBi/FUBii/universal_inertia]; SO_5=1/F_TRZ [PAPER_1160 EXACT F_TRZ=1/|SO(5)|]; D_BSFG=6 native via bsfg_* wrapper surfaces [QCalcGeom v3 + PAPER_1159]; D_phys=2*D_BSFG/3 [PAPER_1962]; D_crit=D_BSFG+2*SO_5 [PAPER_1521]; A_5=360/D_BSFG [PAPER_2116]; N_CH=SO_5-1 [PAPER_2128]; K_MEX per PAPER_1522",PAPER_1167;_session324_sm_generations.py;PAPER_1203;PAPER_2124;PAPER_1160;PAPER_1159;PAPER_1962;PAPER_1521;PAPER_2116;PAPER_2128;PAPER_1522,XGEO_ROUTED_IDENTITY
SM_higgs_lambda_S377,qcalcgeom,"lambda_H = F_TRZ*K_MEX*SSQ + F_TRZ^3*K_MEX*N_CH*SSQ || qcalcgeom-native re-expression: F_U-native constant set {rho_SCm, beta_i, SSq, F_TRZ, omega_SCm, Phi_res, S_26} [PAPER_1203/PAPER_2124 canonical F_U machinery = QCalcGeom v3 native surfaces compute_F_U/FUBi/FUBii/universal_inertia]; SO_5=1/F_TRZ [PAPER_1160 EXACT F_TRZ=1/|SO(5)|]; D_BSFG=6 native via bsfg_* wrapper surfaces [QCalcGeom v3 + PAPER_1159]; D_phys=2*D_BSFG/3 [PAPER_1962]; D_crit=D_BSFG+2*SO_5 [PAPER_1521]; A_5=360/D_BSFG [PAPER_2116]; N_CH=SO_5-1 [PAPER_2128]; K_MEX per PAPER_1522",PAPER_1209HH;PAPER_1203;PAPER_2124;PAPER_1160;PAPER_1159;PAPER_1962;PAPER_1521;PAPER_2116;PAPER_2128;PAPER_1522,XGEO_ROUTED_IDENTITY
SM_higgs_lambda_S377,d26,"lambda_H = F_TRZ*K_MEX*SSQ + F_TRZ^3*K_MEX*N_CH*SSQ || d26-native re-expression: generator D_crit=26: SO_5=10 via 26->10 superstring reduction [PAPER_1160 chain 4; CondensedPhysics2.py L28609; 26D_DOWNWARD_PROJECTION.md]; D_BSFG=6, D_phys=4 via 26->10->6->4 flow [PAPER_1160 + PAPER_1159 D=6 resonance manifold]; A_5=360/D_BSFG [PAPER_2116]; N_CH=SO_5-1 [PAPER_2128]; K_MEX per PAPER_1522",PAPER_1209HH;PAPER_1160;PAPER_1159;PAPER_2116;PAPER_2128;PAPER_1522,XGEO_ROUTED_IDENTITY
SM_higgs_lambda_S441,qcalcgeom,"lambda_H = F_TRZ + F_TRZ^2*K_MEX + F_TRZ^2 - F_TRZ^3 || qcalcgeom-native re-expression: F_U-native constant set {rho_SCm, beta_i, SSq, F_TRZ, omega_SCm, Phi_res, S_26} [PAPER_1203/PAPER_2124 canonical F_U machinery = QCalcGeom v3 native surfaces compute_F_U/FUBi/FUBii/universal_inertia]; SO_5=1/F_TRZ [PAPER_1160 EXACT F_TRZ=1/|SO(5)|]; D_BSFG=6 native via bsfg_* wrapper surfaces [QCalcGeom v3 + PAPER_1159]; D_phys=2*D_BSFG/3 [PAPER_1962]; D_crit=D_BSFG+2*SO_5 [PAPER_1521]; A_5=360/D_BSFG [PAPER_2116]; N_CH=SO_5-1 [PAPER_2128]; K_MEX per PAPER_1522",PAPER_1209HH;PAPER_1203;PAPER_2124;PAPER_1160;PAPER_1159;PAPER_1962;PAPER_1521;PAPER_2116;PAPER_2128;PAPER_1522,XGEO_ROUTED_IDENTITY
SM_higgs_lambda_S441,d26,"lambda_H = F_TRZ + F_TRZ^2*K_MEX + F_TRZ^2 - F_TRZ^3 || d26-native re-expression: generator D_crit=26: SO_5=10 via 26->10 superstring reduction [PAPER_1160 chain 4; CondensedPhysics2.py L28609; 26D_DOWNWARD_PROJECTION.md]; D_BSFG=6, D_phys=4 via 26->10->6->4 flow [PAPER_1160 + PAPER_1159 D=6 resonance manifold]; A_5=360/D_BSFG [PAPER_2116]; N_CH=SO_5-1 [PAPER_2128]; K_MEX per PAPER_1522",PAPER_1209HH;PAPER_1160;PAPER_1159;PAPER_2116;PAPER_2128;PAPER_1522,XGEO_ROUTED_IDENTITY
SM_jarlskog_J,qcalcgeom,"J_CP = F_TRZ^5 * D_BSFG * SSQ * (1 - F_TRZ * K_MEX * SSQ) || qcalcgeom-native re-expression: F_U-native constant set {rho_SCm, beta_i, SSq, F_TRZ, omega_SCm, Phi_res, S_26} [PAPER_1203/PAPER_2124 canonical F_U machinery = QCalcGeom v3 native surfaces compute_F_U/FUBi/FUBii/universal_inertia]; SO_5=1/F_TRZ [PAPER_1160 EXACT F_TRZ=1/|SO(5)|]; D_BSFG=6 native via bsfg_* wrapper surfaces [QCalcGeom v3 + PAPER_1159]; D_phys=2*D_BSFG/3 [PAPER_1962]; D_crit=D_BSFG+2*SO_5 [PAPER_1521]; A_5=360/D_BSFG [PAPER_2116]; N_CH=SO_5-1 [PAPER_2128]; K_MEX per PAPER_1522",PAPER_1209HH;PAPER_1203;PAPER_2124;PAPER_1160;PAPER_1159;PAPER_1962;PAPER_1521;PAPER_2116;PAPER_2128;PAPER_1522,XGEO_ROUTED_IDENTITY
SM_jarlskog_J,d26,"J_CP = F_TRZ^5 * D_BSFG * SSQ * (1 - F_TRZ * K_MEX * SSQ) || d26-native re-expression: generator D_crit=26: SO_5=10 via 26->10 superstring reduction [PAPER_1160 chain 4; CondensedPhysics2.py L28609; 26D_DOWNWARD_PROJECTION.md]; D_BSFG=6, D_phys=4 via 26->10->6->4 flow [PAPER_1160 + PAPER_1159 D=6 resonance manifold]; A_5=360/D_BSFG [PAPER_2116]; N_CH=SO_5-1 [PAPER_2128]; K_MEX per PAPER_1522",PAPER_1209HH;PAPER_1160;PAPER_1159;PAPER_2116;PAPER_2128;PAPER_1522,XGEO_ROUTED_IDENTITY
SM_mH_over_mt,qcalcgeom,"m_H/m_t = beta_i + F_TRZ*K_MEX*SSQ || qcalcgeom-native re-expression: F_U-native constant set {rho_SCm, beta_i, SSq, F_TRZ, omega_SCm, Phi_res, S_26} [PAPER_1203/PAPER_2124 canonical F_U machinery = QCalcGeom v3 native surfaces compute_F_U/FUBi/FUBii/universal_inertia]; SO_5=1/F_TRZ [PAPER_1160 EXACT F_TRZ=1/|SO(5)|]; D_BSFG=6 native via bsfg_* wrapper surfaces [QCalcGeom v3 + PAPER_1159]; D_phys=2*D_BSFG/3 [PAPER_1962]; D_crit=D_BSFG+2*SO_5 [PAPER_1521]; A_5=360/D_BSFG [PAPER_2116]; N_CH=SO_5-1 [PAPER_2128]; K_MEX per PAPER_1522",PAPER_1209HH;PAPER_1203;PAPER_2124;PAPER_1160;PAPER_1159;PAPER_1962;PAPER_1521;PAPER_2116;PAPER_2128;PAPER_1522,XGEO_ROUTED_IDENTITY
SM_mH_over_mt,d26,"m_H/m_t = beta_i + F_TRZ*K_MEX*SSQ || d26-native re-expression: generator D_crit=26: SO_5=10 via 26->10 superstring reduction [PAPER_1160 chain 4; CondensedPhysics2.py L28609; 26D_DOWNWARD_PROJECTION.md]; D_BSFG=6, D_phys=4 via 26->10->6->4 flow [PAPER_1160 + PAPER_1159 D=6 resonance manifold]; A_5=360/D_BSFG [PAPER_2116]; N_CH=SO_5-1 [PAPER_2128]; K_MEX per PAPER_1522",PAPER_1209HH;PAPER_1160;PAPER_1159;PAPER_2116;PAPER_2128;PAPER_1522,XGEO_ROUTED_IDENTITY
SM_mt_over_mW,qcalcgeom,"m_t/m_W = K_MEX + F_TRZ*SSQ + F_TRZ^2*Phi_res || qcalcgeom-native re-expression: F_U-native constant set {rho_SCm, beta_i, SSq, F_TRZ, omega_SCm, Phi_res, S_26} [PAPER_1203/PAPER_2124 canonical F_U machinery = QCalcGeom v3 native surfaces compute_F_U/FUBi/FUBii/universal_inertia]; SO_5=1/F_TRZ [PAPER_1160 EXACT F_TRZ=1/|SO(5)|]; D_BSFG=6 native via bsfg_* wrapper surfaces [QCalcGeom v3 + PAPER_1159]; D_phys=2*D_BSFG/3 [PAPER_1962]; D_crit=D_BSFG+2*SO_5 [PAPER_1521]; A_5=360/D_BSFG [PAPER_2116]; N_CH=SO_5-1 [PAPER_2128]; K_MEX per PAPER_1522",PAPER_1209HH;PAPER_1203;PAPER_2124;PAPER_1160;PAPER_1159;PAPER_1962;PAPER_1521;PAPER_2116;PAPER_2128;PAPER_1522,XGEO_ROUTED_IDENTITY
SM_mt_over_mW,d26,"m_t/m_W = K_MEX + F_TRZ*SSQ + F_TRZ^2*Phi_res || d26-native re-expression: generator D_crit=26: SO_5=10 via 26->10 superstring reduction [PAPER_1160 chain 4; CondensedPhysics2.py L28609; 26D_DOWNWARD_PROJECTION.md]; D_BSFG=6, D_phys=4 via 26->10->6->4 flow [PAPER_1160 + PAPER_1159 D=6 resonance manifold]; A_5=360/D_BSFG [PAPER_2116]; N_CH=SO_5-1 [PAPER_2128]; K_MEX per PAPER_1522",PAPER_1209HH;PAPER_1160;PAPER_1159;PAPER_2116;PAPER_2128;PAPER_1522,XGEO_ROUTED_IDENTITY
SM_proton_g_factor,qcalcgeom,"g_p = D_BSFG - Phi_res + F_TRZ*D_PHYS || qcalcgeom-native re-expression: F_U-native constant set {rho_SCm, beta_i, SSq, F_TRZ, omega_SCm, Phi_res, S_26} [PAPER_1203/PAPER_2124 canonical F_U machinery = QCalcGeom v3 native surfaces compute_F_U/FUBi/FUBii/universal_inertia]; SO_5=1/F_TRZ [PAPER_1160 EXACT F_TRZ=1/|SO(5)|]; D_BSFG=6 native via bsfg_* wrapper surfaces [QCalcGeom v3 + PAPER_1159]; D_phys=2*D_BSFG/3 [PAPER_1962]; D_crit=D_BSFG+2*SO_5 [PAPER_1521]; A_5=360/D_BSFG [PAPER_2116]; N_CH=SO_5-1 [PAPER_2128]; K_MEX per PAPER_1522",PAPER_1209HH;PAPER_1203;PAPER_2124;PAPER_1160;PAPER_1159;PAPER_1962;PAPER_1521;PAPER_2116;PAPER_2128;PAPER_1522,XGEO_ROUTED_IDENTITY
SM_proton_g_factor,d26,"g_p = D_BSFG - Phi_res + F_TRZ*D_PHYS || d26-native re-expression: generator D_crit=26: SO_5=10 via 26->10 superstring reduction [PAPER_1160 chain 4; CondensedPhysics2.py L28609; 26D_DOWNWARD_PROJECTION.md]; D_BSFG=6, D_phys=4 via 26->10->6->4 flow [PAPER_1160 + PAPER_1159 D=6 resonance manifold]; A_5=360/D_BSFG [PAPER_2116]; N_CH=SO_5-1 [PAPER_2128]; K_MEX per PAPER_1522",PAPER_1209HH;PAPER_1160;PAPER_1159;PAPER_2116;PAPER_2128;PAPER_1522,XGEO_ROUTED_IDENTITY
SM_theta_23_atm,qcalcgeom,"sin^2(theta_23) = SSQ * (1 - F_TRZ^2 * D_PHYS) || qcalcgeom-native re-expression: F_U-native constant set {rho_SCm, beta_i, SSq, F_TRZ, omega_SCm, Phi_res, S_26} [PAPER_1203/PAPER_2124 canonical F_U machinery = QCalcGeom v3 native surfaces compute_F_U/FUBi/FUBii/universal_inertia]; SO_5=1/F_TRZ [PAPER_1160 EXACT F_TRZ=1/|SO(5)|]; D_BSFG=6 native via bsfg_* wrapper surfaces [QCalcGeom v3 + PAPER_1159]; D_phys=2*D_BSFG/3 [PAPER_1962]; D_crit=D_BSFG+2*SO_5 [PAPER_1521]; A_5=360/D_BSFG [PAPER_2116]; N_CH=SO_5-1 [PAPER_2128]; K_MEX per PAPER_1522",PAPER_1209HH;PAPER_1203;PAPER_2124;PAPER_1160;PAPER_1159;PAPER_1962;PAPER_1521;PAPER_2116;PAPER_2128;PAPER_1522,XGEO_ROUTED_IDENTITY
SM_top_yukawa_S376,qcalcgeom,"y_t = 1 - F_TRZ^2 (at m_t scale) || qcalcgeom-native re-expression: F_U-native constant set {rho_SCm, beta_i, SSq, F_TRZ, omega_SCm, Phi_res, S_26} [PAPER_1203/PAPER_2124 canonical F_U machinery = QCalcGeom v3 native surfaces compute_F_U/FUBi/FUBii/universal_inertia]; SO_5=1/F_TRZ [PAPER_1160 EXACT F_TRZ=1/|SO(5)|]; D_BSFG=6 native via bsfg_* wrapper surfaces [QCalcGeom v3 + PAPER_1159]; D_phys=2*D_BSFG/3 [PAPER_1962]; D_crit=D_BSFG+2*SO_5 [PAPER_1521]; A_5=360/D_BSFG [PAPER_2116]; N_CH=SO_5-1 [PAPER_2128]; K_MEX per PAPER_1522",PAPER_1209HH;PAPER_1203;PAPER_2124;PAPER_1160;PAPER_1159;PAPER_1962;PAPER_1521;PAPER_2116;PAPER_2128;PAPER_1522,XGEO_ROUTED_IDENTITY
SM_top_yukawa_S440,qcalcgeom,"y_t = Phi_res + F_TRZ + F_TRZ^2 - F_TRZ^3*K_MEX || qcalcgeom-native re-expression: F_U-native constant set {rho_SCm, beta_i, SSq, F_TRZ, omega_SCm, Phi_res, S_26} [PAPER_1203/PAPER_2124 canonical F_U machinery = QCalcGeom v3 native surfaces compute_F_U/FUBi/FUBii/universal_inertia]; SO_5=1/F_TRZ [PAPER_1160 EXACT F_TRZ=1/|SO(5)|]; D_BSFG=6 native via bsfg_* wrapper surfaces [QCalcGeom v3 + PAPER_1159]; D_phys=2*D_BSFG/3 [PAPER_1962]; D_crit=D_BSFG+2*SO_5 [PAPER_1521]; A_5=360/D_BSFG [PAPER_2116]; N_CH=SO_5-1 [PAPER_2128]; K_MEX per PAPER_1522",PAPER_1209HH;PAPER_1203;PAPER_2124;PAPER_1160;PAPER_1159;PAPER_1962;PAPER_1521;PAPER_2116;PAPER_2128;PAPER_1522,XGEO_ROUTED_IDENTITY
SM_top_yukawa_S440,d26,"y_t = Phi_res + F_TRZ + F_TRZ^2 - F_TRZ^3*K_MEX || d26-native re-expression: generator D_crit=26: SO_5=10 via 26->10 superstring reduction [PAPER_1160 chain 4; CondensedPhysics2.py L28609; 26D_DOWNWARD_PROJECTION.md]; D_BSFG=6, D_phys=4 via 26->10->6->4 flow [PAPER_1160 + PAPER_1159 D=6 resonance manifold]; A_5=360/D_BSFG [PAPER_2116]; N_CH=SO_5-1 [PAPER_2128]; K_MEX per PAPER_1522",PAPER_1209HH;PAPER_1160;PAPER_1159;PAPER_2116;PAPER_2128;PAPER_1522,XGEO_ROUTED_IDENTITY
SM_wimp_exponent,qcalcgeom,"WIMP exponent = SO_5*D_PHYS + D_PHYS + K_MEX - F_TRZ*Phi_res || qcalcgeom-native re-expression: F_U-native constant set {rho_SCm, beta_i, SSq, F_TRZ, omega_SCm, Phi_res, S_26} [PAPER_1203/PAPER_2124 canonical F_U machinery = QCalcGeom v3 native surfaces compute_F_U/FUBi/FUBii/universal_inertia]; SO_5=1/F_TRZ [PAPER_1160 EXACT F_TRZ=1/|SO(5)|]; D_BSFG=6 native via bsfg_* wrapper surfaces [QCalcGeom v3 + PAPER_1159]; D_phys=2*D_BSFG/3 [PAPER_1962]; D_crit=D_BSFG+2*SO_5 [PAPER_1521]; A_5=360/D_BSFG [PAPER_2116]; N_CH=SO_5-1 [PAPER_2128]; K_MEX per PAPER_1522",PAPER_1209HH;PAPER_1203;PAPER_2124;PAPER_1160;PAPER_1159;PAPER_1962;PAPER_1521;PAPER_2116;PAPER_2128;PAPER_1522,XGEO_ROUTED_IDENTITY
SM_wimp_exponent,d26,"WIMP exponent = SO_5*D_PHYS + D_PHYS + K_MEX - F_TRZ*Phi_res || d26-native re-expression: generator D_crit=26: SO_5=10 via 26->10 superstring reduction [PAPER_1160 chain 4; CondensedPhysics2.py L28609; 26D_DOWNWARD_PROJECTION.md]; D_BSFG=6, D_phys=4 via 26->10->6->4 flow [PAPER_1160 + PAPER_1159 D=6 resonance manifold]; A_5=360/D_BSFG [PAPER_2116]; N_CH=SO_5-1 [PAPER_2128]; K_MEX per PAPER_1522",PAPER_1209HH;PAPER_1160;PAPER_1159;PAPER_2116;PAPER_2128;PAPER_1522,XGEO_ROUTED_IDENTITY
alpha_inverse,qcalcgeom,"1/alpha = A_5 * K_MEX + 1/(F_TRZ * Phi_res_5_6) = 125 + 12 = 137 || qcalcgeom-native re-expression: F_U-native constant set {rho_SCm, beta_i, SSq, F_TRZ, omega_SCm, Phi_res, S_26} [PAPER_1203/PAPER_2124 canonical F_U machinery = QCalcGeom v3 native surfaces compute_F_U/FUBi/FUBii/universal_inertia]; SO_5=1/F_TRZ [PAPER_1160 EXACT F_TRZ=1/|SO(5)|]; D_BSFG=6 native via bsfg_* wrapper surfaces [QCalcGeom v3 + PAPER_1159]; D_phys=2*D_BSFG/3 [PAPER_1962]; D_crit=D_BSFG+2*SO_5 [PAPER_1521]; A_5=360/D_BSFG [PAPER_2116]; N_CH=SO_5-1 [PAPER_2128]; K_MEX per PAPER_1522",PAPER_1167;PAPER_1203;PAPER_2124;PAPER_1160;PAPER_1159;PAPER_1962;PAPER_1521;PAPER_2116;PAPER_2128;PAPER_1522,XGEO_ROUTED_IDENTITY
alpha_s_M_Z,qcalcgeom,"alpha_s(M_Z) = 1/(K_MEX*D_phys + F_TRZ) = 1/8.4333 || qcalcgeom-native re-expression: F_U-native constant set {rho_SCm, beta_i, SSq, F_TRZ, omega_SCm, Phi_res, S_26} [PAPER_1203/PAPER_2124 canonical F_U machinery = QCalcGeom v3 native surfaces compute_F_U/FUBi/FUBii/universal_inertia]; SO_5=1/F_TRZ [PAPER_1160 EXACT F_TRZ=1/|SO(5)|]; D_BSFG=6 native via bsfg_* wrapper surfaces [QCalcGeom v3 + PAPER_1159]; D_phys=2*D_BSFG/3 [PAPER_1962]; D_crit=D_BSFG+2*SO_5 [PAPER_1521]; A_5=360/D_BSFG [PAPER_2116]; N_CH=SO_5-1 [PAPER_2128]; K_MEX per PAPER_1522",PAPER_1167;PAPER_1203;PAPER_2124;PAPER_1160;PAPER_1159;PAPER_1962;PAPER_1521;PAPER_2116;PAPER_2128;PAPER_1522,XGEO_ROUTED_IDENTITY
alpha_s_M_Z,d26,"alpha_s(M_Z) = 1/(K_MEX*D_phys + F_TRZ) = 1/8.4333 || d26-native re-expression: generator D_crit=26: SO_5=10 via 26->10 superstring reduction [PAPER_1160 chain 4; CondensedPhysics2.py L28609; 26D_DOWNWARD_PROJECTION.md]; D_BSFG=6, D_phys=4 via 26->10->6->4 flow [PAPER_1160 + PAPER_1159 D=6 resonance manifold]; A_5=360/D_BSFG [PAPER_2116]; N_CH=SO_5-1 [PAPER_2128]; K_MEX per PAPER_1522",PAPER_1167;PAPER_1160;PAPER_1159;PAPER_2116;PAPER_2128;PAPER_1522,XGEO_ROUTED_IDENTITY
astro_BH_entropy_coeff,d26,"S/A = F_TRZ*K_MEX + F_TRZ^2*D_PHYS || d26-native re-expression: generator D_crit=26: SO_5=10 via 26->10 superstring reduction [PAPER_1160 chain 4; CondensedPhysics2.py L28609; 26D_DOWNWARD_PROJECTION.md]; D_BSFG=6, D_phys=4 via 26->10->6->4 flow [PAPER_1160 + PAPER_1159 D=6 resonance manifold]; A_5=360/D_BSFG [PAPER_2116]; N_CH=SO_5-1 [PAPER_2128]; K_MEX per PAPER_1522",PAPER_594;PAPER_1160;PAPER_1159;PAPER_2116;PAPER_2128;PAPER_1522,XGEO_ROUTED_IDENTITY
astro_ISCO_r_M,qcalcgeom,"r_ISCO/M = D_BSFG = 6 EXACT || qcalcgeom-native re-expression: F_U-native constant set {rho_SCm, beta_i, SSq, F_TRZ, omega_SCm, Phi_res, S_26} [PAPER_1203/PAPER_2124 canonical F_U machinery = QCalcGeom v3 native surfaces compute_F_U/FUBi/FUBii/universal_inertia]; SO_5=1/F_TRZ [PAPER_1160 EXACT F_TRZ=1/|SO(5)|]; D_BSFG=6 native via bsfg_* wrapper surfaces [QCalcGeom v3 + PAPER_1159]; D_phys=2*D_BSFG/3 [PAPER_1962]; D_crit=D_BSFG+2*SO_5 [PAPER_1521]; A_5=360/D_BSFG [PAPER_2116]; N_CH=SO_5-1 [PAPER_2128]; K_MEX per PAPER_1522",PAPER_1149;PAPER_1203;PAPER_2124;PAPER_1160;PAPER_1159;PAPER_1962;PAPER_1521;PAPER_2116;PAPER_2128;PAPER_1522,XGEO_ROUTED_IDENTITY
astro_ISCO_r_M,d26,"r_ISCO/M = D_BSFG = 6 EXACT || d26-native re-expression: generator D_crit=26: SO_5=10 via 26->10 superstring reduction [PAPER_1160 chain 4; CondensedPhysics2.py L28609; 26D_DOWNWARD_PROJECTION.md]; D_BSFG=6, D_phys=4 via 26->10->6->4 flow [PAPER_1160 + PAPER_1159 D=6 resonance manifold]; A_5=360/D_BSFG [PAPER_2116]; N_CH=SO_5-1 [PAPER_2128]; K_MEX per PAPER_1522",PAPER_1149;PAPER_1160;PAPER_1159;PAPER_2116;PAPER_2128;PAPER_1522,XGEO_ROUTED_IDENTITY
astro_NS_compactness,d26,"GM/(Rc^2) = K_MEX*F_TRZ + F_TRZ^3*D_PHYS*SSQ || d26-native re-expression: generator D_crit=26: SO_5=10 via 26->10 superstring reduction [PAPER_1160 chain 4; CondensedPhysics2.py L28609; 26D_DOWNWARD_PROJECTION.md]; D_BSFG=6, D_phys=4 via 26->10->6->4 flow [PAPER_1160 + PAPER_1159 D=6 resonance manifold]; A_5=360/D_BSFG [PAPER_2116]; N_CH=SO_5-1 [PAPER_2128]; K_MEX per PAPER_1522",PAPER_1149;PAPER_1160;PAPER_1159;PAPER_2116;PAPER_2128;PAPER_1522,XGEO_ROUTED_IDENTITY
astro_Salpeter_IMF_alpha,qcalcgeom,"alpha = K_MEX + Phi_res - F_TRZ*D_BSFG + F_TRZ^2*(D_PHYS-Phi_res) || qcalcgeom-native re-expression: F_U-native constant set {rho_SCm, beta_i, SSq, F_TRZ, omega_SCm, Phi_res, S_26} [PAPER_1203/PAPER_2124 canonical F_U machinery = QCalcGeom v3 native surfaces compute_F_U/FUBi/FUBii/universal_inertia]; SO_5=1/F_TRZ [PAPER_1160 EXACT F_TRZ=1/|SO(5)|]; D_BSFG=6 native via bsfg_* wrapper surfaces [QCalcGeom v3 + PAPER_1159]; D_phys=2*D_BSFG/3 [PAPER_1962]; D_crit=D_BSFG+2*SO_5 [PAPER_1521]; A_5=360/D_BSFG [PAPER_2116]; N_CH=SO_5-1 [PAPER_2128]; K_MEX per PAPER_1522",PAPER_1149;PAPER_1203;PAPER_2124;PAPER_1160;PAPER_1159;PAPER_1962;PAPER_1521;PAPER_2116;PAPER_2128;PAPER_1522,XGEO_ROUTED_IDENTITY
astro_Salpeter_IMF_alpha,d26,"alpha = K_MEX + Phi_res - F_TRZ*D_BSFG + F_TRZ^2*(D_PHYS-Phi_res) || d26-native re-expression: generator D_crit=26: SO_5=10 via 26->10 superstring reduction [PAPER_1160 chain 4; CondensedPhysics2.py L28609; 26D_DOWNWARD_PROJECTION.md]; D_BSFG=6, D_phys=4 via 26->10->6->4 flow [PAPER_1160 + PAPER_1159 D=6 resonance manifold]; A_5=360/D_BSFG [PAPER_2116]; N_CH=SO_5-1 [PAPER_2128]; K_MEX per PAPER_1522",PAPER_1149;PAPER_1160;PAPER_1159;PAPER_2116;PAPER_2128;PAPER_1522,XGEO_ROUTED_IDENTITY
astro_Solar_Schwarzschild_ratio,qcalcgeom,"R_s/R_sun = F_TRZ^6*D_PHYS*(1+F_TRZ*SSQ) || qcalcgeom-native re-expression: F_U-native constant set {rho_SCm, beta_i, SSq, F_TRZ, omega_SCm, Phi_res, S_26} [PAPER_1203/PAPER_2124 canonical F_U machinery = QCalcGeom v3 native surfaces compute_F_U/FUBi/FUBii/universal_inertia]; SO_5=1/F_TRZ [PAPER_1160 EXACT F_TRZ=1/|SO(5)|]; D_BSFG=6 native via bsfg_* wrapper surfaces [QCalcGeom v3 + PAPER_1159]; D_phys=2*D_BSFG/3 [PAPER_1962]; D_crit=D_BSFG+2*SO_5 [PAPER_1521]; A_5=360/D_BSFG [PAPER_2116]; N_CH=SO_5-1 [PAPER_2128]; K_MEX per PAPER_1522",PAPER_1149;PAPER_1203;PAPER_2124;PAPER_1160;PAPER_1159;PAPER_1962;PAPER_1521;PAPER_2116;PAPER_2128;PAPER_1522,XGEO_ROUTED_IDENTITY
astro_TOV_max_mass,d26,"M_TOV = K_MEX + F_TRZ*SSQ + F_TRZ^2*SSQ*(D_PHYS-Phi_res) || d26-native re-expression: generator D_crit=26: SO_5=10 via 26->10 superstring reduction [PAPER_1160 chain 4; CondensedPhysics2.py L28609; 26D_DOWNWARD_PROJECTION.md]; D_BSFG=6, D_phys=4 via 26->10->6->4 flow [PAPER_1160 + PAPER_1159 D=6 resonance manifold]; A_5=360/D_BSFG [PAPER_2116]; N_CH=SO_5-1 [PAPER_2128]; K_MEX per PAPER_1522",PAPER_1149;PAPER_1160;PAPER_1159;PAPER_2116;PAPER_2128;PAPER_1522,XGEO_ROUTED_IDENTITY
astro_WD_radius_mass_exponent,qcalcgeom,"exponent = -Phi_res*F_TRZ*D_PHYS = -1/3 EXACT || qcalcgeom-native re-expression: F_U-native constant set {rho_SCm, beta_i, SSq, F_TRZ, omega_SCm, Phi_res, S_26} [PAPER_1203/PAPER_2124 canonical F_U machinery = QCalcGeom v3 native surfaces compute_F_U/FUBi/FUBii/universal_inertia]; SO_5=1/F_TRZ [PAPER_1160 EXACT F_TRZ=1/|SO(5)|]; D_BSFG=6 native via bsfg_* wrapper surfaces [QCalcGeom v3 + PAPER_1159]; D_phys=2*D_BSFG/3 [PAPER_1962]; D_crit=D_BSFG+2*SO_5 [PAPER_1521]; A_5=360/D_BSFG [PAPER_2116]; N_CH=SO_5-1 [PAPER_2128]; K_MEX per PAPER_1522",PAPER_1149;PAPER_1203;PAPER_2124;PAPER_1160;PAPER_1159;PAPER_1962;PAPER_1521;PAPER_2116;PAPER_2128;PAPER_1522,XGEO_ROUTED_IDENTITY
astro_grav_binding_coeff,qcalcgeom,"U_grav = SSQ + F_TRZ^2*(D_PHYS-1) = 3/5 EXACT || qcalcgeom-native re-expression: F_U-native constant set {rho_SCm, beta_i, SSq, F_TRZ, omega_SCm, Phi_res, S_26} [PAPER_1203/PAPER_2124 canonical F_U machinery = QCalcGeom v3 native surfaces compute_F_U/FUBi/FUBii/universal_inertia]; SO_5=1/F_TRZ [PAPER_1160 EXACT F_TRZ=1/|SO(5)|]; D_BSFG=6 native via bsfg_* wrapper surfaces [QCalcGeom v3 + PAPER_1159]; D_phys=2*D_BSFG/3 [PAPER_1962]; D_crit=D_BSFG+2*SO_5 [PAPER_1521]; A_5=360/D_BSFG [PAPER_2116]; N_CH=SO_5-1 [PAPER_2128]; K_MEX per PAPER_1522",PAPER_1149;PAPER_1203;PAPER_2124;PAPER_1160;PAPER_1159;PAPER_1962;PAPER_1521;PAPER_2116;PAPER_2128;PAPER_1522,XGEO_ROUTED_IDENTITY
astro_photon_sphere_r_M,qcalcgeom,"r_ph/M = K_MEX + Phi_res + F_TRZ || qcalcgeom-native re-expression: F_U-native constant set {rho_SCm, beta_i, SSq, F_TRZ, omega_SCm, Phi_res, S_26} [PAPER_1203/PAPER_2124 canonical F_U machinery = QCalcGeom v3 native surfaces compute_F_U/FUBi/FUBii/universal_inertia]; SO_5=1/F_TRZ [PAPER_1160 EXACT F_TRZ=1/|SO(5)|]; D_BSFG=6 native via bsfg_* wrapper surfaces [QCalcGeom v3 + PAPER_1159]; D_phys=2*D_BSFG/3 [PAPER_1962]; D_crit=D_BSFG+2*SO_5 [PAPER_1521]; A_5=360/D_BSFG [PAPER_2116]; N_CH=SO_5-1 [PAPER_2128]; K_MEX per PAPER_1522",PAPER_1149;PAPER_1203;PAPER_2124;PAPER_1160;PAPER_1159;PAPER_1962;PAPER_1521;PAPER_2116;PAPER_2128;PAPER_1522,XGEO_ROUTED_IDENTITY
astro_photon_sphere_r_M,d26,"r_ph/M = K_MEX + Phi_res + F_TRZ || d26-native re-expression: generator D_crit=26: SO_5=10 via 26->10 superstring reduction [PAPER_1160 chain 4; CondensedPhysics2.py L28609; 26D_DOWNWARD_PROJECTION.md]; D_BSFG=6, D_phys=4 via 26->10->6->4 flow [PAPER_1160 + PAPER_1159 D=6 resonance manifold]; A_5=360/D_BSFG [PAPER_2116]; N_CH=SO_5-1 [PAPER_2128]; K_MEX per PAPER_1522",PAPER_1149;PAPER_1160;PAPER_1159;PAPER_2116;PAPER_2128;PAPER_1522,XGEO_ROUTED_IDENTITY
bertrand_uniform,qcalcgeom,"P = 1/D_phys = 1/4 EXACT (random-endpoint Bertrand) || qcalcgeom-native re-expression: F_U-native constant set {rho_SCm, beta_i, SSq, F_TRZ, omega_SCm, Phi_res, S_26} [PAPER_1203/PAPER_2124 canonical F_U machinery = QCalcGeom v3 native surfaces compute_F_U/FUBi/FUBii/universal_inertia]; SO_5=1/F_TRZ [PAPER_1160 EXACT F_TRZ=1/|SO(5)|]; D_BSFG=6 native via bsfg_* wrapper surfaces [QCalcGeom v3 + PAPER_1159]; D_phys=2*D_BSFG/3 [PAPER_1962]; D_crit=D_BSFG+2*SO_5 [PAPER_1521]; A_5=360/D_BSFG [PAPER_2116]; N_CH=SO_5-1 [PAPER_2128]; K_MEX per PAPER_1522",PAPER_1776;PAPER_1203;PAPER_2124;PAPER_1160;PAPER_1159;PAPER_1962;PAPER_1521;PAPER_2116;PAPER_2128;PAPER_1522,XGEO_ROUTED_IDENTITY
bio_ATP_hydrolysis_kJ_mol,qcalcgeom,"|dG_ATP| = 30.5 kJ/mol EXACT || qcalcgeom-native re-expression: F_U-native constant set {rho_SCm, beta_i, SSq, F_TRZ, omega_SCm, Phi_res, S_26} [PAPER_1203/PAPER_2124 canonical F_U machinery = QCalcGeom v3 native surfaces compute_F_U/FUBi/FUBii/universal_inertia]; SO_5=1/F_TRZ [PAPER_1160 EXACT F_TRZ=1/|SO(5)|]; D_BSFG=6 native via bsfg_* wrapper surfaces [QCalcGeom v3 + PAPER_1159]; D_phys=2*D_BSFG/3 [PAPER_1962]; D_crit=D_BSFG+2*SO_5 [PAPER_1521]; A_5=360/D_BSFG [PAPER_2116]; N_CH=SO_5-1 [PAPER_2128]; K_MEX per PAPER_1522",PAPER_1167;PAPER_1203;PAPER_2124;PAPER_1160;PAPER_1159;PAPER_1962;PAPER_1521;PAPER_2116;PAPER_2128;PAPER_1522,XGEO_ROUTED_IDENTITY
bio_ATP_hydrolysis_kJ_mol,d26,"|dG_ATP| = 30.5 kJ/mol EXACT || d26-native re-expression: generator D_crit=26: SO_5=10 via 26->10 superstring reduction [PAPER_1160 chain 4; CondensedPhysics2.py L28609; 26D_DOWNWARD_PROJECTION.md]; D_BSFG=6, D_phys=4 via 26->10->6->4 flow [PAPER_1160 + PAPER_1159 D=6 resonance manifold]; A_5=360/D_BSFG [PAPER_2116]; N_CH=SO_5-1 [PAPER_2128]; K_MEX per PAPER_1522",PAPER_1167;PAPER_1160;PAPER_1159;PAPER_2116;PAPER_2128;PAPER_1522,XGEO_ROUTED_IDENTITY
bio_DNA_pitch_bp_per_turn,qcalcgeom,"B-DNA helical pitch || qcalcgeom-native re-expression: F_U-native constant set {rho_SCm, beta_i, SSq, F_TRZ, omega_SCm, Phi_res, S_26} [PAPER_1203/PAPER_2124 canonical F_U machinery = QCalcGeom v3 native surfaces compute_F_U/FUBi/FUBii/universal_inertia]; SO_5=1/F_TRZ [PAPER_1160 EXACT F_TRZ=1/|SO(5)|]; D_BSFG=6 native via bsfg_* wrapper surfaces [QCalcGeom v3 + PAPER_1159]; D_phys=2*D_BSFG/3 [PAPER_1962]; D_crit=D_BSFG+2*SO_5 [PAPER_1521]; A_5=360/D_BSFG [PAPER_2116]; N_CH=SO_5-1 [PAPER_2128]; K_MEX per PAPER_1522",PAPER_1167;PAPER_1203;PAPER_2124;PAPER_1160;PAPER_1159;PAPER_1962;PAPER_1521;PAPER_2116;PAPER_2128;PAPER_1522,XGEO_ROUTED_IDENTITY
bio_Hill_coefficient_O2,qcalcgeom,"Hill n_H = 2.8 hemoglobin || qcalcgeom-native re-expression: F_U-native constant set {rho_SCm, beta_i, SSq, F_TRZ, omega_SCm, Phi_res, S_26} [PAPER_1203/PAPER_2124 canonical F_U machinery = QCalcGeom v3 native surfaces compute_F_U/FUBi/FUBii/universal_inertia]; SO_5=1/F_TRZ [PAPER_1160 EXACT F_TRZ=1/|SO(5)|]; D_BSFG=6 native via bsfg_* wrapper surfaces [QCalcGeom v3 + PAPER_1159]; D_phys=2*D_BSFG/3 [PAPER_1962]; D_crit=D_BSFG+2*SO_5 [PAPER_1521]; A_5=360/D_BSFG [PAPER_2116]; N_CH=SO_5-1 [PAPER_2128]; K_MEX per PAPER_1522",PAPER_1167;PAPER_1203;PAPER_2124;PAPER_1160;PAPER_1159;PAPER_1962;PAPER_1521;PAPER_2116;PAPER_2128;PAPER_1522,XGEO_ROUTED_IDENTITY
bio_Hill_coefficient_O2,d26,"Hill n_H = 2.8 hemoglobin || d26-native re-expression: generator D_crit=26: SO_5=10 via 26->10 superstring reduction [PAPER_1160 chain 4; CondensedPhysics2.py L28609; 26D_DOWNWARD_PROJECTION.md]; D_BSFG=6, D_phys=4 via 26->10->6->4 flow [PAPER_1160 + PAPER_1159 D=6 resonance manifold]; A_5=360/D_BSFG [PAPER_2116]; N_CH=SO_5-1 [PAPER_2128]; K_MEX per PAPER_1522",PAPER_1167;PAPER_1160;PAPER_1159;PAPER_2116;PAPER_2128;PAPER_1522,XGEO_ROUTED_IDENTITY
bio_Kleiber_exponent,qcalcgeom,"Kleiber = Phi_res - F_TRZ*Phi_res = 3/4 EXACT || qcalcgeom-native re-expression: F_U-native constant set {rho_SCm, beta_i, SSq, F_TRZ, omega_SCm, Phi_res, S_26} [PAPER_1203/PAPER_2124 canonical F_U machinery = QCalcGeom v3 native surfaces compute_F_U/FUBi/FUBii/universal_inertia]; SO_5=1/F_TRZ [PAPER_1160 EXACT F_TRZ=1/|SO(5)|]; D_BSFG=6 native via bsfg_* wrapper surfaces [QCalcGeom v3 + PAPER_1159]; D_phys=2*D_BSFG/3 [PAPER_1962]; D_crit=D_BSFG+2*SO_5 [PAPER_1521]; A_5=360/D_BSFG [PAPER_2116]; N_CH=SO_5-1 [PAPER_2128]; K_MEX per PAPER_1522",PAPER_1167;PAPER_1203;PAPER_2124;PAPER_1160;PAPER_1159;PAPER_1962;PAPER_1521;PAPER_2116;PAPER_2128;PAPER_1522,XGEO_ROUTED_IDENTITY
bio_Redfield_C_N_ratio,qcalcgeom,"Redfield 106/16 || qcalcgeom-native re-expression: F_U-native constant set {rho_SCm, beta_i, SSq, F_TRZ, omega_SCm, Phi_res, S_26} [PAPER_1203/PAPER_2124 canonical F_U machinery = QCalcGeom v3 native surfaces compute_F_U/FUBi/FUBii/universal_inertia]; SO_5=1/F_TRZ [PAPER_1160 EXACT F_TRZ=1/|SO(5)|]; D_BSFG=6 native via bsfg_* wrapper surfaces [QCalcGeom v3 + PAPER_1159]; D_phys=2*D_BSFG/3 [PAPER_1962]; D_crit=D_BSFG+2*SO_5 [PAPER_1521]; A_5=360/D_BSFG [PAPER_2116]; N_CH=SO_5-1 [PAPER_2128]; K_MEX per PAPER_1522",PAPER_1167;PAPER_1203;PAPER_2124;PAPER_1160;PAPER_1159;PAPER_1962;PAPER_1521;PAPER_2116;PAPER_2128;PAPER_1522,XGEO_ROUTED_IDENTITY
bio_Redfield_C_N_ratio,d26,"Redfield 106/16 || d26-native re-expression: generator D_crit=26: SO_5=10 via 26->10 superstring reduction [PAPER_1160 chain 4; CondensedPhysics2.py L28609; 26D_DOWNWARD_PROJECTION.md]; D_BSFG=6, D_phys=4 via 26->10->6->4 flow [PAPER_1160 + PAPER_1159 D=6 resonance manifold]; A_5=360/D_BSFG [PAPER_2116]; N_CH=SO_5-1 [PAPER_2128]; K_MEX per PAPER_1522",PAPER_1167;PAPER_1160;PAPER_1159;PAPER_2116;PAPER_2128;PAPER_1522,XGEO_ROUTED_IDENTITY
bio_chlorophyll_a_peak_nm,qcalcgeom,"Chlorophyll-a Q_y band || qcalcgeom-native re-expression: F_U-native constant set {rho_SCm, beta_i, SSq, F_TRZ, omega_SCm, Phi_res, S_26} [PAPER_1203/PAPER_2124 canonical F_U machinery = QCalcGeom v3 native surfaces compute_F_U/FUBi/FUBii/universal_inertia]; SO_5=1/F_TRZ [PAPER_1160 EXACT F_TRZ=1/|SO(5)|]; D_BSFG=6 native via bsfg_* wrapper surfaces [QCalcGeom v3 + PAPER_1159]; D_phys=2*D_BSFG/3 [PAPER_1962]; D_crit=D_BSFG+2*SO_5 [PAPER_1521]; A_5=360/D_BSFG [PAPER_2116]; N_CH=SO_5-1 [PAPER_2128]; K_MEX per PAPER_1522",PAPER_1167;PAPER_1203;PAPER_2124;PAPER_1160;PAPER_1159;PAPER_1962;PAPER_1521;PAPER_2116;PAPER_2128;PAPER_1522,XGEO_ROUTED_IDENTITY
bio_chlorophyll_a_peak_nm,d26,"Chlorophyll-a Q_y band || d26-native re-expression: generator D_crit=26: SO_5=10 via 26->10 superstring reduction [PAPER_1160 chain 4; CondensedPhysics2.py L28609; 26D_DOWNWARD_PROJECTION.md]; D_BSFG=6, D_phys=4 via 26->10->6->4 flow [PAPER_1160 + PAPER_1159 D=6 resonance manifold]; A_5=360/D_BSFG [PAPER_2116]; N_CH=SO_5-1 [PAPER_2128]; K_MEX per PAPER_1522",PAPER_1167;PAPER_1160;PAPER_1159;PAPER_2116;PAPER_2128;PAPER_1522,XGEO_ROUTED_IDENTITY
bio_codon_redundancy_64_20,qcalcgeom,"64 codons / 20 amino acids = 3.2 || qcalcgeom-native re-expression: F_U-native constant set {rho_SCm, beta_i, SSq, F_TRZ, omega_SCm, Phi_res, S_26} [PAPER_1203/PAPER_2124 canonical F_U machinery = QCalcGeom v3 native surfaces compute_F_U/FUBi/FUBii/universal_inertia]; SO_5=1/F_TRZ [PAPER_1160 EXACT F_TRZ=1/|SO(5)|]; D_BSFG=6 native via bsfg_* wrapper surfaces [QCalcGeom v3 + PAPER_1159]; D_phys=2*D_BSFG/3 [PAPER_1962]; D_crit=D_BSFG+2*SO_5 [PAPER_1521]; A_5=360/D_BSFG [PAPER_2116]; N_CH=SO_5-1 [PAPER_2128]; K_MEX per PAPER_1522",PAPER_1167;PAPER_1203;PAPER_2124;PAPER_1160;PAPER_1159;PAPER_1962;PAPER_1521;PAPER_2116;PAPER_2128;PAPER_1522,XGEO_ROUTED_IDENTITY
bio_codon_redundancy_64_20,d26,"64 codons / 20 amino acids = 3.2 || d26-native re-expression: generator D_crit=26: SO_5=10 via 26->10 superstring reduction [PAPER_1160 chain 4; CondensedPhysics2.py L28609; 26D_DOWNWARD_PROJECTION.md]; D_BSFG=6, D_phys=4 via 26->10->6->4 flow [PAPER_1160 + PAPER_1159 D=6 resonance manifold]; A_5=360/D_BSFG [PAPER_2116]; N_CH=SO_5-1 [PAPER_2128]; K_MEX per PAPER_1522",PAPER_1167;PAPER_1160;PAPER_1159;PAPER_2116;PAPER_2128;PAPER_1522,XGEO_ROUTED_IDENTITY
bio_photosynthesis_quantum_yield,qcalcgeom,"Photosynthesis 1/8 yield || qcalcgeom-native re-expression: F_U-native constant set {rho_SCm, beta_i, SSq, F_TRZ, omega_SCm, Phi_res, S_26} [PAPER_1203/PAPER_2124 canonical F_U machinery = QCalcGeom v3 native surfaces compute_F_U/FUBi/FUBii/universal_inertia]; SO_5=1/F_TRZ [PAPER_1160 EXACT F_TRZ=1/|SO(5)|]; D_BSFG=6 native via bsfg_* wrapper surfaces [QCalcGeom v3 + PAPER_1159]; D_phys=2*D_BSFG/3 [PAPER_1962]; D_crit=D_BSFG+2*SO_5 [PAPER_1521]; A_5=360/D_BSFG [PAPER_2116]; N_CH=SO_5-1 [PAPER_2128]; K_MEX per PAPER_1522",PAPER_1167;PAPER_1203;PAPER_2124;PAPER_1160;PAPER_1159;PAPER_1962;PAPER_1521;PAPER_2116;PAPER_2128;PAPER_1522,XGEO_ROUTED_IDENTITY
bio_photosynthesis_quantum_yield,d26,"Photosynthesis 1/8 yield || d26-native re-expression: generator D_crit=26: SO_5=10 via 26->10 superstring reduction [PAPER_1160 chain 4; CondensedPhysics2.py L28609; 26D_DOWNWARD_PROJECTION.md]; D_BSFG=6, D_phys=4 via 26->10->6->4 flow [PAPER_1160 + PAPER_1159 D=6 resonance manifold]; A_5=360/D_BSFG [PAPER_2116]; N_CH=SO_5-1 [PAPER_2128]; K_MEX per PAPER_1522",PAPER_1167;PAPER_1160;PAPER_1159;PAPER_2116;PAPER_2128;PAPER_1522,XGEO_ROUTED_IDENTITY
bio_phyllotaxis_golden_ratio,qcalcgeom,"Golden ratio closure || qcalcgeom-native re-expression: F_U-native constant set {rho_SCm, beta_i, SSq, F_TRZ, omega_SCm, Phi_res, S_26} [PAPER_1203/PAPER_2124 canonical F_U machinery = QCalcGeom v3 native surfaces compute_F_U/FUBi/FUBii/universal_inertia]; SO_5=1/F_TRZ [PAPER_1160 EXACT F_TRZ=1/|SO(5)|]; D_BSFG=6 native via bsfg_* wrapper surfaces [QCalcGeom v3 + PAPER_1159]; D_phys=2*D_BSFG/3 [PAPER_1962]; D_crit=D_BSFG+2*SO_5 [PAPER_1521]; A_5=360/D_BSFG [PAPER_2116]; N_CH=SO_5-1 [PAPER_2128]; K_MEX per PAPER_1522",PAPER_1167;PAPER_1203;PAPER_2124;PAPER_1160;PAPER_1159;PAPER_1962;PAPER_1521;PAPER_2116;PAPER_2128;PAPER_1522,XGEO_ROUTED_IDENTITY
bio_telomere_TTAGGG_length,qcalcgeom,"TTAGGG repeat = D_BSFG = 6 EXACT || qcalcgeom-native re-expression: F_U-native constant set {rho_SCm, beta_i, SSq, F_TRZ, omega_SCm, Phi_res, S_26} [PAPER_1203/PAPER_2124 canonical F_U machinery = QCalcGeom v3 native surfaces compute_F_U/FUBi/FUBii/universal_inertia]; SO_5=1/F_TRZ [PAPER_1160 EXACT F_TRZ=1/|SO(5)|]; D_BSFG=6 native via bsfg_* wrapper surfaces [QCalcGeom v3 + PAPER_1159]; D_phys=2*D_BSFG/3 [PAPER_1962]; D_crit=D_BSFG+2*SO_5 [PAPER_1521]; A_5=360/D_BSFG [PAPER_2116]; N_CH=SO_5-1 [PAPER_2128]; K_MEX per PAPER_1522",PAPER_1167;PAPER_1203;PAPER_2124;PAPER_1160;PAPER_1159;PAPER_1962;PAPER_1521;PAPER_2116;PAPER_2128;PAPER_1522,XGEO_ROUTED_IDENTITY
bio_telomere_TTAGGG_length,d26,"TTAGGG repeat = D_BSFG = 6 EXACT || d26-native re-expression: generator D_crit=26: SO_5=10 via 26->10 superstring reduction [PAPER_1160 chain 4; CondensedPhysics2.py L28609; 26D_DOWNWARD_PROJECTION.md]; D_BSFG=6, D_phys=4 via 26->10->6->4 flow [PAPER_1160 + PAPER_1159 D=6 resonance manifold]; A_5=360/D_BSFG [PAPER_2116]; N_CH=SO_5-1 [PAPER_2128]; K_MEX per PAPER_1522",PAPER_1167;PAPER_1160;PAPER_1159;PAPER_2116;PAPER_2128;PAPER_1522,XGEO_ROUTED_IDENTITY
geo_Earth_Moon_a_over_R_E,d26,"Earth-Moon semimajor axis ratio || d26-native re-expression: generator D_crit=26: SO_5=10 via 26->10 superstring reduction [PAPER_1160 chain 4; CondensedPhysics2.py L28609; 26D_DOWNWARD_PROJECTION.md]; D_BSFG=6, D_phys=4 via 26->10->6->4 flow [PAPER_1160 + PAPER_1159 D=6 resonance manifold]; A_5=360/D_BSFG [PAPER_2116]; N_CH=SO_5-1 [PAPER_2128]; K_MEX per PAPER_1522",PAPER_1167;PAPER_1160;PAPER_1159;PAPER_2116;PAPER_2128;PAPER_1522,XGEO_ROUTED_IDENTITY
geo_Earth_obliquity_deg,d26,"Axial tilt || d26-native re-expression: generator D_crit=26: SO_5=10 via 26->10 superstring reduction [PAPER_1160 chain 4; CondensedPhysics2.py L28609; 26D_DOWNWARD_PROJECTION.md]; D_BSFG=6, D_phys=4 via 26->10->6->4 flow [PAPER_1160 + PAPER_1159 D=6 resonance manifold]; A_5=360/D_BSFG [PAPER_2116]; N_CH=SO_5-1 [PAPER_2128]; K_MEX per PAPER_1522",PAPER_1167;PAPER_1160;PAPER_1159;PAPER_2116;PAPER_2128;PAPER_1522,XGEO_ROUTED_IDENTITY
geo_J2_oblateness_norm,d26,"Earth J_2 (normalized) || d26-native re-expression: generator D_crit=26: SO_5=10 via 26->10 superstring reduction [PAPER_1160 chain 4; CondensedPhysics2.py L28609; 26D_DOWNWARD_PROJECTION.md]; D_BSFG=6, D_phys=4 via 26->10->6->4 flow [PAPER_1160 + PAPER_1159 D=6 resonance manifold]; A_5=360/D_BSFG [PAPER_2116]; N_CH=SO_5-1 [PAPER_2128]; K_MEX per PAPER_1522",PAPER_1167;PAPER_1160;PAPER_1159;PAPER_2116;PAPER_2128;PAPER_1522,XGEO_ROUTED_IDENTITY
geo_adiabatic_lapse_K_per_km,d26,"Dry adiabatic Gamma_d || d26-native re-expression: generator D_crit=26: SO_5=10 via 26->10 superstring reduction [PAPER_1160 chain 4; CondensedPhysics2.py L28609; 26D_DOWNWARD_PROJECTION.md]; D_BSFG=6, D_phys=4 via 26->10->6->4 flow [PAPER_1160 + PAPER_1159 D=6 resonance manifold]; A_5=360/D_BSFG [PAPER_2116]; N_CH=SO_5-1 [PAPER_2128]; K_MEX per PAPER_1522",PAPER_1167;PAPER_1160;PAPER_1159;PAPER_2116;PAPER_2128;PAPER_1522,XGEO_ROUTED_IDENTITY
geo_atm_pressure_atm_norm,d26,"1 atm normalized || d26-native re-expression: generator D_crit=26: SO_5=10 via 26->10 superstring reduction [PAPER_1160 chain 4; CondensedPhysics2.py L28609; 26D_DOWNWARD_PROJECTION.md]; D_BSFG=6, D_phys=4 via 26->10->6->4 flow [PAPER_1160 + PAPER_1159 D=6 resonance manifold]; A_5=360/D_BSFG [PAPER_2116]; N_CH=SO_5-1 [PAPER_2128]; K_MEX per PAPER_1522",PAPER_1167;PAPER_1160;PAPER_1159;PAPER_2116;PAPER_2128;PAPER_1522,XGEO_ROUTED_IDENTITY
geo_atmospheric_scale_height_km,d26,"H = 8.5 km surface T=288 K || d26-native re-expression: generator D_crit=26: SO_5=10 via 26->10 superstring reduction [PAPER_1160 chain 4; CondensedPhysics2.py L28609; 26D_DOWNWARD_PROJECTION.md]; D_BSFG=6, D_phys=4 via 26->10->6->4 flow [PAPER_1160 + PAPER_1159 D=6 resonance manifold]; A_5=360/D_BSFG [PAPER_2116]; N_CH=SO_5-1 [PAPER_2128]; K_MEX per PAPER_1522",PAPER_1167;PAPER_1160;PAPER_1159;PAPER_2116;PAPER_2128;PAPER_1522,XGEO_ROUTED_IDENTITY
geo_greenhouse_DeltaT_K,d26,"T_surf - T_eff = 33 K || d26-native re-expression: generator D_crit=26: SO_5=10 via 26->10 superstring reduction [PAPER_1160 chain 4; CondensedPhysics2.py L28609; 26D_DOWNWARD_PROJECTION.md]; D_BSFG=6, D_phys=4 via 26->10->6->4 flow [PAPER_1160 + PAPER_1159 D=6 resonance manifold]; A_5=360/D_BSFG [PAPER_2116]; N_CH=SO_5-1 [PAPER_2128]; K_MEX per PAPER_1522",PAPER_1167;PAPER_1160;PAPER_1159;PAPER_2116;PAPER_2128;PAPER_1522,XGEO_ROUTED_IDENTITY
geo_magnetopause_R_E,qcalcgeom,"R_mp = SO_5 R_E = 10 EXACT || qcalcgeom-native re-expression: F_U-native constant set {rho_SCm, beta_i, SSq, F_TRZ, omega_SCm, Phi_res, S_26} [PAPER_1203/PAPER_2124 canonical F_U machinery = QCalcGeom v3 native surfaces compute_F_U/FUBi/FUBii/universal_inertia]; SO_5=1/F_TRZ [PAPER_1160 EXACT F_TRZ=1/|SO(5)|]; D_BSFG=6 native via bsfg_* wrapper surfaces [QCalcGeom v3 + PAPER_1159]; D_phys=2*D_BSFG/3 [PAPER_1962]; D_crit=D_BSFG+2*SO_5 [PAPER_1521]; A_5=360/D_BSFG [PAPER_2116]; N_CH=SO_5-1 [PAPER_2128]; K_MEX per PAPER_1522",PAPER_1167;PAPER_1203;PAPER_2124;PAPER_1160;PAPER_1159;PAPER_1962;PAPER_1521;PAPER_2116;PAPER_2128;PAPER_1522,XGEO_ROUTED_IDENTITY
geo_magnetopause_R_E,d26,"R_mp = SO_5 R_E = 10 EXACT || d26-native re-expression: generator D_crit=26: SO_5=10 via 26->10 superstring reduction [PAPER_1160 chain 4; CondensedPhysics2.py L28609; 26D_DOWNWARD_PROJECTION.md]; D_BSFG=6, D_phys=4 via 26->10->6->4 flow [PAPER_1160 + PAPER_1159 D=6 resonance manifold]; A_5=360/D_BSFG [PAPER_2116]; N_CH=SO_5-1 [PAPER_2128]; K_MEX per PAPER_1522",PAPER_1167;PAPER_1160;PAPER_1159;PAPER_2116;PAPER_2128;PAPER_1522,XGEO_ROUTED_IDENTITY
geo_ocean_salinity_ppt,d26,"Mean salinity 35 ppt || d26-native re-expression: generator D_crit=26: SO_5=10 via 26->10 superstring reduction [PAPER_1160 chain 4; CondensedPhysics2.py L28609; 26D_DOWNWARD_PROJECTION.md]; D_BSFG=6, D_phys=4 via 26->10->6->4 flow [PAPER_1160 + PAPER_1159 D=6 resonance manifold]; A_5=360/D_BSFG [PAPER_2116]; N_CH=SO_5-1 [PAPER_2128]; K_MEX per PAPER_1522",PAPER_1167;PAPER_1160;PAPER_1159;PAPER_2116;PAPER_2128;PAPER_1522,XGEO_ROUTED_IDENTITY
higgs_vev,qcalcgeom,"v_Higgs = A_5 * (D_phys + F_TRZ) = 60 * 4.1 = 246 GeV || qcalcgeom-native re-expression: F_U-native constant set {rho_SCm, beta_i, SSq, F_TRZ, omega_SCm, Phi_res, S_26} [PAPER_1203/PAPER_2124 canonical F_U machinery = QCalcGeom v3 native surfaces compute_F_U/FUBi/FUBii/universal_inertia]; SO_5=1/F_TRZ [PAPER_1160 EXACT F_TRZ=1/|SO(5)|]; D_BSFG=6 native via bsfg_* wrapper surfaces [QCalcGeom v3 + PAPER_1159]; D_phys=2*D_BSFG/3 [PAPER_1962]; D_crit=D_BSFG+2*SO_5 [PAPER_1521]; A_5=360/D_BSFG [PAPER_2116]; N_CH=SO_5-1 [PAPER_2128]; K_MEX per PAPER_1522",PAPER_1636;PAPER_1203;PAPER_2124;PAPER_1160;PAPER_1159;PAPER_1962;PAPER_1521;PAPER_2116;PAPER_2128;PAPER_1522,XGEO_ROUTED_IDENTITY
higgs_vev,d26,"v_Higgs = A_5 * (D_phys + F_TRZ) = 60 * 4.1 = 246 GeV || d26-native re-expression: generator D_crit=26: SO_5=10 via 26->10 superstring reduction [PAPER_1160 chain 4; CondensedPhysics2.py L28609; 26D_DOWNWARD_PROJECTION.md]; D_BSFG=6, D_phys=4 via 26->10->6->4 flow [PAPER_1160 + PAPER_1159 D=6 resonance manifold]; A_5=360/D_BSFG [PAPER_2116]; N_CH=SO_5-1 [PAPER_2128]; K_MEX per PAPER_1522",PAPER_1636;PAPER_1160;PAPER_1159;PAPER_2116;PAPER_2128;PAPER_1522,XGEO_ROUTED_IDENTITY
hubble_tension,qcalcgeom,"RECOVERED: H0 local/CMB tension = 1/12 EXACT tilt closure; grid (2*SO_5+2)*F_TRZ^19 vs local anchor || qcalcgeom-native re-expression: F_U-native constant set {rho_SCm, beta_i, SSq, F_TRZ, omega_SCm, Phi_res, S_26} [PAPER_1203/PAPER_2124 canonical F_U machinery = QCalcGeom v3 native surfaces compute_F_U/FUBi/FUBii/universal_inertia]; SO_5=1/F_TRZ [PAPER_1160 EXACT F_TRZ=1/|SO(5)|]; D_BSFG=6 native via bsfg_* wrapper surfaces [QCalcGeom v3 + PAPER_1159]; D_phys=2*D_BSFG/3 [PAPER_1962]; D_crit=D_BSFG+2*SO_5 [PAPER_1521]; A_5=360/D_BSFG [PAPER_2116]; N_CH=SO_5-1 [PAPER_2128]; K_MEX per PAPER_1522",PAPER_1676;PAPER_1156;PAPER_2093;PAPER_2125;uqff_pure_calculator p9_h_tension;PAPER_1203;PAPER_2124;PAPER_1160;PAPER_1159;PAPER_1962;PAPER_1521;PAPER_2116;PAPER_2128;PAPER_1522,XGEO_ROUTED_IDENTITY
hubble_tension,bsfg,RECOVERED: H0 local/CMB tension = 1/12 EXACT tilt closure; grid (2*SO_5+2)*F_TRZ^19 vs local anchor || bsfg-native re-expression: generator D_BSFG: D_phys=2*D_BSFG/3 [PAPER_1962]; SO_5=2*(D_BSFG-1) [R320 triple-form; also |SO(D-1)| at D=6 per PAPER_1160]; D_crit=D_BSFG+2*SO_5 [PAPER_1521]; A_5=360/D_BSFG [PAPER_2116]; N_CH=SO_5-1 [PAPER_2128]; K_MEX per PAPER_1522,PAPER_1676;PAPER_1156;PAPER_2093;PAPER_2125;uqff_pure_calculator p9_h_tension;PAPER_1962;R320;PAPER_1160;PAPER_1521;PAPER_2116;PAPER_2128;PAPER_1522,XGEO_ROUTED_IDENTITY
hubble_tension,dpm,"RECOVERED: H0 local/CMB tension = 1/12 EXACT tilt closure; grid (2*SO_5+2)*F_TRZ^19 vs local anchor || dpm-native re-expression: generators SO_5=rho_UA/rho_SCm + D_crit=26 caduceus pinch count [PAPER_646], D_phys via magic 8=2*D_phys [PAPER_1203]; D_BSFG=D_crit-2*SO_5 [PAPER_1521]; A_5=360/D_BSFG [PAPER_2116]; N_CH=SO_5-1 [PAPER_2128]; K_MEX per PAPER_1522",PAPER_1676;PAPER_1156;PAPER_2093;PAPER_2125;uqff_pure_calculator p9_h_tension;PAPER_646;PAPER_1203;PAPER_1521;PAPER_2116;PAPER_2128;PAPER_1522,XGEO_ROUTED_IDENTITY
m_W_alt,qcalcgeom,"m_W = A_5 + A_5/3 = 60 + 20 = 80 GeV || qcalcgeom-native re-expression: F_U-native constant set {rho_SCm, beta_i, SSq, F_TRZ, omega_SCm, Phi_res, S_26} [PAPER_1203/PAPER_2124 canonical F_U machinery = QCalcGeom v3 native surfaces compute_F_U/FUBi/FUBii/universal_inertia]; SO_5=1/F_TRZ [PAPER_1160 EXACT F_TRZ=1/|SO(5)|]; D_BSFG=6 native via bsfg_* wrapper surfaces [QCalcGeom v3 + PAPER_1159]; D_phys=2*D_BSFG/3 [PAPER_1962]; D_crit=D_BSFG+2*SO_5 [PAPER_1521]; A_5=360/D_BSFG [PAPER_2116]; N_CH=SO_5-1 [PAPER_2128]; K_MEX per PAPER_1522",PAPER_1686;PAPER_1203;PAPER_2124;PAPER_1160;PAPER_1159;PAPER_1962;PAPER_1521;PAPER_2116;PAPER_2128;PAPER_1522,XGEO_ROUTED_IDENTITY
m_W_alt,d26,"m_W = A_5 + A_5/3 = 60 + 20 = 80 GeV || d26-native re-expression: generator D_crit=26: SO_5=10 via 26->10 superstring reduction [PAPER_1160 chain 4; CondensedPhysics2.py L28609; 26D_DOWNWARD_PROJECTION.md]; D_BSFG=6, D_phys=4 via 26->10->6->4 flow [PAPER_1160 + PAPER_1159 D=6 resonance manifold]; A_5=360/D_BSFG [PAPER_2116]; N_CH=SO_5-1 [PAPER_2128]; K_MEX per PAPER_1522",PAPER_1686;PAPER_1160;PAPER_1159;PAPER_2116;PAPER_2128;PAPER_1522,XGEO_ROUTED_IDENTITY
mp_me_ratio,qcalcgeom,"m_p/m_e = D_BSFG * pi^5 || qcalcgeom-native re-expression: F_U-native constant set {rho_SCm, beta_i, SSq, F_TRZ, omega_SCm, Phi_res, S_26} [PAPER_1203/PAPER_2124 canonical F_U machinery = QCalcGeom v3 native surfaces compute_F_U/FUBi/FUBii/universal_inertia]; SO_5=1/F_TRZ [PAPER_1160 EXACT F_TRZ=1/|SO(5)|]; D_BSFG=6 native via bsfg_* wrapper surfaces [QCalcGeom v3 + PAPER_1159]; D_phys=2*D_BSFG/3 [PAPER_1962]; D_crit=D_BSFG+2*SO_5 [PAPER_1521]; A_5=360/D_BSFG [PAPER_2116]; N_CH=SO_5-1 [PAPER_2128]; K_MEX per PAPER_1522",PAPER_1167;PAPER_1203;PAPER_2124;PAPER_1160;PAPER_1159;PAPER_1962;PAPER_1521;PAPER_2116;PAPER_2128;PAPER_1522,XGEO_ROUTED_IDENTITY
mp_me_ratio,d26,"m_p/m_e = D_BSFG * pi^5 || d26-native re-expression: generator D_crit=26: SO_5=10 via 26->10 superstring reduction [PAPER_1160 chain 4; CondensedPhysics2.py L28609; 26D_DOWNWARD_PROJECTION.md]; D_BSFG=6, D_phys=4 via 26->10->6->4 flow [PAPER_1160 + PAPER_1159 D=6 resonance manifold]; A_5=360/D_BSFG [PAPER_2116]; N_CH=SO_5-1 [PAPER_2128]; K_MEX per PAPER_1522",PAPER_1167;PAPER_1160;PAPER_1159;PAPER_2116;PAPER_2128;PAPER_1522,XGEO_ROUTED_IDENTITY
n_s_scalar_tilt,qcalcgeom,"n_s = 1 - alpha_inv^-1 * (D_phys + Phi_res_5_6) = 1 - (1/137)(4 + 5/6) || qcalcgeom-native re-expression: F_U-native constant set {rho_SCm, beta_i, SSq, F_TRZ, omega_SCm, Phi_res, S_26} [PAPER_1203/PAPER_2124 canonical F_U machinery = QCalcGeom v3 native surfaces compute_F_U/FUBi/FUBii/universal_inertia]; SO_5=1/F_TRZ [PAPER_1160 EXACT F_TRZ=1/|SO(5)|]; D_BSFG=6 native via bsfg_* wrapper surfaces [QCalcGeom v3 + PAPER_1159]; D_phys=2*D_BSFG/3 [PAPER_1962]; D_crit=D_BSFG+2*SO_5 [PAPER_1521]; A_5=360/D_BSFG [PAPER_2116]; N_CH=SO_5-1 [PAPER_2128]; K_MEX per PAPER_1522",PAPER_1736;PAPER_1203;PAPER_2124;PAPER_1160;PAPER_1159;PAPER_1962;PAPER_1521;PAPER_2116;PAPER_2128;PAPER_1522,XGEO_ROUTED_IDENTITY
omega_lambda_6_5_SSQ,qcalcgeom,"Omega_Lambda = (6/5) * SSQ = 6/5 * 0.57 = 0.684 || qcalcgeom-native re-expression: F_U-native constant set {rho_SCm, beta_i, SSq, F_TRZ, omega_SCm, Phi_res, S_26} [PAPER_1203/PAPER_2124 canonical F_U machinery = QCalcGeom v3 native surfaces compute_F_U/FUBi/FUBii/universal_inertia]; SO_5=1/F_TRZ [PAPER_1160 EXACT F_TRZ=1/|SO(5)|]; D_BSFG=6 native via bsfg_* wrapper surfaces [QCalcGeom v3 + PAPER_1159]; D_phys=2*D_BSFG/3 [PAPER_1962]; D_crit=D_BSFG+2*SO_5 [PAPER_1521]; A_5=360/D_BSFG [PAPER_2116]; N_CH=SO_5-1 [PAPER_2128]; K_MEX per PAPER_1522",PAPER_1696;PAPER_1203;PAPER_2124;PAPER_1160;PAPER_1159;PAPER_1962;PAPER_1521;PAPER_2116;PAPER_2128;PAPER_1522,XGEO_ROUTED_IDENTITY
periodic_table_periods,qcalcgeom,"n_periods_stable = D_BSFG + 1 = 7 || qcalcgeom-native re-expression: F_U-native constant set {rho_SCm, beta_i, SSq, F_TRZ, omega_SCm, Phi_res, S_26} [PAPER_1203/PAPER_2124 canonical F_U machinery = QCalcGeom v3 native surfaces compute_F_U/FUBi/FUBii/universal_inertia]; SO_5=1/F_TRZ [PAPER_1160 EXACT F_TRZ=1/|SO(5)|]; D_BSFG=6 native via bsfg_* wrapper surfaces [QCalcGeom v3 + PAPER_1159]; D_phys=2*D_BSFG/3 [PAPER_1962]; D_crit=D_BSFG+2*SO_5 [PAPER_1521]; A_5=360/D_BSFG [PAPER_2116]; N_CH=SO_5-1 [PAPER_2128]; K_MEX per PAPER_1522",PAPER_1167;PAPER_1203;PAPER_2124;PAPER_1160;PAPER_1159;PAPER_1962;PAPER_1521;PAPER_2116;PAPER_2128;PAPER_1522,XGEO_ROUTED_IDENTITY
periodic_table_periods,d26,"n_periods_stable = D_BSFG + 1 = 7 || d26-native re-expression: generator D_crit=26: SO_5=10 via 26->10 superstring reduction [PAPER_1160 chain 4; CondensedPhysics2.py L28609; 26D_DOWNWARD_PROJECTION.md]; D_BSFG=6, D_phys=4 via 26->10->6->4 flow [PAPER_1160 + PAPER_1159 D=6 resonance manifold]; A_5=360/D_BSFG [PAPER_2116]; N_CH=SO_5-1 [PAPER_2128]; K_MEX per PAPER_1522",PAPER_1167;PAPER_1160;PAPER_1159;PAPER_2116;PAPER_2128;PAPER_1522,XGEO_ROUTED_IDENTITY
quantum_supremacy_qubits,qcalcgeom,"n_qubits >= A_5 = 60 (Sycamore reached 53) || qcalcgeom-native re-expression: F_U-native constant set {rho_SCm, beta_i, SSq, F_TRZ, omega_SCm, Phi_res, S_26} [PAPER_1203/PAPER_2124 canonical F_U machinery = QCalcGeom v3 native surfaces compute_F_U/FUBi/FUBii/universal_inertia]; SO_5=1/F_TRZ [PAPER_1160 EXACT F_TRZ=1/|SO(5)|]; D_BSFG=6 native via bsfg_* wrapper surfaces [QCalcGeom v3 + PAPER_1159]; D_phys=2*D_BSFG/3 [PAPER_1962]; D_crit=D_BSFG+2*SO_5 [PAPER_1521]; A_5=360/D_BSFG [PAPER_2116]; N_CH=SO_5-1 [PAPER_2128]; K_MEX per PAPER_1522",PAPER_1655;PAPER_1203;PAPER_2124;PAPER_1160;PAPER_1159;PAPER_1962;PAPER_1521;PAPER_2116;PAPER_2128;PAPER_1522,XGEO_ROUTED_IDENTITY
quantum_supremacy_qubits,d26,"n_qubits >= A_5 = 60 (Sycamore reached 53) || d26-native re-expression: generator D_crit=26: SO_5=10 via 26->10 superstring reduction [PAPER_1160 chain 4; CondensedPhysics2.py L28609; 26D_DOWNWARD_PROJECTION.md]; D_BSFG=6, D_phys=4 via 26->10->6->4 flow [PAPER_1160 + PAPER_1159 D=6 resonance manifold]; A_5=360/D_BSFG [PAPER_2116]; N_CH=SO_5-1 [PAPER_2128]; K_MEX per PAPER_1522",PAPER_1655;PAPER_1160;PAPER_1159;PAPER_2116;PAPER_2128;PAPER_1522,XGEO_ROUTED_IDENTITY
stefan_boltzmann_prefactor,qcalcgeom,"sigma = pi^2 k_B^4 / (A_5 * hbar^3 * c^2); A_5 = 60 || qcalcgeom-native re-expression: F_U-native constant set {rho_SCm, beta_i, SSq, F_TRZ, omega_SCm, Phi_res, S_26} [PAPER_1203/PAPER_2124 canonical F_U machinery = QCalcGeom v3 native surfaces compute_F_U/FUBi/FUBii/universal_inertia]; SO_5=1/F_TRZ [PAPER_1160 EXACT F_TRZ=1/|SO(5)|]; D_BSFG=6 native via bsfg_* wrapper surfaces [QCalcGeom v3 + PAPER_1159]; D_phys=2*D_BSFG/3 [PAPER_1962]; D_crit=D_BSFG+2*SO_5 [PAPER_1521]; A_5=360/D_BSFG [PAPER_2116]; N_CH=SO_5-1 [PAPER_2128]; K_MEX per PAPER_1522",PAPER_1167;PAPER_1203;PAPER_2124;PAPER_1160;PAPER_1159;PAPER_1962;PAPER_1521;PAPER_2116;PAPER_2128;PAPER_1522,XGEO_ROUTED_IDENTITY
stefan_boltzmann_prefactor,d26,"sigma = pi^2 k_B^4 / (A_5 * hbar^3 * c^2); A_5 = 60 || d26-native re-expression: generator D_crit=26: SO_5=10 via 26->10 superstring reduction [PAPER_1160 chain 4; CondensedPhysics2.py L28609; 26D_DOWNWARD_PROJECTION.md]; D_BSFG=6, D_phys=4 via 26->10->6->4 flow [PAPER_1160 + PAPER_1159 D=6 resonance manifold]; A_5=360/D_BSFG [PAPER_2116]; N_CH=SO_5-1 [PAPER_2128]; K_MEX per PAPER_1522",PAPER_1167;PAPER_1160;PAPER_1159;PAPER_2116;PAPER_2128;PAPER_1522,XGEO_ROUTED_IDENTITY
surface_code_threshold,qcalcgeom,"p_th = F_TRZ^2 = (1/10)^2 = 1/100 = 0.01 || qcalcgeom-native re-expression: F_U-native constant set {rho_SCm, beta_i, SSq, F_TRZ, omega_SCm, Phi_res, S_26} [PAPER_1203/PAPER_2124 canonical F_U machinery = QCalcGeom v3 native surfaces compute_F_U/FUBi/FUBii/universal_inertia]; SO_5=1/F_TRZ [PAPER_1160 EXACT F_TRZ=1/|SO(5)|]; D_BSFG=6 native via bsfg_* wrapper surfaces [QCalcGeom v3 + PAPER_1159]; D_phys=2*D_BSFG/3 [PAPER_1962]; D_crit=D_BSFG+2*SO_5 [PAPER_1521]; A_5=360/D_BSFG [PAPER_2116]; N_CH=SO_5-1 [PAPER_2128]; K_MEX per PAPER_1522",PAPER_1746;PAPER_1203;PAPER_2124;PAPER_1160;PAPER_1159;PAPER_1962;PAPER_1521;PAPER_2116;PAPER_2128;PAPER_1522,XGEO_ROUTED_IDENTITY
weinberg_sin2,qcalcgeom,"sin^2(theta_W) = K_MEX / N_CH = 25/108 || qcalcgeom-native re-expression: F_U-native constant set {rho_SCm, beta_i, SSq, F_TRZ, omega_SCm, Phi_res, S_26} [PAPER_1203/PAPER_2124 canonical F_U machinery = QCalcGeom v3 native surfaces compute_F_U/FUBi/FUBii/universal_inertia]; SO_5=1/F_TRZ [PAPER_1160 EXACT F_TRZ=1/|SO(5)|]; D_BSFG=6 native via bsfg_* wrapper surfaces [QCalcGeom v3 + PAPER_1159]; D_phys=2*D_BSFG/3 [PAPER_1962]; D_crit=D_BSFG+2*SO_5 [PAPER_1521]; A_5=360/D_BSFG [PAPER_2116]; N_CH=SO_5-1 [PAPER_2128]; K_MEX per PAPER_1522",PAPER_1167;PAPER_1203;PAPER_2124;PAPER_1160;PAPER_1159;PAPER_1962;PAPER_1521;PAPER_2116;PAPER_2128;PAPER_1522,XGEO_ROUTED_IDENTITY
weinberg_sin2,d26,"sin^2(theta_W) = K_MEX / N_CH = 25/108 || d26-native re-expression: generator D_crit=26: SO_5=10 via 26->10 superstring reduction [PAPER_1160 chain 4; CondensedPhysics2.py L28609; 26D_DOWNWARD_PROJECTION.md]; D_BSFG=6, D_phys=4 via 26->10->6->4 flow [PAPER_1160 + PAPER_1159 D=6 resonance manifold]; A_5=360/D_BSFG [PAPER_2116]; N_CH=SO_5-1 [PAPER_2128]; K_MEX per PAPER_1522",PAPER_1167;PAPER_1160;PAPER_1159;PAPER_2116;PAPER_2128;PAPER_1522,XGEO_ROUTED_IDENTITY
mp_me_ratio,dpm,INDEPENDENT: m_p/m_e = A_5^2/2 + D_BSFG^2 = 1836 (0.0083% vs 1836.15267) — A_5-led -> dpm per LEADING-PRIMITIVE GEOMETRY RULE (Daniel standing ruling 2026-07-24),S266;PAPER_2116,XGEO_INDEPENDENT
alpha_s_M_Z,qcalcgeom,INDEPENDENT: alpha_s = F_TRZ*K_MEX*SSq - F_TRZ^3*Phi_5/6 = 0.1179167 (0.014%) — kernel-K F_U-machinery form -> qcalcgeom per LEADING-PRIMITIVE GEOMETRY RULE (Daniel standing ruling 2026-07-24),S378;PAPER_2131;PAPER_1203;PAPER_2124,XGEO_INDEPENDENT
SM_higgs_lambda_S377,qcalcgeom,INDEPENDENT: lambda_H = F_TRZ + F_TRZ^2*K_MEX + F_TRZ^2 - F_TRZ^3 = 0.129833 (S441 variant) — F_TRZ-ladder form -> qcalcgeom per LEADING-PRIMITIVE GEOMETRY RULE (Daniel standing ruling 2026-07-24),S441;PAPER_2131,XGEO_INDEPENDENT
SM_higgs_lambda_S441,qcalcgeom,INDEPENDENT: lambda_H = F_TRZ*K_MEX*SSq + F_TRZ^3*K_MEX*N_CH*SSq = 0.1294375 (S377 kernel form) — kernel-K form -> qcalcgeom per LEADING-PRIMITIVE GEOMETRY RULE (Daniel standing ruling 2026-07-24),S377;PAPER_2131,XGEO_INDEPENDENT
SM_top_yukawa_S376,qcalcgeom,"INDEPENDENT: y_t = Phi_res + F_TRZ + F_TRZ^2 - F_TRZ^3*K_MEX = 0.94125 (S440 variant, own target 0.94, 0.13%) — Phi/F_TRZ F_U-machinery form -> qcalcgeom per LEADING-PRIMITIVE GEOMETRY RULE (Daniel standing ruling 2026-07-24)",S440;PAPER_2131,XGEO_INDEPENDENT
SM_top_yukawa_S440,qcalcgeom,"INDEPENDENT: y_t = 1 - F_TRZ^2 = 0.99 (S376 form, its target 0.9936, 0.36%) — F_TRZ form -> qcalcgeom per LEADING-PRIMITIVE GEOMETRY RULE (Daniel standing ruling 2026-07-24)",S376;PAPER_2131,XGEO_INDEPENDENT
hubble_tension,qcalcgeom,"INDEPENDENT: H0 grid = (2*SO_5+2)*F_TRZ^19 = 2.2e-18 (residual vs local IS the tension, PAPER_2125) — F_TRZ-ladder grid form -> qcalcgeom per LEADING-PRIMITIVE GEOMETRY RULE (Daniel standing ruling 2026-07-24)",PAPER_2093;PAPER_2125,XGEO_INDEPENDENT
hubble_tension,dpm,INDEPENDENT: tension tilt = 1/12 EXACT = K_MEX - 2 (DPM-pair identity) — DPM-pair-led -> dpm per LEADING-PRIMITIVE GEOMETRY RULE (Daniel standing ruling 2026-07-24),PAPER_1156;PAPER_1183,XGEO_INDEPENDENT
