observable,domain,owner_geometry,target_geometry,owner_formula,owner_value,target,primary_source,primitives_used,route_status,route_formula,route_paper
BH_seed_mass,astro,d26,qcalcgeom,"M_seed = A_5 * D_BSFG^2 * D_crit = 60 * 36 * 26 = 56,160 M_Sun",56160,56160.0,PAPER_1650,D_BSFG;D_CRIT;A_5,XGEO_ROUTED_IDENTITY,"M_seed = A_5 * D_BSFG^2 * D_crit = 60 * 36 * 26 = 56,160 M_Sun || qcalcgeom-native re-expression: F_U-native constant set {rho_SCm, beta_i, SSq, F_TRZ, omega_SCm, Phi_res, S_26} [PAPER_1203/PAPER_2124 canonical F_U machinery = QCalcGeom v3 native surfaces compute_F_U/FUBi/FUBii/universal_inertia]; SO_5=1/F_TRZ [PAPER_1160 EXACT F_TRZ=1/|SO(5)|]; D_BSFG=6 native via bsfg_* wrapper surfaces [QCalcGeom v3 + PAPER_1159]; D_phys=2*D_BSFG/3 [PAPER_1962]; D_crit=D_BSFG+2*SO_5 [PAPER_1521]; A_5=360/D_BSFG [PAPER_2116]; N_CH=SO_5-1 [PAPER_2128]; K_MEX per PAPER_1522",PAPER_1650;PAPER_1203;PAPER_2124;PAPER_1160;PAPER_1159;PAPER_1962;PAPER_1521;PAPER_2116;PAPER_2128;PAPER_1522
BH_seed_mass,astro,d26,bsfg,"M_seed = A_5 * D_BSFG^2 * D_crit = 60 * 36 * 26 = 56,160 M_Sun",56160,56160.0,PAPER_1650,D_BSFG;D_CRIT;A_5,XGEO_ROUTED_IDENTITY,"M_seed = A_5 * D_BSFG^2 * D_crit = 60 * 36 * 26 = 56,160 M_Sun || bsfg-native re-expression: generator D_BSFG: D_phys=2*D_BSFG/3 [PAPER_1962]; SO_5=2*(D_BSFG-1) [R320 triple-form]; D_crit=D_BSFG+2*SO_5 [PAPER_1521]; A_5=360/D_BSFG [PAPER_2116]; N_CH=SO_5-1 [PAPER_2128]; K_MEX per PAPER_1522; kappa per PAPER_2112; real vacuum-kernel primitives global",PAPER_1650;PAPER_1962;R320;PAPER_1521;PAPER_2116;PAPER_2128;PAPER_1522;PAPER_2112
BH_seed_mass,astro,d26,dpm,"M_seed = A_5 * D_BSFG^2 * D_crit = 60 * 36 * 26 = 56,160 M_Sun",56160,56160.0,PAPER_1650,D_BSFG;D_CRIT;A_5,XGEO_ROUTED_IDENTITY,"M_seed = A_5 * D_BSFG^2 * D_crit = 60 * 36 * 26 = 56,160 M_Sun || dpm-native re-expression: generators SO_5=rho_UA/rho_SCm + D_crit=26 caduceus pinch count [PAPER_646], D_phys via magic 8=2*D_phys [PAPER_1203]; D_BSFG=D_crit-2*SO_5 [PAPER_1521]; A_5=360/D_BSFG [PAPER_2116]; N_CH=SO_5-1 [PAPER_2128]; K_MEX per PAPER_1522; kappa per PAPER_2112; real vacuum-kernel primitives native to SCm manifold",PAPER_1650;PAPER_646;PAPER_1203;PAPER_1521;PAPER_2116;PAPER_2128;PAPER_1522;PAPER_2112
CM_Apery_zeta3,CM,d26,qcalcgeom,zeta(3) closure,1.2,1.2020569,PAPER_1167,,XGEO_ROUTED_IDENTITY,"zeta(3) closure || qcalcgeom-native re-expression: F_U-native constant set {rho_SCm, beta_i, SSq, F_TRZ, omega_SCm, Phi_res, S_26} [PAPER_1203/PAPER_2124 canonical F_U machinery = QCalcGeom v3 native surfaces compute_F_U/FUBi/FUBii/universal_inertia]; SO_5=1/F_TRZ [PAPER_1160 EXACT F_TRZ=1/|SO(5)|]; D_BSFG=6 native via bsfg_* wrapper surfaces [QCalcGeom v3 + PAPER_1159]; D_phys=2*D_BSFG/3 [PAPER_1962]; D_crit=D_BSFG+2*SO_5 [PAPER_1521]; A_5=360/D_BSFG [PAPER_2116]; N_CH=SO_5-1 [PAPER_2128]; K_MEX per PAPER_1522",PAPER_1167;PAPER_1203;PAPER_2124;PAPER_1160;PAPER_1159;PAPER_1962;PAPER_1521;PAPER_2116;PAPER_2128;PAPER_1522
CM_Apery_zeta3,CM,d26,bsfg,zeta(3) closure,1.2,1.2020569,PAPER_1167,,XGEO_ROUTED_IDENTITY,EXTRACTED[_session399_cm_zeta3.py]: val = Phi_res + F_TRZ*D_phys - F_TRZ*F_TRZ*Phi_res*D_phys || bsfg-native re-expression: generator D_BSFG: D_phys=2*D_BSFG/3 [PAPER_1962]; SO_5=2*(D_BSFG-1) [R320 triple-form]; D_crit=D_BSFG+2*SO_5 [PAPER_1521]; A_5=360/D_BSFG [PAPER_2116]; N_CH=SO_5-1 [PAPER_2128]; K_MEX per PAPER_1522; real vacuum-kernel primitives global,PAPER_1167;_session399_cm_zeta3.py;PAPER_1962;R320;PAPER_1521;PAPER_2116;PAPER_2128;PAPER_1522
CM_Apery_zeta3,CM,d26,dpm,zeta(3) closure,1.2,1.2020569,PAPER_1167,,XGEO_ROUTED_IDENTITY,"EXTRACTED[_session399_cm_zeta3.py]: val = Phi_res + F_TRZ*D_phys - F_TRZ*F_TRZ*Phi_res*D_phys || dpm-native re-expression: generators SO_5=rho_UA/rho_SCm + D_crit=26 caduceus pinch count [PAPER_646], D_phys via magic 8=2*D_phys [PAPER_1203]; D_BSFG=D_crit-2*SO_5 [PAPER_1521]; A_5=360/D_BSFG [PAPER_2116]; N_CH=SO_5-1 [PAPER_2128]; K_MEX per PAPER_1522",PAPER_1167;_session399_cm_zeta3.py;PAPER_646;PAPER_1203;PAPER_1521;PAPER_2116;PAPER_2128;PAPER_1522
CM_BCS_coherence_length_coeff,CM,dpm,qcalcgeom,xi_0 coeff = 1/pi,0.3176333333333334,0.3183098861837907,PAPER_1167,PI,XGEO_ROUTED_IDENTITY,"xi_0 coeff = 1/pi || qcalcgeom-native re-expression: F_U-native constant set {rho_SCm, beta_i, SSq, F_TRZ, omega_SCm, Phi_res, S_26} [PAPER_1203/PAPER_2124 canonical F_U machinery = QCalcGeom v3 native surfaces compute_F_U/FUBi/FUBii/universal_inertia]; SO_5=1/F_TRZ [PAPER_1160 EXACT F_TRZ=1/|SO(5)|]; D_BSFG=6 native via bsfg_* wrapper surfaces [QCalcGeom v3 + PAPER_1159]; D_phys=2*D_BSFG/3 [PAPER_1962]; D_crit=D_BSFG+2*SO_5 [PAPER_1521]; A_5=360/D_BSFG [PAPER_2116]; N_CH=SO_5-1 [PAPER_2128]; K_MEX per PAPER_1522",PAPER_1167;PAPER_1203;PAPER_2124;PAPER_1160;PAPER_1159;PAPER_1962;PAPER_1521;PAPER_2116;PAPER_2128;PAPER_1522
CM_BCS_coherence_length_coeff,CM,dpm,bsfg,xi_0 coeff = 1/pi,0.3176333333333334,0.3183098861837907,PAPER_1167,PI,XGEO_ROUTED_IDENTITY,xi_0 coeff = 1/pi || bsfg-native re-expression: generator D_BSFG: D_phys=2*D_BSFG/3 [PAPER_1962]; SO_5=2*(D_BSFG-1) [R320 triple-form]; D_crit=D_BSFG+2*SO_5 [PAPER_1521]; A_5=360/D_BSFG [PAPER_2116]; N_CH=SO_5-1 [PAPER_2128]; K_MEX per PAPER_1522; kappa per PAPER_2112; real vacuum-kernel primitives global,PAPER_1167;PAPER_1962;R320;PAPER_1521;PAPER_2116;PAPER_2128;PAPER_1522;PAPER_2112
CM_BCS_coherence_length_coeff,CM,dpm,d26,xi_0 coeff = 1/pi,0.3176333333333334,0.3183098861837907,PAPER_1167,PI,XGEO_ROUTED_IDENTITY,xi_0 coeff = 1/pi || d26-native re-expression: generator D_crit=26: D_phys=D_crit-22 with 22=T22 compactified moduli [PAPER_1927]; real vacuum-kernel primitives global,PAPER_1167;PAPER_1927
CM_BCS_gap_ratio,CM,dpm,qcalcgeom,BCS gap 2*Delta/(k_B T_c),3.5403333333333338,3.528,PAPER_1167,,XGEO_ROUTED_IDENTITY,"BCS gap 2*Delta/(k_B T_c) || qcalcgeom-native re-expression: F_U-native constant set {rho_SCm, beta_i, SSq, F_TRZ, omega_SCm, Phi_res, S_26} [PAPER_1203/PAPER_2124 canonical F_U machinery = QCalcGeom v3 native surfaces compute_F_U/FUBi/FUBii/universal_inertia]; SO_5=1/F_TRZ [PAPER_1160 EXACT F_TRZ=1/|SO(5)|]; D_BSFG=6 native via bsfg_* wrapper surfaces [QCalcGeom v3 + PAPER_1159]; D_phys=2*D_BSFG/3 [PAPER_1962]; D_crit=D_BSFG+2*SO_5 [PAPER_1521]; A_5=360/D_BSFG [PAPER_2116]; N_CH=SO_5-1 [PAPER_2128]; K_MEX per PAPER_1522",PAPER_1167;PAPER_1203;PAPER_2124;PAPER_1160;PAPER_1159;PAPER_1962;PAPER_1521;PAPER_2116;PAPER_2128;PAPER_1522
CM_BCS_gap_ratio,CM,dpm,bsfg,BCS gap 2*Delta/(k_B T_c),3.5403333333333338,3.528,PAPER_1167,,XGEO_ROUTED_IDENTITY,EXTRACTED[_session393_cm_bcs_gap.py]: val = K_Mex + Phi_res + F_TRZ*(D_phys+D_BSFG)  # 2.0833+0.8333+1.0 = 3.9166? recompute || bsfg-native re-expression: generator D_BSFG: D_phys=2*D_BSFG/3 [PAPER_1962]; SO_5=2*(D_BSFG-1) [R320 triple-form]; D_crit=D_BSFG+2*SO_5 [PAPER_1521]; A_5=360/D_BSFG [PAPER_2116]; N_CH=SO_5-1 [PAPER_2128]; K_MEX per PAPER_1522; real vacuum-kernel primitives global,PAPER_1167;_session393_cm_bcs_gap.py;PAPER_1962;R320;PAPER_1521;PAPER_2116;PAPER_2128;PAPER_1522
CM_BCS_gap_ratio,CM,dpm,d26,BCS gap 2*Delta/(k_B T_c),3.5403333333333338,3.528,PAPER_1167,,XGEO_ROUTED_IDENTITY,"BCS gap 2*Delta/(k_B T_c) || d26-native re-expression: generator D_crit=26: SO_5=10 via 26->10 superstring reduction [PAPER_1160 chain 4; CondensedPhysics2.py L28609; 26D_DOWNWARD_PROJECTION.md]; D_BSFG=6, D_phys=4 via 26->10->6->4 flow [PAPER_1160 + PAPER_1159 D=6 resonance manifold]; A_5=360/D_BSFG [PAPER_2116]; N_CH=SO_5-1 [PAPER_2128]; K_MEX per PAPER_1522",PAPER_1167;PAPER_1160;PAPER_1159;PAPER_2116;PAPER_2128;PAPER_1522
CM_BCS_isotope_alpha,CM,dpm,qcalcgeom,alpha_iso = Phi_res - F_TRZ*Phi_res*D_PHYS = 1/2 EXACT,0.5,0.5,PAPER_1167,D_PHYS;F_TRZ;PHI_RES,XGEO_ROUTED_IDENTITY,"alpha_iso = Phi_res - F_TRZ*Phi_res*D_PHYS = 1/2 EXACT || qcalcgeom-native re-expression: F_U-native constant set {rho_SCm, beta_i, SSq, F_TRZ, omega_SCm, Phi_res, S_26} [PAPER_1203/PAPER_2124 canonical F_U machinery = QCalcGeom v3 native surfaces compute_F_U/FUBi/FUBii/universal_inertia]; SO_5=1/F_TRZ [PAPER_1160 EXACT F_TRZ=1/|SO(5)|]; D_BSFG=6 native via bsfg_* wrapper surfaces [QCalcGeom v3 + PAPER_1159]; D_phys=2*D_BSFG/3 [PAPER_1962]; D_crit=D_BSFG+2*SO_5 [PAPER_1521]; A_5=360/D_BSFG [PAPER_2116]; N_CH=SO_5-1 [PAPER_2128]; K_MEX per PAPER_1522",PAPER_1167;PAPER_1203;PAPER_2124;PAPER_1160;PAPER_1159;PAPER_1962;PAPER_1521;PAPER_2116;PAPER_2128;PAPER_1522
CM_BCS_isotope_alpha,CM,dpm,bsfg,alpha_iso = Phi_res - F_TRZ*Phi_res*D_PHYS = 1/2 EXACT,0.5,0.5,PAPER_1167,D_PHYS;F_TRZ;PHI_RES,XGEO_ROUTED_IDENTITY,alpha_iso = Phi_res - F_TRZ*Phi_res*D_PHYS = 1/2 EXACT || bsfg-native re-expression: generator D_BSFG: D_phys=2*D_BSFG/3 [PAPER_1962]; SO_5=2*(D_BSFG-1) [R320 triple-form]; D_crit=D_BSFG+2*SO_5 [PAPER_1521]; A_5=360/D_BSFG [PAPER_2116]; N_CH=SO_5-1 [PAPER_2128]; K_MEX per PAPER_1522; kappa per PAPER_2112; real vacuum-kernel primitives global,PAPER_1167;PAPER_1962;R320;PAPER_1521;PAPER_2116;PAPER_2128;PAPER_1522;PAPER_2112
CM_BCS_isotope_alpha,CM,dpm,d26,alpha_iso = Phi_res - F_TRZ*Phi_res*D_PHYS = 1/2 EXACT,0.5,0.5,PAPER_1167,D_PHYS;F_TRZ;PHI_RES,XGEO_ROUTED_IDENTITY,alpha_iso = Phi_res - F_TRZ*Phi_res*D_PHYS = 1/2 EXACT || d26-native re-expression: generator D_crit=26: D_phys=D_crit-22 with 22=T22 compactified moduli [PAPER_1927]; real vacuum-kernel primitives global,PAPER_1167;PAPER_1927
CM_BEC_Tc_coeff,CM,dpm,qcalcgeom,T_BEC coefficient,3.325,3.3125,PAPER_1167,,XGEO_ROUTED_IDENTITY,"T_BEC coefficient || qcalcgeom-native re-expression: F_U-native constant set {rho_SCm, beta_i, SSq, F_TRZ, omega_SCm, Phi_res, S_26} [PAPER_1203/PAPER_2124 canonical F_U machinery = QCalcGeom v3 native surfaces compute_F_U/FUBi/FUBii/universal_inertia]; SO_5=1/F_TRZ [PAPER_1160 EXACT F_TRZ=1/|SO(5)|]; D_BSFG=6 native via bsfg_* wrapper surfaces [QCalcGeom v3 + PAPER_1159]; D_phys=2*D_BSFG/3 [PAPER_1962]; D_crit=D_BSFG+2*SO_5 [PAPER_1521]; A_5=360/D_BSFG [PAPER_2116]; N_CH=SO_5-1 [PAPER_2128]; K_MEX per PAPER_1522",PAPER_1167;PAPER_1203;PAPER_2124;PAPER_1160;PAPER_1159;PAPER_1962;PAPER_1521;PAPER_2116;PAPER_2128;PAPER_1522
CM_BEC_Tc_coeff,CM,dpm,bsfg,T_BEC coefficient,3.325,3.3125,PAPER_1167,,XGEO_ROUTED_IDENTITY,EXTRACTED[_session398_cm_bec_tc.py]: val = K_Mex + Phi_res + F_TRZ*(D_phys + F_TRZ*Phi_res) || bsfg-native re-expression: generator D_BSFG: D_phys=2*D_BSFG/3 [PAPER_1962]; SO_5=2*(D_BSFG-1) [R320 triple-form]; D_crit=D_BSFG+2*SO_5 [PAPER_1521]; A_5=360/D_BSFG [PAPER_2116]; N_CH=SO_5-1 [PAPER_2128]; K_MEX per PAPER_1522; real vacuum-kernel primitives global,PAPER_1167;_session398_cm_bec_tc.py;PAPER_1962;R320;PAPER_1521;PAPER_2116;PAPER_2128;PAPER_1522
CM_BEC_Tc_coeff,CM,dpm,d26,T_BEC coefficient,3.325,3.3125,PAPER_1167,,XGEO_ROUTED_IDENTITY,"T_BEC coefficient || d26-native re-expression: generator D_crit=26: SO_5=10 via 26->10 superstring reduction [PAPER_1160 chain 4; CondensedPhysics2.py L28609; 26D_DOWNWARD_PROJECTION.md]; D_BSFG=6, D_phys=4 via 26->10->6->4 flow [PAPER_1160 + PAPER_1159 D=6 resonance manifold]; A_5=360/D_BSFG [PAPER_2116]; N_CH=SO_5-1 [PAPER_2128]; K_MEX per PAPER_1522",PAPER_1167;PAPER_1160;PAPER_1159;PAPER_2116;PAPER_2128;PAPER_1522
CM_Brinkman_Rice_U_c_W,CM,dpm,qcalcgeom,U_c/W = 2*Phi_res*(1-F_TRZ) = 3/2 EXACT,1.5,1.5,PAPER_1167,F_TRZ;PHI_RES,XGEO_ROUTED_IDENTITY,"U_c/W = 2*Phi_res*(1-F_TRZ) = 3/2 EXACT || qcalcgeom-native re-expression: F_U-native constant set {rho_SCm, beta_i, SSq, F_TRZ, omega_SCm, Phi_res, S_26} [PAPER_1203/PAPER_2124 canonical F_U machinery = QCalcGeom v3 native surfaces compute_F_U/FUBi/FUBii/universal_inertia]; SO_5=1/F_TRZ [PAPER_1160 EXACT F_TRZ=1/|SO(5)|]; D_BSFG=6 native via bsfg_* wrapper surfaces [QCalcGeom v3 + PAPER_1159]; D_phys=2*D_BSFG/3 [PAPER_1962]; D_crit=D_BSFG+2*SO_5 [PAPER_1521]; A_5=360/D_BSFG [PAPER_2116]; N_CH=SO_5-1 [PAPER_2128]; K_MEX per PAPER_1522",PAPER_1167;PAPER_1203;PAPER_2124;PAPER_1160;PAPER_1159;PAPER_1962;PAPER_1521;PAPER_2116;PAPER_2128;PAPER_1522
CM_Brinkman_Rice_U_c_W,CM,dpm,bsfg,U_c/W = 2*Phi_res*(1-F_TRZ) = 3/2 EXACT,1.5,1.5,PAPER_1167,F_TRZ;PHI_RES,XGEO_ROUTED_IDENTITY,U_c/W = 2*Phi_res*(1-F_TRZ) = 3/2 EXACT || bsfg-native re-expression: generator D_BSFG: D_phys=2*D_BSFG/3 [PAPER_1962]; SO_5=2*(D_BSFG-1) [R320 triple-form]; D_crit=D_BSFG+2*SO_5 [PAPER_1521]; A_5=360/D_BSFG [PAPER_2116]; N_CH=SO_5-1 [PAPER_2128]; K_MEX per PAPER_1522; kappa per PAPER_2112; real vacuum-kernel primitives global,PAPER_1167;PAPER_1962;R320;PAPER_1521;PAPER_2116;PAPER_2128;PAPER_1522;PAPER_2112
CM_Brinkman_Rice_U_c_W,CM,dpm,d26,U_c/W = 2*Phi_res*(1-F_TRZ) = 3/2 EXACT,1.5,1.5,PAPER_1167,F_TRZ;PHI_RES,XGEO_ROUTED_IDENTITY,U_c/W = 2*Phi_res*(1-F_TRZ) = 3/2 EXACT || d26-native re-expression: generator D_crit=26: D_phys=D_crit-22 with 22=T22 compactified moduli [PAPER_1927]; real vacuum-kernel primitives global,PAPER_1167;PAPER_1927
CM_Sommerfeld_Wilson_R_W,CM,dpm,qcalcgeom,R_W = K_MEX - F_TRZ*Phi_res = 24/12 = 2 EXACT,2.0,2.0,PAPER_1167,F_TRZ;PHI_RES;K_MEX,XGEO_ROUTED_IDENTITY,"R_W = K_MEX - F_TRZ*Phi_res = 24/12 = 2 EXACT || qcalcgeom-native re-expression: F_U-native constant set {rho_SCm, beta_i, SSq, F_TRZ, omega_SCm, Phi_res, S_26} [PAPER_1203/PAPER_2124 canonical F_U machinery = QCalcGeom v3 native surfaces compute_F_U/FUBi/FUBii/universal_inertia]; SO_5=1/F_TRZ [PAPER_1160 EXACT F_TRZ=1/|SO(5)|]; D_BSFG=6 native via bsfg_* wrapper surfaces [QCalcGeom v3 + PAPER_1159]; D_phys=2*D_BSFG/3 [PAPER_1962]; D_crit=D_BSFG+2*SO_5 [PAPER_1521]; A_5=360/D_BSFG [PAPER_2116]; N_CH=SO_5-1 [PAPER_2128]; K_MEX per PAPER_1522",PAPER_1167;PAPER_1203;PAPER_2124;PAPER_1160;PAPER_1159;PAPER_1962;PAPER_1521;PAPER_2116;PAPER_2128;PAPER_1522
CM_Sommerfeld_Wilson_R_W,CM,dpm,bsfg,R_W = K_MEX - F_TRZ*Phi_res = 24/12 = 2 EXACT,2.0,2.0,PAPER_1167,F_TRZ;PHI_RES;K_MEX,XGEO_ROUTED_IDENTITY,R_W = K_MEX - F_TRZ*Phi_res = 24/12 = 2 EXACT || bsfg-native re-expression: generator D_BSFG: D_phys=2*D_BSFG/3 [PAPER_1962]; SO_5=2*(D_BSFG-1) [R320 triple-form]; D_crit=D_BSFG+2*SO_5 [PAPER_1521]; A_5=360/D_BSFG [PAPER_2116]; N_CH=SO_5-1 [PAPER_2128]; K_MEX per PAPER_1522; kappa per PAPER_2112; real vacuum-kernel primitives global,PAPER_1167;PAPER_1962;R320;PAPER_1521;PAPER_2116;PAPER_2128;PAPER_1522;PAPER_2112
CM_Sommerfeld_Wilson_R_W,CM,dpm,d26,R_W = K_MEX - F_TRZ*Phi_res = 24/12 = 2 EXACT,2.0,2.0,PAPER_1167,F_TRZ;PHI_RES;K_MEX,XGEO_ROUTED_IDENTITY,"R_W = K_MEX - F_TRZ*Phi_res = 24/12 = 2 EXACT || d26-native re-expression: generator D_crit=26: SO_5=10 via 26->10 superstring reduction [PAPER_1160 chain 4; CondensedPhysics2.py L28609; 26D_DOWNWARD_PROJECTION.md]; D_BSFG=6, D_phys=4 via 26->10->6->4 flow [PAPER_1160 + PAPER_1159 D=6 resonance manifold]; A_5=360/D_BSFG [PAPER_2116]; N_CH=SO_5-1 [PAPER_2128]; K_MEX per PAPER_1522",PAPER_1167;PAPER_1160;PAPER_1159;PAPER_2116;PAPER_2128;PAPER_1522
CM_Wiedemann_Franz_L_coeff,CM,dpm,qcalcgeom,L_0 = pi^2/3 closure,3.299666666666667,3.289868133696453,PAPER_1167,PI,XGEO_ROUTED_IDENTITY,"L_0 = pi^2/3 closure || qcalcgeom-native re-expression: F_U-native constant set {rho_SCm, beta_i, SSq, F_TRZ, omega_SCm, Phi_res, S_26} [PAPER_1203/PAPER_2124 canonical F_U machinery = QCalcGeom v3 native surfaces compute_F_U/FUBi/FUBii/universal_inertia]; SO_5=1/F_TRZ [PAPER_1160 EXACT F_TRZ=1/|SO(5)|]; D_BSFG=6 native via bsfg_* wrapper surfaces [QCalcGeom v3 + PAPER_1159]; D_phys=2*D_BSFG/3 [PAPER_1962]; D_crit=D_BSFG+2*SO_5 [PAPER_1521]; A_5=360/D_BSFG [PAPER_2116]; N_CH=SO_5-1 [PAPER_2128]; K_MEX per PAPER_1522",PAPER_1167;PAPER_1203;PAPER_2124;PAPER_1160;PAPER_1159;PAPER_1962;PAPER_1521;PAPER_2116;PAPER_2128;PAPER_1522
CM_Wiedemann_Franz_L_coeff,CM,dpm,bsfg,L_0 = pi^2/3 closure,3.299666666666667,3.289868133696453,PAPER_1167,PI,XGEO_ROUTED_IDENTITY,L_0 = pi^2/3 closure || bsfg-native re-expression: generator D_BSFG: D_phys=2*D_BSFG/3 [PAPER_1962]; SO_5=2*(D_BSFG-1) [R320 triple-form]; D_crit=D_BSFG+2*SO_5 [PAPER_1521]; A_5=360/D_BSFG [PAPER_2116]; N_CH=SO_5-1 [PAPER_2128]; K_MEX per PAPER_1522; kappa per PAPER_2112; real vacuum-kernel primitives global,PAPER_1167;PAPER_1962;R320;PAPER_1521;PAPER_2116;PAPER_2128;PAPER_1522;PAPER_2112
CM_Wiedemann_Franz_L_coeff,CM,dpm,d26,L_0 = pi^2/3 closure,3.299666666666667,3.289868133696453,PAPER_1167,PI,XGEO_ROUTED_IDENTITY,L_0 = pi^2/3 closure || d26-native re-expression: generator D_crit=26: D_phys=D_crit-22 with 22=T22 compactified moduli [PAPER_1927]; real vacuum-kernel primitives global,PAPER_1167;PAPER_1927
CM_XY_3D_nu_exponent,CM,bsfg,qcalcgeom,nu_XY = D_PHYS/D_BSFG = 2/3 EXACT,0.6666666666666666,0.6666666666666666,PAPER_1167,D_PHYS;D_BSFG,XGEO_ROUTED_IDENTITY,"nu_XY = D_PHYS/D_BSFG = 2/3 EXACT || qcalcgeom-native re-expression: F_U-native constant set {rho_SCm, beta_i, SSq, F_TRZ, omega_SCm, Phi_res, S_26} [PAPER_1203/PAPER_2124 canonical F_U machinery = QCalcGeom v3 native surfaces compute_F_U/FUBi/FUBii/universal_inertia]; SO_5=1/F_TRZ [PAPER_1160 EXACT F_TRZ=1/|SO(5)|]; D_BSFG=6 native via bsfg_* wrapper surfaces [QCalcGeom v3 + PAPER_1159]; D_phys=2*D_BSFG/3 [PAPER_1962]; D_crit=D_BSFG+2*SO_5 [PAPER_1521]; A_5=360/D_BSFG [PAPER_2116]; N_CH=SO_5-1 [PAPER_2128]; K_MEX per PAPER_1522",PAPER_1167;PAPER_1203;PAPER_2124;PAPER_1160;PAPER_1159;PAPER_1962;PAPER_1521;PAPER_2116;PAPER_2128;PAPER_1522
CM_XY_3D_nu_exponent,CM,bsfg,dpm,nu_XY = D_PHYS/D_BSFG = 2/3 EXACT,0.6666666666666666,0.6666666666666666,PAPER_1167,D_PHYS;D_BSFG,XGEO_ROUTED_IDENTITY,"nu_XY = D_PHYS/D_BSFG = 2/3 EXACT || dpm-native re-expression: generators SO_5=rho_UA/rho_SCm + D_crit=26 caduceus pinch count [PAPER_646], D_phys via magic 8=2*D_phys [PAPER_1203]; D_BSFG=D_crit-2*SO_5 [PAPER_1521]; A_5=360/D_BSFG [PAPER_2116]; N_CH=SO_5-1 [PAPER_2128]; K_MEX per PAPER_1522; kappa per PAPER_2112; real vacuum-kernel primitives native to SCm manifold",PAPER_1167;PAPER_646;PAPER_1203;PAPER_1521;PAPER_2116;PAPER_2128;PAPER_1522;PAPER_2112
CM_XY_3D_nu_exponent,CM,bsfg,d26,nu_XY = D_PHYS/D_BSFG = 2/3 EXACT,0.6666666666666666,0.6666666666666666,PAPER_1167,D_PHYS;D_BSFG,XGEO_ROUTED_IDENTITY,"nu_XY = D_PHYS/D_BSFG = 2/3 EXACT || d26-native re-expression: generator D_crit=26: SO_5=10 via 26->10 superstring reduction [PAPER_1160 chain 4; CondensedPhysics2.py L28609; 26D_DOWNWARD_PROJECTION.md]; D_BSFG=6, D_phys=4 via 26->10->6->4 flow [PAPER_1160 + PAPER_1159 D=6 resonance manifold]; A_5=360/D_BSFG [PAPER_2116]; N_CH=SO_5-1 [PAPER_2128]; K_MEX per PAPER_1522",PAPER_1167;PAPER_1160;PAPER_1159;PAPER_2116;PAPER_2128;PAPER_1522
CM_log_R_K_von_Klitzing,CM,dpm,qcalcgeom,log10(R_K),4.426333333333333,4.411835234234881,PAPER_1167,,XGEO_ROUTED_IDENTITY,"log10(R_K) || qcalcgeom-native re-expression: F_U-native constant set {rho_SCm, beta_i, SSq, F_TRZ, omega_SCm, Phi_res, S_26} [PAPER_1203/PAPER_2124 canonical F_U machinery = QCalcGeom v3 native surfaces compute_F_U/FUBi/FUBii/universal_inertia]; SO_5=1/F_TRZ [PAPER_1160 EXACT F_TRZ=1/|SO(5)|]; D_BSFG=6 native via bsfg_* wrapper surfaces [QCalcGeom v3 + PAPER_1159]; D_phys=2*D_BSFG/3 [PAPER_1962]; D_crit=D_BSFG+2*SO_5 [PAPER_1521]; A_5=360/D_BSFG [PAPER_2116]; N_CH=SO_5-1 [PAPER_2128]; K_MEX per PAPER_1522",PAPER_1167;PAPER_1203;PAPER_2124;PAPER_1160;PAPER_1159;PAPER_1962;PAPER_1521;PAPER_2116;PAPER_2128;PAPER_1522
CM_log_R_K_von_Klitzing,CM,dpm,bsfg,log10(R_K),4.426333333333333,4.411835234234881,PAPER_1167,,XGEO_ROUTED_IDENTITY,EXTRACTED[_session396_cm_von_klitzing.py]: val = D_phys + SSq*Phi_res - SSq*F_TRZ + F_TRZ*F_TRZ*Phi_res || bsfg-native re-expression: generator D_BSFG: D_phys=2*D_BSFG/3 [PAPER_1962]; SO_5=2*(D_BSFG-1) [R320 triple-form]; D_crit=D_BSFG+2*SO_5 [PAPER_1521]; A_5=360/D_BSFG [PAPER_2116]; N_CH=SO_5-1 [PAPER_2128]; K_MEX per PAPER_1522; real vacuum-kernel primitives global,PAPER_1167;_session396_cm_von_klitzing.py;PAPER_1962;R320;PAPER_1521;PAPER_2116;PAPER_2128;PAPER_1522
CM_log_R_K_von_Klitzing,CM,dpm,d26,log10(R_K),4.426333333333333,4.411835234234881,PAPER_1167,,XGEO_ROUTED_IDENTITY,EXTRACTED[_session396_cm_von_klitzing.py]: val = D_phys + SSq*Phi_res - SSq*F_TRZ + F_TRZ*F_TRZ*Phi_res || d26-native re-expression: generator D_crit=26: D_phys=D_crit-22 with 22=T22 compactified moduli [PAPER_1927]; real vacuum-kernel primitives global,PAPER_1167;_session396_cm_von_klitzing.py;PAPER_1927
Clifford_qualia_states,SM,d26,qcalcgeom,8192 = 2^13 = SO(26) Clifford bundle qualia states,8192,8192,PAPER_1666,,XGEO_ROUTED_IDENTITY,"RECOVERED: 8192 = 2^13 = 2^(D_crit/2) SO(26) Clifford-bundle qualia states EXACT || qcalcgeom-native re-expression: F_U-native constant set {rho_SCm, beta_i, SSq, F_TRZ, omega_SCm, Phi_res, S_26} [PAPER_1203/PAPER_2124 canonical F_U machinery = QCalcGeom v3 native surfaces compute_F_U/FUBi/FUBii/universal_inertia]; SO_5=1/F_TRZ [PAPER_1160 EXACT F_TRZ=1/|SO(5)|]; D_BSFG=6 native via bsfg_* wrapper surfaces [QCalcGeom v3 + PAPER_1159]; D_phys=2*D_BSFG/3 [PAPER_1962]; D_crit=D_BSFG+2*SO_5 [PAPER_1521]; A_5=360/D_BSFG [PAPER_2116]; N_CH=SO_5-1 [PAPER_2128]; K_MEX per PAPER_1522",PAPER_1666;PAPER_1666;PAPER_1229;PAPER_1203;PAPER_2124;PAPER_1160;PAPER_1159;PAPER_1962;PAPER_1521;PAPER_2116;PAPER_2128;PAPER_1522
Clifford_qualia_states,SM,d26,bsfg,8192 = 2^13 = SO(26) Clifford bundle qualia states,8192,8192,PAPER_1666,,XGEO_ROUTED_IDENTITY,RECOVERED: 8192 = 2^13 = 2^(D_crit/2) SO(26) Clifford-bundle qualia states EXACT || bsfg-native re-expression: generator D_BSFG: D_phys=2*D_BSFG/3 [PAPER_1962]; SO_5=2*(D_BSFG-1) [R320 triple-form; also |SO(D-1)| at D=6 per PAPER_1160]; D_crit=D_BSFG+2*SO_5 [PAPER_1521]; A_5=360/D_BSFG [PAPER_2116]; N_CH=SO_5-1 [PAPER_2128]; K_MEX per PAPER_1522,PAPER_1666;PAPER_1666;PAPER_1229;PAPER_1962;R320;PAPER_1160;PAPER_1521;PAPER_2116;PAPER_2128;PAPER_1522
Clifford_qualia_states,SM,d26,dpm,8192 = 2^13 = SO(26) Clifford bundle qualia states,8192,8192,PAPER_1666,,XGEO_ROUTED_IDENTITY,"RECOVERED: 8192 = 2^13 = 2^(D_crit/2) SO(26) Clifford-bundle qualia states EXACT || dpm-native re-expression: generators SO_5=rho_UA/rho_SCm + D_crit=26 caduceus pinch count [PAPER_646], D_phys via magic 8=2*D_phys [PAPER_1203]; D_BSFG=D_crit-2*SO_5 [PAPER_1521]; A_5=360/D_BSFG [PAPER_2116]; N_CH=SO_5-1 [PAPER_2128]; K_MEX per PAPER_1522",PAPER_1666;PAPER_1666;PAPER_1229;PAPER_646;PAPER_1203;PAPER_1521;PAPER_2116;PAPER_2128;PAPER_1522
GR_BH_shadow_r_M,GR,bsfg,qcalcgeom,BH shadow radius r/M = 3*sqrt(3),5.198999999999999,5.1962,PAPER_1149,,XGEO_ROUTED_IDENTITY,"BH shadow radius r/M = 3*sqrt(3) || qcalcgeom-native re-expression: F_U-native constant set {rho_SCm, beta_i, SSq, F_TRZ, omega_SCm, Phi_res, S_26} [PAPER_1203/PAPER_2124 canonical F_U machinery = QCalcGeom v3 native surfaces compute_F_U/FUBi/FUBii/universal_inertia]; SO_5=1/F_TRZ [PAPER_1160 EXACT F_TRZ=1/|SO(5)|]; D_BSFG=6 native via bsfg_* wrapper surfaces [QCalcGeom v3 + PAPER_1159]; D_phys=2*D_BSFG/3 [PAPER_1962]; D_crit=D_BSFG+2*SO_5 [PAPER_1521]; A_5=360/D_BSFG [PAPER_2116]; N_CH=SO_5-1 [PAPER_2128]; K_MEX per PAPER_1522",PAPER_1149;PAPER_1203;PAPER_2124;PAPER_1160;PAPER_1159;PAPER_1962;PAPER_1521;PAPER_2116;PAPER_2128;PAPER_1522
GR_BH_shadow_r_M,GR,bsfg,dpm,BH shadow radius r/M = 3*sqrt(3),5.198999999999999,5.1962,PAPER_1149,,XGEO_ROUTED_IDENTITY,"EXTRACTED[_session459_gr_bh_shadow.py]: val = SO5 - D_phys - F_TRZ - F_TRZ*N_ch + F_TRZ*K_Mex - F_TRZ**2*Phi_res - F_TRZ**3 || dpm-native re-expression: generators SO_5=rho_UA/rho_SCm + D_crit=26 caduceus pinch count [PAPER_646], D_phys via magic 8=2*D_phys [PAPER_1203]; D_BSFG=D_crit-2*SO_5 [PAPER_1521]; A_5=360/D_BSFG [PAPER_2116]; N_CH=SO_5-1 [PAPER_2128]; K_MEX per PAPER_1522",PAPER_1149;_session459_gr_bh_shadow.py;PAPER_646;PAPER_1203;PAPER_1521;PAPER_2116;PAPER_2128;PAPER_1522
GR_BH_shadow_r_M,GR,bsfg,d26,BH shadow radius r/M = 3*sqrt(3),5.198999999999999,5.1962,PAPER_1149,,XGEO_ROUTED_IDENTITY,"BH shadow radius r/M = 3*sqrt(3) || d26-native re-expression: generator D_crit=26: SO_5=10 via 26->10 superstring reduction [PAPER_1160 chain 4; CondensedPhysics2.py L28609; 26D_DOWNWARD_PROJECTION.md]; D_BSFG=6, D_phys=4 via 26->10->6->4 flow [PAPER_1160 + PAPER_1159 D=6 resonance manifold]; A_5=360/D_BSFG [PAPER_2116]; N_CH=SO_5-1 [PAPER_2128]; K_MEX per PAPER_1522",PAPER_1149;PAPER_1160;PAPER_1159;PAPER_2116;PAPER_2128;PAPER_1522
GR_GPB_frame_drag,GR,bsfg,qcalcgeom,Lense-Thirring arcsec/yr,0.039166666666666676,0.0392,PAPER_1149,,XGEO_ROUTED_IDENTITY,"Lense-Thirring arcsec/yr || qcalcgeom-native re-expression: F_U-native constant set {rho_SCm, beta_i, SSq, F_TRZ, omega_SCm, Phi_res, S_26} [PAPER_1203/PAPER_2124 canonical F_U machinery = QCalcGeom v3 native surfaces compute_F_U/FUBi/FUBii/universal_inertia]; SO_5=1/F_TRZ [PAPER_1160 EXACT F_TRZ=1/|SO(5)|]; D_BSFG=6 native via bsfg_* wrapper surfaces [QCalcGeom v3 + PAPER_1159]; D_phys=2*D_BSFG/3 [PAPER_1962]; D_crit=D_BSFG+2*SO_5 [PAPER_1521]; A_5=360/D_BSFG [PAPER_2116]; N_CH=SO_5-1 [PAPER_2128]; K_MEX per PAPER_1522",PAPER_1149;PAPER_1203;PAPER_2124;PAPER_1160;PAPER_1159;PAPER_1962;PAPER_1521;PAPER_2116;PAPER_2128;PAPER_1522
GR_GPB_frame_drag,GR,bsfg,dpm,Lense-Thirring arcsec/yr,0.039166666666666676,0.0392,PAPER_1149,,XGEO_ROUTED_IDENTITY,"EXTRACTED[_session457_gr_gpb_frame_drag.py]: val = F_TRZ**2*K_Mex + F_TRZ**2 + F_TRZ**2*Phi_res || dpm-native re-expression: generators SO_5=rho_UA/rho_SCm + D_crit=26 caduceus pinch count [PAPER_646], D_phys via magic 8=2*D_phys [PAPER_1203]; D_BSFG=D_crit-2*SO_5 [PAPER_1521]; A_5=360/D_BSFG [PAPER_2116]; N_CH=SO_5-1 [PAPER_2128]; K_MEX per PAPER_1522",PAPER_1149;_session457_gr_gpb_frame_drag.py;PAPER_646;PAPER_1203;PAPER_1521;PAPER_2116;PAPER_2128;PAPER_1522
GR_GPB_frame_drag,GR,bsfg,d26,Lense-Thirring arcsec/yr,0.039166666666666676,0.0392,PAPER_1149,,XGEO_ROUTED_IDENTITY,"Lense-Thirring arcsec/yr || d26-native re-expression: generator D_crit=26: SO_5=10 via 26->10 superstring reduction [PAPER_1160 chain 4; CondensedPhysics2.py L28609; 26D_DOWNWARD_PROJECTION.md]; D_BSFG=6, D_phys=4 via 26->10->6->4 flow [PAPER_1160 + PAPER_1159 D=6 resonance manifold]; A_5=360/D_BSFG [PAPER_2116]; N_CH=SO_5-1 [PAPER_2128]; K_MEX per PAPER_1522",PAPER_1149;PAPER_1160;PAPER_1159;PAPER_2116;PAPER_2128;PAPER_1522
GR_GPB_geodetic,GR,bsfg,qcalcgeom,GPB geodetic arcsec/yr,6.6001666666666665,6.6028,PAPER_1149,,XGEO_ROUTED_IDENTITY,"GPB geodetic arcsec/yr || qcalcgeom-native re-expression: F_U-native constant set {rho_SCm, beta_i, SSq, F_TRZ, omega_SCm, Phi_res, S_26} [PAPER_1203/PAPER_2124 canonical F_U machinery = QCalcGeom v3 native surfaces compute_F_U/FUBi/FUBii/universal_inertia]; SO_5=1/F_TRZ [PAPER_1160 EXACT F_TRZ=1/|SO(5)|]; D_BSFG=6 native via bsfg_* wrapper surfaces [QCalcGeom v3 + PAPER_1159]; D_phys=2*D_BSFG/3 [PAPER_1962]; D_crit=D_BSFG+2*SO_5 [PAPER_1521]; A_5=360/D_BSFG [PAPER_2116]; N_CH=SO_5-1 [PAPER_2128]; K_MEX per PAPER_1522",PAPER_1149;PAPER_1203;PAPER_2124;PAPER_1160;PAPER_1159;PAPER_1962;PAPER_1521;PAPER_2116;PAPER_2128;PAPER_1522
GR_GPB_geodetic,GR,bsfg,dpm,GPB geodetic arcsec/yr,6.6001666666666665,6.6028,PAPER_1149,,XGEO_ROUTED_IDENTITY,"EXTRACTED[_session456_gr_gpb_geodetic.py]: val = D_BSFG + SSq + F_TRZ - F_TRZ*Phi_res + F_TRZ**2*K_Mex - F_TRZ**2*Phi_res + F_TRZ**3 || dpm-native re-expression: generators SO_5=rho_UA/rho_SCm + D_crit=26 caduceus pinch count [PAPER_646], D_phys via magic 8=2*D_phys [PAPER_1203]; D_BSFG=D_crit-2*SO_5 [PAPER_1521]; A_5=360/D_BSFG [PAPER_2116]; N_CH=SO_5-1 [PAPER_2128]; K_MEX per PAPER_1522",PAPER_1149;_session456_gr_gpb_geodetic.py;PAPER_646;PAPER_1203;PAPER_1521;PAPER_2116;PAPER_2128;PAPER_1522
GR_GPB_geodetic,GR,bsfg,d26,GPB geodetic arcsec/yr,6.6001666666666665,6.6028,PAPER_1149,,XGEO_ROUTED_IDENTITY,"GPB geodetic arcsec/yr || d26-native re-expression: generator D_crit=26: SO_5=10 via 26->10 superstring reduction [PAPER_1160 chain 4; CondensedPhysics2.py L28609; 26D_DOWNWARD_PROJECTION.md]; D_BSFG=6, D_phys=4 via 26->10->6->4 flow [PAPER_1160 + PAPER_1159 D=6 resonance manifold]; A_5=360/D_BSFG [PAPER_2116]; N_CH=SO_5-1 [PAPER_2128]; K_MEX per PAPER_1522",PAPER_1149;PAPER_1160;PAPER_1159;PAPER_2116;PAPER_2128;PAPER_1522
GR_Hulse_Taylor_ratio,GR,bsfg,qcalcgeom,PSR B1913+16 obs/GR orbital decay,0.9964999999999998,0.997,PAPER_1149,,XGEO_ROUTED_IDENTITY,"PSR B1913+16 obs/GR orbital decay || qcalcgeom-native re-expression: F_U-native constant set {rho_SCm, beta_i, SSq, F_TRZ, omega_SCm, Phi_res, S_26} [PAPER_1203/PAPER_2124 canonical F_U machinery = QCalcGeom v3 native surfaces compute_F_U/FUBi/FUBii/universal_inertia]; SO_5=1/F_TRZ [PAPER_1160 EXACT F_TRZ=1/|SO(5)|]; D_BSFG=6 native via bsfg_* wrapper surfaces [QCalcGeom v3 + PAPER_1159]; D_phys=2*D_BSFG/3 [PAPER_1962]; D_crit=D_BSFG+2*SO_5 [PAPER_1521]; A_5=360/D_BSFG [PAPER_2116]; N_CH=SO_5-1 [PAPER_2128]; K_MEX per PAPER_1522",PAPER_1149;PAPER_1203;PAPER_2124;PAPER_1160;PAPER_1159;PAPER_1962;PAPER_1521;PAPER_2116;PAPER_2128;PAPER_1522
GR_Hulse_Taylor_ratio,GR,bsfg,dpm,PSR B1913+16 obs/GR orbital decay,0.9964999999999998,0.997,PAPER_1149,,XGEO_ROUTED_IDENTITY,"EXTRACTED[_session458_gr_hulse_taylor.py]: val = Phi_res + F_TRZ + F_TRZ*Phi_res - F_TRZ**2*K_Mex + F_TRZ**2 - F_TRZ**2*Phi_res - F_TRZ**3 || dpm-native re-expression: generators SO_5=rho_UA/rho_SCm + D_crit=26 caduceus pinch count [PAPER_646], D_phys via magic 8=2*D_phys [PAPER_1203]; D_BSFG=D_crit-2*SO_5 [PAPER_1521]; A_5=360/D_BSFG [PAPER_2116]; N_CH=SO_5-1 [PAPER_2128]; K_MEX per PAPER_1522",PAPER_1149;_session458_gr_hulse_taylor.py;PAPER_646;PAPER_1203;PAPER_1521;PAPER_2116;PAPER_2128;PAPER_1522
GR_Hulse_Taylor_ratio,GR,bsfg,d26,PSR B1913+16 obs/GR orbital decay,0.9964999999999998,0.997,PAPER_1149,,XGEO_ROUTED_IDENTITY,"PSR B1913+16 obs/GR orbital decay || d26-native re-expression: generator D_crit=26: SO_5=10 via 26->10 superstring reduction [PAPER_1160 chain 4; CondensedPhysics2.py L28609; 26D_DOWNWARD_PROJECTION.md]; D_BSFG=6, D_phys=4 via 26->10->6->4 flow [PAPER_1160 + PAPER_1159 D=6 resonance manifold]; A_5=360/D_BSFG [PAPER_2116]; N_CH=SO_5-1 [PAPER_2128]; K_MEX per PAPER_1522",PAPER_1149;PAPER_1160;PAPER_1159;PAPER_2116;PAPER_2128;PAPER_1522
GR_Kerr_ISCO_extremal,GR,bsfg,qcalcgeom,Kerr extremal ISCO r/M = F_TRZ*SO_5 = 1 EXACT,1.0,1.0,PAPER_1149,SO_5;F_TRZ,XGEO_ROUTED_IDENTITY,"Kerr extremal ISCO r/M = F_TRZ*SO_5 = 1 EXACT || qcalcgeom-native re-expression: F_U-native constant set {rho_SCm, beta_i, SSq, F_TRZ, omega_SCm, Phi_res, S_26} [PAPER_1203/PAPER_2124 canonical F_U machinery = QCalcGeom v3 native surfaces compute_F_U/FUBi/FUBii/universal_inertia]; SO_5=1/F_TRZ [PAPER_1160 EXACT F_TRZ=1/|SO(5)|]; D_BSFG=6 native via bsfg_* wrapper surfaces [QCalcGeom v3 + PAPER_1159]; D_phys=2*D_BSFG/3 [PAPER_1962]; D_crit=D_BSFG+2*SO_5 [PAPER_1521]; A_5=360/D_BSFG [PAPER_2116]; N_CH=SO_5-1 [PAPER_2128]; K_MEX per PAPER_1522",PAPER_1149;PAPER_1203;PAPER_2124;PAPER_1160;PAPER_1159;PAPER_1962;PAPER_1521;PAPER_2116;PAPER_2128;PAPER_1522
GR_Kerr_ISCO_extremal,GR,bsfg,dpm,Kerr extremal ISCO r/M = F_TRZ*SO_5 = 1 EXACT,1.0,1.0,PAPER_1149,SO_5;F_TRZ,XGEO_ROUTED_IDENTITY,"Kerr extremal ISCO r/M = F_TRZ*SO_5 = 1 EXACT || dpm-native re-expression: generators SO_5=rho_UA/rho_SCm + D_crit=26 caduceus pinch count [PAPER_646], D_phys via magic 8=2*D_phys [PAPER_1203]; D_BSFG=D_crit-2*SO_5 [PAPER_1521]; A_5=360/D_BSFG [PAPER_2116]; N_CH=SO_5-1 [PAPER_2128]; K_MEX per PAPER_1522; kappa per PAPER_2112; real vacuum-kernel primitives native to SCm manifold",PAPER_1149;PAPER_646;PAPER_1203;PAPER_1521;PAPER_2116;PAPER_2128;PAPER_1522;PAPER_2112
GR_Kerr_ISCO_extremal,GR,bsfg,d26,Kerr extremal ISCO r/M = F_TRZ*SO_5 = 1 EXACT,1.0,1.0,PAPER_1149,SO_5;F_TRZ,XGEO_ROUTED_IDENTITY,"Kerr extremal ISCO r/M = F_TRZ*SO_5 = 1 EXACT || d26-native re-expression: generator D_crit=26: SO_5=10 via 26->10 superstring reduction [PAPER_1160 chain 4; CondensedPhysics2.py L28609; 26D_DOWNWARD_PROJECTION.md]; D_BSFG=6, D_phys=4 via 26->10->6->4 flow [PAPER_1160 + PAPER_1159 D=6 resonance manifold]; A_5=360/D_BSFG [PAPER_2116]; N_CH=SO_5-1 [PAPER_2128]; K_MEX per PAPER_1522",PAPER_1149;PAPER_1160;PAPER_1159;PAPER_2116;PAPER_2128;PAPER_1522
GR_Mercury_perihelion,GR,bsfg,qcalcgeom,Mercury arcsec/century,42.99416666666667,43.0,PAPER_1149,,XGEO_ROUTED_IDENTITY,"Mercury arcsec/century || qcalcgeom-native re-expression: F_U-native constant set {rho_SCm, beta_i, SSq, F_TRZ, omega_SCm, Phi_res, S_26} [PAPER_1203/PAPER_2124 canonical F_U machinery = QCalcGeom v3 native surfaces compute_F_U/FUBi/FUBii/universal_inertia]; SO_5=1/F_TRZ [PAPER_1160 EXACT F_TRZ=1/|SO(5)|]; D_BSFG=6 native via bsfg_* wrapper surfaces [QCalcGeom v3 + PAPER_1159]; D_phys=2*D_BSFG/3 [PAPER_1962]; D_crit=D_BSFG+2*SO_5 [PAPER_1521]; A_5=360/D_BSFG [PAPER_2116]; N_CH=SO_5-1 [PAPER_2128]; K_MEX per PAPER_1522",PAPER_1149;PAPER_1203;PAPER_2124;PAPER_1160;PAPER_1159;PAPER_1962;PAPER_1521;PAPER_2116;PAPER_2128;PAPER_1522
GR_Mercury_perihelion,GR,bsfg,dpm,Mercury arcsec/century,42.99416666666667,43.0,PAPER_1149,,XGEO_ROUTED_IDENTITY,"EXTRACTED[_session453_gr_mercury.py]: val = SO5*D_phys + K_Mex + F_TRZ*N_ch - F_TRZ**2 + F_TRZ**2*K_Mex || dpm-native re-expression: generators SO_5=rho_UA/rho_SCm + D_crit=26 caduceus pinch count [PAPER_646], D_phys via magic 8=2*D_phys [PAPER_1203]; D_BSFG=D_crit-2*SO_5 [PAPER_1521]; A_5=360/D_BSFG [PAPER_2116]; N_CH=SO_5-1 [PAPER_2128]; K_MEX per PAPER_1522",PAPER_1149;_session453_gr_mercury.py;PAPER_646;PAPER_1203;PAPER_1521;PAPER_2116;PAPER_2128;PAPER_1522
GR_Mercury_perihelion,GR,bsfg,d26,Mercury arcsec/century,42.99416666666667,43.0,PAPER_1149,,XGEO_ROUTED_IDENTITY,"Mercury arcsec/century || d26-native re-expression: generator D_crit=26: SO_5=10 via 26->10 superstring reduction [PAPER_1160 chain 4; CondensedPhysics2.py L28609; 26D_DOWNWARD_PROJECTION.md]; D_BSFG=6, D_phys=4 via 26->10->6->4 flow [PAPER_1160 + PAPER_1159 D=6 resonance manifold]; A_5=360/D_BSFG [PAPER_2116]; N_CH=SO_5-1 [PAPER_2128]; K_MEX per PAPER_1522",PAPER_1149;PAPER_1160;PAPER_1159;PAPER_2116;PAPER_2128;PAPER_1522
GR_NANOGrav_h_c,GR,qcalcgeom,bsfg,NANOGrav characteristic strain (norm 2.4),2.400666666666667,2.4,PAPER_1149,,XGEO_ROUTED_IDENTITY,EXTRACTED[_session461_gr_nanograv.py]: val = K_Mex + F_TRZ + F_TRZ*K_Mex + F_TRZ**2 - F_TRZ**3 || bsfg-native re-expression: generator D_BSFG: D_phys=2*D_BSFG/3 [PAPER_1962]; SO_5=2*(D_BSFG-1) [R320 triple-form]; D_crit=D_BSFG+2*SO_5 [PAPER_1521]; A_5=360/D_BSFG [PAPER_2116]; N_CH=SO_5-1 [PAPER_2128]; K_MEX per PAPER_1522; real vacuum-kernel primitives global,PAPER_1149;_session461_gr_nanograv.py;PAPER_1962;R320;PAPER_1521;PAPER_2116;PAPER_2128;PAPER_1522
GR_NANOGrav_h_c,GR,qcalcgeom,dpm,NANOGrav characteristic strain (norm 2.4),2.400666666666667,2.4,PAPER_1149,,XGEO_ROUTED_IDENTITY,"EXTRACTED[_session461_gr_nanograv.py]: val = K_Mex + F_TRZ + F_TRZ*K_Mex + F_TRZ**2 - F_TRZ**3 || dpm-native re-expression: generators SO_5=rho_UA/rho_SCm + D_crit=26 caduceus pinch count [PAPER_646], D_phys via magic 8=2*D_phys [PAPER_1203]; D_BSFG=D_crit-2*SO_5 [PAPER_1521]; A_5=360/D_BSFG [PAPER_2116]; N_CH=SO_5-1 [PAPER_2128]; K_MEX per PAPER_1522",PAPER_1149;_session461_gr_nanograv.py;PAPER_646;PAPER_1203;PAPER_1521;PAPER_2116;PAPER_2128;PAPER_1522
GR_NANOGrav_h_c,GR,qcalcgeom,d26,NANOGrav characteristic strain (norm 2.4),2.400666666666667,2.4,PAPER_1149,,XGEO_ROUTED_IDENTITY,"NANOGrav characteristic strain (norm 2.4) || d26-native re-expression: generator D_crit=26: SO_5=10 via 26->10 superstring reduction [PAPER_1160 chain 4; CondensedPhysics2.py L28609; 26D_DOWNWARD_PROJECTION.md]; D_BSFG=6, D_phys=4 via 26->10->6->4 flow [PAPER_1160 + PAPER_1159 D=6 resonance manifold]; A_5=360/D_BSFG [PAPER_2116]; N_CH=SO_5-1 [PAPER_2128]; K_MEX per PAPER_1522",PAPER_1149;PAPER_1160;PAPER_1159;PAPER_2116;PAPER_2128;PAPER_1522
GR_Shapiro_delay_coeff,GR,bsfg,qcalcgeom,2(1+gamma) = D_PHYS = 4 EXACT,4.0,4.0,PAPER_1149,D_PHYS,XGEO_ROUTED_IDENTITY,"2(1+gamma) = D_PHYS = 4 EXACT || qcalcgeom-native re-expression: F_U-native constant set {rho_SCm, beta_i, SSq, F_TRZ, omega_SCm, Phi_res, S_26} [PAPER_1203/PAPER_2124 canonical F_U machinery = QCalcGeom v3 native surfaces compute_F_U/FUBi/FUBii/universal_inertia]; SO_5=1/F_TRZ [PAPER_1160 EXACT F_TRZ=1/|SO(5)|]; D_BSFG=6 native via bsfg_* wrapper surfaces [QCalcGeom v3 + PAPER_1159]; D_phys=2*D_BSFG/3 [PAPER_1962]; D_crit=D_BSFG+2*SO_5 [PAPER_1521]; A_5=360/D_BSFG [PAPER_2116]; N_CH=SO_5-1 [PAPER_2128]; K_MEX per PAPER_1522",PAPER_1149;PAPER_1203;PAPER_2124;PAPER_1160;PAPER_1159;PAPER_1962;PAPER_1521;PAPER_2116;PAPER_2128;PAPER_1522
GR_Shapiro_delay_coeff,GR,bsfg,dpm,2(1+gamma) = D_PHYS = 4 EXACT,4.0,4.0,PAPER_1149,D_PHYS,XGEO_ROUTED_IDENTITY,"2(1+gamma) = D_PHYS = 4 EXACT || dpm-native re-expression: generators SO_5=rho_UA/rho_SCm + D_crit=26 caduceus pinch count [PAPER_646], D_phys via magic 8=2*D_phys [PAPER_1203]; D_BSFG=D_crit-2*SO_5 [PAPER_1521]; A_5=360/D_BSFG [PAPER_2116]; N_CH=SO_5-1 [PAPER_2128]; K_MEX per PAPER_1522; kappa per PAPER_2112; real vacuum-kernel primitives native to SCm manifold",PAPER_1149;PAPER_646;PAPER_1203;PAPER_1521;PAPER_2116;PAPER_2128;PAPER_1522;PAPER_2112
GR_Shapiro_delay_coeff,GR,bsfg,d26,2(1+gamma) = D_PHYS = 4 EXACT,4.0,4.0,PAPER_1149,D_PHYS,XGEO_ROUTED_IDENTITY,2(1+gamma) = D_PHYS = 4 EXACT || d26-native re-expression: generator D_crit=26: D_phys=D_crit-22 with 22=T22 compactified moduli [PAPER_1927]; real vacuum-kernel primitives global,PAPER_1149;PAPER_1927
GR_light_bending_solar_limb,GR,bsfg,qcalcgeom,light bending arcsec at solar limb,1.7498333333333336,1.751,PAPER_1149,,XGEO_ROUTED_IDENTITY,"light bending arcsec at solar limb || qcalcgeom-native re-expression: F_U-native constant set {rho_SCm, beta_i, SSq, F_TRZ, omega_SCm, Phi_res, S_26} [PAPER_1203/PAPER_2124 canonical F_U machinery = QCalcGeom v3 native surfaces compute_F_U/FUBi/FUBii/universal_inertia]; SO_5=1/F_TRZ [PAPER_1160 EXACT F_TRZ=1/|SO(5)|]; D_BSFG=6 native via bsfg_* wrapper surfaces [QCalcGeom v3 + PAPER_1159]; D_phys=2*D_BSFG/3 [PAPER_1962]; D_crit=D_BSFG+2*SO_5 [PAPER_1521]; A_5=360/D_BSFG [PAPER_2116]; N_CH=SO_5-1 [PAPER_2128]; K_MEX per PAPER_1522",PAPER_1149;PAPER_1203;PAPER_2124;PAPER_1160;PAPER_1159;PAPER_1962;PAPER_1521;PAPER_2116;PAPER_2128;PAPER_1522
GR_light_bending_solar_limb,GR,bsfg,dpm,light bending arcsec at solar limb,1.7498333333333336,1.751,PAPER_1149,,XGEO_ROUTED_IDENTITY,"EXTRACTED[_session454_gr_light_bending.py]: val = Phi_res + SSq + F_TRZ*K_Mex + F_TRZ + F_TRZ**2*K_Mex + F_TRZ**2 + F_TRZ**2*Phi_res - F_TRZ**3 || dpm-native re-expression: generators SO_5=rho_UA/rho_SCm + D_crit=26 caduceus pinch count [PAPER_646], D_phys via magic 8=2*D_phys [PAPER_1203]; D_BSFG=D_crit-2*SO_5 [PAPER_1521]; A_5=360/D_BSFG [PAPER_2116]; N_CH=SO_5-1 [PAPER_2128]; K_MEX per PAPER_1522",PAPER_1149;_session454_gr_light_bending.py;PAPER_646;PAPER_1203;PAPER_1521;PAPER_2116;PAPER_2128;PAPER_1522
GR_light_bending_solar_limb,GR,bsfg,d26,light bending arcsec at solar limb,1.7498333333333336,1.751,PAPER_1149,,XGEO_ROUTED_IDENTITY,"light bending arcsec at solar limb || d26-native re-expression: generator D_crit=26: SO_5=10 via 26->10 superstring reduction [PAPER_1160 chain 4; CondensedPhysics2.py L28609; 26D_DOWNWARD_PROJECTION.md]; D_BSFG=6, D_phys=4 via 26->10->6->4 flow [PAPER_1160 + PAPER_1159 D=6 resonance manifold]; A_5=360/D_BSFG [PAPER_2116]; N_CH=SO_5-1 [PAPER_2128]; K_MEX per PAPER_1522",PAPER_1149;PAPER_1160;PAPER_1159;PAPER_2116;PAPER_2128;PAPER_1522
GR_photon_sphere_r_M,GR,bsfg,qcalcgeom,r_ph/M = D_PHYS - F_TRZ*SO_5 = 4 - 1 = 3 EXACT,3.0,3.0,PAPER_1149,D_PHYS;SO_5;F_TRZ,XGEO_ROUTED_IDENTITY,"r_ph/M = D_PHYS - F_TRZ*SO_5 = 4 - 1 = 3 EXACT || qcalcgeom-native re-expression: F_U-native constant set {rho_SCm, beta_i, SSq, F_TRZ, omega_SCm, Phi_res, S_26} [PAPER_1203/PAPER_2124 canonical F_U machinery = QCalcGeom v3 native surfaces compute_F_U/FUBi/FUBii/universal_inertia]; SO_5=1/F_TRZ [PAPER_1160 EXACT F_TRZ=1/|SO(5)|]; D_BSFG=6 native via bsfg_* wrapper surfaces [QCalcGeom v3 + PAPER_1159]; D_phys=2*D_BSFG/3 [PAPER_1962]; D_crit=D_BSFG+2*SO_5 [PAPER_1521]; A_5=360/D_BSFG [PAPER_2116]; N_CH=SO_5-1 [PAPER_2128]; K_MEX per PAPER_1522",PAPER_1149;PAPER_1203;PAPER_2124;PAPER_1160;PAPER_1159;PAPER_1962;PAPER_1521;PAPER_2116;PAPER_2128;PAPER_1522
GR_photon_sphere_r_M,GR,bsfg,dpm,r_ph/M = D_PHYS - F_TRZ*SO_5 = 4 - 1 = 3 EXACT,3.0,3.0,PAPER_1149,D_PHYS;SO_5;F_TRZ,XGEO_ROUTED_IDENTITY,"r_ph/M = D_PHYS - F_TRZ*SO_5 = 4 - 1 = 3 EXACT || dpm-native re-expression: generators SO_5=rho_UA/rho_SCm + D_crit=26 caduceus pinch count [PAPER_646], D_phys via magic 8=2*D_phys [PAPER_1203]; D_BSFG=D_crit-2*SO_5 [PAPER_1521]; A_5=360/D_BSFG [PAPER_2116]; N_CH=SO_5-1 [PAPER_2128]; K_MEX per PAPER_1522; kappa per PAPER_2112; real vacuum-kernel primitives native to SCm manifold",PAPER_1149;PAPER_646;PAPER_1203;PAPER_1521;PAPER_2116;PAPER_2128;PAPER_1522;PAPER_2112
GR_photon_sphere_r_M,GR,bsfg,d26,r_ph/M = D_PHYS - F_TRZ*SO_5 = 4 - 1 = 3 EXACT,3.0,3.0,PAPER_1149,D_PHYS;SO_5;F_TRZ,XGEO_ROUTED_IDENTITY,"r_ph/M = D_PHYS - F_TRZ*SO_5 = 4 - 1 = 3 EXACT || d26-native re-expression: generator D_crit=26: SO_5=10 via 26->10 superstring reduction [PAPER_1160 chain 4; CondensedPhysics2.py L28609; 26D_DOWNWARD_PROJECTION.md]; D_BSFG=6, D_phys=4 via 26->10->6->4 flow [PAPER_1160 + PAPER_1159 D=6 resonance manifold]; A_5=360/D_BSFG [PAPER_2116]; N_CH=SO_5-1 [PAPER_2128]; K_MEX per PAPER_1522",PAPER_1149;PAPER_1160;PAPER_1159;PAPER_2116;PAPER_2128;PAPER_1522
GW_memory_fraction,astro,qcalcgeom,bsfg,h_mem/h_peak = F_TRZ * beta_i = 0.1 * 0.6029,0.06029,0.0603,PAPER_1766,F_TRZ;BETA_I,XGEO_ROUTED_IDENTITY,h_mem/h_peak = F_TRZ * beta_i = 0.1 * 0.6029 || bsfg-native re-expression: generator D_BSFG: D_phys=2*D_BSFG/3 [PAPER_1962]; SO_5=2*(D_BSFG-1) [R320 triple-form]; D_crit=D_BSFG+2*SO_5 [PAPER_1521]; A_5=360/D_BSFG [PAPER_2116]; N_CH=SO_5-1 [PAPER_2128]; K_MEX per PAPER_1522; kappa per PAPER_2112; real vacuum-kernel primitives global,PAPER_1766;PAPER_1962;R320;PAPER_1521;PAPER_2116;PAPER_2128;PAPER_1522;PAPER_2112
GW_memory_fraction,astro,qcalcgeom,dpm,h_mem/h_peak = F_TRZ * beta_i = 0.1 * 0.6029,0.06029,0.0603,PAPER_1766,F_TRZ;BETA_I,XGEO_ROUTED_IDENTITY,"h_mem/h_peak = F_TRZ * beta_i = 0.1 * 0.6029 || dpm-native re-expression: generators SO_5=rho_UA/rho_SCm + D_crit=26 caduceus pinch count [PAPER_646], D_phys via magic 8=2*D_phys [PAPER_1203]; D_BSFG=D_crit-2*SO_5 [PAPER_1521]; A_5=360/D_BSFG [PAPER_2116]; N_CH=SO_5-1 [PAPER_2128]; K_MEX per PAPER_1522; kappa per PAPER_2112; real vacuum-kernel primitives native to SCm manifold",PAPER_1766;PAPER_646;PAPER_1203;PAPER_1521;PAPER_2116;PAPER_2128;PAPER_1522;PAPER_2112
GW_memory_fraction,astro,qcalcgeom,d26,h_mem/h_peak = F_TRZ * beta_i = 0.1 * 0.6029,0.06029,0.0603,PAPER_1766,F_TRZ;BETA_I,XGEO_ROUTED_IDENTITY,h_mem/h_peak = F_TRZ * beta_i = 0.1 * 0.6029 || d26-native re-expression: generator D_crit=26: D_phys=D_crit-22 with 22=T22 compactified moduli [PAPER_1927]; real vacuum-kernel primitives global,PAPER_1766;PAPER_1927
ITER_R_over_a,SI,bsfg,qcalcgeom,R/a = D_BSFG/2 + F_TRZ = 3 + 0.1 = 3.1,3.1,3.1,PAPER_1706,D_BSFG;F_TRZ,XGEO_ROUTED_IDENTITY,"R/a = D_BSFG/2 + F_TRZ = 3 + 0.1 = 3.1 || qcalcgeom-native re-expression: F_U-native constant set {rho_SCm, beta_i, SSq, F_TRZ, omega_SCm, Phi_res, S_26} [PAPER_1203/PAPER_2124 canonical F_U machinery = QCalcGeom v3 native surfaces compute_F_U/FUBi/FUBii/universal_inertia]; SO_5=1/F_TRZ [PAPER_1160 EXACT F_TRZ=1/|SO(5)|]; D_BSFG=6 native via bsfg_* wrapper surfaces [QCalcGeom v3 + PAPER_1159]; D_phys=2*D_BSFG/3 [PAPER_1962]; D_crit=D_BSFG+2*SO_5 [PAPER_1521]; A_5=360/D_BSFG [PAPER_2116]; N_CH=SO_5-1 [PAPER_2128]; K_MEX per PAPER_1522",PAPER_1706;PAPER_1203;PAPER_2124;PAPER_1160;PAPER_1159;PAPER_1962;PAPER_1521;PAPER_2116;PAPER_2128;PAPER_1522
ITER_R_over_a,SI,bsfg,dpm,R/a = D_BSFG/2 + F_TRZ = 3 + 0.1 = 3.1,3.1,3.1,PAPER_1706,D_BSFG;F_TRZ,XGEO_ROUTED_IDENTITY,"R/a = D_BSFG/2 + F_TRZ = 3 + 0.1 = 3.1 || dpm-native re-expression: generators SO_5=rho_UA/rho_SCm + D_crit=26 caduceus pinch count [PAPER_646], D_phys via magic 8=2*D_phys [PAPER_1203]; D_BSFG=D_crit-2*SO_5 [PAPER_1521]; A_5=360/D_BSFG [PAPER_2116]; N_CH=SO_5-1 [PAPER_2128]; K_MEX per PAPER_1522; kappa per PAPER_2112; real vacuum-kernel primitives native to SCm manifold",PAPER_1706;PAPER_646;PAPER_1203;PAPER_1521;PAPER_2116;PAPER_2128;PAPER_1522;PAPER_2112
ITER_R_over_a,SI,bsfg,d26,R/a = D_BSFG/2 + F_TRZ = 3 + 0.1 = 3.1,3.1,3.1,PAPER_1706,D_BSFG;F_TRZ,XGEO_ROUTED_IDENTITY,"R/a = D_BSFG/2 + F_TRZ = 3 + 0.1 = 3.1 || d26-native re-expression: generator D_crit=26: SO_5=10 via 26->10 superstring reduction [PAPER_1160 chain 4; CondensedPhysics2.py L28609; 26D_DOWNWARD_PROJECTION.md]; D_BSFG=6, D_phys=4 via 26->10->6->4 flow [PAPER_1160 + PAPER_1159 D=6 resonance manifold]; A_5=360/D_BSFG [PAPER_2116]; N_CH=SO_5-1 [PAPER_2128]; K_MEX per PAPER_1522",PAPER_1706;PAPER_1160;PAPER_1159;PAPER_2116;PAPER_2128;PAPER_1522
KK_AU_per_1e10_m,KK,dpm,qcalcgeom,+K^4 - beta - beta^3 - 3,15.015964025882605,14.96,PAPER_1167,,XGEO_ROUTED_IDENTITY,"RECOVERED: AU/1e10 m = K_MEX^4 - beta_i - beta_i^3 - 3 = 14.945 (0.10%) || qcalcgeom-native re-expression: F_U-native constant set {rho_SCm, beta_i, SSq, F_TRZ, omega_SCm, Phi_res, S_26} [PAPER_1203/PAPER_2124 canonical F_U machinery = QCalcGeom v3 native surfaces compute_F_U/FUBi/FUBii/universal_inertia]; SO_5=1/F_TRZ [PAPER_1160 EXACT F_TRZ=1/|SO(5)|]; D_BSFG=6 native via bsfg_* wrapper surfaces [QCalcGeom v3 + PAPER_1159]; D_phys=2*D_BSFG/3 [PAPER_1962]; D_crit=D_BSFG+2*SO_5 [PAPER_1521]; A_5=360/D_BSFG [PAPER_2116]; N_CH=SO_5-1 [PAPER_2128]; K_MEX per PAPER_1522",PAPER_1167;_session684_KK_AU_per_1e10_m.py;PAPER_1203;PAPER_2124;PAPER_1160;PAPER_1159;PAPER_1962;PAPER_1521;PAPER_2116;PAPER_2128;PAPER_1522
KK_AU_per_1e10_m,KK,dpm,bsfg,+K^4 - beta - beta^3 - 3,15.015964025882605,14.96,PAPER_1167,,XGEO_ROUTED_IDENTITY,RECOVERED: AU/1e10 m = K_MEX^4 - beta_i - beta_i^3 - 3 = 14.945 (0.10%) || bsfg-native re-expression: generator D_BSFG: D_phys=2*D_BSFG/3 [PAPER_1962]; SO_5=2*(D_BSFG-1) [R320 triple-form; also |SO(D-1)| at D=6 per PAPER_1160]; D_crit=D_BSFG+2*SO_5 [PAPER_1521]; A_5=360/D_BSFG [PAPER_2116]; N_CH=SO_5-1 [PAPER_2128]; K_MEX per PAPER_1522,PAPER_1167;_session684_KK_AU_per_1e10_m.py;PAPER_1962;R320;PAPER_1160;PAPER_1521;PAPER_2116;PAPER_2128;PAPER_1522
KK_AU_per_1e10_m,KK,dpm,d26,+K^4 - beta - beta^3 - 3,15.015964025882605,14.96,PAPER_1167,,XGEO_ROUTED_IDENTITY,"RECOVERED: AU/1e10 m = K_MEX^4 - beta_i - beta_i^3 - 3 = 14.945 (0.10%) || d26-native re-expression: generator D_crit=26: SO_5=10 via 26->10 superstring reduction [PAPER_1160 chain 4; CondensedPhysics2.py L28609; 26D_DOWNWARD_PROJECTION.md]; D_BSFG=6, D_phys=4 via 26->10->6->4 flow [PAPER_1160 + PAPER_1159 D=6 resonance manifold]; A_5=360/D_BSFG [PAPER_2116]; N_CH=SO_5-1 [PAPER_2128]; K_MEX per PAPER_1522",PAPER_1167;_session684_KK_AU_per_1e10_m.py;PAPER_1160;PAPER_1159;PAPER_2116;PAPER_2128;PAPER_1522
KK_Earth_orbit_v_per_km_s,KK,dpm,qcalcgeom,+K^5 - F*K^5 - beta - 5,29.718370978009258,29.78,PAPER_1167,,XGEO_ROUTED_IDENTITY,"+K^5 - F*K^5 - beta - 5 || qcalcgeom-native re-expression: F_U-native constant set {rho_SCm, beta_i, SSq, F_TRZ, omega_SCm, Phi_res, S_26} [PAPER_1203/PAPER_2124 canonical F_U machinery = QCalcGeom v3 native surfaces compute_F_U/FUBi/FUBii/universal_inertia]; SO_5=1/F_TRZ [PAPER_1160 EXACT F_TRZ=1/|SO(5)|]; D_BSFG=6 native via bsfg_* wrapper surfaces [QCalcGeom v3 + PAPER_1159]; D_phys=2*D_BSFG/3 [PAPER_1962]; D_crit=D_BSFG+2*SO_5 [PAPER_1521]; A_5=360/D_BSFG [PAPER_2116]; N_CH=SO_5-1 [PAPER_2128]; K_MEX per PAPER_1522",PAPER_1167;PAPER_1203;PAPER_2124;PAPER_1160;PAPER_1159;PAPER_1962;PAPER_1521;PAPER_2116;PAPER_2128;PAPER_1522
KK_Earth_orbit_v_per_km_s,KK,dpm,bsfg,+K^5 - F*K^5 - beta - 5,29.718370978009258,29.78,PAPER_1167,,XGEO_ROUTED_IDENTITY,"EXTRACTED[_session686_KK_Earth_orbit_v_per_km_s.py]: val = +(K**5)-(F*K**5)-(beta)-Fraction(5,1) || bsfg-native re-expression: generator D_BSFG: D_phys=2*D_BSFG/3 [PAPER_1962]; SO_5=2*(D_BSFG-1) [R320 triple-form]; D_crit=D_BSFG+2*SO_5 [PAPER_1521]; A_5=360/D_BSFG [PAPER_2116]; N_CH=SO_5-1 [PAPER_2128]; K_MEX per PAPER_1522; real vacuum-kernel primitives global",PAPER_1167;_session686_KK_Earth_orbit_v_per_km_s.py;PAPER_1962;R320;PAPER_1521;PAPER_2116;PAPER_2128;PAPER_1522
KK_Earth_orbit_v_per_km_s,KK,dpm,d26,+K^5 - F*K^5 - beta - 5,29.718370978009258,29.78,PAPER_1167,,XGEO_ROUTED_IDENTITY,"EXTRACTED[_session686_KK_Earth_orbit_v_per_km_s.py]: val = +(K**5)-(F*K**5)-(beta)-Fraction(5,1) || d26-native re-expression: generator D_crit=26: D_phys=D_crit-22 with 22=T22 compactified moduli [PAPER_1927]; real vacuum-kernel primitives global",PAPER_1167;_session686_KK_Earth_orbit_v_per_km_s.py;PAPER_1927
KK_Earth_radius_per_1e6_m,KK,qcalcgeom,bsfg,+beta^2 - 2 + 3 + 5,6.36348841,6.371,PAPER_1167,,XGEO_ROUTED_IDENTITY,"EXTRACTED[_session689_KK_Earth_radius_per_1e6_m.py]: val = +(beta**2)-Fraction(2,1)+Fraction(3,1)+Fraction(5,1) || bsfg-native re-expression: generator D_BSFG: D_phys=2*D_BSFG/3 [PAPER_1962]; SO_5=2*(D_BSFG-1) [R320 triple-form]; D_crit=D_BSFG+2*SO_5 [PAPER_1521]; A_5=360/D_BSFG [PAPER_2116]; N_CH=SO_5-1 [PAPER_2128]; K_MEX per PAPER_1522; real vacuum-kernel primitives global",PAPER_1167;_session689_KK_Earth_radius_per_1e6_m.py;PAPER_1962;R320;PAPER_1521;PAPER_2116;PAPER_2128;PAPER_1522
KK_Earth_radius_per_1e6_m,KK,qcalcgeom,dpm,+beta^2 - 2 + 3 + 5,6.36348841,6.371,PAPER_1167,,XGEO_ROUTED_IDENTITY,"EXTRACTED[_session689_KK_Earth_radius_per_1e6_m.py]: val = +(beta**2)-Fraction(2,1)+Fraction(3,1)+Fraction(5,1) || dpm-native re-expression: generators SO_5=rho_UA/rho_SCm + D_crit=26 caduceus pinch count [PAPER_646], D_phys via magic 8=2*D_phys [PAPER_1203]; D_BSFG=D_crit-2*SO_5 [PAPER_1521]; A_5=360/D_BSFG [PAPER_2116]; N_CH=SO_5-1 [PAPER_2128]; K_MEX per PAPER_1522",PAPER_1167;_session689_KK_Earth_radius_per_1e6_m.py;PAPER_646;PAPER_1203;PAPER_1521;PAPER_2116;PAPER_2128;PAPER_1522
KK_Earth_radius_per_1e6_m,KK,qcalcgeom,d26,+beta^2 - 2 + 3 + 5,6.36348841,6.371,PAPER_1167,,XGEO_ROUTED_IDENTITY,"EXTRACTED[_session689_KK_Earth_radius_per_1e6_m.py]: val = +(beta**2)-Fraction(2,1)+Fraction(3,1)+Fraction(5,1) || d26-native re-expression: generator D_crit=26: D_phys=D_crit-22 with 22=T22 compactified moduli [PAPER_1927]; real vacuum-kernel primitives global",PAPER_1167;_session689_KK_Earth_radius_per_1e6_m.py;PAPER_1927
KK_Jupiter_mass_per_1e27_kg,KK,qcalcgeom,bsfg,-F*beta - F*beta^3 - F*beta^4 + 2,1.9045829013406672,1.898,PAPER_1167,,XGEO_ROUTED_IDENTITY,"EXTRACTED[_session688_KK_Jupiter_mass_per_1e27_kg.py]: val = -(F*beta)-(F*beta**3)-(F*beta**4)+Fraction(2,1) || bsfg-native re-expression: generator D_BSFG: D_phys=2*D_BSFG/3 [PAPER_1962]; SO_5=2*(D_BSFG-1) [R320 triple-form]; D_crit=D_BSFG+2*SO_5 [PAPER_1521]; A_5=360/D_BSFG [PAPER_2116]; N_CH=SO_5-1 [PAPER_2128]; K_MEX per PAPER_1522; real vacuum-kernel primitives global",PAPER_1167;_session688_KK_Jupiter_mass_per_1e27_kg.py;PAPER_1962;R320;PAPER_1521;PAPER_2116;PAPER_2128;PAPER_1522
KK_Jupiter_mass_per_1e27_kg,KK,qcalcgeom,dpm,-F*beta - F*beta^3 - F*beta^4 + 2,1.9045829013406672,1.898,PAPER_1167,,XGEO_ROUTED_IDENTITY,"EXTRACTED[_session688_KK_Jupiter_mass_per_1e27_kg.py]: val = -(F*beta)-(F*beta**3)-(F*beta**4)+Fraction(2,1) || dpm-native re-expression: generators SO_5=rho_UA/rho_SCm + D_crit=26 caduceus pinch count [PAPER_646], D_phys via magic 8=2*D_phys [PAPER_1203]; D_BSFG=D_crit-2*SO_5 [PAPER_1521]; A_5=360/D_BSFG [PAPER_2116]; N_CH=SO_5-1 [PAPER_2128]; K_MEX per PAPER_1522",PAPER_1167;_session688_KK_Jupiter_mass_per_1e27_kg.py;PAPER_646;PAPER_1203;PAPER_1521;PAPER_2116;PAPER_2128;PAPER_1522
KK_Jupiter_mass_per_1e27_kg,KK,qcalcgeom,d26,-F*beta - F*beta^3 - F*beta^4 + 2,1.9045829013406672,1.898,PAPER_1167,,XGEO_ROUTED_IDENTITY,"EXTRACTED[_session688_KK_Jupiter_mass_per_1e27_kg.py]: val = -(F*beta)-(F*beta**3)-(F*beta**4)+Fraction(2,1) || d26-native re-expression: generator D_crit=26: D_phys=D_crit-22 with 22=T22 compactified moduli [PAPER_1927]; real vacuum-kernel primitives global",PAPER_1167;_session688_KK_Jupiter_mass_per_1e27_kg.py;PAPER_1927
KK_Mars_orbit_AU,KK,qcalcgeom,bsfg,-beta^2 - beta^5 - F*beta^2 + 2,1.5205052953872107,1.524,PAPER_1167,A_5,XGEO_ROUTED_IDENTITY,-beta^2 - beta^5 - F*beta^2 + 2 || bsfg-native re-expression: generator D_BSFG: D_phys=2*D_BSFG/3 [PAPER_1962]; SO_5=2*(D_BSFG-1) [R320 triple-form]; D_crit=D_BSFG+2*SO_5 [PAPER_1521]; A_5=360/D_BSFG [PAPER_2116]; N_CH=SO_5-1 [PAPER_2128]; K_MEX per PAPER_1522; kappa per PAPER_2112; real vacuum-kernel primitives global,PAPER_1167;PAPER_1962;R320;PAPER_1521;PAPER_2116;PAPER_2128;PAPER_1522;PAPER_2112
KK_Mars_orbit_AU,KK,qcalcgeom,dpm,-beta^2 - beta^5 - F*beta^2 + 2,1.5205052953872107,1.524,PAPER_1167,A_5,XGEO_ROUTED_IDENTITY,"-beta^2 - beta^5 - F*beta^2 + 2 || dpm-native re-expression: generators SO_5=rho_UA/rho_SCm + D_crit=26 caduceus pinch count [PAPER_646], D_phys via magic 8=2*D_phys [PAPER_1203]; D_BSFG=D_crit-2*SO_5 [PAPER_1521]; A_5=360/D_BSFG [PAPER_2116]; N_CH=SO_5-1 [PAPER_2128]; K_MEX per PAPER_1522; kappa per PAPER_2112; real vacuum-kernel primitives native to SCm manifold",PAPER_1167;PAPER_646;PAPER_1203;PAPER_1521;PAPER_2116;PAPER_2128;PAPER_1522;PAPER_2112
KK_Mars_orbit_AU,KK,qcalcgeom,d26,-beta^2 - beta^5 - F*beta^2 + 2,1.5205052953872107,1.524,PAPER_1167,A_5,XGEO_ROUTED_IDENTITY,"EXTRACTED[_session692_KK_Mars_orbit_AU.py]: val = -(beta**2)-(beta**5)-(F*beta**2)+Fraction(2,1) || d26-native re-expression: generator D_crit=26: D_phys=D_crit-22 with 22=T22 compactified moduli [PAPER_1927]; real vacuum-kernel primitives global",PAPER_1167;_session692_KK_Mars_orbit_AU.py;PAPER_1927
KK_Mercury_year_per_10_day,KK,qcalcgeom,bsfg,+beta + beta^3 + 3 + 5,8.822047162389,8.797,PAPER_1167,,XGEO_ROUTED_IDENTITY,"EXTRACTED[_session693_KK_Mercury_year_per_10_day.py]: val = +(beta)+(beta**3)+Fraction(3,1)+Fraction(5,1) || bsfg-native re-expression: generator D_BSFG: D_phys=2*D_BSFG/3 [PAPER_1962]; SO_5=2*(D_BSFG-1) [R320 triple-form]; D_crit=D_BSFG+2*SO_5 [PAPER_1521]; A_5=360/D_BSFG [PAPER_2116]; N_CH=SO_5-1 [PAPER_2128]; K_MEX per PAPER_1522; real vacuum-kernel primitives global",PAPER_1167;_session693_KK_Mercury_year_per_10_day.py;PAPER_1962;R320;PAPER_1521;PAPER_2116;PAPER_2128;PAPER_1522
KK_Mercury_year_per_10_day,KK,qcalcgeom,dpm,+beta + beta^3 + 3 + 5,8.822047162389,8.797,PAPER_1167,,XGEO_ROUTED_IDENTITY,"EXTRACTED[_session693_KK_Mercury_year_per_10_day.py]: val = +(beta)+(beta**3)+Fraction(3,1)+Fraction(5,1) || dpm-native re-expression: generators SO_5=rho_UA/rho_SCm + D_crit=26 caduceus pinch count [PAPER_646], D_phys via magic 8=2*D_phys [PAPER_1203]; D_BSFG=D_crit-2*SO_5 [PAPER_1521]; A_5=360/D_BSFG [PAPER_2116]; N_CH=SO_5-1 [PAPER_2128]; K_MEX per PAPER_1522",PAPER_1167;_session693_KK_Mercury_year_per_10_day.py;PAPER_646;PAPER_1203;PAPER_1521;PAPER_2116;PAPER_2128;PAPER_1522
KK_Mercury_year_per_10_day,KK,qcalcgeom,d26,+beta + beta^3 + 3 + 5,8.822047162389,8.797,PAPER_1167,,XGEO_ROUTED_IDENTITY,"EXTRACTED[_session693_KK_Mercury_year_per_10_day.py]: val = +(beta)+(beta**3)+Fraction(3,1)+Fraction(5,1) || d26-native re-expression: generator D_crit=26: D_phys=D_crit-22 with 22=T22 compactified moduli [PAPER_1927]; real vacuum-kernel primitives global",PAPER_1167;_session693_KK_Mercury_year_per_10_day.py;PAPER_1927
KK_Moon_orbital_period_per_day,KK,dpm,qcalcgeom,+K^5 - F*K^5 - 3 - 5,27.32127097800926,27.32,PAPER_1167,,XGEO_ROUTED_IDENTITY,"+K^5 - F*K^5 - 3 - 5 || qcalcgeom-native re-expression: F_U-native constant set {rho_SCm, beta_i, SSq, F_TRZ, omega_SCm, Phi_res, S_26} [PAPER_1203/PAPER_2124 canonical F_U machinery = QCalcGeom v3 native surfaces compute_F_U/FUBi/FUBii/universal_inertia]; SO_5=1/F_TRZ [PAPER_1160 EXACT F_TRZ=1/|SO(5)|]; D_BSFG=6 native via bsfg_* wrapper surfaces [QCalcGeom v3 + PAPER_1159]; D_phys=2*D_BSFG/3 [PAPER_1962]; D_crit=D_BSFG+2*SO_5 [PAPER_1521]; A_5=360/D_BSFG [PAPER_2116]; N_CH=SO_5-1 [PAPER_2128]; K_MEX per PAPER_1522",PAPER_1167;PAPER_1203;PAPER_2124;PAPER_1160;PAPER_1159;PAPER_1962;PAPER_1521;PAPER_2116;PAPER_2128;PAPER_1522
KK_Moon_orbital_period_per_day,KK,dpm,bsfg,+K^5 - F*K^5 - 3 - 5,27.32127097800926,27.32,PAPER_1167,,XGEO_ROUTED_IDENTITY,"EXTRACTED[_session690_KK_Moon_orbital_period_per_day.py]: val = +(K**5)-(F*K**5)-Fraction(3,1)-Fraction(5,1) || bsfg-native re-expression: generator D_BSFG: D_phys=2*D_BSFG/3 [PAPER_1962]; SO_5=2*(D_BSFG-1) [R320 triple-form]; D_crit=D_BSFG+2*SO_5 [PAPER_1521]; A_5=360/D_BSFG [PAPER_2116]; N_CH=SO_5-1 [PAPER_2128]; K_MEX per PAPER_1522; real vacuum-kernel primitives global",PAPER_1167;_session690_KK_Moon_orbital_period_per_day.py;PAPER_1962;R320;PAPER_1521;PAPER_2116;PAPER_2128;PAPER_1522
KK_Moon_orbital_period_per_day,KK,dpm,d26,+K^5 - F*K^5 - 3 - 5,27.32127097800926,27.32,PAPER_1167,,XGEO_ROUTED_IDENTITY,"EXTRACTED[_session690_KK_Moon_orbital_period_per_day.py]: val = +(K**5)-(F*K**5)-Fraction(3,1)-Fraction(5,1) || d26-native re-expression: generator D_crit=26: D_phys=D_crit-22 with 22=T22 compactified moduli [PAPER_1927]; real vacuum-kernel primitives global",PAPER_1167;_session690_KK_Moon_orbital_period_per_day.py;PAPER_1927
KK_Sun_mass_per_1e29_kg,KK,dpm,qcalcgeom,+K^4 - 2 + 3,19.838011188271604,19.89,PAPER_1167,,XGEO_ROUTED_IDENTITY,"+K^4 - 2 + 3 || qcalcgeom-native re-expression: F_U-native constant set {rho_SCm, beta_i, SSq, F_TRZ, omega_SCm, Phi_res, S_26} [PAPER_1203/PAPER_2124 canonical F_U machinery = QCalcGeom v3 native surfaces compute_F_U/FUBi/FUBii/universal_inertia]; SO_5=1/F_TRZ [PAPER_1160 EXACT F_TRZ=1/|SO(5)|]; D_BSFG=6 native via bsfg_* wrapper surfaces [QCalcGeom v3 + PAPER_1159]; D_phys=2*D_BSFG/3 [PAPER_1962]; D_crit=D_BSFG+2*SO_5 [PAPER_1521]; A_5=360/D_BSFG [PAPER_2116]; N_CH=SO_5-1 [PAPER_2128]; K_MEX per PAPER_1522",PAPER_1167;PAPER_1203;PAPER_2124;PAPER_1160;PAPER_1159;PAPER_1962;PAPER_1521;PAPER_2116;PAPER_2128;PAPER_1522
KK_Sun_mass_per_1e29_kg,KK,dpm,bsfg,+K^4 - 2 + 3,19.838011188271604,19.89,PAPER_1167,,XGEO_ROUTED_IDENTITY,"EXTRACTED[_session685_KK_Sun_mass_per_1e29_kg.py]: val = +(K**4)-Fraction(2,1)+Fraction(3,1) || bsfg-native re-expression: generator D_BSFG: D_phys=2*D_BSFG/3 [PAPER_1962]; SO_5=2*(D_BSFG-1) [R320 triple-form]; D_crit=D_BSFG+2*SO_5 [PAPER_1521]; A_5=360/D_BSFG [PAPER_2116]; N_CH=SO_5-1 [PAPER_2128]; K_MEX per PAPER_1522; real vacuum-kernel primitives global",PAPER_1167;_session685_KK_Sun_mass_per_1e29_kg.py;PAPER_1962;R320;PAPER_1521;PAPER_2116;PAPER_2128;PAPER_1522
KK_Sun_mass_per_1e29_kg,KK,dpm,d26,+K^4 - 2 + 3,19.838011188271604,19.89,PAPER_1167,,XGEO_ROUTED_IDENTITY,"EXTRACTED[_session685_KK_Sun_mass_per_1e29_kg.py]: val = +(K**4)-Fraction(2,1)+Fraction(3,1) || d26-native re-expression: generator D_crit=26: D_phys=D_crit-22 with 22=T22 compactified moduli [PAPER_1927]; real vacuum-kernel primitives global",PAPER_1167;_session685_KK_Sun_mass_per_1e29_kg.py;PAPER_1927
KK_Sun_radius_per_1e8_m,KK,bsfg,qcalcgeom,-F^2*beta^2 - F^2*beta^3 + 2 + 5,6.99417364427611,6.96,PAPER_1167,,XGEO_ROUTED_IDENTITY,"-F^2*beta^2 - F^2*beta^3 + 2 + 5 || qcalcgeom-native re-expression: F_U-native constant set {rho_SCm, beta_i, SSq, F_TRZ, omega_SCm, Phi_res, S_26} [PAPER_1203/PAPER_2124 canonical F_U machinery = QCalcGeom v3 native surfaces compute_F_U/FUBi/FUBii/universal_inertia]; SO_5=1/F_TRZ [PAPER_1160 EXACT F_TRZ=1/|SO(5)|]; D_BSFG=6 native via bsfg_* wrapper surfaces [QCalcGeom v3 + PAPER_1159]; D_phys=2*D_BSFG/3 [PAPER_1962]; D_crit=D_BSFG+2*SO_5 [PAPER_1521]; A_5=360/D_BSFG [PAPER_2116]; N_CH=SO_5-1 [PAPER_2128]; K_MEX per PAPER_1522",PAPER_1167;PAPER_1203;PAPER_2124;PAPER_1160;PAPER_1159;PAPER_1962;PAPER_1521;PAPER_2116;PAPER_2128;PAPER_1522
KK_Sun_radius_per_1e8_m,KK,bsfg,dpm,-F^2*beta^2 - F^2*beta^3 + 2 + 5,6.99417364427611,6.96,PAPER_1167,,XGEO_ROUTED_IDENTITY,"EXTRACTED[_session687_KK_Sun_radius_per_1e8_m.py]: val = -(F**2*beta**2)-(F**2*beta**3)+Fraction(2,1)+Fraction(5,1) || dpm-native re-expression: generators SO_5=rho_UA/rho_SCm + D_crit=26 caduceus pinch count [PAPER_646], D_phys via magic 8=2*D_phys [PAPER_1203]; D_BSFG=D_crit-2*SO_5 [PAPER_1521]; A_5=360/D_BSFG [PAPER_2116]; N_CH=SO_5-1 [PAPER_2128]; K_MEX per PAPER_1522",PAPER_1167;_session687_KK_Sun_radius_per_1e8_m.py;PAPER_646;PAPER_1203;PAPER_1521;PAPER_2116;PAPER_2128;PAPER_1522
KK_Sun_radius_per_1e8_m,KK,bsfg,d26,-F^2*beta^2 - F^2*beta^3 + 2 + 5,6.99417364427611,6.96,PAPER_1167,,XGEO_ROUTED_IDENTITY,"EXTRACTED[_session687_KK_Sun_radius_per_1e8_m.py]: val = -(F**2*beta**2)-(F**2*beta**3)+Fraction(2,1)+Fraction(5,1) || d26-native re-expression: generator D_crit=26: D_phys=D_crit-22 with 22=T22 compactified moduli [PAPER_1927]; real vacuum-kernel primitives global",PAPER_1167;_session687_KK_Sun_radius_per_1e8_m.py;PAPER_1927
KK_sidereal_year_per_100_day,KK,qcalcgeom,bsfg,+beta^2 + beta^3 + F*beta + 3,3.642925572389,3.65256,PAPER_1167,,XGEO_ROUTED_IDENTITY,"EXTRACTED[_session691_KK_sidereal_year_per_100_day.py]: val = +(beta**2)+(beta**3)+(F*beta)+Fraction(3,1) || bsfg-native re-expression: generator D_BSFG: D_phys=2*D_BSFG/3 [PAPER_1962]; SO_5=2*(D_BSFG-1) [R320 triple-form]; D_crit=D_BSFG+2*SO_5 [PAPER_1521]; A_5=360/D_BSFG [PAPER_2116]; N_CH=SO_5-1 [PAPER_2128]; K_MEX per PAPER_1522; real vacuum-kernel primitives global",PAPER_1167;_session691_KK_sidereal_year_per_100_day.py;PAPER_1962;R320;PAPER_1521;PAPER_2116;PAPER_2128;PAPER_1522
KK_sidereal_year_per_100_day,KK,qcalcgeom,dpm,+beta^2 + beta^3 + F*beta + 3,3.642925572389,3.65256,PAPER_1167,,XGEO_ROUTED_IDENTITY,"EXTRACTED[_session691_KK_sidereal_year_per_100_day.py]: val = +(beta**2)+(beta**3)+(F*beta)+Fraction(3,1) || dpm-native re-expression: generators SO_5=rho_UA/rho_SCm + D_crit=26 caduceus pinch count [PAPER_646], D_phys via magic 8=2*D_phys [PAPER_1203]; D_BSFG=D_crit-2*SO_5 [PAPER_1521]; A_5=360/D_BSFG [PAPER_2116]; N_CH=SO_5-1 [PAPER_2128]; K_MEX per PAPER_1522",PAPER_1167;_session691_KK_sidereal_year_per_100_day.py;PAPER_646;PAPER_1203;PAPER_1521;PAPER_2116;PAPER_2128;PAPER_1522
KK_sidereal_year_per_100_day,KK,qcalcgeom,d26,+beta^2 + beta^3 + F*beta + 3,3.642925572389,3.65256,PAPER_1167,,XGEO_ROUTED_IDENTITY,"EXTRACTED[_session691_KK_sidereal_year_per_100_day.py]: val = +(beta**2)+(beta**3)+(F*beta)+Fraction(3,1) || d26-native re-expression: generator D_crit=26: D_phys=D_crit-22 with 22=T22 compactified moduli [PAPER_1927]; real vacuum-kernel primitives global",PAPER_1167;_session691_KK_sidereal_year_per_100_day.py;PAPER_1927
LCDM_BAO_rd_H0_over_c_alternate,LCDM,d26,qcalcgeom,"r_d*H0/c = 1 / (SO_5 * K_MEX * S_26) [alternate, 3-primitive amplification form]",0.0330314170065003,0.033040484293971134,PAPER_1156,SO_5;K_MEX;S_26,XGEO_ROUTED_IDENTITY,"r_d*H0/c = 1 / (SO_5 * K_MEX * S_26) [alternate, 3-primitive amplification form] || qcalcgeom-native re-expression: F_U-native constant set {rho_SCm, beta_i, SSq, F_TRZ, omega_SCm, Phi_res, S_26} [PAPER_1203/PAPER_2124 canonical F_U machinery = QCalcGeom v3 native surfaces compute_F_U/FUBi/FUBii/universal_inertia]; SO_5=1/F_TRZ [PAPER_1160 EXACT F_TRZ=1/|SO(5)|]; D_BSFG=6 native via bsfg_* wrapper surfaces [QCalcGeom v3 + PAPER_1159]; D_phys=2*D_BSFG/3 [PAPER_1962]; D_crit=D_BSFG+2*SO_5 [PAPER_1521]; A_5=360/D_BSFG [PAPER_2116]; N_CH=SO_5-1 [PAPER_2128]; K_MEX per PAPER_1522",PAPER_1156;PAPER_1203;PAPER_2124;PAPER_1160;PAPER_1159;PAPER_1962;PAPER_1521;PAPER_2116;PAPER_2128;PAPER_1522
LCDM_BAO_rd_H0_over_c_alternate,LCDM,d26,bsfg,"r_d*H0/c = 1 / (SO_5 * K_MEX * S_26) [alternate, 3-primitive amplification form]",0.0330314170065003,0.033040484293971134,PAPER_1156,SO_5;K_MEX;S_26,XGEO_ROUTED_IDENTITY,"r_d*H0/c = 1 / (SO_5 * K_MEX * S_26) [alternate, 3-primitive amplification form] || bsfg-native re-expression: generator D_BSFG: D_phys=2*D_BSFG/3 [PAPER_1962]; SO_5=2*(D_BSFG-1) [R320 triple-form]; D_crit=D_BSFG+2*SO_5 [PAPER_1521]; A_5=360/D_BSFG [PAPER_2116]; N_CH=SO_5-1 [PAPER_2128]; K_MEX per PAPER_1522; kappa per PAPER_2112; real vacuum-kernel primitives global",PAPER_1156;PAPER_1962;R320;PAPER_1521;PAPER_2116;PAPER_2128;PAPER_1522;PAPER_2112
LCDM_BAO_rd_H0_over_c_alternate,LCDM,d26,dpm,"r_d*H0/c = 1 / (SO_5 * K_MEX * S_26) [alternate, 3-primitive amplification form]",0.0330314170065003,0.033040484293971134,PAPER_1156,SO_5;K_MEX;S_26,XGEO_ROUTED_IDENTITY,"r_d*H0/c = 1 / (SO_5 * K_MEX * S_26) [alternate, 3-primitive amplification form] || dpm-native re-expression: generators SO_5=rho_UA/rho_SCm + D_crit=26 caduceus pinch count [PAPER_646], D_phys via magic 8=2*D_phys [PAPER_1203]; D_BSFG=D_crit-2*SO_5 [PAPER_1521]; A_5=360/D_BSFG [PAPER_2116]; N_CH=SO_5-1 [PAPER_2128]; K_MEX per PAPER_1522; kappa per PAPER_2112; real vacuum-kernel primitives native to SCm manifold",PAPER_1156;PAPER_646;PAPER_1203;PAPER_1521;PAPER_2116;PAPER_2128;PAPER_1522;PAPER_2112
LCDM_BAO_rd_H0_over_c_primary,LCDM,d26,qcalcgeom,"r_d*H0/c = (SO_5 * SSq * beta_i) / (D_phys * D_crit) [primary, 5-primitive triadic co-sum form]",0.033043557692307685,0.033040484293971134,PAPER_1156,D_PHYS;D_CRIT;SO_5;SSQ;BETA_I,XGEO_ROUTED_IDENTITY,"r_d*H0/c = (SO_5 * SSq * beta_i) / (D_phys * D_crit) [primary, 5-primitive triadic co-sum form] || qcalcgeom-native re-expression: F_U-native constant set {rho_SCm, beta_i, SSq, F_TRZ, omega_SCm, Phi_res, S_26} [PAPER_1203/PAPER_2124 canonical F_U machinery = QCalcGeom v3 native surfaces compute_F_U/FUBi/FUBii/universal_inertia]; SO_5=1/F_TRZ [PAPER_1160 EXACT F_TRZ=1/|SO(5)|]; D_BSFG=6 native via bsfg_* wrapper surfaces [QCalcGeom v3 + PAPER_1159]; D_phys=2*D_BSFG/3 [PAPER_1962]; D_crit=D_BSFG+2*SO_5 [PAPER_1521]; A_5=360/D_BSFG [PAPER_2116]; N_CH=SO_5-1 [PAPER_2128]; K_MEX per PAPER_1522",PAPER_1156;PAPER_1203;PAPER_2124;PAPER_1160;PAPER_1159;PAPER_1962;PAPER_1521;PAPER_2116;PAPER_2128;PAPER_1522
LCDM_BAO_rd_H0_over_c_primary,LCDM,d26,bsfg,"r_d*H0/c = (SO_5 * SSq * beta_i) / (D_phys * D_crit) [primary, 5-primitive triadic co-sum form]",0.033043557692307685,0.033040484293971134,PAPER_1156,D_PHYS;D_CRIT;SO_5;SSQ;BETA_I,XGEO_ROUTED_IDENTITY,"r_d*H0/c = (SO_5 * SSq * beta_i) / (D_phys * D_crit) [primary, 5-primitive triadic co-sum form] || bsfg-native re-expression: generator D_BSFG: D_phys=2*D_BSFG/3 [PAPER_1962]; SO_5=2*(D_BSFG-1) [R320 triple-form]; D_crit=D_BSFG+2*SO_5 [PAPER_1521]; A_5=360/D_BSFG [PAPER_2116]; N_CH=SO_5-1 [PAPER_2128]; K_MEX per PAPER_1522; kappa per PAPER_2112; real vacuum-kernel primitives global",PAPER_1156;PAPER_1962;R320;PAPER_1521;PAPER_2116;PAPER_2128;PAPER_1522;PAPER_2112
LCDM_BAO_rd_H0_over_c_primary,LCDM,d26,dpm,"r_d*H0/c = (SO_5 * SSq * beta_i) / (D_phys * D_crit) [primary, 5-primitive triadic co-sum form]",0.033043557692307685,0.033040484293971134,PAPER_1156,D_PHYS;D_CRIT;SO_5;SSQ;BETA_I,XGEO_ROUTED_IDENTITY,"r_d*H0/c = (SO_5 * SSq * beta_i) / (D_phys * D_crit) [primary, 5-primitive triadic co-sum form] || dpm-native re-expression: generators SO_5=rho_UA/rho_SCm + D_crit=26 caduceus pinch count [PAPER_646], D_phys via magic 8=2*D_phys [PAPER_1203]; D_BSFG=D_crit-2*SO_5 [PAPER_1521]; A_5=360/D_BSFG [PAPER_2116]; N_CH=SO_5-1 [PAPER_2128]; K_MEX per PAPER_1522; kappa per PAPER_2112; real vacuum-kernel primitives native to SCm manifold",PAPER_1156;PAPER_646;PAPER_1203;PAPER_1521;PAPER_2116;PAPER_2128;PAPER_1522;PAPER_2112
LCDM_D_over_H,LCDM,d26,qcalcgeom,D/H = F_TRZ^5 * (K_MEX + Phi_res*F_TRZ*D_BSFG),2.5833333333333342e-05,2.547e-05,PAPER_1156,D_BSFG;F_TRZ;PHI_RES;K_MEX,XGEO_ROUTED_IDENTITY,"D/H = F_TRZ^5 * (K_MEX + Phi_res*F_TRZ*D_BSFG) || qcalcgeom-native re-expression: F_U-native constant set {rho_SCm, beta_i, SSq, F_TRZ, omega_SCm, Phi_res, S_26} [PAPER_1203/PAPER_2124 canonical F_U machinery = QCalcGeom v3 native surfaces compute_F_U/FUBi/FUBii/universal_inertia]; SO_5=1/F_TRZ [PAPER_1160 EXACT F_TRZ=1/|SO(5)|]; D_BSFG=6 native via bsfg_* wrapper surfaces [QCalcGeom v3 + PAPER_1159]; D_phys=2*D_BSFG/3 [PAPER_1962]; D_crit=D_BSFG+2*SO_5 [PAPER_1521]; A_5=360/D_BSFG [PAPER_2116]; N_CH=SO_5-1 [PAPER_2128]; K_MEX per PAPER_1522",PAPER_1156;PAPER_1203;PAPER_2124;PAPER_1160;PAPER_1159;PAPER_1962;PAPER_1521;PAPER_2116;PAPER_2128;PAPER_1522
LCDM_D_over_H,LCDM,d26,bsfg,D/H = F_TRZ^5 * (K_MEX + Phi_res*F_TRZ*D_BSFG),2.5833333333333342e-05,2.547e-05,PAPER_1156,D_BSFG;F_TRZ;PHI_RES;K_MEX,XGEO_ROUTED_IDENTITY,D/H = F_TRZ^5 * (K_MEX + Phi_res*F_TRZ*D_BSFG) || bsfg-native re-expression: generator D_BSFG: D_phys=2*D_BSFG/3 [PAPER_1962]; SO_5=2*(D_BSFG-1) [R320 triple-form]; D_crit=D_BSFG+2*SO_5 [PAPER_1521]; A_5=360/D_BSFG [PAPER_2116]; N_CH=SO_5-1 [PAPER_2128]; K_MEX per PAPER_1522; kappa per PAPER_2112; real vacuum-kernel primitives global,PAPER_1156;PAPER_1962;R320;PAPER_1521;PAPER_2116;PAPER_2128;PAPER_1522;PAPER_2112
LCDM_D_over_H,LCDM,d26,dpm,D/H = F_TRZ^5 * (K_MEX + Phi_res*F_TRZ*D_BSFG),2.5833333333333342e-05,2.547e-05,PAPER_1156,D_BSFG;F_TRZ;PHI_RES;K_MEX,XGEO_ROUTED_IDENTITY,"D/H = F_TRZ^5 * (K_MEX + Phi_res*F_TRZ*D_BSFG) || dpm-native re-expression: generators SO_5=rho_UA/rho_SCm + D_crit=26 caduceus pinch count [PAPER_646], D_phys via magic 8=2*D_phys [PAPER_1203]; D_BSFG=D_crit-2*SO_5 [PAPER_1521]; A_5=360/D_BSFG [PAPER_2116]; N_CH=SO_5-1 [PAPER_2128]; K_MEX per PAPER_1522; kappa per PAPER_2112; real vacuum-kernel primitives native to SCm manifold",PAPER_1156;PAPER_646;PAPER_1203;PAPER_1521;PAPER_2116;PAPER_2128;PAPER_1522;PAPER_2112
LCDM_EDGES_T21_amplitude,LCDM,d26,qcalcgeom,T_21 = -D_phys * A_5 * beta_i * 2 [mK]  (integer-primitive EDGES amplitude per PAPER_1761),-289.392,-289.0,PAPER_1761,D_PHYS;A_5;BETA_I,XGEO_ROUTED_IDENTITY,"T_21 = -D_phys * A_5 * beta_i * 2 [mK]  (integer-primitive EDGES amplitude per PAPER_1761) || qcalcgeom-native re-expression: F_U-native constant set {rho_SCm, beta_i, SSq, F_TRZ, omega_SCm, Phi_res, S_26} [PAPER_1203/PAPER_2124 canonical F_U machinery = QCalcGeom v3 native surfaces compute_F_U/FUBi/FUBii/universal_inertia]; SO_5=1/F_TRZ [PAPER_1160 EXACT F_TRZ=1/|SO(5)|]; D_BSFG=6 native via bsfg_* wrapper surfaces [QCalcGeom v3 + PAPER_1159]; D_phys=2*D_BSFG/3 [PAPER_1962]; D_crit=D_BSFG+2*SO_5 [PAPER_1521]; A_5=360/D_BSFG [PAPER_2116]; N_CH=SO_5-1 [PAPER_2128]; K_MEX per PAPER_1522",PAPER_1761;PAPER_1203;PAPER_2124;PAPER_1160;PAPER_1159;PAPER_1962;PAPER_1521;PAPER_2116;PAPER_2128;PAPER_1522
LCDM_EDGES_T21_amplitude,LCDM,d26,bsfg,T_21 = -D_phys * A_5 * beta_i * 2 [mK]  (integer-primitive EDGES amplitude per PAPER_1761),-289.392,-289.0,PAPER_1761,D_PHYS;A_5;BETA_I,XGEO_ROUTED_IDENTITY,T_21 = -D_phys * A_5 * beta_i * 2 [mK]  (integer-primitive EDGES amplitude per PAPER_1761) || bsfg-native re-expression: generator D_BSFG: D_phys=2*D_BSFG/3 [PAPER_1962]; SO_5=2*(D_BSFG-1) [R320 triple-form]; D_crit=D_BSFG+2*SO_5 [PAPER_1521]; A_5=360/D_BSFG [PAPER_2116]; N_CH=SO_5-1 [PAPER_2128]; K_MEX per PAPER_1522; kappa per PAPER_2112; real vacuum-kernel primitives global,PAPER_1761;PAPER_1962;R320;PAPER_1521;PAPER_2116;PAPER_2128;PAPER_1522;PAPER_2112
LCDM_EDGES_T21_amplitude,LCDM,d26,dpm,T_21 = -D_phys * A_5 * beta_i * 2 [mK]  (integer-primitive EDGES amplitude per PAPER_1761),-289.392,-289.0,PAPER_1761,D_PHYS;A_5;BETA_I,XGEO_ROUTED_IDENTITY,"T_21 = -D_phys * A_5 * beta_i * 2 [mK]  (integer-primitive EDGES amplitude per PAPER_1761) || dpm-native re-expression: generators SO_5=rho_UA/rho_SCm + D_crit=26 caduceus pinch count [PAPER_646], D_phys via magic 8=2*D_phys [PAPER_1203]; D_BSFG=D_crit-2*SO_5 [PAPER_1521]; A_5=360/D_BSFG [PAPER_2116]; N_CH=SO_5-1 [PAPER_2128]; K_MEX per PAPER_1522; kappa per PAPER_2112; real vacuum-kernel primitives native to SCm manifold",PAPER_1761;PAPER_646;PAPER_1203;PAPER_1521;PAPER_2116;PAPER_2128;PAPER_1522;PAPER_2112
LCDM_EDGES_extra_cooling,LCDM,d26,qcalcgeom,EDGES = 1 + F_TRZ^(-1/4)*(1-F_TRZ),2.6004514690350304,2.5,PAPER_1156,F_TRZ,XGEO_ROUTED_IDENTITY,"EDGES = 1 + F_TRZ^(-1/4)*(1-F_TRZ) || qcalcgeom-native re-expression: F_U-native constant set {rho_SCm, beta_i, SSq, F_TRZ, omega_SCm, Phi_res, S_26} [PAPER_1203/PAPER_2124 canonical F_U machinery = QCalcGeom v3 native surfaces compute_F_U/FUBi/FUBii/universal_inertia]; SO_5=1/F_TRZ [PAPER_1160 EXACT F_TRZ=1/|SO(5)|]; D_BSFG=6 native via bsfg_* wrapper surfaces [QCalcGeom v3 + PAPER_1159]; D_phys=2*D_BSFG/3 [PAPER_1962]; D_crit=D_BSFG+2*SO_5 [PAPER_1521]; A_5=360/D_BSFG [PAPER_2116]; N_CH=SO_5-1 [PAPER_2128]; K_MEX per PAPER_1522",PAPER_1156;PAPER_1203;PAPER_2124;PAPER_1160;PAPER_1159;PAPER_1962;PAPER_1521;PAPER_2116;PAPER_2128;PAPER_1522
LCDM_EDGES_extra_cooling,LCDM,d26,bsfg,EDGES = 1 + F_TRZ^(-1/4)*(1-F_TRZ),2.6004514690350304,2.5,PAPER_1156,F_TRZ,XGEO_ROUTED_IDENTITY,EDGES = 1 + F_TRZ^(-1/4)*(1-F_TRZ) || bsfg-native re-expression: generator D_BSFG: D_phys=2*D_BSFG/3 [PAPER_1962]; SO_5=2*(D_BSFG-1) [R320 triple-form]; D_crit=D_BSFG+2*SO_5 [PAPER_1521]; A_5=360/D_BSFG [PAPER_2116]; N_CH=SO_5-1 [PAPER_2128]; K_MEX per PAPER_1522; kappa per PAPER_2112; real vacuum-kernel primitives global,PAPER_1156;PAPER_1962;R320;PAPER_1521;PAPER_2116;PAPER_2128;PAPER_1522;PAPER_2112
LCDM_EDGES_extra_cooling,LCDM,d26,dpm,EDGES = 1 + F_TRZ^(-1/4)*(1-F_TRZ),2.6004514690350304,2.5,PAPER_1156,F_TRZ,XGEO_ROUTED_IDENTITY,"EDGES = 1 + F_TRZ^(-1/4)*(1-F_TRZ) || dpm-native re-expression: generators SO_5=rho_UA/rho_SCm + D_crit=26 caduceus pinch count [PAPER_646], D_phys via magic 8=2*D_phys [PAPER_1203]; D_BSFG=D_crit-2*SO_5 [PAPER_1521]; A_5=360/D_BSFG [PAPER_2116]; N_CH=SO_5-1 [PAPER_2128]; K_MEX per PAPER_1522; kappa per PAPER_2112; real vacuum-kernel primitives native to SCm manifold",PAPER_1156;PAPER_646;PAPER_1203;PAPER_1521;PAPER_2116;PAPER_2128;PAPER_1522;PAPER_2112
LCDM_H0_tension_ratio,LCDM,d26,qcalcgeom,H0_local/H0_CMB = 1 + F_TRZ*Phi_res_5_6 = 1 + 1/12,1.0833333333333333,1.083679525222552,PAPER_1156,F_TRZ;PHI_RES,XGEO_ROUTED_IDENTITY,"H0_local/H0_CMB = 1 + F_TRZ*Phi_res_5_6 = 1 + 1/12 || qcalcgeom-native re-expression: F_U-native constant set {rho_SCm, beta_i, SSq, F_TRZ, omega_SCm, Phi_res, S_26} [PAPER_1203/PAPER_2124 canonical F_U machinery = QCalcGeom v3 native surfaces compute_F_U/FUBi/FUBii/universal_inertia]; SO_5=1/F_TRZ [PAPER_1160 EXACT F_TRZ=1/|SO(5)|]; D_BSFG=6 native via bsfg_* wrapper surfaces [QCalcGeom v3 + PAPER_1159]; D_phys=2*D_BSFG/3 [PAPER_1962]; D_crit=D_BSFG+2*SO_5 [PAPER_1521]; A_5=360/D_BSFG [PAPER_2116]; N_CH=SO_5-1 [PAPER_2128]; K_MEX per PAPER_1522",PAPER_1156;PAPER_1203;PAPER_2124;PAPER_1160;PAPER_1159;PAPER_1962;PAPER_1521;PAPER_2116;PAPER_2128;PAPER_1522
LCDM_H0_tension_ratio,LCDM,d26,bsfg,H0_local/H0_CMB = 1 + F_TRZ*Phi_res_5_6 = 1 + 1/12,1.0833333333333333,1.083679525222552,PAPER_1156,F_TRZ;PHI_RES,XGEO_ROUTED_IDENTITY,H0_local/H0_CMB = 1 + F_TRZ*Phi_res_5_6 = 1 + 1/12 || bsfg-native re-expression: generator D_BSFG: D_phys=2*D_BSFG/3 [PAPER_1962]; SO_5=2*(D_BSFG-1) [R320 triple-form]; D_crit=D_BSFG+2*SO_5 [PAPER_1521]; A_5=360/D_BSFG [PAPER_2116]; N_CH=SO_5-1 [PAPER_2128]; K_MEX per PAPER_1522; kappa per PAPER_2112; real vacuum-kernel primitives global,PAPER_1156;PAPER_1962;R320;PAPER_1521;PAPER_2116;PAPER_2128;PAPER_1522;PAPER_2112
LCDM_H0_tension_ratio,LCDM,d26,dpm,H0_local/H0_CMB = 1 + F_TRZ*Phi_res_5_6 = 1 + 1/12,1.0833333333333333,1.083679525222552,PAPER_1156,F_TRZ;PHI_RES,XGEO_ROUTED_IDENTITY,"H0_local/H0_CMB = 1 + F_TRZ*Phi_res_5_6 = 1 + 1/12 || dpm-native re-expression: generators SO_5=rho_UA/rho_SCm + D_crit=26 caduceus pinch count [PAPER_646], D_phys via magic 8=2*D_phys [PAPER_1203]; D_BSFG=D_crit-2*SO_5 [PAPER_1521]; A_5=360/D_BSFG [PAPER_2116]; N_CH=SO_5-1 [PAPER_2128]; K_MEX per PAPER_1522; kappa per PAPER_2112; real vacuum-kernel primitives native to SCm manifold",PAPER_1156;PAPER_646;PAPER_1203;PAPER_1521;PAPER_2116;PAPER_2128;PAPER_1522;PAPER_2112
LCDM_Li7_BBN_dilution,LCDM,dpm,qcalcgeom,Li-7 dilution = D_phys - 1 = 3 EXACT (integer-primitive Ricci-trace dimension),3.0,3.1,PAPER_1227,D_PHYS,XGEO_ROUTED_IDENTITY,"Li-7 dilution = D_phys - 1 = 3 EXACT (integer-primitive Ricci-trace dimension) || qcalcgeom-native re-expression: F_U-native constant set {rho_SCm, beta_i, SSq, F_TRZ, omega_SCm, Phi_res, S_26} [PAPER_1203/PAPER_2124 canonical F_U machinery = QCalcGeom v3 native surfaces compute_F_U/FUBi/FUBii/universal_inertia]; SO_5=1/F_TRZ [PAPER_1160 EXACT F_TRZ=1/|SO(5)|]; D_BSFG=6 native via bsfg_* wrapper surfaces [QCalcGeom v3 + PAPER_1159]; D_phys=2*D_BSFG/3 [PAPER_1962]; D_crit=D_BSFG+2*SO_5 [PAPER_1521]; A_5=360/D_BSFG [PAPER_2116]; N_CH=SO_5-1 [PAPER_2128]; K_MEX per PAPER_1522",PAPER_1227;PAPER_1203;PAPER_2124;PAPER_1160;PAPER_1159;PAPER_1962;PAPER_1521;PAPER_2116;PAPER_2128;PAPER_1522
LCDM_Li7_BBN_dilution,LCDM,dpm,bsfg,Li-7 dilution = D_phys - 1 = 3 EXACT (integer-primitive Ricci-trace dimension),3.0,3.1,PAPER_1227,D_PHYS,XGEO_ROUTED_IDENTITY,Li-7 dilution = D_phys - 1 = 3 EXACT (integer-primitive Ricci-trace dimension) || bsfg-native re-expression: generator D_BSFG: D_phys=2*D_BSFG/3 [PAPER_1962]; SO_5=2*(D_BSFG-1) [R320 triple-form]; D_crit=D_BSFG+2*SO_5 [PAPER_1521]; A_5=360/D_BSFG [PAPER_2116]; N_CH=SO_5-1 [PAPER_2128]; K_MEX per PAPER_1522; kappa per PAPER_2112; real vacuum-kernel primitives global,PAPER_1227;PAPER_1962;R320;PAPER_1521;PAPER_2116;PAPER_2128;PAPER_1522;PAPER_2112
LCDM_Li7_BBN_dilution,LCDM,dpm,d26,Li-7 dilution = D_phys - 1 = 3 EXACT (integer-primitive Ricci-trace dimension),3.0,3.1,PAPER_1227,D_PHYS,XGEO_ROUTED_IDENTITY,Li-7 dilution = D_phys - 1 = 3 EXACT (integer-primitive Ricci-trace dimension) || d26-native re-expression: generator D_crit=26: D_phys=D_crit-22 with 22=T22 compactified moduli [PAPER_1927]; real vacuum-kernel primitives global,PAPER_1227;PAPER_1927
LCDM_Li7_over_H,LCDM,d26,qcalcgeom,Li-7/H = F_TRZ^10 * D_PHYS*Phi_res/K_MEX,1.600000000000001e-10,1.6e-10,PAPER_1156,D_PHYS;F_TRZ;PHI_RES;K_MEX,XGEO_ROUTED_IDENTITY,"Li-7/H = F_TRZ^10 * D_PHYS*Phi_res/K_MEX || qcalcgeom-native re-expression: F_U-native constant set {rho_SCm, beta_i, SSq, F_TRZ, omega_SCm, Phi_res, S_26} [PAPER_1203/PAPER_2124 canonical F_U machinery = QCalcGeom v3 native surfaces compute_F_U/FUBi/FUBii/universal_inertia]; SO_5=1/F_TRZ [PAPER_1160 EXACT F_TRZ=1/|SO(5)|]; D_BSFG=6 native via bsfg_* wrapper surfaces [QCalcGeom v3 + PAPER_1159]; D_phys=2*D_BSFG/3 [PAPER_1962]; D_crit=D_BSFG+2*SO_5 [PAPER_1521]; A_5=360/D_BSFG [PAPER_2116]; N_CH=SO_5-1 [PAPER_2128]; K_MEX per PAPER_1522",PAPER_1156;PAPER_1203;PAPER_2124;PAPER_1160;PAPER_1159;PAPER_1962;PAPER_1521;PAPER_2116;PAPER_2128;PAPER_1522
LCDM_Li7_over_H,LCDM,d26,bsfg,Li-7/H = F_TRZ^10 * D_PHYS*Phi_res/K_MEX,1.600000000000001e-10,1.6e-10,PAPER_1156,D_PHYS;F_TRZ;PHI_RES;K_MEX,XGEO_ROUTED_IDENTITY,Li-7/H = F_TRZ^10 * D_PHYS*Phi_res/K_MEX || bsfg-native re-expression: generator D_BSFG: D_phys=2*D_BSFG/3 [PAPER_1962]; SO_5=2*(D_BSFG-1) [R320 triple-form]; D_crit=D_BSFG+2*SO_5 [PAPER_1521]; A_5=360/D_BSFG [PAPER_2116]; N_CH=SO_5-1 [PAPER_2128]; K_MEX per PAPER_1522; kappa per PAPER_2112; real vacuum-kernel primitives global,PAPER_1156;PAPER_1962;R320;PAPER_1521;PAPER_2116;PAPER_2128;PAPER_1522;PAPER_2112
LCDM_Li7_over_H,LCDM,d26,dpm,Li-7/H = F_TRZ^10 * D_PHYS*Phi_res/K_MEX,1.600000000000001e-10,1.6e-10,PAPER_1156,D_PHYS;F_TRZ;PHI_RES;K_MEX,XGEO_ROUTED_IDENTITY,"Li-7/H = F_TRZ^10 * D_PHYS*Phi_res/K_MEX || dpm-native re-expression: generators SO_5=rho_UA/rho_SCm + D_crit=26 caduceus pinch count [PAPER_646], D_phys via magic 8=2*D_phys [PAPER_1203]; D_BSFG=D_crit-2*SO_5 [PAPER_1521]; A_5=360/D_BSFG [PAPER_2116]; N_CH=SO_5-1 [PAPER_2128]; K_MEX per PAPER_1522; kappa per PAPER_2112; real vacuum-kernel primitives native to SCm manifold",PAPER_1156;PAPER_646;PAPER_1203;PAPER_1521;PAPER_2116;PAPER_2128;PAPER_1522;PAPER_2112
LCDM_N_eff,LCDM,dpm,qcalcgeom,N_eff = D_PHYS - Phi_res - F_TRZ*K_MEX*SSQ,3.0479166666666666,3.046,PAPER_1156,D_PHYS;F_TRZ;PHI_RES;SSQ;K_MEX,XGEO_ROUTED_IDENTITY,"N_eff = D_PHYS - Phi_res - F_TRZ*K_MEX*SSQ || qcalcgeom-native re-expression: F_U-native constant set {rho_SCm, beta_i, SSq, F_TRZ, omega_SCm, Phi_res, S_26} [PAPER_1203/PAPER_2124 canonical F_U machinery = QCalcGeom v3 native surfaces compute_F_U/FUBi/FUBii/universal_inertia]; SO_5=1/F_TRZ [PAPER_1160 EXACT F_TRZ=1/|SO(5)|]; D_BSFG=6 native via bsfg_* wrapper surfaces [QCalcGeom v3 + PAPER_1159]; D_phys=2*D_BSFG/3 [PAPER_1962]; D_crit=D_BSFG+2*SO_5 [PAPER_1521]; A_5=360/D_BSFG [PAPER_2116]; N_CH=SO_5-1 [PAPER_2128]; K_MEX per PAPER_1522",PAPER_1156;PAPER_1203;PAPER_2124;PAPER_1160;PAPER_1159;PAPER_1962;PAPER_1521;PAPER_2116;PAPER_2128;PAPER_1522
LCDM_N_eff,LCDM,dpm,bsfg,N_eff = D_PHYS - Phi_res - F_TRZ*K_MEX*SSQ,3.0479166666666666,3.046,PAPER_1156,D_PHYS;F_TRZ;PHI_RES;SSQ;K_MEX,XGEO_ROUTED_IDENTITY,N_eff = D_PHYS - Phi_res - F_TRZ*K_MEX*SSQ || bsfg-native re-expression: generator D_BSFG: D_phys=2*D_BSFG/3 [PAPER_1962]; SO_5=2*(D_BSFG-1) [R320 triple-form]; D_crit=D_BSFG+2*SO_5 [PAPER_1521]; A_5=360/D_BSFG [PAPER_2116]; N_CH=SO_5-1 [PAPER_2128]; K_MEX per PAPER_1522; kappa per PAPER_2112; real vacuum-kernel primitives global,PAPER_1156;PAPER_1962;R320;PAPER_1521;PAPER_2116;PAPER_2128;PAPER_1522;PAPER_2112
LCDM_N_eff,LCDM,dpm,d26,N_eff = D_PHYS - Phi_res - F_TRZ*K_MEX*SSQ,3.0479166666666666,3.046,PAPER_1156,D_PHYS;F_TRZ;PHI_RES;SSQ;K_MEX,XGEO_ROUTED_IDENTITY,"N_eff = D_PHYS - Phi_res - F_TRZ*K_MEX*SSQ || d26-native re-expression: generator D_crit=26: SO_5=10 via 26->10 superstring reduction [PAPER_1160 chain 4; CondensedPhysics2.py L28609; 26D_DOWNWARD_PROJECTION.md]; D_BSFG=6, D_phys=4 via 26->10->6->4 flow [PAPER_1160 + PAPER_1159 D=6 resonance manifold]; A_5=360/D_BSFG [PAPER_2116]; N_CH=SO_5-1 [PAPER_2128]; K_MEX per PAPER_1522",PAPER_1156;PAPER_1160;PAPER_1159;PAPER_2116;PAPER_2128;PAPER_1522
LCDM_Omega_m,LCDM,dpm,qcalcgeom,Omega_m = SSQ - K_MEX*F_TRZ - Phi_res*F_TRZ*SSQ,0.3141666666666666,0.315,PAPER_1156,F_TRZ;PHI_RES;SSQ;K_MEX,XGEO_ROUTED_IDENTITY,"Omega_m = SSQ - K_MEX*F_TRZ - Phi_res*F_TRZ*SSQ || qcalcgeom-native re-expression: F_U-native constant set {rho_SCm, beta_i, SSq, F_TRZ, omega_SCm, Phi_res, S_26} [PAPER_1203/PAPER_2124 canonical F_U machinery = QCalcGeom v3 native surfaces compute_F_U/FUBi/FUBii/universal_inertia]; SO_5=1/F_TRZ [PAPER_1160 EXACT F_TRZ=1/|SO(5)|]; D_BSFG=6 native via bsfg_* wrapper surfaces [QCalcGeom v3 + PAPER_1159]; D_phys=2*D_BSFG/3 [PAPER_1962]; D_crit=D_BSFG+2*SO_5 [PAPER_1521]; A_5=360/D_BSFG [PAPER_2116]; N_CH=SO_5-1 [PAPER_2128]; K_MEX per PAPER_1522",PAPER_1156;PAPER_1203;PAPER_2124;PAPER_1160;PAPER_1159;PAPER_1962;PAPER_1521;PAPER_2116;PAPER_2128;PAPER_1522
LCDM_Omega_m,LCDM,dpm,bsfg,Omega_m = SSQ - K_MEX*F_TRZ - Phi_res*F_TRZ*SSQ,0.3141666666666666,0.315,PAPER_1156,F_TRZ;PHI_RES;SSQ;K_MEX,XGEO_ROUTED_IDENTITY,Omega_m = SSQ - K_MEX*F_TRZ - Phi_res*F_TRZ*SSQ || bsfg-native re-expression: generator D_BSFG: D_phys=2*D_BSFG/3 [PAPER_1962]; SO_5=2*(D_BSFG-1) [R320 triple-form]; D_crit=D_BSFG+2*SO_5 [PAPER_1521]; A_5=360/D_BSFG [PAPER_2116]; N_CH=SO_5-1 [PAPER_2128]; K_MEX per PAPER_1522; kappa per PAPER_2112; real vacuum-kernel primitives global,PAPER_1156;PAPER_1962;R320;PAPER_1521;PAPER_2116;PAPER_2128;PAPER_1522;PAPER_2112
LCDM_Omega_m,LCDM,dpm,d26,Omega_m = SSQ - K_MEX*F_TRZ - Phi_res*F_TRZ*SSQ,0.3141666666666666,0.315,PAPER_1156,F_TRZ;PHI_RES;SSQ;K_MEX,XGEO_ROUTED_IDENTITY,"Omega_m = SSQ - K_MEX*F_TRZ - Phi_res*F_TRZ*SSQ || d26-native re-expression: generator D_crit=26: SO_5=10 via 26->10 superstring reduction [PAPER_1160 chain 4; CondensedPhysics2.py L28609; 26D_DOWNWARD_PROJECTION.md]; D_BSFG=6, D_phys=4 via 26->10->6->4 flow [PAPER_1160 + PAPER_1159 D=6 resonance manifold]; A_5=360/D_BSFG [PAPER_2116]; N_CH=SO_5-1 [PAPER_2128]; K_MEX per PAPER_1522",PAPER_1156;PAPER_1160;PAPER_1159;PAPER_2116;PAPER_2128;PAPER_1522
LCDM_T_CMB,LCDM,dpm,qcalcgeom,T_CMB = Phi_res*(D_PHYS-Phi_res+F_TRZ) Kelvin,2.7222222222222223,2.7255,PAPER_1156,D_PHYS;F_TRZ;PHI_RES,XGEO_ROUTED_IDENTITY,"T_CMB = Phi_res*(D_PHYS-Phi_res+F_TRZ) Kelvin || qcalcgeom-native re-expression: F_U-native constant set {rho_SCm, beta_i, SSq, F_TRZ, omega_SCm, Phi_res, S_26} [PAPER_1203/PAPER_2124 canonical F_U machinery = QCalcGeom v3 native surfaces compute_F_U/FUBi/FUBii/universal_inertia]; SO_5=1/F_TRZ [PAPER_1160 EXACT F_TRZ=1/|SO(5)|]; D_BSFG=6 native via bsfg_* wrapper surfaces [QCalcGeom v3 + PAPER_1159]; D_phys=2*D_BSFG/3 [PAPER_1962]; D_crit=D_BSFG+2*SO_5 [PAPER_1521]; A_5=360/D_BSFG [PAPER_2116]; N_CH=SO_5-1 [PAPER_2128]; K_MEX per PAPER_1522",PAPER_1156;PAPER_1203;PAPER_2124;PAPER_1160;PAPER_1159;PAPER_1962;PAPER_1521;PAPER_2116;PAPER_2128;PAPER_1522
LCDM_T_CMB,LCDM,dpm,bsfg,T_CMB = Phi_res*(D_PHYS-Phi_res+F_TRZ) Kelvin,2.7222222222222223,2.7255,PAPER_1156,D_PHYS;F_TRZ;PHI_RES,XGEO_ROUTED_IDENTITY,T_CMB = Phi_res*(D_PHYS-Phi_res+F_TRZ) Kelvin || bsfg-native re-expression: generator D_BSFG: D_phys=2*D_BSFG/3 [PAPER_1962]; SO_5=2*(D_BSFG-1) [R320 triple-form]; D_crit=D_BSFG+2*SO_5 [PAPER_1521]; A_5=360/D_BSFG [PAPER_2116]; N_CH=SO_5-1 [PAPER_2128]; K_MEX per PAPER_1522; kappa per PAPER_2112; real vacuum-kernel primitives global,PAPER_1156;PAPER_1962;R320;PAPER_1521;PAPER_2116;PAPER_2128;PAPER_1522;PAPER_2112
LCDM_T_CMB,LCDM,dpm,d26,T_CMB = Phi_res*(D_PHYS-Phi_res+F_TRZ) Kelvin,2.7222222222222223,2.7255,PAPER_1156,D_PHYS;F_TRZ;PHI_RES,XGEO_ROUTED_IDENTITY,T_CMB = Phi_res*(D_PHYS-Phi_res+F_TRZ) Kelvin || d26-native re-expression: generator D_crit=26: D_phys=D_crit-22 with 22=T22 compactified moduli [PAPER_1927]; real vacuum-kernel primitives global,PAPER_1156;PAPER_1927
LCDM_Y_p,LCDM,dpm,qcalcgeom,Y_p = (1-Phi_res) + Phi_res*F_TRZ*(1-F_TRZ*SSQ),0.24524999999999997,0.2453,PAPER_1156,F_TRZ;PHI_RES;SSQ,XGEO_ROUTED_IDENTITY,"Y_p = (1-Phi_res) + Phi_res*F_TRZ*(1-F_TRZ*SSQ) || qcalcgeom-native re-expression: F_U-native constant set {rho_SCm, beta_i, SSq, F_TRZ, omega_SCm, Phi_res, S_26} [PAPER_1203/PAPER_2124 canonical F_U machinery = QCalcGeom v3 native surfaces compute_F_U/FUBi/FUBii/universal_inertia]; SO_5=1/F_TRZ [PAPER_1160 EXACT F_TRZ=1/|SO(5)|]; D_BSFG=6 native via bsfg_* wrapper surfaces [QCalcGeom v3 + PAPER_1159]; D_phys=2*D_BSFG/3 [PAPER_1962]; D_crit=D_BSFG+2*SO_5 [PAPER_1521]; A_5=360/D_BSFG [PAPER_2116]; N_CH=SO_5-1 [PAPER_2128]; K_MEX per PAPER_1522",PAPER_1156;PAPER_1203;PAPER_2124;PAPER_1160;PAPER_1159;PAPER_1962;PAPER_1521;PAPER_2116;PAPER_2128;PAPER_1522
LCDM_Y_p,LCDM,dpm,bsfg,Y_p = (1-Phi_res) + Phi_res*F_TRZ*(1-F_TRZ*SSQ),0.24524999999999997,0.2453,PAPER_1156,F_TRZ;PHI_RES;SSQ,XGEO_ROUTED_IDENTITY,Y_p = (1-Phi_res) + Phi_res*F_TRZ*(1-F_TRZ*SSQ) || bsfg-native re-expression: generator D_BSFG: D_phys=2*D_BSFG/3 [PAPER_1962]; SO_5=2*(D_BSFG-1) [R320 triple-form]; D_crit=D_BSFG+2*SO_5 [PAPER_1521]; A_5=360/D_BSFG [PAPER_2116]; N_CH=SO_5-1 [PAPER_2128]; K_MEX per PAPER_1522; kappa per PAPER_2112; real vacuum-kernel primitives global,PAPER_1156;PAPER_1962;R320;PAPER_1521;PAPER_2116;PAPER_2128;PAPER_1522;PAPER_2112
LCDM_Y_p,LCDM,dpm,d26,Y_p = (1-Phi_res) + Phi_res*F_TRZ*(1-F_TRZ*SSQ),0.24524999999999997,0.2453,PAPER_1156,F_TRZ;PHI_RES;SSQ,XGEO_ROUTED_IDENTITY,Y_p = (1-Phi_res) + Phi_res*F_TRZ*(1-F_TRZ*SSQ) || d26-native re-expression: generator D_crit=26: D_phys=D_crit-22 with 22=T22 compactified moduli [PAPER_1927]; real vacuum-kernel primitives global,PAPER_1156;PAPER_1927
LCDM_eta_B,LCDM,d26,qcalcgeom,eta_B = D_BSFG * F_TRZ^10,6.000000000000003e-10,6.14e-10,PAPER_1156,D_BSFG;F_TRZ,XGEO_ROUTED_IDENTITY,"eta_B = D_BSFG * F_TRZ^10 || qcalcgeom-native re-expression: F_U-native constant set {rho_SCm, beta_i, SSq, F_TRZ, omega_SCm, Phi_res, S_26} [PAPER_1203/PAPER_2124 canonical F_U machinery = QCalcGeom v3 native surfaces compute_F_U/FUBi/FUBii/universal_inertia]; SO_5=1/F_TRZ [PAPER_1160 EXACT F_TRZ=1/|SO(5)|]; D_BSFG=6 native via bsfg_* wrapper surfaces [QCalcGeom v3 + PAPER_1159]; D_phys=2*D_BSFG/3 [PAPER_1962]; D_crit=D_BSFG+2*SO_5 [PAPER_1521]; A_5=360/D_BSFG [PAPER_2116]; N_CH=SO_5-1 [PAPER_2128]; K_MEX per PAPER_1522",PAPER_1156;PAPER_1203;PAPER_2124;PAPER_1160;PAPER_1159;PAPER_1962;PAPER_1521;PAPER_2116;PAPER_2128;PAPER_1522
LCDM_eta_B,LCDM,d26,bsfg,eta_B = D_BSFG * F_TRZ^10,6.000000000000003e-10,6.14e-10,PAPER_1156,D_BSFG;F_TRZ,XGEO_ROUTED_IDENTITY,eta_B = D_BSFG * F_TRZ^10 || bsfg-native re-expression: generator D_BSFG: D_phys=2*D_BSFG/3 [PAPER_1962]; SO_5=2*(D_BSFG-1) [R320 triple-form]; D_crit=D_BSFG+2*SO_5 [PAPER_1521]; A_5=360/D_BSFG [PAPER_2116]; N_CH=SO_5-1 [PAPER_2128]; K_MEX per PAPER_1522; kappa per PAPER_2112; real vacuum-kernel primitives global,PAPER_1156;PAPER_1962;R320;PAPER_1521;PAPER_2116;PAPER_2128;PAPER_1522;PAPER_2112
LCDM_eta_B,LCDM,d26,dpm,eta_B = D_BSFG * F_TRZ^10,6.000000000000003e-10,6.14e-10,PAPER_1156,D_BSFG;F_TRZ,XGEO_ROUTED_IDENTITY,"eta_B = D_BSFG * F_TRZ^10 || dpm-native re-expression: generators SO_5=rho_UA/rho_SCm + D_crit=26 caduceus pinch count [PAPER_646], D_phys via magic 8=2*D_phys [PAPER_1203]; D_BSFG=D_crit-2*SO_5 [PAPER_1521]; A_5=360/D_BSFG [PAPER_2116]; N_CH=SO_5-1 [PAPER_2128]; K_MEX per PAPER_1522; kappa per PAPER_2112; real vacuum-kernel primitives native to SCm manifold",PAPER_1156;PAPER_646;PAPER_1203;PAPER_1521;PAPER_2116;PAPER_2128;PAPER_1522;PAPER_2112
LCDM_n_s_S336,LCDM,d26,qcalcgeom,n_s = 1 - (1-Phi_res)*F_TRZ*K_MEX,0.9652777777777778,0.9649,PAPER_1156,F_TRZ;PHI_RES;K_MEX,XGEO_ROUTED_IDENTITY,"n_s = 1 - (1-Phi_res)*F_TRZ*K_MEX || qcalcgeom-native re-expression: F_U-native constant set {rho_SCm, beta_i, SSq, F_TRZ, omega_SCm, Phi_res, S_26} [PAPER_1203/PAPER_2124 canonical F_U machinery = QCalcGeom v3 native surfaces compute_F_U/FUBi/FUBii/universal_inertia]; SO_5=1/F_TRZ [PAPER_1160 EXACT F_TRZ=1/|SO(5)|]; D_BSFG=6 native via bsfg_* wrapper surfaces [QCalcGeom v3 + PAPER_1159]; D_phys=2*D_BSFG/3 [PAPER_1962]; D_crit=D_BSFG+2*SO_5 [PAPER_1521]; A_5=360/D_BSFG [PAPER_2116]; N_CH=SO_5-1 [PAPER_2128]; K_MEX per PAPER_1522",PAPER_1156;PAPER_1203;PAPER_2124;PAPER_1160;PAPER_1159;PAPER_1962;PAPER_1521;PAPER_2116;PAPER_2128;PAPER_1522
LCDM_n_s_S336,LCDM,d26,bsfg,n_s = 1 - (1-Phi_res)*F_TRZ*K_MEX,0.9652777777777778,0.9649,PAPER_1156,F_TRZ;PHI_RES;K_MEX,XGEO_ROUTED_IDENTITY,n_s = 1 - (1-Phi_res)*F_TRZ*K_MEX || bsfg-native re-expression: generator D_BSFG: D_phys=2*D_BSFG/3 [PAPER_1962]; SO_5=2*(D_BSFG-1) [R320 triple-form]; D_crit=D_BSFG+2*SO_5 [PAPER_1521]; A_5=360/D_BSFG [PAPER_2116]; N_CH=SO_5-1 [PAPER_2128]; K_MEX per PAPER_1522; kappa per PAPER_2112; real vacuum-kernel primitives global,PAPER_1156;PAPER_1962;R320;PAPER_1521;PAPER_2116;PAPER_2128;PAPER_1522;PAPER_2112
LCDM_n_s_S336,LCDM,d26,dpm,n_s = 1 - (1-Phi_res)*F_TRZ*K_MEX,0.9652777777777778,0.9649,PAPER_1156,F_TRZ;PHI_RES;K_MEX,XGEO_ROUTED_IDENTITY,"n_s = 1 - (1-Phi_res)*F_TRZ*K_MEX || dpm-native re-expression: generators SO_5=rho_UA/rho_SCm + D_crit=26 caduceus pinch count [PAPER_646], D_phys via magic 8=2*D_phys [PAPER_1203]; D_BSFG=D_crit-2*SO_5 [PAPER_1521]; A_5=360/D_BSFG [PAPER_2116]; N_CH=SO_5-1 [PAPER_2128]; K_MEX per PAPER_1522; kappa per PAPER_2112; real vacuum-kernel primitives native to SCm manifold",PAPER_1156;PAPER_646;PAPER_1203;PAPER_1521;PAPER_2116;PAPER_2128;PAPER_1522;PAPER_2112
LCDM_sigma8_KiDS_Planck_lift,LCDM,dpm,qcalcgeom,lift = 1 - SSQ*F_TRZ*Phi_res = 1 - SSQ/12,0.9525,0.945,PAPER_1156,F_TRZ;PHI_RES;SSQ,XGEO_ROUTED_IDENTITY,"lift = 1 - SSQ*F_TRZ*Phi_res = 1 - SSQ/12 || qcalcgeom-native re-expression: F_U-native constant set {rho_SCm, beta_i, SSq, F_TRZ, omega_SCm, Phi_res, S_26} [PAPER_1203/PAPER_2124 canonical F_U machinery = QCalcGeom v3 native surfaces compute_F_U/FUBi/FUBii/universal_inertia]; SO_5=1/F_TRZ [PAPER_1160 EXACT F_TRZ=1/|SO(5)|]; D_BSFG=6 native via bsfg_* wrapper surfaces [QCalcGeom v3 + PAPER_1159]; D_phys=2*D_BSFG/3 [PAPER_1962]; D_crit=D_BSFG+2*SO_5 [PAPER_1521]; A_5=360/D_BSFG [PAPER_2116]; N_CH=SO_5-1 [PAPER_2128]; K_MEX per PAPER_1522",PAPER_1156;PAPER_1203;PAPER_2124;PAPER_1160;PAPER_1159;PAPER_1962;PAPER_1521;PAPER_2116;PAPER_2128;PAPER_1522
LCDM_sigma8_KiDS_Planck_lift,LCDM,dpm,bsfg,lift = 1 - SSQ*F_TRZ*Phi_res = 1 - SSQ/12,0.9525,0.945,PAPER_1156,F_TRZ;PHI_RES;SSQ,XGEO_ROUTED_IDENTITY,lift = 1 - SSQ*F_TRZ*Phi_res = 1 - SSQ/12 || bsfg-native re-expression: generator D_BSFG: D_phys=2*D_BSFG/3 [PAPER_1962]; SO_5=2*(D_BSFG-1) [R320 triple-form]; D_crit=D_BSFG+2*SO_5 [PAPER_1521]; A_5=360/D_BSFG [PAPER_2116]; N_CH=SO_5-1 [PAPER_2128]; K_MEX per PAPER_1522; kappa per PAPER_2112; real vacuum-kernel primitives global,PAPER_1156;PAPER_1962;R320;PAPER_1521;PAPER_2116;PAPER_2128;PAPER_1522;PAPER_2112
LCDM_sigma8_KiDS_Planck_lift,LCDM,dpm,d26,lift = 1 - SSQ*F_TRZ*Phi_res = 1 - SSQ/12,0.9525,0.945,PAPER_1156,F_TRZ;PHI_RES;SSQ,XGEO_ROUTED_IDENTITY,lift = 1 - SSQ*F_TRZ*Phi_res = 1 - SSQ/12 || d26-native re-expression: generator D_crit=26: D_phys=D_crit-22 with 22=T22 compactified moduli [PAPER_1927]; real vacuum-kernel primitives global,PAPER_1156;PAPER_1927
LCDM_sigma_8_S365,LCDM,dpm,qcalcgeom,sigma_8 = (1 + Phi_res - F_TRZ*K_MEX)/2,0.8125,0.811,PAPER_1156,F_TRZ;PHI_RES;K_MEX,XGEO_ROUTED_IDENTITY,"sigma_8 = (1 + Phi_res - F_TRZ*K_MEX)/2 || qcalcgeom-native re-expression: F_U-native constant set {rho_SCm, beta_i, SSq, F_TRZ, omega_SCm, Phi_res, S_26} [PAPER_1203/PAPER_2124 canonical F_U machinery = QCalcGeom v3 native surfaces compute_F_U/FUBi/FUBii/universal_inertia]; SO_5=1/F_TRZ [PAPER_1160 EXACT F_TRZ=1/|SO(5)|]; D_BSFG=6 native via bsfg_* wrapper surfaces [QCalcGeom v3 + PAPER_1159]; D_phys=2*D_BSFG/3 [PAPER_1962]; D_crit=D_BSFG+2*SO_5 [PAPER_1521]; A_5=360/D_BSFG [PAPER_2116]; N_CH=SO_5-1 [PAPER_2128]; K_MEX per PAPER_1522",PAPER_1156;PAPER_1203;PAPER_2124;PAPER_1160;PAPER_1159;PAPER_1962;PAPER_1521;PAPER_2116;PAPER_2128;PAPER_1522
LCDM_sigma_8_S365,LCDM,dpm,bsfg,sigma_8 = (1 + Phi_res - F_TRZ*K_MEX)/2,0.8125,0.811,PAPER_1156,F_TRZ;PHI_RES;K_MEX,XGEO_ROUTED_IDENTITY,sigma_8 = (1 + Phi_res - F_TRZ*K_MEX)/2 || bsfg-native re-expression: generator D_BSFG: D_phys=2*D_BSFG/3 [PAPER_1962]; SO_5=2*(D_BSFG-1) [R320 triple-form]; D_crit=D_BSFG+2*SO_5 [PAPER_1521]; A_5=360/D_BSFG [PAPER_2116]; N_CH=SO_5-1 [PAPER_2128]; K_MEX per PAPER_1522; kappa per PAPER_2112; real vacuum-kernel primitives global,PAPER_1156;PAPER_1962;R320;PAPER_1521;PAPER_2116;PAPER_2128;PAPER_1522;PAPER_2112
LCDM_sigma_8_S365,LCDM,dpm,d26,sigma_8 = (1 + Phi_res - F_TRZ*K_MEX)/2,0.8125,0.811,PAPER_1156,F_TRZ;PHI_RES;K_MEX,XGEO_ROUTED_IDENTITY,"sigma_8 = (1 + Phi_res - F_TRZ*K_MEX)/2 || d26-native re-expression: generator D_crit=26: SO_5=10 via 26->10 superstring reduction [PAPER_1160 chain 4; CondensedPhysics2.py L28609; 26D_DOWNWARD_PROJECTION.md]; D_BSFG=6, D_phys=4 via 26->10->6->4 flow [PAPER_1160 + PAPER_1159 D=6 resonance manifold]; A_5=360/D_BSFG [PAPER_2116]; N_CH=SO_5-1 [PAPER_2128]; K_MEX per PAPER_1522",PAPER_1156;PAPER_1160;PAPER_1159;PAPER_2116;PAPER_2128;PAPER_1522
LCDM_z_reion,LCDM,bsfg,qcalcgeom,z_reion = D_BSFG + D_PHYS*Phi_res/2,7.666666666666667,7.67,PAPER_1156,D_PHYS;D_BSFG;PHI_RES,XGEO_ROUTED_IDENTITY,"z_reion = D_BSFG + D_PHYS*Phi_res/2 || qcalcgeom-native re-expression: F_U-native constant set {rho_SCm, beta_i, SSq, F_TRZ, omega_SCm, Phi_res, S_26} [PAPER_1203/PAPER_2124 canonical F_U machinery = QCalcGeom v3 native surfaces compute_F_U/FUBi/FUBii/universal_inertia]; SO_5=1/F_TRZ [PAPER_1160 EXACT F_TRZ=1/|SO(5)|]; D_BSFG=6 native via bsfg_* wrapper surfaces [QCalcGeom v3 + PAPER_1159]; D_phys=2*D_BSFG/3 [PAPER_1962]; D_crit=D_BSFG+2*SO_5 [PAPER_1521]; A_5=360/D_BSFG [PAPER_2116]; N_CH=SO_5-1 [PAPER_2128]; K_MEX per PAPER_1522",PAPER_1156;PAPER_1203;PAPER_2124;PAPER_1160;PAPER_1159;PAPER_1962;PAPER_1521;PAPER_2116;PAPER_2128;PAPER_1522
LCDM_z_reion,LCDM,bsfg,dpm,z_reion = D_BSFG + D_PHYS*Phi_res/2,7.666666666666667,7.67,PAPER_1156,D_PHYS;D_BSFG;PHI_RES,XGEO_ROUTED_IDENTITY,"z_reion = D_BSFG + D_PHYS*Phi_res/2 || dpm-native re-expression: generators SO_5=rho_UA/rho_SCm + D_crit=26 caduceus pinch count [PAPER_646], D_phys via magic 8=2*D_phys [PAPER_1203]; D_BSFG=D_crit-2*SO_5 [PAPER_1521]; A_5=360/D_BSFG [PAPER_2116]; N_CH=SO_5-1 [PAPER_2128]; K_MEX per PAPER_1522; kappa per PAPER_2112; real vacuum-kernel primitives native to SCm manifold",PAPER_1156;PAPER_646;PAPER_1203;PAPER_1521;PAPER_2116;PAPER_2128;PAPER_1522;PAPER_2112
LCDM_z_reion,LCDM,bsfg,d26,z_reion = D_BSFG + D_PHYS*Phi_res/2,7.666666666666667,7.67,PAPER_1156,D_PHYS;D_BSFG;PHI_RES,XGEO_ROUTED_IDENTITY,"z_reion = D_BSFG + D_PHYS*Phi_res/2 || d26-native re-expression: generator D_crit=26: SO_5=10 via 26->10 superstring reduction [PAPER_1160 chain 4; CondensedPhysics2.py L28609; 26D_DOWNWARD_PROJECTION.md]; D_BSFG=6, D_phys=4 via 26->10->6->4 flow [PAPER_1160 + PAPER_1159 D=6 resonance manifold]; A_5=360/D_BSFG [PAPER_2116]; N_CH=SO_5-1 [PAPER_2128]; K_MEX per PAPER_1522",PAPER_1156;PAPER_1160;PAPER_1159;PAPER_2116;PAPER_2128;PAPER_1522
Pop_III_IMF_max,astro,dpm,qcalcgeom,M_max = A_5 * 2 = 120 M_Sun,120,120.0,PAPER_1652,A_5,XGEO_ROUTED_IDENTITY,"M_max = A_5 * 2 = 120 M_Sun || qcalcgeom-native re-expression: F_U-native constant set {rho_SCm, beta_i, SSq, F_TRZ, omega_SCm, Phi_res, S_26} [PAPER_1203/PAPER_2124 canonical F_U machinery = QCalcGeom v3 native surfaces compute_F_U/FUBi/FUBii/universal_inertia]; SO_5=1/F_TRZ [PAPER_1160 EXACT F_TRZ=1/|SO(5)|]; D_BSFG=6 native via bsfg_* wrapper surfaces [QCalcGeom v3 + PAPER_1159]; D_phys=2*D_BSFG/3 [PAPER_1962]; D_crit=D_BSFG+2*SO_5 [PAPER_1521]; A_5=360/D_BSFG [PAPER_2116]; N_CH=SO_5-1 [PAPER_2128]; K_MEX per PAPER_1522",PAPER_1652;PAPER_1203;PAPER_2124;PAPER_1160;PAPER_1159;PAPER_1962;PAPER_1521;PAPER_2116;PAPER_2128;PAPER_1522
Pop_III_IMF_max,astro,dpm,bsfg,M_max = A_5 * 2 = 120 M_Sun,120,120.0,PAPER_1652,A_5,XGEO_ROUTED_IDENTITY,M_max = A_5 * 2 = 120 M_Sun || bsfg-native re-expression: generator D_BSFG: D_phys=2*D_BSFG/3 [PAPER_1962]; SO_5=2*(D_BSFG-1) [R320 triple-form]; D_crit=D_BSFG+2*SO_5 [PAPER_1521]; A_5=360/D_BSFG [PAPER_2116]; N_CH=SO_5-1 [PAPER_2128]; K_MEX per PAPER_1522; kappa per PAPER_2112; real vacuum-kernel primitives global,PAPER_1652;PAPER_1962;R320;PAPER_1521;PAPER_2116;PAPER_2128;PAPER_1522;PAPER_2112
Pop_III_IMF_max,astro,dpm,d26,M_max = A_5 * 2 = 120 M_Sun,120,120.0,PAPER_1652,A_5,XGEO_ROUTED_IDENTITY,"M_max = A_5 * 2 = 120 M_Sun || d26-native re-expression: generator D_crit=26: SO_5=10 via 26->10 superstring reduction [PAPER_1160 chain 4; CondensedPhysics2.py L28609; 26D_DOWNWARD_PROJECTION.md]; D_BSFG=6, D_phys=4 via 26->10->6->4 flow [PAPER_1160 + PAPER_1159 D=6 resonance manifold]; A_5=360/D_BSFG [PAPER_2116]; N_CH=SO_5-1 [PAPER_2128]; K_MEX per PAPER_1522",PAPER_1652;PAPER_1160;PAPER_1159;PAPER_2116;PAPER_2128;PAPER_1522
SM_PMNS_theta_12_deg,SM,d26,qcalcgeom,theta_12 = 3*SO_5 + D_PHYS - Phi_res + SSQ - F_TRZ - F_TRZ*K_MEX deg,33.42833333333333,33.4,PAPER_1209HH,D_PHYS;SO_5;F_TRZ;PHI_RES;SSQ;K_MEX,XGEO_ROUTED_IDENTITY,"theta_12 = 3*SO_5 + D_PHYS - Phi_res + SSQ - F_TRZ - F_TRZ*K_MEX deg || qcalcgeom-native re-expression: F_U-native constant set {rho_SCm, beta_i, SSq, F_TRZ, omega_SCm, Phi_res, S_26} [PAPER_1203/PAPER_2124 canonical F_U machinery = QCalcGeom v3 native surfaces compute_F_U/FUBi/FUBii/universal_inertia]; SO_5=1/F_TRZ [PAPER_1160 EXACT F_TRZ=1/|SO(5)|]; D_BSFG=6 native via bsfg_* wrapper surfaces [QCalcGeom v3 + PAPER_1159]; D_phys=2*D_BSFG/3 [PAPER_1962]; D_crit=D_BSFG+2*SO_5 [PAPER_1521]; A_5=360/D_BSFG [PAPER_2116]; N_CH=SO_5-1 [PAPER_2128]; K_MEX per PAPER_1522",PAPER_1209HH;PAPER_1203;PAPER_2124;PAPER_1160;PAPER_1159;PAPER_1962;PAPER_1521;PAPER_2116;PAPER_2128;PAPER_1522
SM_PMNS_theta_12_deg,SM,d26,bsfg,theta_12 = 3*SO_5 + D_PHYS - Phi_res + SSQ - F_TRZ - F_TRZ*K_MEX deg,33.42833333333333,33.4,PAPER_1209HH,D_PHYS;SO_5;F_TRZ;PHI_RES;SSQ;K_MEX,XGEO_ROUTED_IDENTITY,theta_12 = 3*SO_5 + D_PHYS - Phi_res + SSQ - F_TRZ - F_TRZ*K_MEX deg || bsfg-native re-expression: generator D_BSFG: D_phys=2*D_BSFG/3 [PAPER_1962]; SO_5=2*(D_BSFG-1) [R320 triple-form]; D_crit=D_BSFG+2*SO_5 [PAPER_1521]; A_5=360/D_BSFG [PAPER_2116]; N_CH=SO_5-1 [PAPER_2128]; K_MEX per PAPER_1522; kappa per PAPER_2112; real vacuum-kernel primitives global,PAPER_1209HH;PAPER_1962;R320;PAPER_1521;PAPER_2116;PAPER_2128;PAPER_1522;PAPER_2112
SM_PMNS_theta_12_deg,SM,d26,dpm,theta_12 = 3*SO_5 + D_PHYS - Phi_res + SSQ - F_TRZ - F_TRZ*K_MEX deg,33.42833333333333,33.4,PAPER_1209HH,D_PHYS;SO_5;F_TRZ;PHI_RES;SSQ;K_MEX,XGEO_ROUTED_IDENTITY,"theta_12 = 3*SO_5 + D_PHYS - Phi_res + SSQ - F_TRZ - F_TRZ*K_MEX deg || dpm-native re-expression: generators SO_5=rho_UA/rho_SCm + D_crit=26 caduceus pinch count [PAPER_646], D_phys via magic 8=2*D_phys [PAPER_1203]; D_BSFG=D_crit-2*SO_5 [PAPER_1521]; A_5=360/D_BSFG [PAPER_2116]; N_CH=SO_5-1 [PAPER_2128]; K_MEX per PAPER_1522; kappa per PAPER_2112; real vacuum-kernel primitives native to SCm manifold",PAPER_1209HH;PAPER_646;PAPER_1203;PAPER_1521;PAPER_2116;PAPER_2128;PAPER_1522;PAPER_2112
SM_alpha_s_M_Z_S378,SM,dpm,qcalcgeom,alpha_s(M_Z) = F_TRZ*K_MEX*SSQ - F_TRZ^3*Phi_res,0.11791666666666667,0.1179,PAPER_1209HH,F_TRZ;PHI_RES;SSQ;K_MEX,XGEO_ROUTED_IDENTITY,"alpha_s(M_Z) = F_TRZ*K_MEX*SSQ - F_TRZ^3*Phi_res || qcalcgeom-native re-expression: F_U-native constant set {rho_SCm, beta_i, SSq, F_TRZ, omega_SCm, Phi_res, S_26} [PAPER_1203/PAPER_2124 canonical F_U machinery = QCalcGeom v3 native surfaces compute_F_U/FUBi/FUBii/universal_inertia]; SO_5=1/F_TRZ [PAPER_1160 EXACT F_TRZ=1/|SO(5)|]; D_BSFG=6 native via bsfg_* wrapper surfaces [QCalcGeom v3 + PAPER_1159]; D_phys=2*D_BSFG/3 [PAPER_1962]; D_crit=D_BSFG+2*SO_5 [PAPER_1521]; A_5=360/D_BSFG [PAPER_2116]; N_CH=SO_5-1 [PAPER_2128]; K_MEX per PAPER_1522",PAPER_1209HH;PAPER_1203;PAPER_2124;PAPER_1160;PAPER_1159;PAPER_1962;PAPER_1521;PAPER_2116;PAPER_2128;PAPER_1522
SM_alpha_s_M_Z_S378,SM,dpm,bsfg,alpha_s(M_Z) = F_TRZ*K_MEX*SSQ - F_TRZ^3*Phi_res,0.11791666666666667,0.1179,PAPER_1209HH,F_TRZ;PHI_RES;SSQ;K_MEX,XGEO_ROUTED_IDENTITY,alpha_s(M_Z) = F_TRZ*K_MEX*SSQ - F_TRZ^3*Phi_res || bsfg-native re-expression: generator D_BSFG: D_phys=2*D_BSFG/3 [PAPER_1962]; SO_5=2*(D_BSFG-1) [R320 triple-form]; D_crit=D_BSFG+2*SO_5 [PAPER_1521]; A_5=360/D_BSFG [PAPER_2116]; N_CH=SO_5-1 [PAPER_2128]; K_MEX per PAPER_1522; kappa per PAPER_2112; real vacuum-kernel primitives global,PAPER_1209HH;PAPER_1962;R320;PAPER_1521;PAPER_2116;PAPER_2128;PAPER_1522;PAPER_2112
SM_alpha_s_M_Z_S378,SM,dpm,d26,alpha_s(M_Z) = F_TRZ*K_MEX*SSQ - F_TRZ^3*Phi_res,0.11791666666666667,0.1179,PAPER_1209HH,F_TRZ;PHI_RES;SSQ;K_MEX,XGEO_ROUTED_IDENTITY,"alpha_s(M_Z) = F_TRZ*K_MEX*SSQ - F_TRZ^3*Phi_res || d26-native re-expression: generator D_crit=26: SO_5=10 via 26->10 superstring reduction [PAPER_1160 chain 4; CondensedPhysics2.py L28609; 26D_DOWNWARD_PROJECTION.md]; D_BSFG=6, D_phys=4 via 26->10->6->4 flow [PAPER_1160 + PAPER_1159 D=6 resonance manifold]; A_5=360/D_BSFG [PAPER_2116]; N_CH=SO_5-1 [PAPER_2128]; K_MEX per PAPER_1522",PAPER_1209HH;PAPER_1160;PAPER_1159;PAPER_2116;PAPER_2128;PAPER_1522
SM_cabibbo_sin_S379,SM,dpm,qcalcgeom,sin(theta_C) = F_TRZ*K_MEX + F_TRZ^3*D_PHYS^2,0.22433333333333338,0.2243,PAPER_1209HH,D_PHYS;F_TRZ;K_MEX,XGEO_ROUTED_IDENTITY,"sin(theta_C) = F_TRZ*K_MEX + F_TRZ^3*D_PHYS^2 || qcalcgeom-native re-expression: F_U-native constant set {rho_SCm, beta_i, SSq, F_TRZ, omega_SCm, Phi_res, S_26} [PAPER_1203/PAPER_2124 canonical F_U machinery = QCalcGeom v3 native surfaces compute_F_U/FUBi/FUBii/universal_inertia]; SO_5=1/F_TRZ [PAPER_1160 EXACT F_TRZ=1/|SO(5)|]; D_BSFG=6 native via bsfg_* wrapper surfaces [QCalcGeom v3 + PAPER_1159]; D_phys=2*D_BSFG/3 [PAPER_1962]; D_crit=D_BSFG+2*SO_5 [PAPER_1521]; A_5=360/D_BSFG [PAPER_2116]; N_CH=SO_5-1 [PAPER_2128]; K_MEX per PAPER_1522",PAPER_1209HH;PAPER_1203;PAPER_2124;PAPER_1160;PAPER_1159;PAPER_1962;PAPER_1521;PAPER_2116;PAPER_2128;PAPER_1522
SM_cabibbo_sin_S379,SM,dpm,bsfg,sin(theta_C) = F_TRZ*K_MEX + F_TRZ^3*D_PHYS^2,0.22433333333333338,0.2243,PAPER_1209HH,D_PHYS;F_TRZ;K_MEX,XGEO_ROUTED_IDENTITY,sin(theta_C) = F_TRZ*K_MEX + F_TRZ^3*D_PHYS^2 || bsfg-native re-expression: generator D_BSFG: D_phys=2*D_BSFG/3 [PAPER_1962]; SO_5=2*(D_BSFG-1) [R320 triple-form]; D_crit=D_BSFG+2*SO_5 [PAPER_1521]; A_5=360/D_BSFG [PAPER_2116]; N_CH=SO_5-1 [PAPER_2128]; K_MEX per PAPER_1522; kappa per PAPER_2112; real vacuum-kernel primitives global,PAPER_1209HH;PAPER_1962;R320;PAPER_1521;PAPER_2116;PAPER_2128;PAPER_1522;PAPER_2112
SM_cabibbo_sin_S379,SM,dpm,d26,sin(theta_C) = F_TRZ*K_MEX + F_TRZ^3*D_PHYS^2,0.22433333333333338,0.2243,PAPER_1209HH,D_PHYS;F_TRZ;K_MEX,XGEO_ROUTED_IDENTITY,"sin(theta_C) = F_TRZ*K_MEX + F_TRZ^3*D_PHYS^2 || d26-native re-expression: generator D_crit=26: SO_5=10 via 26->10 superstring reduction [PAPER_1160 chain 4; CondensedPhysics2.py L28609; 26D_DOWNWARD_PROJECTION.md]; D_BSFG=6, D_phys=4 via 26->10->6->4 flow [PAPER_1160 + PAPER_1159 D=6 resonance manifold]; A_5=360/D_BSFG [PAPER_2116]; N_CH=SO_5-1 [PAPER_2128]; K_MEX per PAPER_1522",PAPER_1209HH;PAPER_1160;PAPER_1159;PAPER_2116;PAPER_2128;PAPER_1522
SM_cabibbo_sin_alternate,SM,dpm,qcalcgeom,"sin(theta_C) = (D_phys * K_MEX * S_26) / (D_BSFG * N_CH) [alternate, 5-primitive Ramanujan-amplification form]",0.22425339506172842,0.22431,PAPER_1167,D_PHYS;D_BSFG;N_CH;K_MEX;S_26,XGEO_ROUTED_IDENTITY,"sin(theta_C) = (D_phys * K_MEX * S_26) / (D_BSFG * N_CH) [alternate, 5-primitive Ramanujan-amplification form] || qcalcgeom-native re-expression: F_U-native constant set {rho_SCm, beta_i, SSq, F_TRZ, omega_SCm, Phi_res, S_26} [PAPER_1203/PAPER_2124 canonical F_U machinery = QCalcGeom v3 native surfaces compute_F_U/FUBi/FUBii/universal_inertia]; SO_5=1/F_TRZ [PAPER_1160 EXACT F_TRZ=1/|SO(5)|]; D_BSFG=6 native via bsfg_* wrapper surfaces [QCalcGeom v3 + PAPER_1159]; D_phys=2*D_BSFG/3 [PAPER_1962]; D_crit=D_BSFG+2*SO_5 [PAPER_1521]; A_5=360/D_BSFG [PAPER_2116]; N_CH=SO_5-1 [PAPER_2128]; K_MEX per PAPER_1522",PAPER_1167;PAPER_1203;PAPER_2124;PAPER_1160;PAPER_1159;PAPER_1962;PAPER_1521;PAPER_2116;PAPER_2128;PAPER_1522
SM_cabibbo_sin_alternate,SM,dpm,bsfg,"sin(theta_C) = (D_phys * K_MEX * S_26) / (D_BSFG * N_CH) [alternate, 5-primitive Ramanujan-amplification form]",0.22425339506172842,0.22431,PAPER_1167,D_PHYS;D_BSFG;N_CH;K_MEX;S_26,XGEO_ROUTED_IDENTITY,"sin(theta_C) = (D_phys * K_MEX * S_26) / (D_BSFG * N_CH) [alternate, 5-primitive Ramanujan-amplification form] || bsfg-native re-expression: generator D_BSFG: D_phys=2*D_BSFG/3 [PAPER_1962]; SO_5=2*(D_BSFG-1) [R320 triple-form]; D_crit=D_BSFG+2*SO_5 [PAPER_1521]; A_5=360/D_BSFG [PAPER_2116]; N_CH=SO_5-1 [PAPER_2128]; K_MEX per PAPER_1522; kappa per PAPER_2112; real vacuum-kernel primitives global",PAPER_1167;PAPER_1962;R320;PAPER_1521;PAPER_2116;PAPER_2128;PAPER_1522;PAPER_2112
SM_cabibbo_sin_alternate,SM,dpm,d26,"sin(theta_C) = (D_phys * K_MEX * S_26) / (D_BSFG * N_CH) [alternate, 5-primitive Ramanujan-amplification form]",0.22425339506172842,0.22431,PAPER_1167,D_PHYS;D_BSFG;N_CH;K_MEX;S_26,XGEO_ROUTED_IDENTITY,"sin(theta_C) = (D_phys * K_MEX * S_26) / (D_BSFG * N_CH) [alternate, 5-primitive Ramanujan-amplification form] || d26-native re-expression: generator D_crit=26: SO_5=10 via 26->10 superstring reduction [PAPER_1160 chain 4; CondensedPhysics2.py L28609; 26D_DOWNWARD_PROJECTION.md]; D_BSFG=6, D_phys=4 via 26->10->6->4 flow [PAPER_1160 + PAPER_1159 D=6 resonance manifold]; A_5=360/D_BSFG [PAPER_2116]; N_CH=SO_5-1 [PAPER_2128]; K_MEX per PAPER_1522",PAPER_1167;PAPER_1160;PAPER_1159;PAPER_2116;PAPER_2128;PAPER_1522
SM_cabibbo_sin_primary,SM,dpm,qcalcgeom,"sin(theta_C) = (N_CH * K_MEX * beta_i) / (A_5 * Phi_res) [primary, 5-primitive triadic ratio form]",0.22429315476190478,0.22431,PAPER_1167,N_CH;A_5;PHI_RES;BETA_I;K_MEX,XGEO_ROUTED_IDENTITY,"sin(theta_C) = (N_CH * K_MEX * beta_i) / (A_5 * Phi_res) [primary, 5-primitive triadic ratio form] || qcalcgeom-native re-expression: F_U-native constant set {rho_SCm, beta_i, SSq, F_TRZ, omega_SCm, Phi_res, S_26} [PAPER_1203/PAPER_2124 canonical F_U machinery = QCalcGeom v3 native surfaces compute_F_U/FUBi/FUBii/universal_inertia]; SO_5=1/F_TRZ [PAPER_1160 EXACT F_TRZ=1/|SO(5)|]; D_BSFG=6 native via bsfg_* wrapper surfaces [QCalcGeom v3 + PAPER_1159]; D_phys=2*D_BSFG/3 [PAPER_1962]; D_crit=D_BSFG+2*SO_5 [PAPER_1521]; A_5=360/D_BSFG [PAPER_2116]; N_CH=SO_5-1 [PAPER_2128]; K_MEX per PAPER_1522",PAPER_1167;PAPER_1203;PAPER_2124;PAPER_1160;PAPER_1159;PAPER_1962;PAPER_1521;PAPER_2116;PAPER_2128;PAPER_1522
SM_cabibbo_sin_primary,SM,dpm,bsfg,"sin(theta_C) = (N_CH * K_MEX * beta_i) / (A_5 * Phi_res) [primary, 5-primitive triadic ratio form]",0.22429315476190478,0.22431,PAPER_1167,N_CH;A_5;PHI_RES;BETA_I;K_MEX,XGEO_ROUTED_IDENTITY,"sin(theta_C) = (N_CH * K_MEX * beta_i) / (A_5 * Phi_res) [primary, 5-primitive triadic ratio form] || bsfg-native re-expression: generator D_BSFG: D_phys=2*D_BSFG/3 [PAPER_1962]; SO_5=2*(D_BSFG-1) [R320 triple-form]; D_crit=D_BSFG+2*SO_5 [PAPER_1521]; A_5=360/D_BSFG [PAPER_2116]; N_CH=SO_5-1 [PAPER_2128]; K_MEX per PAPER_1522; kappa per PAPER_2112; real vacuum-kernel primitives global",PAPER_1167;PAPER_1962;R320;PAPER_1521;PAPER_2116;PAPER_2128;PAPER_1522;PAPER_2112
SM_cabibbo_sin_primary,SM,dpm,d26,"sin(theta_C) = (N_CH * K_MEX * beta_i) / (A_5 * Phi_res) [primary, 5-primitive triadic ratio form]",0.22429315476190478,0.22431,PAPER_1167,N_CH;A_5;PHI_RES;BETA_I;K_MEX,XGEO_ROUTED_IDENTITY,"sin(theta_C) = (N_CH * K_MEX * beta_i) / (A_5 * Phi_res) [primary, 5-primitive triadic ratio form] || d26-native re-expression: generator D_crit=26: SO_5=10 via 26->10 superstring reduction [PAPER_1160 chain 4; CondensedPhysics2.py L28609; 26D_DOWNWARD_PROJECTION.md]; D_BSFG=6, D_phys=4 via 26->10->6->4 flow [PAPER_1160 + PAPER_1159 D=6 resonance manifold]; A_5=360/D_BSFG [PAPER_2116]; N_CH=SO_5-1 [PAPER_2128]; K_MEX per PAPER_1522",PAPER_1167;PAPER_1160;PAPER_1159;PAPER_2116;PAPER_2128;PAPER_1522
SM_cabibbo_theta_deg_S326,SM,dpm,qcalcgeom,theta_C = arcsin((1 - Phi_res) * sqrt(F_TRZ * K_MEX * N_CH)) deg,13.192164874703982,13.04,PAPER_1167,N_CH;F_TRZ;PHI_RES;K_MEX,XGEO_ROUTED_IDENTITY,"theta_C = arcsin((1 - Phi_res) * sqrt(F_TRZ * K_MEX * N_CH)) deg || qcalcgeom-native re-expression: F_U-native constant set {rho_SCm, beta_i, SSq, F_TRZ, omega_SCm, Phi_res, S_26} [PAPER_1203/PAPER_2124 canonical F_U machinery = QCalcGeom v3 native surfaces compute_F_U/FUBi/FUBii/universal_inertia]; SO_5=1/F_TRZ [PAPER_1160 EXACT F_TRZ=1/|SO(5)|]; D_BSFG=6 native via bsfg_* wrapper surfaces [QCalcGeom v3 + PAPER_1159]; D_phys=2*D_BSFG/3 [PAPER_1962]; D_crit=D_BSFG+2*SO_5 [PAPER_1521]; A_5=360/D_BSFG [PAPER_2116]; N_CH=SO_5-1 [PAPER_2128]; K_MEX per PAPER_1522",PAPER_1167;PAPER_1203;PAPER_2124;PAPER_1160;PAPER_1159;PAPER_1962;PAPER_1521;PAPER_2116;PAPER_2128;PAPER_1522
SM_cabibbo_theta_deg_S326,SM,dpm,bsfg,theta_C = arcsin((1 - Phi_res) * sqrt(F_TRZ * K_MEX * N_CH)) deg,13.192164874703982,13.04,PAPER_1167,N_CH;F_TRZ;PHI_RES;K_MEX,XGEO_ROUTED_IDENTITY,theta_C = arcsin((1 - Phi_res) * sqrt(F_TRZ * K_MEX * N_CH)) deg || bsfg-native re-expression: generator D_BSFG: D_phys=2*D_BSFG/3 [PAPER_1962]; SO_5=2*(D_BSFG-1) [R320 triple-form]; D_crit=D_BSFG+2*SO_5 [PAPER_1521]; A_5=360/D_BSFG [PAPER_2116]; N_CH=SO_5-1 [PAPER_2128]; K_MEX per PAPER_1522; kappa per PAPER_2112; real vacuum-kernel primitives global,PAPER_1167;PAPER_1962;R320;PAPER_1521;PAPER_2116;PAPER_2128;PAPER_1522;PAPER_2112
SM_cabibbo_theta_deg_S326,SM,dpm,d26,theta_C = arcsin((1 - Phi_res) * sqrt(F_TRZ * K_MEX * N_CH)) deg,13.192164874703982,13.04,PAPER_1167,N_CH;F_TRZ;PHI_RES;K_MEX,XGEO_ROUTED_IDENTITY,"theta_C = arcsin((1 - Phi_res) * sqrt(F_TRZ * K_MEX * N_CH)) deg || d26-native re-expression: generator D_crit=26: SO_5=10 via 26->10 superstring reduction [PAPER_1160 chain 4; CondensedPhysics2.py L28609; 26D_DOWNWARD_PROJECTION.md]; D_BSFG=6, D_phys=4 via 26->10->6->4 flow [PAPER_1160 + PAPER_1159 D=6 resonance manifold]; A_5=360/D_BSFG [PAPER_2116]; N_CH=SO_5-1 [PAPER_2128]; K_MEX per PAPER_1522",PAPER_1167;PAPER_1160;PAPER_1159;PAPER_2116;PAPER_2128;PAPER_1522
SM_delta_CP,SM,dpm,qcalcgeom,delta_CP = 1 + F_TRZ*K_MEX - F_TRZ*SSQ rad,1.1513333333333335,1.144,PAPER_1209HH,F_TRZ;SSQ;K_MEX,XGEO_ROUTED_IDENTITY,"delta_CP = 1 + F_TRZ*K_MEX - F_TRZ*SSQ rad || qcalcgeom-native re-expression: F_U-native constant set {rho_SCm, beta_i, SSq, F_TRZ, omega_SCm, Phi_res, S_26} [PAPER_1203/PAPER_2124 canonical F_U machinery = QCalcGeom v3 native surfaces compute_F_U/FUBi/FUBii/universal_inertia]; SO_5=1/F_TRZ [PAPER_1160 EXACT F_TRZ=1/|SO(5)|]; D_BSFG=6 native via bsfg_* wrapper surfaces [QCalcGeom v3 + PAPER_1159]; D_phys=2*D_BSFG/3 [PAPER_1962]; D_crit=D_BSFG+2*SO_5 [PAPER_1521]; A_5=360/D_BSFG [PAPER_2116]; N_CH=SO_5-1 [PAPER_2128]; K_MEX per PAPER_1522",PAPER_1209HH;PAPER_1203;PAPER_2124;PAPER_1160;PAPER_1159;PAPER_1962;PAPER_1521;PAPER_2116;PAPER_2128;PAPER_1522
SM_delta_CP,SM,dpm,bsfg,delta_CP = 1 + F_TRZ*K_MEX - F_TRZ*SSQ rad,1.1513333333333335,1.144,PAPER_1209HH,F_TRZ;SSQ;K_MEX,XGEO_ROUTED_IDENTITY,delta_CP = 1 + F_TRZ*K_MEX - F_TRZ*SSQ rad || bsfg-native re-expression: generator D_BSFG: D_phys=2*D_BSFG/3 [PAPER_1962]; SO_5=2*(D_BSFG-1) [R320 triple-form]; D_crit=D_BSFG+2*SO_5 [PAPER_1521]; A_5=360/D_BSFG [PAPER_2116]; N_CH=SO_5-1 [PAPER_2128]; K_MEX per PAPER_1522; kappa per PAPER_2112; real vacuum-kernel primitives global,PAPER_1209HH;PAPER_1962;R320;PAPER_1521;PAPER_2116;PAPER_2128;PAPER_1522;PAPER_2112
SM_delta_CP,SM,dpm,d26,delta_CP = 1 + F_TRZ*K_MEX - F_TRZ*SSQ rad,1.1513333333333335,1.144,PAPER_1209HH,F_TRZ;SSQ;K_MEX,XGEO_ROUTED_IDENTITY,"delta_CP = 1 + F_TRZ*K_MEX - F_TRZ*SSQ rad || d26-native re-expression: generator D_crit=26: SO_5=10 via 26->10 superstring reduction [PAPER_1160 chain 4; CondensedPhysics2.py L28609; 26D_DOWNWARD_PROJECTION.md]; D_BSFG=6, D_phys=4 via 26->10->6->4 flow [PAPER_1160 + PAPER_1159 D=6 resonance manifold]; A_5=360/D_BSFG [PAPER_2116]; N_CH=SO_5-1 [PAPER_2128]; K_MEX per PAPER_1522",PAPER_1209HH;PAPER_1160;PAPER_1159;PAPER_2116;PAPER_2128;PAPER_1522
SM_eta_gamma_gamma_BR,SM,dpm,qcalcgeom,BR(eta->gg) = SO_5*K_MEX + SO_5 + N_CH - F_TRZ - F_TRZ*K_MEX - F_TRZ*Phi_res,39.44166666666666,39.4,PAPER_1209HH,N_CH;SO_5;F_TRZ;PHI_RES;K_MEX,XGEO_ROUTED_IDENTITY,"BR(eta->gg) = SO_5*K_MEX + SO_5 + N_CH - F_TRZ - F_TRZ*K_MEX - F_TRZ*Phi_res || qcalcgeom-native re-expression: F_U-native constant set {rho_SCm, beta_i, SSq, F_TRZ, omega_SCm, Phi_res, S_26} [PAPER_1203/PAPER_2124 canonical F_U machinery = QCalcGeom v3 native surfaces compute_F_U/FUBi/FUBii/universal_inertia]; SO_5=1/F_TRZ [PAPER_1160 EXACT F_TRZ=1/|SO(5)|]; D_BSFG=6 native via bsfg_* wrapper surfaces [QCalcGeom v3 + PAPER_1159]; D_phys=2*D_BSFG/3 [PAPER_1962]; D_crit=D_BSFG+2*SO_5 [PAPER_1521]; A_5=360/D_BSFG [PAPER_2116]; N_CH=SO_5-1 [PAPER_2128]; K_MEX per PAPER_1522",PAPER_1209HH;PAPER_1203;PAPER_2124;PAPER_1160;PAPER_1159;PAPER_1962;PAPER_1521;PAPER_2116;PAPER_2128;PAPER_1522
SM_eta_gamma_gamma_BR,SM,dpm,bsfg,BR(eta->gg) = SO_5*K_MEX + SO_5 + N_CH - F_TRZ - F_TRZ*K_MEX - F_TRZ*Phi_res,39.44166666666666,39.4,PAPER_1209HH,N_CH;SO_5;F_TRZ;PHI_RES;K_MEX,XGEO_ROUTED_IDENTITY,BR(eta->gg) = SO_5*K_MEX + SO_5 + N_CH - F_TRZ - F_TRZ*K_MEX - F_TRZ*Phi_res || bsfg-native re-expression: generator D_BSFG: D_phys=2*D_BSFG/3 [PAPER_1962]; SO_5=2*(D_BSFG-1) [R320 triple-form]; D_crit=D_BSFG+2*SO_5 [PAPER_1521]; A_5=360/D_BSFG [PAPER_2116]; N_CH=SO_5-1 [PAPER_2128]; K_MEX per PAPER_1522; kappa per PAPER_2112; real vacuum-kernel primitives global,PAPER_1209HH;PAPER_1962;R320;PAPER_1521;PAPER_2116;PAPER_2128;PAPER_1522;PAPER_2112
SM_eta_gamma_gamma_BR,SM,dpm,d26,BR(eta->gg) = SO_5*K_MEX + SO_5 + N_CH - F_TRZ - F_TRZ*K_MEX - F_TRZ*Phi_res,39.44166666666666,39.4,PAPER_1209HH,N_CH;SO_5;F_TRZ;PHI_RES;K_MEX,XGEO_ROUTED_IDENTITY,"BR(eta->gg) = SO_5*K_MEX + SO_5 + N_CH - F_TRZ - F_TRZ*K_MEX - F_TRZ*Phi_res || d26-native re-expression: generator D_crit=26: SO_5=10 via 26->10 superstring reduction [PAPER_1160 chain 4; CondensedPhysics2.py L28609; 26D_DOWNWARD_PROJECTION.md]; D_BSFG=6, D_phys=4 via 26->10->6->4 flow [PAPER_1160 + PAPER_1159 D=6 resonance manifold]; A_5=360/D_BSFG [PAPER_2116]; N_CH=SO_5-1 [PAPER_2128]; K_MEX per PAPER_1522",PAPER_1209HH;PAPER_1160;PAPER_1159;PAPER_2116;PAPER_2128;PAPER_1522
SM_generation_count,SM,dpm,qcalcgeom,n_gen = floor(log(1/2)/log(Phi_res_5_6)) = 3,3,3,PAPER_1167,PHI_RES,XGEO_ROUTED_IDENTITY,"RECOVERED: n_gen = floor(log(1/2)/log(Phi_5/6)) = 3 EXACT (Phi_5/6^3=0.579>0.5 stable, Phi_5/6^4=0.482<0.5 decouples) || qcalcgeom-native re-expression: F_U-native constant set {rho_SCm, beta_i, SSq, F_TRZ, omega_SCm, Phi_res, S_26} [PAPER_1203/PAPER_2124 canonical F_U machinery = QCalcGeom v3 native surfaces compute_F_U/FUBi/FUBii/universal_inertia]; SO_5=1/F_TRZ [PAPER_1160 EXACT F_TRZ=1/|SO(5)|]; D_BSFG=6 native via bsfg_* wrapper surfaces [QCalcGeom v3 + PAPER_1159]; D_phys=2*D_BSFG/3 [PAPER_1962]; D_crit=D_BSFG+2*SO_5 [PAPER_1521]; A_5=360/D_BSFG [PAPER_2116]; N_CH=SO_5-1 [PAPER_2128]; K_MEX per PAPER_1522",PAPER_1167;_session324_sm_generations.py;PAPER_1203;PAPER_2124;PAPER_1160;PAPER_1159;PAPER_1962;PAPER_1521;PAPER_2116;PAPER_2128;PAPER_1522
SM_generation_count,SM,dpm,bsfg,n_gen = floor(log(1/2)/log(Phi_res_5_6)) = 3,3,3,PAPER_1167,PHI_RES,XGEO_ROUTED_IDENTITY,n_gen = floor(log(1/2)/log(Phi_res_5_6)) = 3 || bsfg-native re-expression: generator D_BSFG: D_phys=2*D_BSFG/3 [PAPER_1962]; SO_5=2*(D_BSFG-1) [R320 triple-form]; D_crit=D_BSFG+2*SO_5 [PAPER_1521]; A_5=360/D_BSFG [PAPER_2116]; N_CH=SO_5-1 [PAPER_2128]; K_MEX per PAPER_1522; kappa per PAPER_2112; real vacuum-kernel primitives global,PAPER_1167;PAPER_1962;R320;PAPER_1521;PAPER_2116;PAPER_2128;PAPER_1522;PAPER_2112
SM_generation_count,SM,dpm,d26,n_gen = floor(log(1/2)/log(Phi_res_5_6)) = 3,3,3,PAPER_1167,PHI_RES,XGEO_ROUTED_IDENTITY,n_gen = floor(log(1/2)/log(Phi_res_5_6)) = 3 || d26-native re-expression: generator D_crit=26: D_phys=D_crit-22 with 22=T22 compactified moduli [PAPER_1927]; real vacuum-kernel primitives global,PAPER_1167;PAPER_1927
SM_higgs_lambda_S377,SM,dpm,qcalcgeom,lambda_H = F_TRZ*K_MEX*SSQ + F_TRZ^3*K_MEX*N_CH*SSQ,0.1294375,0.1293,PAPER_1209HH,N_CH;F_TRZ;SSQ;K_MEX,XGEO_INDEPENDENT,INDEPENDENT: lambda_H = F_TRZ + F_TRZ^2*K_MEX + F_TRZ^2 - F_TRZ^3 = 0.129833 (S441 variant) — F_TRZ-ladder form -> qcalcgeom per LEADING-PRIMITIVE GEOMETRY RULE (Daniel standing ruling 2026-07-24),S441;PAPER_2131
SM_higgs_lambda_S377,SM,dpm,bsfg,lambda_H = F_TRZ*K_MEX*SSQ + F_TRZ^3*K_MEX*N_CH*SSQ,0.1294375,0.1293,PAPER_1209HH,N_CH;F_TRZ;SSQ;K_MEX,XGEO_ROUTED_IDENTITY,lambda_H = F_TRZ*K_MEX*SSQ + F_TRZ^3*K_MEX*N_CH*SSQ || bsfg-native re-expression: generator D_BSFG: D_phys=2*D_BSFG/3 [PAPER_1962]; SO_5=2*(D_BSFG-1) [R320 triple-form]; D_crit=D_BSFG+2*SO_5 [PAPER_1521]; A_5=360/D_BSFG [PAPER_2116]; N_CH=SO_5-1 [PAPER_2128]; K_MEX per PAPER_1522; kappa per PAPER_2112; real vacuum-kernel primitives global,PAPER_1209HH;PAPER_1962;R320;PAPER_1521;PAPER_2116;PAPER_2128;PAPER_1522;PAPER_2112
SM_higgs_lambda_S377,SM,dpm,d26,lambda_H = F_TRZ*K_MEX*SSQ + F_TRZ^3*K_MEX*N_CH*SSQ,0.1294375,0.1293,PAPER_1209HH,N_CH;F_TRZ;SSQ;K_MEX,XGEO_ROUTED_IDENTITY,"lambda_H = F_TRZ*K_MEX*SSQ + F_TRZ^3*K_MEX*N_CH*SSQ || d26-native re-expression: generator D_crit=26: SO_5=10 via 26->10 superstring reduction [PAPER_1160 chain 4; CondensedPhysics2.py L28609; 26D_DOWNWARD_PROJECTION.md]; D_BSFG=6, D_phys=4 via 26->10->6->4 flow [PAPER_1160 + PAPER_1159 D=6 resonance manifold]; A_5=360/D_BSFG [PAPER_2116]; N_CH=SO_5-1 [PAPER_2128]; K_MEX per PAPER_1522",PAPER_1209HH;PAPER_1160;PAPER_1159;PAPER_2116;PAPER_2128;PAPER_1522
SM_higgs_lambda_S441,SM,dpm,qcalcgeom,lambda_H = F_TRZ + F_TRZ^2*K_MEX + F_TRZ^2 - F_TRZ^3,0.12983333333333336,0.13,PAPER_1209HH,F_TRZ;K_MEX,XGEO_INDEPENDENT,INDEPENDENT: lambda_H = F_TRZ*K_MEX*SSq + F_TRZ^3*K_MEX*N_CH*SSq = 0.1294375 (S377 kernel form) — kernel-K form -> qcalcgeom per LEADING-PRIMITIVE GEOMETRY RULE (Daniel standing ruling 2026-07-24),S377;PAPER_2131
SM_higgs_lambda_S441,SM,dpm,bsfg,lambda_H = F_TRZ + F_TRZ^2*K_MEX + F_TRZ^2 - F_TRZ^3,0.12983333333333336,0.13,PAPER_1209HH,F_TRZ;K_MEX,XGEO_ROUTED_IDENTITY,lambda_H = F_TRZ + F_TRZ^2*K_MEX + F_TRZ^2 - F_TRZ^3 || bsfg-native re-expression: generator D_BSFG: D_phys=2*D_BSFG/3 [PAPER_1962]; SO_5=2*(D_BSFG-1) [R320 triple-form]; D_crit=D_BSFG+2*SO_5 [PAPER_1521]; A_5=360/D_BSFG [PAPER_2116]; N_CH=SO_5-1 [PAPER_2128]; K_MEX per PAPER_1522; kappa per PAPER_2112; real vacuum-kernel primitives global,PAPER_1209HH;PAPER_1962;R320;PAPER_1521;PAPER_2116;PAPER_2128;PAPER_1522;PAPER_2112
SM_higgs_lambda_S441,SM,dpm,d26,lambda_H = F_TRZ + F_TRZ^2*K_MEX + F_TRZ^2 - F_TRZ^3,0.12983333333333336,0.13,PAPER_1209HH,F_TRZ;K_MEX,XGEO_ROUTED_IDENTITY,"lambda_H = F_TRZ + F_TRZ^2*K_MEX + F_TRZ^2 - F_TRZ^3 || d26-native re-expression: generator D_crit=26: SO_5=10 via 26->10 superstring reduction [PAPER_1160 chain 4; CondensedPhysics2.py L28609; 26D_DOWNWARD_PROJECTION.md]; D_BSFG=6, D_phys=4 via 26->10->6->4 flow [PAPER_1160 + PAPER_1159 D=6 resonance manifold]; A_5=360/D_BSFG [PAPER_2116]; N_CH=SO_5-1 [PAPER_2128]; K_MEX per PAPER_1522",PAPER_1209HH;PAPER_1160;PAPER_1159;PAPER_2116;PAPER_2128;PAPER_1522
SM_jarlskog_J,SM,dpm,qcalcgeom,J_CP = F_TRZ^5 * D_BSFG * SSQ * (1 - F_TRZ * K_MEX * SSQ),3.0138750000000003e-05,3e-05,PAPER_1209HH,D_BSFG;F_TRZ;SSQ;K_MEX,XGEO_ROUTED_IDENTITY,"J_CP = F_TRZ^5 * D_BSFG * SSQ * (1 - F_TRZ * K_MEX * SSQ) || qcalcgeom-native re-expression: F_U-native constant set {rho_SCm, beta_i, SSq, F_TRZ, omega_SCm, Phi_res, S_26} [PAPER_1203/PAPER_2124 canonical F_U machinery = QCalcGeom v3 native surfaces compute_F_U/FUBi/FUBii/universal_inertia]; SO_5=1/F_TRZ [PAPER_1160 EXACT F_TRZ=1/|SO(5)|]; D_BSFG=6 native via bsfg_* wrapper surfaces [QCalcGeom v3 + PAPER_1159]; D_phys=2*D_BSFG/3 [PAPER_1962]; D_crit=D_BSFG+2*SO_5 [PAPER_1521]; A_5=360/D_BSFG [PAPER_2116]; N_CH=SO_5-1 [PAPER_2128]; K_MEX per PAPER_1522",PAPER_1209HH;PAPER_1203;PAPER_2124;PAPER_1160;PAPER_1159;PAPER_1962;PAPER_1521;PAPER_2116;PAPER_2128;PAPER_1522
SM_jarlskog_J,SM,dpm,bsfg,J_CP = F_TRZ^5 * D_BSFG * SSQ * (1 - F_TRZ * K_MEX * SSQ),3.0138750000000003e-05,3e-05,PAPER_1209HH,D_BSFG;F_TRZ;SSQ;K_MEX,XGEO_ROUTED_IDENTITY,J_CP = F_TRZ^5 * D_BSFG * SSQ * (1 - F_TRZ * K_MEX * SSQ) || bsfg-native re-expression: generator D_BSFG: D_phys=2*D_BSFG/3 [PAPER_1962]; SO_5=2*(D_BSFG-1) [R320 triple-form]; D_crit=D_BSFG+2*SO_5 [PAPER_1521]; A_5=360/D_BSFG [PAPER_2116]; N_CH=SO_5-1 [PAPER_2128]; K_MEX per PAPER_1522; kappa per PAPER_2112; real vacuum-kernel primitives global,PAPER_1209HH;PAPER_1962;R320;PAPER_1521;PAPER_2116;PAPER_2128;PAPER_1522;PAPER_2112
SM_jarlskog_J,SM,dpm,d26,J_CP = F_TRZ^5 * D_BSFG * SSQ * (1 - F_TRZ * K_MEX * SSQ),3.0138750000000003e-05,3e-05,PAPER_1209HH,D_BSFG;F_TRZ;SSQ;K_MEX,XGEO_ROUTED_IDENTITY,"J_CP = F_TRZ^5 * D_BSFG * SSQ * (1 - F_TRZ * K_MEX * SSQ) || d26-native re-expression: generator D_crit=26: SO_5=10 via 26->10 superstring reduction [PAPER_1160 chain 4; CondensedPhysics2.py L28609; 26D_DOWNWARD_PROJECTION.md]; D_BSFG=6, D_phys=4 via 26->10->6->4 flow [PAPER_1160 + PAPER_1159 D=6 resonance manifold]; A_5=360/D_BSFG [PAPER_2116]; N_CH=SO_5-1 [PAPER_2128]; K_MEX per PAPER_1522",PAPER_1209HH;PAPER_1160;PAPER_1159;PAPER_2116;PAPER_2128;PAPER_1522
SM_mH_over_mt,SM,dpm,qcalcgeom,m_H/m_t = beta_i + F_TRZ*K_MEX*SSQ,0.72165,0.7252880884822515,PAPER_1209HH,F_TRZ;SSQ;BETA_I;K_MEX,XGEO_ROUTED_IDENTITY,"m_H/m_t = beta_i + F_TRZ*K_MEX*SSQ || qcalcgeom-native re-expression: F_U-native constant set {rho_SCm, beta_i, SSq, F_TRZ, omega_SCm, Phi_res, S_26} [PAPER_1203/PAPER_2124 canonical F_U machinery = QCalcGeom v3 native surfaces compute_F_U/FUBi/FUBii/universal_inertia]; SO_5=1/F_TRZ [PAPER_1160 EXACT F_TRZ=1/|SO(5)|]; D_BSFG=6 native via bsfg_* wrapper surfaces [QCalcGeom v3 + PAPER_1159]; D_phys=2*D_BSFG/3 [PAPER_1962]; D_crit=D_BSFG+2*SO_5 [PAPER_1521]; A_5=360/D_BSFG [PAPER_2116]; N_CH=SO_5-1 [PAPER_2128]; K_MEX per PAPER_1522",PAPER_1209HH;PAPER_1203;PAPER_2124;PAPER_1160;PAPER_1159;PAPER_1962;PAPER_1521;PAPER_2116;PAPER_2128;PAPER_1522
SM_mH_over_mt,SM,dpm,bsfg,m_H/m_t = beta_i + F_TRZ*K_MEX*SSQ,0.72165,0.7252880884822515,PAPER_1209HH,F_TRZ;SSQ;BETA_I;K_MEX,XGEO_ROUTED_IDENTITY,m_H/m_t = beta_i + F_TRZ*K_MEX*SSQ || bsfg-native re-expression: generator D_BSFG: D_phys=2*D_BSFG/3 [PAPER_1962]; SO_5=2*(D_BSFG-1) [R320 triple-form]; D_crit=D_BSFG+2*SO_5 [PAPER_1521]; A_5=360/D_BSFG [PAPER_2116]; N_CH=SO_5-1 [PAPER_2128]; K_MEX per PAPER_1522; kappa per PAPER_2112; real vacuum-kernel primitives global,PAPER_1209HH;PAPER_1962;R320;PAPER_1521;PAPER_2116;PAPER_2128;PAPER_1522;PAPER_2112
SM_mH_over_mt,SM,dpm,d26,m_H/m_t = beta_i + F_TRZ*K_MEX*SSQ,0.72165,0.7252880884822515,PAPER_1209HH,F_TRZ;SSQ;BETA_I;K_MEX,XGEO_ROUTED_IDENTITY,"m_H/m_t = beta_i + F_TRZ*K_MEX*SSQ || d26-native re-expression: generator D_crit=26: SO_5=10 via 26->10 superstring reduction [PAPER_1160 chain 4; CondensedPhysics2.py L28609; 26D_DOWNWARD_PROJECTION.md]; D_BSFG=6, D_phys=4 via 26->10->6->4 flow [PAPER_1160 + PAPER_1159 D=6 resonance manifold]; A_5=360/D_BSFG [PAPER_2116]; N_CH=SO_5-1 [PAPER_2128]; K_MEX per PAPER_1522",PAPER_1209HH;PAPER_1160;PAPER_1159;PAPER_2116;PAPER_2128;PAPER_1522
SM_mt_over_mW,SM,dpm,qcalcgeom,m_t/m_W = K_MEX + F_TRZ*SSQ + F_TRZ^2*Phi_res,2.1486666666666667,2.1485001928412357,PAPER_1209HH,F_TRZ;PHI_RES;SSQ;K_MEX,XGEO_ROUTED_IDENTITY,"m_t/m_W = K_MEX + F_TRZ*SSQ + F_TRZ^2*Phi_res || qcalcgeom-native re-expression: F_U-native constant set {rho_SCm, beta_i, SSq, F_TRZ, omega_SCm, Phi_res, S_26} [PAPER_1203/PAPER_2124 canonical F_U machinery = QCalcGeom v3 native surfaces compute_F_U/FUBi/FUBii/universal_inertia]; SO_5=1/F_TRZ [PAPER_1160 EXACT F_TRZ=1/|SO(5)|]; D_BSFG=6 native via bsfg_* wrapper surfaces [QCalcGeom v3 + PAPER_1159]; D_phys=2*D_BSFG/3 [PAPER_1962]; D_crit=D_BSFG+2*SO_5 [PAPER_1521]; A_5=360/D_BSFG [PAPER_2116]; N_CH=SO_5-1 [PAPER_2128]; K_MEX per PAPER_1522",PAPER_1209HH;PAPER_1203;PAPER_2124;PAPER_1160;PAPER_1159;PAPER_1962;PAPER_1521;PAPER_2116;PAPER_2128;PAPER_1522
SM_mt_over_mW,SM,dpm,bsfg,m_t/m_W = K_MEX + F_TRZ*SSQ + F_TRZ^2*Phi_res,2.1486666666666667,2.1485001928412357,PAPER_1209HH,F_TRZ;PHI_RES;SSQ;K_MEX,XGEO_ROUTED_IDENTITY,m_t/m_W = K_MEX + F_TRZ*SSQ + F_TRZ^2*Phi_res || bsfg-native re-expression: generator D_BSFG: D_phys=2*D_BSFG/3 [PAPER_1962]; SO_5=2*(D_BSFG-1) [R320 triple-form]; D_crit=D_BSFG+2*SO_5 [PAPER_1521]; A_5=360/D_BSFG [PAPER_2116]; N_CH=SO_5-1 [PAPER_2128]; K_MEX per PAPER_1522; kappa per PAPER_2112; real vacuum-kernel primitives global,PAPER_1209HH;PAPER_1962;R320;PAPER_1521;PAPER_2116;PAPER_2128;PAPER_1522;PAPER_2112
SM_mt_over_mW,SM,dpm,d26,m_t/m_W = K_MEX + F_TRZ*SSQ + F_TRZ^2*Phi_res,2.1486666666666667,2.1485001928412357,PAPER_1209HH,F_TRZ;PHI_RES;SSQ;K_MEX,XGEO_ROUTED_IDENTITY,"m_t/m_W = K_MEX + F_TRZ*SSQ + F_TRZ^2*Phi_res || d26-native re-expression: generator D_crit=26: SO_5=10 via 26->10 superstring reduction [PAPER_1160 chain 4; CondensedPhysics2.py L28609; 26D_DOWNWARD_PROJECTION.md]; D_BSFG=6, D_phys=4 via 26->10->6->4 flow [PAPER_1160 + PAPER_1159 D=6 resonance manifold]; A_5=360/D_BSFG [PAPER_2116]; N_CH=SO_5-1 [PAPER_2128]; K_MEX per PAPER_1522",PAPER_1209HH;PAPER_1160;PAPER_1159;PAPER_2116;PAPER_2128;PAPER_1522
SM_proton_g_factor,SM,bsfg,qcalcgeom,g_p = D_BSFG - Phi_res + F_TRZ*D_PHYS,5.566666666666667,5.5857,PAPER_1209HH,D_PHYS;D_BSFG;F_TRZ;PHI_RES,XGEO_ROUTED_IDENTITY,"g_p = D_BSFG - Phi_res + F_TRZ*D_PHYS || qcalcgeom-native re-expression: F_U-native constant set {rho_SCm, beta_i, SSq, F_TRZ, omega_SCm, Phi_res, S_26} [PAPER_1203/PAPER_2124 canonical F_U machinery = QCalcGeom v3 native surfaces compute_F_U/FUBi/FUBii/universal_inertia]; SO_5=1/F_TRZ [PAPER_1160 EXACT F_TRZ=1/|SO(5)|]; D_BSFG=6 native via bsfg_* wrapper surfaces [QCalcGeom v3 + PAPER_1159]; D_phys=2*D_BSFG/3 [PAPER_1962]; D_crit=D_BSFG+2*SO_5 [PAPER_1521]; A_5=360/D_BSFG [PAPER_2116]; N_CH=SO_5-1 [PAPER_2128]; K_MEX per PAPER_1522",PAPER_1209HH;PAPER_1203;PAPER_2124;PAPER_1160;PAPER_1159;PAPER_1962;PAPER_1521;PAPER_2116;PAPER_2128;PAPER_1522
SM_proton_g_factor,SM,bsfg,dpm,g_p = D_BSFG - Phi_res + F_TRZ*D_PHYS,5.566666666666667,5.5857,PAPER_1209HH,D_PHYS;D_BSFG;F_TRZ;PHI_RES,XGEO_ROUTED_IDENTITY,"g_p = D_BSFG - Phi_res + F_TRZ*D_PHYS || dpm-native re-expression: generators SO_5=rho_UA/rho_SCm + D_crit=26 caduceus pinch count [PAPER_646], D_phys via magic 8=2*D_phys [PAPER_1203]; D_BSFG=D_crit-2*SO_5 [PAPER_1521]; A_5=360/D_BSFG [PAPER_2116]; N_CH=SO_5-1 [PAPER_2128]; K_MEX per PAPER_1522; kappa per PAPER_2112; real vacuum-kernel primitives native to SCm manifold",PAPER_1209HH;PAPER_646;PAPER_1203;PAPER_1521;PAPER_2116;PAPER_2128;PAPER_1522;PAPER_2112
SM_proton_g_factor,SM,bsfg,d26,g_p = D_BSFG - Phi_res + F_TRZ*D_PHYS,5.566666666666667,5.5857,PAPER_1209HH,D_PHYS;D_BSFG;F_TRZ;PHI_RES,XGEO_ROUTED_IDENTITY,"g_p = D_BSFG - Phi_res + F_TRZ*D_PHYS || d26-native re-expression: generator D_crit=26: SO_5=10 via 26->10 superstring reduction [PAPER_1160 chain 4; CondensedPhysics2.py L28609; 26D_DOWNWARD_PROJECTION.md]; D_BSFG=6, D_phys=4 via 26->10->6->4 flow [PAPER_1160 + PAPER_1159 D=6 resonance manifold]; A_5=360/D_BSFG [PAPER_2116]; N_CH=SO_5-1 [PAPER_2128]; K_MEX per PAPER_1522",PAPER_1209HH;PAPER_1160;PAPER_1159;PAPER_2116;PAPER_2128;PAPER_1522
SM_theta_23_atm,SM,dpm,qcalcgeom,sin^2(theta_23) = SSQ * (1 - F_TRZ^2 * D_PHYS),0.5471999999999999,0.55,PAPER_1209HH,D_PHYS;F_TRZ;SSQ,XGEO_ROUTED_IDENTITY,"sin^2(theta_23) = SSQ * (1 - F_TRZ^2 * D_PHYS) || qcalcgeom-native re-expression: F_U-native constant set {rho_SCm, beta_i, SSq, F_TRZ, omega_SCm, Phi_res, S_26} [PAPER_1203/PAPER_2124 canonical F_U machinery = QCalcGeom v3 native surfaces compute_F_U/FUBi/FUBii/universal_inertia]; SO_5=1/F_TRZ [PAPER_1160 EXACT F_TRZ=1/|SO(5)|]; D_BSFG=6 native via bsfg_* wrapper surfaces [QCalcGeom v3 + PAPER_1159]; D_phys=2*D_BSFG/3 [PAPER_1962]; D_crit=D_BSFG+2*SO_5 [PAPER_1521]; A_5=360/D_BSFG [PAPER_2116]; N_CH=SO_5-1 [PAPER_2128]; K_MEX per PAPER_1522",PAPER_1209HH;PAPER_1203;PAPER_2124;PAPER_1160;PAPER_1159;PAPER_1962;PAPER_1521;PAPER_2116;PAPER_2128;PAPER_1522
SM_theta_23_atm,SM,dpm,bsfg,sin^2(theta_23) = SSQ * (1 - F_TRZ^2 * D_PHYS),0.5471999999999999,0.55,PAPER_1209HH,D_PHYS;F_TRZ;SSQ,XGEO_ROUTED_IDENTITY,sin^2(theta_23) = SSQ * (1 - F_TRZ^2 * D_PHYS) || bsfg-native re-expression: generator D_BSFG: D_phys=2*D_BSFG/3 [PAPER_1962]; SO_5=2*(D_BSFG-1) [R320 triple-form]; D_crit=D_BSFG+2*SO_5 [PAPER_1521]; A_5=360/D_BSFG [PAPER_2116]; N_CH=SO_5-1 [PAPER_2128]; K_MEX per PAPER_1522; kappa per PAPER_2112; real vacuum-kernel primitives global,PAPER_1209HH;PAPER_1962;R320;PAPER_1521;PAPER_2116;PAPER_2128;PAPER_1522;PAPER_2112
SM_theta_23_atm,SM,dpm,d26,sin^2(theta_23) = SSQ * (1 - F_TRZ^2 * D_PHYS),0.5471999999999999,0.55,PAPER_1209HH,D_PHYS;F_TRZ;SSQ,XGEO_ROUTED_IDENTITY,sin^2(theta_23) = SSQ * (1 - F_TRZ^2 * D_PHYS) || d26-native re-expression: generator D_crit=26: D_phys=D_crit-22 with 22=T22 compactified moduli [PAPER_1927]; real vacuum-kernel primitives global,PAPER_1209HH;PAPER_1927
SM_top_yukawa_S376,SM,dpm,qcalcgeom,y_t = 1 - F_TRZ^2 (at m_t scale),0.99,0.9936,PAPER_1209HH,F_TRZ,XGEO_INDEPENDENT,"INDEPENDENT: y_t = Phi_res + F_TRZ + F_TRZ^2 - F_TRZ^3*K_MEX = 0.94125 (S440 variant, own target 0.94, 0.13%) — Phi/F_TRZ F_U-machinery form -> qcalcgeom per LEADING-PRIMITIVE GEOMETRY RULE (Daniel standing ruling 2026-07-24)",S440;PAPER_2131
SM_top_yukawa_S376,SM,dpm,bsfg,y_t = 1 - F_TRZ^2 (at m_t scale),0.99,0.9936,PAPER_1209HH,F_TRZ,XGEO_ROUTED_IDENTITY,y_t = 1 - F_TRZ^2 (at m_t scale) || bsfg-native re-expression: generator D_BSFG: D_phys=2*D_BSFG/3 [PAPER_1962]; SO_5=2*(D_BSFG-1) [R320 triple-form]; D_crit=D_BSFG+2*SO_5 [PAPER_1521]; A_5=360/D_BSFG [PAPER_2116]; N_CH=SO_5-1 [PAPER_2128]; K_MEX per PAPER_1522; kappa per PAPER_2112; real vacuum-kernel primitives global,PAPER_1209HH;PAPER_1962;R320;PAPER_1521;PAPER_2116;PAPER_2128;PAPER_1522;PAPER_2112
SM_top_yukawa_S376,SM,dpm,d26,y_t = 1 - F_TRZ^2 (at m_t scale),0.99,0.9936,PAPER_1209HH,F_TRZ,XGEO_ROUTED_IDENTITY,y_t = 1 - F_TRZ^2 (at m_t scale) || d26-native re-expression: generator D_crit=26: D_phys=D_crit-22 with 22=T22 compactified moduli [PAPER_1927]; real vacuum-kernel primitives global,PAPER_1209HH;PAPER_1927
SM_top_yukawa_S440,SM,dpm,qcalcgeom,y_t = Phi_res + F_TRZ + F_TRZ^2 - F_TRZ^3*K_MEX,0.94125,0.94,PAPER_1209HH,F_TRZ;PHI_RES;K_MEX,XGEO_INDEPENDENT,"INDEPENDENT: y_t = 1 - F_TRZ^2 = 0.99 (S376 form, its target 0.9936, 0.36%) — F_TRZ form -> qcalcgeom per LEADING-PRIMITIVE GEOMETRY RULE (Daniel standing ruling 2026-07-24)",S376;PAPER_2131
SM_top_yukawa_S440,SM,dpm,bsfg,y_t = Phi_res + F_TRZ + F_TRZ^2 - F_TRZ^3*K_MEX,0.94125,0.94,PAPER_1209HH,F_TRZ;PHI_RES;K_MEX,XGEO_ROUTED_IDENTITY,y_t = Phi_res + F_TRZ + F_TRZ^2 - F_TRZ^3*K_MEX || bsfg-native re-expression: generator D_BSFG: D_phys=2*D_BSFG/3 [PAPER_1962]; SO_5=2*(D_BSFG-1) [R320 triple-form]; D_crit=D_BSFG+2*SO_5 [PAPER_1521]; A_5=360/D_BSFG [PAPER_2116]; N_CH=SO_5-1 [PAPER_2128]; K_MEX per PAPER_1522; kappa per PAPER_2112; real vacuum-kernel primitives global,PAPER_1209HH;PAPER_1962;R320;PAPER_1521;PAPER_2116;PAPER_2128;PAPER_1522;PAPER_2112
SM_top_yukawa_S440,SM,dpm,d26,y_t = Phi_res + F_TRZ + F_TRZ^2 - F_TRZ^3*K_MEX,0.94125,0.94,PAPER_1209HH,F_TRZ;PHI_RES;K_MEX,XGEO_ROUTED_IDENTITY,"y_t = Phi_res + F_TRZ + F_TRZ^2 - F_TRZ^3*K_MEX || d26-native re-expression: generator D_crit=26: SO_5=10 via 26->10 superstring reduction [PAPER_1160 chain 4; CondensedPhysics2.py L28609; 26D_DOWNWARD_PROJECTION.md]; D_BSFG=6, D_phys=4 via 26->10->6->4 flow [PAPER_1160 + PAPER_1159 D=6 resonance manifold]; A_5=360/D_BSFG [PAPER_2116]; N_CH=SO_5-1 [PAPER_2128]; K_MEX per PAPER_1522",PAPER_1209HH;PAPER_1160;PAPER_1159;PAPER_2116;PAPER_2128;PAPER_1522
SM_wimp_exponent,SM,dpm,qcalcgeom,WIMP exponent = SO_5*D_PHYS + D_PHYS + K_MEX - F_TRZ*Phi_res,46.0,46,PAPER_1209HH,D_PHYS;SO_5;F_TRZ;PHI_RES;K_MEX,XGEO_ROUTED_IDENTITY,"WIMP exponent = SO_5*D_PHYS + D_PHYS + K_MEX - F_TRZ*Phi_res || qcalcgeom-native re-expression: F_U-native constant set {rho_SCm, beta_i, SSq, F_TRZ, omega_SCm, Phi_res, S_26} [PAPER_1203/PAPER_2124 canonical F_U machinery = QCalcGeom v3 native surfaces compute_F_U/FUBi/FUBii/universal_inertia]; SO_5=1/F_TRZ [PAPER_1160 EXACT F_TRZ=1/|SO(5)|]; D_BSFG=6 native via bsfg_* wrapper surfaces [QCalcGeom v3 + PAPER_1159]; D_phys=2*D_BSFG/3 [PAPER_1962]; D_crit=D_BSFG+2*SO_5 [PAPER_1521]; A_5=360/D_BSFG [PAPER_2116]; N_CH=SO_5-1 [PAPER_2128]; K_MEX per PAPER_1522",PAPER_1209HH;PAPER_1203;PAPER_2124;PAPER_1160;PAPER_1159;PAPER_1962;PAPER_1521;PAPER_2116;PAPER_2128;PAPER_1522
SM_wimp_exponent,SM,dpm,bsfg,WIMP exponent = SO_5*D_PHYS + D_PHYS + K_MEX - F_TRZ*Phi_res,46.0,46,PAPER_1209HH,D_PHYS;SO_5;F_TRZ;PHI_RES;K_MEX,XGEO_ROUTED_IDENTITY,WIMP exponent = SO_5*D_PHYS + D_PHYS + K_MEX - F_TRZ*Phi_res || bsfg-native re-expression: generator D_BSFG: D_phys=2*D_BSFG/3 [PAPER_1962]; SO_5=2*(D_BSFG-1) [R320 triple-form]; D_crit=D_BSFG+2*SO_5 [PAPER_1521]; A_5=360/D_BSFG [PAPER_2116]; N_CH=SO_5-1 [PAPER_2128]; K_MEX per PAPER_1522; kappa per PAPER_2112; real vacuum-kernel primitives global,PAPER_1209HH;PAPER_1962;R320;PAPER_1521;PAPER_2116;PAPER_2128;PAPER_1522;PAPER_2112
SM_wimp_exponent,SM,dpm,d26,WIMP exponent = SO_5*D_PHYS + D_PHYS + K_MEX - F_TRZ*Phi_res,46.0,46,PAPER_1209HH,D_PHYS;SO_5;F_TRZ;PHI_RES;K_MEX,XGEO_ROUTED_IDENTITY,"WIMP exponent = SO_5*D_PHYS + D_PHYS + K_MEX - F_TRZ*Phi_res || d26-native re-expression: generator D_crit=26: SO_5=10 via 26->10 superstring reduction [PAPER_1160 chain 4; CondensedPhysics2.py L28609; 26D_DOWNWARD_PROJECTION.md]; D_BSFG=6, D_phys=4 via 26->10->6->4 flow [PAPER_1160 + PAPER_1159 D=6 resonance manifold]; A_5=360/D_BSFG [PAPER_2116]; N_CH=SO_5-1 [PAPER_2128]; K_MEX per PAPER_1522",PAPER_1209HH;PAPER_1160;PAPER_1159;PAPER_2116;PAPER_2128;PAPER_1522
alpha_inverse,SI,d26,qcalcgeom,1/alpha = A_5 * K_MEX + 1/(F_TRZ * Phi_res_5_6) = 125 + 12 = 137,137.0,137.035999084,PAPER_1167,A_5;F_TRZ;PHI_RES;K_MEX,XGEO_ROUTED_IDENTITY,"1/alpha = A_5 * K_MEX + 1/(F_TRZ * Phi_res_5_6) = 125 + 12 = 137 || qcalcgeom-native re-expression: F_U-native constant set {rho_SCm, beta_i, SSq, F_TRZ, omega_SCm, Phi_res, S_26} [PAPER_1203/PAPER_2124 canonical F_U machinery = QCalcGeom v3 native surfaces compute_F_U/FUBi/FUBii/universal_inertia]; SO_5=1/F_TRZ [PAPER_1160 EXACT F_TRZ=1/|SO(5)|]; D_BSFG=6 native via bsfg_* wrapper surfaces [QCalcGeom v3 + PAPER_1159]; D_phys=2*D_BSFG/3 [PAPER_1962]; D_crit=D_BSFG+2*SO_5 [PAPER_1521]; A_5=360/D_BSFG [PAPER_2116]; N_CH=SO_5-1 [PAPER_2128]; K_MEX per PAPER_1522",PAPER_1167;PAPER_1203;PAPER_2124;PAPER_1160;PAPER_1159;PAPER_1962;PAPER_1521;PAPER_2116;PAPER_2128;PAPER_1522
alpha_inverse,SI,d26,bsfg,1/alpha = A_5 * K_MEX + 1/(F_TRZ * Phi_res_5_6) = 125 + 12 = 137,137.0,137.035999084,PAPER_1167,A_5;F_TRZ;PHI_RES;K_MEX,XGEO_ROUTED_IDENTITY,1/alpha = A_5 * K_MEX + 1/(F_TRZ * Phi_res_5_6) = 125 + 12 = 137 || bsfg-native re-expression: generator D_BSFG: D_phys=2*D_BSFG/3 [PAPER_1962]; SO_5=2*(D_BSFG-1) [R320 triple-form]; D_crit=D_BSFG+2*SO_5 [PAPER_1521]; A_5=360/D_BSFG [PAPER_2116]; N_CH=SO_5-1 [PAPER_2128]; K_MEX per PAPER_1522; kappa per PAPER_2112; real vacuum-kernel primitives global,PAPER_1167;PAPER_1962;R320;PAPER_1521;PAPER_2116;PAPER_2128;PAPER_1522;PAPER_2112
alpha_inverse,SI,d26,dpm,1/alpha = A_5 * K_MEX + 1/(F_TRZ * Phi_res_5_6) = 125 + 12 = 137,137.0,137.035999084,PAPER_1167,A_5;F_TRZ;PHI_RES;K_MEX,XGEO_ROUTED_IDENTITY,"1/alpha = A_5 * K_MEX + 1/(F_TRZ * Phi_res_5_6) = 125 + 12 = 137 || dpm-native re-expression: generators SO_5=rho_UA/rho_SCm + D_crit=26 caduceus pinch count [PAPER_646], D_phys via magic 8=2*D_phys [PAPER_1203]; D_BSFG=D_crit-2*SO_5 [PAPER_1521]; A_5=360/D_BSFG [PAPER_2116]; N_CH=SO_5-1 [PAPER_2128]; K_MEX per PAPER_1522; kappa per PAPER_2112; real vacuum-kernel primitives native to SCm manifold",PAPER_1167;PAPER_646;PAPER_1203;PAPER_1521;PAPER_2116;PAPER_2128;PAPER_1522;PAPER_2112
alpha_s_M_Z,SM,dpm,qcalcgeom,alpha_s(M_Z) = 1/(K_MEX*D_phys + F_TRZ) = 1/8.4333,0.11857707509881422,0.1179,PAPER_1167,D_PHYS;F_TRZ;K_MEX,XGEO_INDEPENDENT,INDEPENDENT: alpha_s = F_TRZ*K_MEX*SSq - F_TRZ^3*Phi_5/6 = 0.1179167 (0.014%) — kernel-K F_U-machinery form -> qcalcgeom per LEADING-PRIMITIVE GEOMETRY RULE (Daniel standing ruling 2026-07-24),S378;PAPER_2131;PAPER_1203;PAPER_2124
alpha_s_M_Z,SM,dpm,bsfg,alpha_s(M_Z) = 1/(K_MEX*D_phys + F_TRZ) = 1/8.4333,0.11857707509881422,0.1179,PAPER_1167,D_PHYS;F_TRZ;K_MEX,XGEO_ROUTED_IDENTITY,alpha_s(M_Z) = 1/(K_MEX*D_phys + F_TRZ) = 1/8.4333 || bsfg-native re-expression: generator D_BSFG: D_phys=2*D_BSFG/3 [PAPER_1962]; SO_5=2*(D_BSFG-1) [R320 triple-form]; D_crit=D_BSFG+2*SO_5 [PAPER_1521]; A_5=360/D_BSFG [PAPER_2116]; N_CH=SO_5-1 [PAPER_2128]; K_MEX per PAPER_1522; kappa per PAPER_2112; real vacuum-kernel primitives global,PAPER_1167;PAPER_1962;R320;PAPER_1521;PAPER_2116;PAPER_2128;PAPER_1522;PAPER_2112
alpha_s_M_Z,SM,dpm,d26,alpha_s(M_Z) = 1/(K_MEX*D_phys + F_TRZ) = 1/8.4333,0.11857707509881422,0.1179,PAPER_1167,D_PHYS;F_TRZ;K_MEX,XGEO_ROUTED_IDENTITY,"alpha_s(M_Z) = 1/(K_MEX*D_phys + F_TRZ) = 1/8.4333 || d26-native re-expression: generator D_crit=26: SO_5=10 via 26->10 superstring reduction [PAPER_1160 chain 4; CondensedPhysics2.py L28609; 26D_DOWNWARD_PROJECTION.md]; D_BSFG=6, D_phys=4 via 26->10->6->4 flow [PAPER_1160 + PAPER_1159 D=6 resonance manifold]; A_5=360/D_BSFG [PAPER_2116]; N_CH=SO_5-1 [PAPER_2128]; K_MEX per PAPER_1522",PAPER_1167;PAPER_1160;PAPER_1159;PAPER_2116;PAPER_2128;PAPER_1522
astro_BH_entropy_coeff,astro,qcalcgeom,bsfg,S/A = F_TRZ*K_MEX + F_TRZ^2*D_PHYS,0.24833333333333338,0.25,PAPER_594,D_PHYS;F_TRZ;K_MEX,XGEO_ROUTED_IDENTITY,S/A = F_TRZ*K_MEX + F_TRZ^2*D_PHYS || bsfg-native re-expression: generator D_BSFG: D_phys=2*D_BSFG/3 [PAPER_1962]; SO_5=2*(D_BSFG-1) [R320 triple-form]; D_crit=D_BSFG+2*SO_5 [PAPER_1521]; A_5=360/D_BSFG [PAPER_2116]; N_CH=SO_5-1 [PAPER_2128]; K_MEX per PAPER_1522; kappa per PAPER_2112; real vacuum-kernel primitives global,PAPER_594;PAPER_1962;R320;PAPER_1521;PAPER_2116;PAPER_2128;PAPER_1522;PAPER_2112
astro_BH_entropy_coeff,astro,qcalcgeom,dpm,S/A = F_TRZ*K_MEX + F_TRZ^2*D_PHYS,0.24833333333333338,0.25,PAPER_594,D_PHYS;F_TRZ;K_MEX,XGEO_ROUTED_IDENTITY,"S/A = F_TRZ*K_MEX + F_TRZ^2*D_PHYS || dpm-native re-expression: generators SO_5=rho_UA/rho_SCm + D_crit=26 caduceus pinch count [PAPER_646], D_phys via magic 8=2*D_phys [PAPER_1203]; D_BSFG=D_crit-2*SO_5 [PAPER_1521]; A_5=360/D_BSFG [PAPER_2116]; N_CH=SO_5-1 [PAPER_2128]; K_MEX per PAPER_1522; kappa per PAPER_2112; real vacuum-kernel primitives native to SCm manifold",PAPER_594;PAPER_646;PAPER_1203;PAPER_1521;PAPER_2116;PAPER_2128;PAPER_1522;PAPER_2112
astro_BH_entropy_coeff,astro,qcalcgeom,d26,S/A = F_TRZ*K_MEX + F_TRZ^2*D_PHYS,0.24833333333333338,0.25,PAPER_594,D_PHYS;F_TRZ;K_MEX,XGEO_ROUTED_IDENTITY,"S/A = F_TRZ*K_MEX + F_TRZ^2*D_PHYS || d26-native re-expression: generator D_crit=26: SO_5=10 via 26->10 superstring reduction [PAPER_1160 chain 4; CondensedPhysics2.py L28609; 26D_DOWNWARD_PROJECTION.md]; D_BSFG=6, D_phys=4 via 26->10->6->4 flow [PAPER_1160 + PAPER_1159 D=6 resonance manifold]; A_5=360/D_BSFG [PAPER_2116]; N_CH=SO_5-1 [PAPER_2128]; K_MEX per PAPER_1522",PAPER_594;PAPER_1160;PAPER_1159;PAPER_2116;PAPER_2128;PAPER_1522
astro_Chandrasekhar_mass,astro,qcalcgeom,bsfg,M_Ch = F_TRZ*D_PHYS^2*(1-F_TRZ) M_sun,1.4400000000000002,1.44,PAPER_1149,D_PHYS;F_TRZ,XGEO_ROUTED_IDENTITY,M_Ch = F_TRZ*D_PHYS^2*(1-F_TRZ) M_sun || bsfg-native re-expression: generator D_BSFG: D_phys=2*D_BSFG/3 [PAPER_1962]; SO_5=2*(D_BSFG-1) [R320 triple-form]; D_crit=D_BSFG+2*SO_5 [PAPER_1521]; A_5=360/D_BSFG [PAPER_2116]; N_CH=SO_5-1 [PAPER_2128]; K_MEX per PAPER_1522; kappa per PAPER_2112; real vacuum-kernel primitives global,PAPER_1149;PAPER_1962;R320;PAPER_1521;PAPER_2116;PAPER_2128;PAPER_1522;PAPER_2112
astro_Chandrasekhar_mass,astro,qcalcgeom,dpm,M_Ch = F_TRZ*D_PHYS^2*(1-F_TRZ) M_sun,1.4400000000000002,1.44,PAPER_1149,D_PHYS;F_TRZ,XGEO_ROUTED_IDENTITY,"M_Ch = F_TRZ*D_PHYS^2*(1-F_TRZ) M_sun || dpm-native re-expression: generators SO_5=rho_UA/rho_SCm + D_crit=26 caduceus pinch count [PAPER_646], D_phys via magic 8=2*D_phys [PAPER_1203]; D_BSFG=D_crit-2*SO_5 [PAPER_1521]; A_5=360/D_BSFG [PAPER_2116]; N_CH=SO_5-1 [PAPER_2128]; K_MEX per PAPER_1522; kappa per PAPER_2112; real vacuum-kernel primitives native to SCm manifold",PAPER_1149;PAPER_646;PAPER_1203;PAPER_1521;PAPER_2116;PAPER_2128;PAPER_1522;PAPER_2112
astro_Chandrasekhar_mass,astro,qcalcgeom,d26,M_Ch = F_TRZ*D_PHYS^2*(1-F_TRZ) M_sun,1.4400000000000002,1.44,PAPER_1149,D_PHYS;F_TRZ,XGEO_ROUTED_IDENTITY,M_Ch = F_TRZ*D_PHYS^2*(1-F_TRZ) M_sun || d26-native re-expression: generator D_crit=26: D_phys=D_crit-22 with 22=T22 compactified moduli [PAPER_1927]; real vacuum-kernel primitives global,PAPER_1149;PAPER_1927
astro_ISCO_r_M,astro,bsfg,qcalcgeom,r_ISCO/M = D_BSFG = 6 EXACT,6,6.0,PAPER_1149,D_BSFG,XGEO_ROUTED_IDENTITY,"r_ISCO/M = D_BSFG = 6 EXACT || qcalcgeom-native re-expression: F_U-native constant set {rho_SCm, beta_i, SSq, F_TRZ, omega_SCm, Phi_res, S_26} [PAPER_1203/PAPER_2124 canonical F_U machinery = QCalcGeom v3 native surfaces compute_F_U/FUBi/FUBii/universal_inertia]; SO_5=1/F_TRZ [PAPER_1160 EXACT F_TRZ=1/|SO(5)|]; D_BSFG=6 native via bsfg_* wrapper surfaces [QCalcGeom v3 + PAPER_1159]; D_phys=2*D_BSFG/3 [PAPER_1962]; D_crit=D_BSFG+2*SO_5 [PAPER_1521]; A_5=360/D_BSFG [PAPER_2116]; N_CH=SO_5-1 [PAPER_2128]; K_MEX per PAPER_1522",PAPER_1149;PAPER_1203;PAPER_2124;PAPER_1160;PAPER_1159;PAPER_1962;PAPER_1521;PAPER_2116;PAPER_2128;PAPER_1522
astro_ISCO_r_M,astro,bsfg,dpm,r_ISCO/M = D_BSFG = 6 EXACT,6,6.0,PAPER_1149,D_BSFG,XGEO_ROUTED_IDENTITY,"r_ISCO/M = D_BSFG = 6 EXACT || dpm-native re-expression: generators SO_5=rho_UA/rho_SCm + D_crit=26 caduceus pinch count [PAPER_646], D_phys via magic 8=2*D_phys [PAPER_1203]; D_BSFG=D_crit-2*SO_5 [PAPER_1521]; A_5=360/D_BSFG [PAPER_2116]; N_CH=SO_5-1 [PAPER_2128]; K_MEX per PAPER_1522; kappa per PAPER_2112; real vacuum-kernel primitives native to SCm manifold",PAPER_1149;PAPER_646;PAPER_1203;PAPER_1521;PAPER_2116;PAPER_2128;PAPER_1522;PAPER_2112
astro_ISCO_r_M,astro,bsfg,d26,r_ISCO/M = D_BSFG = 6 EXACT,6,6.0,PAPER_1149,D_BSFG,XGEO_ROUTED_IDENTITY,"r_ISCO/M = D_BSFG = 6 EXACT || d26-native re-expression: generator D_crit=26: SO_5=10 via 26->10 superstring reduction [PAPER_1160 chain 4; CondensedPhysics2.py L28609; 26D_DOWNWARD_PROJECTION.md]; D_BSFG=6, D_phys=4 via 26->10->6->4 flow [PAPER_1160 + PAPER_1159 D=6 resonance manifold]; A_5=360/D_BSFG [PAPER_2116]; N_CH=SO_5-1 [PAPER_2128]; K_MEX per PAPER_1522",PAPER_1149;PAPER_1160;PAPER_1159;PAPER_2116;PAPER_2128;PAPER_1522
astro_NS_compactness,astro,qcalcgeom,bsfg,GM/(Rc^2) = K_MEX*F_TRZ + F_TRZ^3*D_PHYS*SSQ,0.21061333333333337,0.21,PAPER_1149,D_PHYS;F_TRZ;SSQ;K_MEX,XGEO_ROUTED_IDENTITY,GM/(Rc^2) = K_MEX*F_TRZ + F_TRZ^3*D_PHYS*SSQ || bsfg-native re-expression: generator D_BSFG: D_phys=2*D_BSFG/3 [PAPER_1962]; SO_5=2*(D_BSFG-1) [R320 triple-form]; D_crit=D_BSFG+2*SO_5 [PAPER_1521]; A_5=360/D_BSFG [PAPER_2116]; N_CH=SO_5-1 [PAPER_2128]; K_MEX per PAPER_1522; kappa per PAPER_2112; real vacuum-kernel primitives global,PAPER_1149;PAPER_1962;R320;PAPER_1521;PAPER_2116;PAPER_2128;PAPER_1522;PAPER_2112
astro_NS_compactness,astro,qcalcgeom,dpm,GM/(Rc^2) = K_MEX*F_TRZ + F_TRZ^3*D_PHYS*SSQ,0.21061333333333337,0.21,PAPER_1149,D_PHYS;F_TRZ;SSQ;K_MEX,XGEO_ROUTED_IDENTITY,"GM/(Rc^2) = K_MEX*F_TRZ + F_TRZ^3*D_PHYS*SSQ || dpm-native re-expression: generators SO_5=rho_UA/rho_SCm + D_crit=26 caduceus pinch count [PAPER_646], D_phys via magic 8=2*D_phys [PAPER_1203]; D_BSFG=D_crit-2*SO_5 [PAPER_1521]; A_5=360/D_BSFG [PAPER_2116]; N_CH=SO_5-1 [PAPER_2128]; K_MEX per PAPER_1522; kappa per PAPER_2112; real vacuum-kernel primitives native to SCm manifold",PAPER_1149;PAPER_646;PAPER_1203;PAPER_1521;PAPER_2116;PAPER_2128;PAPER_1522;PAPER_2112
astro_NS_compactness,astro,qcalcgeom,d26,GM/(Rc^2) = K_MEX*F_TRZ + F_TRZ^3*D_PHYS*SSQ,0.21061333333333337,0.21,PAPER_1149,D_PHYS;F_TRZ;SSQ;K_MEX,XGEO_ROUTED_IDENTITY,"GM/(Rc^2) = K_MEX*F_TRZ + F_TRZ^3*D_PHYS*SSQ || d26-native re-expression: generator D_crit=26: SO_5=10 via 26->10 superstring reduction [PAPER_1160 chain 4; CondensedPhysics2.py L28609; 26D_DOWNWARD_PROJECTION.md]; D_BSFG=6, D_phys=4 via 26->10->6->4 flow [PAPER_1160 + PAPER_1159 D=6 resonance manifold]; A_5=360/D_BSFG [PAPER_2116]; N_CH=SO_5-1 [PAPER_2128]; K_MEX per PAPER_1522",PAPER_1149;PAPER_1160;PAPER_1159;PAPER_2116;PAPER_2128;PAPER_1522
astro_Salpeter_IMF_alpha,astro,dpm,qcalcgeom,alpha = K_MEX + Phi_res - F_TRZ*D_BSFG + F_TRZ^2*(D_PHYS-Phi_res),2.3483333333333336,2.35,PAPER_1149,D_PHYS;D_BSFG;F_TRZ;PHI_RES;K_MEX,XGEO_ROUTED_IDENTITY,"alpha = K_MEX + Phi_res - F_TRZ*D_BSFG + F_TRZ^2*(D_PHYS-Phi_res) || qcalcgeom-native re-expression: F_U-native constant set {rho_SCm, beta_i, SSq, F_TRZ, omega_SCm, Phi_res, S_26} [PAPER_1203/PAPER_2124 canonical F_U machinery = QCalcGeom v3 native surfaces compute_F_U/FUBi/FUBii/universal_inertia]; SO_5=1/F_TRZ [PAPER_1160 EXACT F_TRZ=1/|SO(5)|]; D_BSFG=6 native via bsfg_* wrapper surfaces [QCalcGeom v3 + PAPER_1159]; D_phys=2*D_BSFG/3 [PAPER_1962]; D_crit=D_BSFG+2*SO_5 [PAPER_1521]; A_5=360/D_BSFG [PAPER_2116]; N_CH=SO_5-1 [PAPER_2128]; K_MEX per PAPER_1522",PAPER_1149;PAPER_1203;PAPER_2124;PAPER_1160;PAPER_1159;PAPER_1962;PAPER_1521;PAPER_2116;PAPER_2128;PAPER_1522
astro_Salpeter_IMF_alpha,astro,dpm,bsfg,alpha = K_MEX + Phi_res - F_TRZ*D_BSFG + F_TRZ^2*(D_PHYS-Phi_res),2.3483333333333336,2.35,PAPER_1149,D_PHYS;D_BSFG;F_TRZ;PHI_RES;K_MEX,XGEO_ROUTED_IDENTITY,alpha = K_MEX + Phi_res - F_TRZ*D_BSFG + F_TRZ^2*(D_PHYS-Phi_res) || bsfg-native re-expression: generator D_BSFG: D_phys=2*D_BSFG/3 [PAPER_1962]; SO_5=2*(D_BSFG-1) [R320 triple-form]; D_crit=D_BSFG+2*SO_5 [PAPER_1521]; A_5=360/D_BSFG [PAPER_2116]; N_CH=SO_5-1 [PAPER_2128]; K_MEX per PAPER_1522; kappa per PAPER_2112; real vacuum-kernel primitives global,PAPER_1149;PAPER_1962;R320;PAPER_1521;PAPER_2116;PAPER_2128;PAPER_1522;PAPER_2112
astro_Salpeter_IMF_alpha,astro,dpm,d26,alpha = K_MEX + Phi_res - F_TRZ*D_BSFG + F_TRZ^2*(D_PHYS-Phi_res),2.3483333333333336,2.35,PAPER_1149,D_PHYS;D_BSFG;F_TRZ;PHI_RES;K_MEX,XGEO_ROUTED_IDENTITY,"alpha = K_MEX + Phi_res - F_TRZ*D_BSFG + F_TRZ^2*(D_PHYS-Phi_res) || d26-native re-expression: generator D_crit=26: SO_5=10 via 26->10 superstring reduction [PAPER_1160 chain 4; CondensedPhysics2.py L28609; 26D_DOWNWARD_PROJECTION.md]; D_BSFG=6, D_phys=4 via 26->10->6->4 flow [PAPER_1160 + PAPER_1159 D=6 resonance manifold]; A_5=360/D_BSFG [PAPER_2116]; N_CH=SO_5-1 [PAPER_2128]; K_MEX per PAPER_1522",PAPER_1149;PAPER_1160;PAPER_1159;PAPER_2116;PAPER_2128;PAPER_1522
astro_Solar_Schwarzschild_ratio,astro,bsfg,qcalcgeom,R_s/R_sun = F_TRZ^6*D_PHYS*(1+F_TRZ*SSQ),4.228000000000002e-06,4.24e-06,PAPER_1149,D_PHYS;F_TRZ;SSQ,XGEO_ROUTED_IDENTITY,"R_s/R_sun = F_TRZ^6*D_PHYS*(1+F_TRZ*SSQ) || qcalcgeom-native re-expression: F_U-native constant set {rho_SCm, beta_i, SSq, F_TRZ, omega_SCm, Phi_res, S_26} [PAPER_1203/PAPER_2124 canonical F_U machinery = QCalcGeom v3 native surfaces compute_F_U/FUBi/FUBii/universal_inertia]; SO_5=1/F_TRZ [PAPER_1160 EXACT F_TRZ=1/|SO(5)|]; D_BSFG=6 native via bsfg_* wrapper surfaces [QCalcGeom v3 + PAPER_1159]; D_phys=2*D_BSFG/3 [PAPER_1962]; D_crit=D_BSFG+2*SO_5 [PAPER_1521]; A_5=360/D_BSFG [PAPER_2116]; N_CH=SO_5-1 [PAPER_2128]; K_MEX per PAPER_1522",PAPER_1149;PAPER_1203;PAPER_2124;PAPER_1160;PAPER_1159;PAPER_1962;PAPER_1521;PAPER_2116;PAPER_2128;PAPER_1522
astro_Solar_Schwarzschild_ratio,astro,bsfg,dpm,R_s/R_sun = F_TRZ^6*D_PHYS*(1+F_TRZ*SSQ),4.228000000000002e-06,4.24e-06,PAPER_1149,D_PHYS;F_TRZ;SSQ,XGEO_ROUTED_IDENTITY,"R_s/R_sun = F_TRZ^6*D_PHYS*(1+F_TRZ*SSQ) || dpm-native re-expression: generators SO_5=rho_UA/rho_SCm + D_crit=26 caduceus pinch count [PAPER_646], D_phys via magic 8=2*D_phys [PAPER_1203]; D_BSFG=D_crit-2*SO_5 [PAPER_1521]; A_5=360/D_BSFG [PAPER_2116]; N_CH=SO_5-1 [PAPER_2128]; K_MEX per PAPER_1522; kappa per PAPER_2112; real vacuum-kernel primitives native to SCm manifold",PAPER_1149;PAPER_646;PAPER_1203;PAPER_1521;PAPER_2116;PAPER_2128;PAPER_1522;PAPER_2112
astro_Solar_Schwarzschild_ratio,astro,bsfg,d26,R_s/R_sun = F_TRZ^6*D_PHYS*(1+F_TRZ*SSQ),4.228000000000002e-06,4.24e-06,PAPER_1149,D_PHYS;F_TRZ;SSQ,XGEO_ROUTED_IDENTITY,R_s/R_sun = F_TRZ^6*D_PHYS*(1+F_TRZ*SSQ) || d26-native re-expression: generator D_crit=26: D_phys=D_crit-22 with 22=T22 compactified moduli [PAPER_1927]; real vacuum-kernel primitives global,PAPER_1149;PAPER_1927
astro_TOV_max_mass,astro,qcalcgeom,bsfg,M_TOV = K_MEX + F_TRZ*SSQ + F_TRZ^2*SSQ*(D_PHYS-Phi_res),2.1583833333333335,2.16,PAPER_1149,D_PHYS;F_TRZ;PHI_RES;SSQ;K_MEX,XGEO_ROUTED_IDENTITY,M_TOV = K_MEX + F_TRZ*SSQ + F_TRZ^2*SSQ*(D_PHYS-Phi_res) || bsfg-native re-expression: generator D_BSFG: D_phys=2*D_BSFG/3 [PAPER_1962]; SO_5=2*(D_BSFG-1) [R320 triple-form]; D_crit=D_BSFG+2*SO_5 [PAPER_1521]; A_5=360/D_BSFG [PAPER_2116]; N_CH=SO_5-1 [PAPER_2128]; K_MEX per PAPER_1522; kappa per PAPER_2112; real vacuum-kernel primitives global,PAPER_1149;PAPER_1962;R320;PAPER_1521;PAPER_2116;PAPER_2128;PAPER_1522;PAPER_2112
astro_TOV_max_mass,astro,qcalcgeom,dpm,M_TOV = K_MEX + F_TRZ*SSQ + F_TRZ^2*SSQ*(D_PHYS-Phi_res),2.1583833333333335,2.16,PAPER_1149,D_PHYS;F_TRZ;PHI_RES;SSQ;K_MEX,XGEO_ROUTED_IDENTITY,"M_TOV = K_MEX + F_TRZ*SSQ + F_TRZ^2*SSQ*(D_PHYS-Phi_res) || dpm-native re-expression: generators SO_5=rho_UA/rho_SCm + D_crit=26 caduceus pinch count [PAPER_646], D_phys via magic 8=2*D_phys [PAPER_1203]; D_BSFG=D_crit-2*SO_5 [PAPER_1521]; A_5=360/D_BSFG [PAPER_2116]; N_CH=SO_5-1 [PAPER_2128]; K_MEX per PAPER_1522; kappa per PAPER_2112; real vacuum-kernel primitives native to SCm manifold",PAPER_1149;PAPER_646;PAPER_1203;PAPER_1521;PAPER_2116;PAPER_2128;PAPER_1522;PAPER_2112
astro_TOV_max_mass,astro,qcalcgeom,d26,M_TOV = K_MEX + F_TRZ*SSQ + F_TRZ^2*SSQ*(D_PHYS-Phi_res),2.1583833333333335,2.16,PAPER_1149,D_PHYS;F_TRZ;PHI_RES;SSQ;K_MEX,XGEO_ROUTED_IDENTITY,"M_TOV = K_MEX + F_TRZ*SSQ + F_TRZ^2*SSQ*(D_PHYS-Phi_res) || d26-native re-expression: generator D_crit=26: SO_5=10 via 26->10 superstring reduction [PAPER_1160 chain 4; CondensedPhysics2.py L28609; 26D_DOWNWARD_PROJECTION.md]; D_BSFG=6, D_phys=4 via 26->10->6->4 flow [PAPER_1160 + PAPER_1159 D=6 resonance manifold]; A_5=360/D_BSFG [PAPER_2116]; N_CH=SO_5-1 [PAPER_2128]; K_MEX per PAPER_1522",PAPER_1149;PAPER_1160;PAPER_1159;PAPER_2116;PAPER_2128;PAPER_1522
astro_WD_radius_mass_exponent,astro,dpm,qcalcgeom,exponent = -Phi_res*F_TRZ*D_PHYS = -1/3 EXACT,-0.33333333333333337,-0.3333333333333333,PAPER_1149,D_PHYS;F_TRZ;PHI_RES,XGEO_ROUTED_IDENTITY,"exponent = -Phi_res*F_TRZ*D_PHYS = -1/3 EXACT || qcalcgeom-native re-expression: F_U-native constant set {rho_SCm, beta_i, SSq, F_TRZ, omega_SCm, Phi_res, S_26} [PAPER_1203/PAPER_2124 canonical F_U machinery = QCalcGeom v3 native surfaces compute_F_U/FUBi/FUBii/universal_inertia]; SO_5=1/F_TRZ [PAPER_1160 EXACT F_TRZ=1/|SO(5)|]; D_BSFG=6 native via bsfg_* wrapper surfaces [QCalcGeom v3 + PAPER_1159]; D_phys=2*D_BSFG/3 [PAPER_1962]; D_crit=D_BSFG+2*SO_5 [PAPER_1521]; A_5=360/D_BSFG [PAPER_2116]; N_CH=SO_5-1 [PAPER_2128]; K_MEX per PAPER_1522",PAPER_1149;PAPER_1203;PAPER_2124;PAPER_1160;PAPER_1159;PAPER_1962;PAPER_1521;PAPER_2116;PAPER_2128;PAPER_1522
astro_WD_radius_mass_exponent,astro,dpm,bsfg,exponent = -Phi_res*F_TRZ*D_PHYS = -1/3 EXACT,-0.33333333333333337,-0.3333333333333333,PAPER_1149,D_PHYS;F_TRZ;PHI_RES,XGEO_ROUTED_IDENTITY,exponent = -Phi_res*F_TRZ*D_PHYS = -1/3 EXACT || bsfg-native re-expression: generator D_BSFG: D_phys=2*D_BSFG/3 [PAPER_1962]; SO_5=2*(D_BSFG-1) [R320 triple-form]; D_crit=D_BSFG+2*SO_5 [PAPER_1521]; A_5=360/D_BSFG [PAPER_2116]; N_CH=SO_5-1 [PAPER_2128]; K_MEX per PAPER_1522; kappa per PAPER_2112; real vacuum-kernel primitives global,PAPER_1149;PAPER_1962;R320;PAPER_1521;PAPER_2116;PAPER_2128;PAPER_1522;PAPER_2112
astro_WD_radius_mass_exponent,astro,dpm,d26,exponent = -Phi_res*F_TRZ*D_PHYS = -1/3 EXACT,-0.33333333333333337,-0.3333333333333333,PAPER_1149,D_PHYS;F_TRZ;PHI_RES,XGEO_ROUTED_IDENTITY,exponent = -Phi_res*F_TRZ*D_PHYS = -1/3 EXACT || d26-native re-expression: generator D_crit=26: D_phys=D_crit-22 with 22=T22 compactified moduli [PAPER_1927]; real vacuum-kernel primitives global,PAPER_1149;PAPER_1927
astro_grav_binding_coeff,astro,dpm,qcalcgeom,U_grav = SSQ + F_TRZ^2*(D_PHYS-1) = 3/5 EXACT,0.6,0.6,PAPER_1149,D_PHYS;F_TRZ;SSQ,XGEO_ROUTED_IDENTITY,"U_grav = SSQ + F_TRZ^2*(D_PHYS-1) = 3/5 EXACT || qcalcgeom-native re-expression: F_U-native constant set {rho_SCm, beta_i, SSq, F_TRZ, omega_SCm, Phi_res, S_26} [PAPER_1203/PAPER_2124 canonical F_U machinery = QCalcGeom v3 native surfaces compute_F_U/FUBi/FUBii/universal_inertia]; SO_5=1/F_TRZ [PAPER_1160 EXACT F_TRZ=1/|SO(5)|]; D_BSFG=6 native via bsfg_* wrapper surfaces [QCalcGeom v3 + PAPER_1159]; D_phys=2*D_BSFG/3 [PAPER_1962]; D_crit=D_BSFG+2*SO_5 [PAPER_1521]; A_5=360/D_BSFG [PAPER_2116]; N_CH=SO_5-1 [PAPER_2128]; K_MEX per PAPER_1522",PAPER_1149;PAPER_1203;PAPER_2124;PAPER_1160;PAPER_1159;PAPER_1962;PAPER_1521;PAPER_2116;PAPER_2128;PAPER_1522
astro_grav_binding_coeff,astro,dpm,bsfg,U_grav = SSQ + F_TRZ^2*(D_PHYS-1) = 3/5 EXACT,0.6,0.6,PAPER_1149,D_PHYS;F_TRZ;SSQ,XGEO_ROUTED_IDENTITY,U_grav = SSQ + F_TRZ^2*(D_PHYS-1) = 3/5 EXACT || bsfg-native re-expression: generator D_BSFG: D_phys=2*D_BSFG/3 [PAPER_1962]; SO_5=2*(D_BSFG-1) [R320 triple-form]; D_crit=D_BSFG+2*SO_5 [PAPER_1521]; A_5=360/D_BSFG [PAPER_2116]; N_CH=SO_5-1 [PAPER_2128]; K_MEX per PAPER_1522; kappa per PAPER_2112; real vacuum-kernel primitives global,PAPER_1149;PAPER_1962;R320;PAPER_1521;PAPER_2116;PAPER_2128;PAPER_1522;PAPER_2112
astro_grav_binding_coeff,astro,dpm,d26,U_grav = SSQ + F_TRZ^2*(D_PHYS-1) = 3/5 EXACT,0.6,0.6,PAPER_1149,D_PHYS;F_TRZ;SSQ,XGEO_ROUTED_IDENTITY,U_grav = SSQ + F_TRZ^2*(D_PHYS-1) = 3/5 EXACT || d26-native re-expression: generator D_crit=26: D_phys=D_crit-22 with 22=T22 compactified moduli [PAPER_1927]; real vacuum-kernel primitives global,PAPER_1149;PAPER_1927
astro_photon_sphere_r_M,astro,bsfg,qcalcgeom,r_ph/M = K_MEX + Phi_res + F_TRZ,3.016666666666667,3.0,PAPER_1149,F_TRZ;PHI_RES;K_MEX,XGEO_ROUTED_IDENTITY,"r_ph/M = K_MEX + Phi_res + F_TRZ || qcalcgeom-native re-expression: F_U-native constant set {rho_SCm, beta_i, SSq, F_TRZ, omega_SCm, Phi_res, S_26} [PAPER_1203/PAPER_2124 canonical F_U machinery = QCalcGeom v3 native surfaces compute_F_U/FUBi/FUBii/universal_inertia]; SO_5=1/F_TRZ [PAPER_1160 EXACT F_TRZ=1/|SO(5)|]; D_BSFG=6 native via bsfg_* wrapper surfaces [QCalcGeom v3 + PAPER_1159]; D_phys=2*D_BSFG/3 [PAPER_1962]; D_crit=D_BSFG+2*SO_5 [PAPER_1521]; A_5=360/D_BSFG [PAPER_2116]; N_CH=SO_5-1 [PAPER_2128]; K_MEX per PAPER_1522",PAPER_1149;PAPER_1203;PAPER_2124;PAPER_1160;PAPER_1159;PAPER_1962;PAPER_1521;PAPER_2116;PAPER_2128;PAPER_1522
astro_photon_sphere_r_M,astro,bsfg,dpm,r_ph/M = K_MEX + Phi_res + F_TRZ,3.016666666666667,3.0,PAPER_1149,F_TRZ;PHI_RES;K_MEX,XGEO_ROUTED_IDENTITY,"r_ph/M = K_MEX + Phi_res + F_TRZ || dpm-native re-expression: generators SO_5=rho_UA/rho_SCm + D_crit=26 caduceus pinch count [PAPER_646], D_phys via magic 8=2*D_phys [PAPER_1203]; D_BSFG=D_crit-2*SO_5 [PAPER_1521]; A_5=360/D_BSFG [PAPER_2116]; N_CH=SO_5-1 [PAPER_2128]; K_MEX per PAPER_1522; kappa per PAPER_2112; real vacuum-kernel primitives native to SCm manifold",PAPER_1149;PAPER_646;PAPER_1203;PAPER_1521;PAPER_2116;PAPER_2128;PAPER_1522;PAPER_2112
astro_photon_sphere_r_M,astro,bsfg,d26,r_ph/M = K_MEX + Phi_res + F_TRZ,3.016666666666667,3.0,PAPER_1149,F_TRZ;PHI_RES;K_MEX,XGEO_ROUTED_IDENTITY,"r_ph/M = K_MEX + Phi_res + F_TRZ || d26-native re-expression: generator D_crit=26: SO_5=10 via 26->10 superstring reduction [PAPER_1160 chain 4; CondensedPhysics2.py L28609; 26D_DOWNWARD_PROJECTION.md]; D_BSFG=6, D_phys=4 via 26->10->6->4 flow [PAPER_1160 + PAPER_1159 D=6 resonance manifold]; A_5=360/D_BSFG [PAPER_2116]; N_CH=SO_5-1 [PAPER_2128]; K_MEX per PAPER_1522",PAPER_1149;PAPER_1160;PAPER_1159;PAPER_2116;PAPER_2128;PAPER_1522
bertrand_uniform,SI,d26,qcalcgeom,P = 1/D_phys = 1/4 EXACT (random-endpoint Bertrand),1.0,1.0,PAPER_1776,D_PHYS,XGEO_ROUTED_IDENTITY,"P = 1/D_phys = 1/4 EXACT (random-endpoint Bertrand) || qcalcgeom-native re-expression: F_U-native constant set {rho_SCm, beta_i, SSq, F_TRZ, omega_SCm, Phi_res, S_26} [PAPER_1203/PAPER_2124 canonical F_U machinery = QCalcGeom v3 native surfaces compute_F_U/FUBi/FUBii/universal_inertia]; SO_5=1/F_TRZ [PAPER_1160 EXACT F_TRZ=1/|SO(5)|]; D_BSFG=6 native via bsfg_* wrapper surfaces [QCalcGeom v3 + PAPER_1159]; D_phys=2*D_BSFG/3 [PAPER_1962]; D_crit=D_BSFG+2*SO_5 [PAPER_1521]; A_5=360/D_BSFG [PAPER_2116]; N_CH=SO_5-1 [PAPER_2128]; K_MEX per PAPER_1522",PAPER_1776;PAPER_1203;PAPER_2124;PAPER_1160;PAPER_1159;PAPER_1962;PAPER_1521;PAPER_2116;PAPER_2128;PAPER_1522
bertrand_uniform,SI,d26,bsfg,P = 1/D_phys = 1/4 EXACT (random-endpoint Bertrand),1.0,1.0,PAPER_1776,D_PHYS,XGEO_ROUTED_IDENTITY,P = 1/D_phys = 1/4 EXACT (random-endpoint Bertrand) || bsfg-native re-expression: generator D_BSFG: D_phys=2*D_BSFG/3 [PAPER_1962]; SO_5=2*(D_BSFG-1) [R320 triple-form]; D_crit=D_BSFG+2*SO_5 [PAPER_1521]; A_5=360/D_BSFG [PAPER_2116]; N_CH=SO_5-1 [PAPER_2128]; K_MEX per PAPER_1522; kappa per PAPER_2112; real vacuum-kernel primitives global,PAPER_1776;PAPER_1962;R320;PAPER_1521;PAPER_2116;PAPER_2128;PAPER_1522;PAPER_2112
bertrand_uniform,SI,d26,dpm,P = 1/D_phys = 1/4 EXACT (random-endpoint Bertrand),1.0,1.0,PAPER_1776,D_PHYS,XGEO_ROUTED_IDENTITY,"P = 1/D_phys = 1/4 EXACT (random-endpoint Bertrand) || dpm-native re-expression: generators SO_5=rho_UA/rho_SCm + D_crit=26 caduceus pinch count [PAPER_646], D_phys via magic 8=2*D_phys [PAPER_1203]; D_BSFG=D_crit-2*SO_5 [PAPER_1521]; A_5=360/D_BSFG [PAPER_2116]; N_CH=SO_5-1 [PAPER_2128]; K_MEX per PAPER_1522; kappa per PAPER_2112; real vacuum-kernel primitives native to SCm manifold",PAPER_1776;PAPER_646;PAPER_1203;PAPER_1521;PAPER_2116;PAPER_2128;PAPER_1522;PAPER_2112
bio_ATP_hydrolysis_kJ_mol,bio,dpm,qcalcgeom,|dG_ATP| = 30.5 kJ/mol EXACT,30.5,30.5,PAPER_1167,,XGEO_ROUTED_IDENTITY,"|dG_ATP| = 30.5 kJ/mol EXACT || qcalcgeom-native re-expression: F_U-native constant set {rho_SCm, beta_i, SSq, F_TRZ, omega_SCm, Phi_res, S_26} [PAPER_1203/PAPER_2124 canonical F_U machinery = QCalcGeom v3 native surfaces compute_F_U/FUBi/FUBii/universal_inertia]; SO_5=1/F_TRZ [PAPER_1160 EXACT F_TRZ=1/|SO(5)|]; D_BSFG=6 native via bsfg_* wrapper surfaces [QCalcGeom v3 + PAPER_1159]; D_phys=2*D_BSFG/3 [PAPER_1962]; D_crit=D_BSFG+2*SO_5 [PAPER_1521]; A_5=360/D_BSFG [PAPER_2116]; N_CH=SO_5-1 [PAPER_2128]; K_MEX per PAPER_1522",PAPER_1167;PAPER_1203;PAPER_2124;PAPER_1160;PAPER_1159;PAPER_1962;PAPER_1521;PAPER_2116;PAPER_2128;PAPER_1522
bio_ATP_hydrolysis_kJ_mol,bio,dpm,bsfg,|dG_ATP| = 30.5 kJ/mol EXACT,30.5,30.5,PAPER_1167,,XGEO_ROUTED_IDENTITY,EXTRACTED[_session404_bio_atp.py]: val = Phi_res*A_5 - F_TRZ*D_phys*A_5*Phi_res + F_TRZ*Phi_res*SO5 - F_TRZ*Phi_res*D_phys || bsfg-native re-expression: generator D_BSFG: D_phys=2*D_BSFG/3 [PAPER_1962]; SO_5=2*(D_BSFG-1) [R320 triple-form]; D_crit=D_BSFG+2*SO_5 [PAPER_1521]; A_5=360/D_BSFG [PAPER_2116]; N_CH=SO_5-1 [PAPER_2128]; K_MEX per PAPER_1522; real vacuum-kernel primitives global,PAPER_1167;_session404_bio_atp.py;PAPER_1962;R320;PAPER_1521;PAPER_2116;PAPER_2128;PAPER_1522
bio_ATP_hydrolysis_kJ_mol,bio,dpm,d26,|dG_ATP| = 30.5 kJ/mol EXACT,30.5,30.5,PAPER_1167,,XGEO_ROUTED_IDENTITY,"|dG_ATP| = 30.5 kJ/mol EXACT || d26-native re-expression: generator D_crit=26: SO_5=10 via 26->10 superstring reduction [PAPER_1160 chain 4; CondensedPhysics2.py L28609; 26D_DOWNWARD_PROJECTION.md]; D_BSFG=6, D_phys=4 via 26->10->6->4 flow [PAPER_1160 + PAPER_1159 D=6 resonance manifold]; A_5=360/D_BSFG [PAPER_2116]; N_CH=SO_5-1 [PAPER_2128]; K_MEX per PAPER_1522",PAPER_1167;PAPER_1160;PAPER_1159;PAPER_2116;PAPER_2128;PAPER_1522
bio_DNA_pitch_bp_per_turn,bio,d26,qcalcgeom,B-DNA helical pitch,10.486666666666666,10.5,PAPER_1167,PI,XGEO_ROUTED_IDENTITY,"B-DNA helical pitch || qcalcgeom-native re-expression: F_U-native constant set {rho_SCm, beta_i, SSq, F_TRZ, omega_SCm, Phi_res, S_26} [PAPER_1203/PAPER_2124 canonical F_U machinery = QCalcGeom v3 native surfaces compute_F_U/FUBi/FUBii/universal_inertia]; SO_5=1/F_TRZ [PAPER_1160 EXACT F_TRZ=1/|SO(5)|]; D_BSFG=6 native via bsfg_* wrapper surfaces [QCalcGeom v3 + PAPER_1159]; D_phys=2*D_BSFG/3 [PAPER_1962]; D_crit=D_BSFG+2*SO_5 [PAPER_1521]; A_5=360/D_BSFG [PAPER_2116]; N_CH=SO_5-1 [PAPER_2128]; K_MEX per PAPER_1522",PAPER_1167;PAPER_1203;PAPER_2124;PAPER_1160;PAPER_1159;PAPER_1962;PAPER_1521;PAPER_2116;PAPER_2128;PAPER_1522
bio_DNA_pitch_bp_per_turn,bio,d26,bsfg,B-DNA helical pitch,10.486666666666666,10.5,PAPER_1167,PI,XGEO_ROUTED_IDENTITY,B-DNA helical pitch || bsfg-native re-expression: generator D_BSFG: D_phys=2*D_BSFG/3 [PAPER_1962]; SO_5=2*(D_BSFG-1) [R320 triple-form]; D_crit=D_BSFG+2*SO_5 [PAPER_1521]; A_5=360/D_BSFG [PAPER_2116]; N_CH=SO_5-1 [PAPER_2128]; K_MEX per PAPER_1522; kappa per PAPER_2112; real vacuum-kernel primitives global,PAPER_1167;PAPER_1962;R320;PAPER_1521;PAPER_2116;PAPER_2128;PAPER_1522;PAPER_2112
bio_DNA_pitch_bp_per_turn,bio,d26,dpm,B-DNA helical pitch,10.486666666666666,10.5,PAPER_1167,PI,XGEO_ROUTED_IDENTITY,"B-DNA helical pitch || dpm-native re-expression: generators SO_5=rho_UA/rho_SCm + D_crit=26 caduceus pinch count [PAPER_646], D_phys via magic 8=2*D_phys [PAPER_1203]; D_BSFG=D_crit-2*SO_5 [PAPER_1521]; A_5=360/D_BSFG [PAPER_2116]; N_CH=SO_5-1 [PAPER_2128]; K_MEX per PAPER_1522; kappa per PAPER_2112; real vacuum-kernel primitives native to SCm manifold",PAPER_1167;PAPER_646;PAPER_1203;PAPER_1521;PAPER_2116;PAPER_2128;PAPER_1522;PAPER_2112
bio_Hill_coefficient_O2,bio,dpm,qcalcgeom,Hill n_H = 2.8 hemoglobin,2.7958333333333334,2.8,PAPER_1167,,XGEO_ROUTED_IDENTITY,"Hill n_H = 2.8 hemoglobin || qcalcgeom-native re-expression: F_U-native constant set {rho_SCm, beta_i, SSq, F_TRZ, omega_SCm, Phi_res, S_26} [PAPER_1203/PAPER_2124 canonical F_U machinery = QCalcGeom v3 native surfaces compute_F_U/FUBi/FUBii/universal_inertia]; SO_5=1/F_TRZ [PAPER_1160 EXACT F_TRZ=1/|SO(5)|]; D_BSFG=6 native via bsfg_* wrapper surfaces [QCalcGeom v3 + PAPER_1159]; D_phys=2*D_BSFG/3 [PAPER_1962]; D_crit=D_BSFG+2*SO_5 [PAPER_1521]; A_5=360/D_BSFG [PAPER_2116]; N_CH=SO_5-1 [PAPER_2128]; K_MEX per PAPER_1522",PAPER_1167;PAPER_1203;PAPER_2124;PAPER_1160;PAPER_1159;PAPER_1962;PAPER_1521;PAPER_2116;PAPER_2128;PAPER_1522
bio_Hill_coefficient_O2,bio,dpm,bsfg,Hill n_H = 2.8 hemoglobin,2.7958333333333334,2.8,PAPER_1167,,XGEO_ROUTED_IDENTITY,EXTRACTED[_session407_bio_hill.py]: val = K_Mex + Phi_res - F_TRZ - F_TRZ*F_TRZ*K_Mex || bsfg-native re-expression: generator D_BSFG: D_phys=2*D_BSFG/3 [PAPER_1962]; SO_5=2*(D_BSFG-1) [R320 triple-form]; D_crit=D_BSFG+2*SO_5 [PAPER_1521]; A_5=360/D_BSFG [PAPER_2116]; N_CH=SO_5-1 [PAPER_2128]; K_MEX per PAPER_1522; real vacuum-kernel primitives global,PAPER_1167;_session407_bio_hill.py;PAPER_1962;R320;PAPER_1521;PAPER_2116;PAPER_2128;PAPER_1522
bio_Hill_coefficient_O2,bio,dpm,d26,Hill n_H = 2.8 hemoglobin,2.7958333333333334,2.8,PAPER_1167,,XGEO_ROUTED_IDENTITY,"Hill n_H = 2.8 hemoglobin || d26-native re-expression: generator D_crit=26: SO_5=10 via 26->10 superstring reduction [PAPER_1160 chain 4; CondensedPhysics2.py L28609; 26D_DOWNWARD_PROJECTION.md]; D_BSFG=6, D_phys=4 via 26->10->6->4 flow [PAPER_1160 + PAPER_1159 D=6 resonance manifold]; A_5=360/D_BSFG [PAPER_2116]; N_CH=SO_5-1 [PAPER_2128]; K_MEX per PAPER_1522",PAPER_1167;PAPER_1160;PAPER_1159;PAPER_2116;PAPER_2128;PAPER_1522
bio_Kleiber_exponent,bio,dpm,qcalcgeom,Kleiber = Phi_res - F_TRZ*Phi_res = 3/4 EXACT,0.75,0.75,PAPER_1167,F_TRZ;PHI_RES,XGEO_ROUTED_IDENTITY,"Kleiber = Phi_res - F_TRZ*Phi_res = 3/4 EXACT || qcalcgeom-native re-expression: F_U-native constant set {rho_SCm, beta_i, SSq, F_TRZ, omega_SCm, Phi_res, S_26} [PAPER_1203/PAPER_2124 canonical F_U machinery = QCalcGeom v3 native surfaces compute_F_U/FUBi/FUBii/universal_inertia]; SO_5=1/F_TRZ [PAPER_1160 EXACT F_TRZ=1/|SO(5)|]; D_BSFG=6 native via bsfg_* wrapper surfaces [QCalcGeom v3 + PAPER_1159]; D_phys=2*D_BSFG/3 [PAPER_1962]; D_crit=D_BSFG+2*SO_5 [PAPER_1521]; A_5=360/D_BSFG [PAPER_2116]; N_CH=SO_5-1 [PAPER_2128]; K_MEX per PAPER_1522",PAPER_1167;PAPER_1203;PAPER_2124;PAPER_1160;PAPER_1159;PAPER_1962;PAPER_1521;PAPER_2116;PAPER_2128;PAPER_1522
bio_Kleiber_exponent,bio,dpm,bsfg,Kleiber = Phi_res - F_TRZ*Phi_res = 3/4 EXACT,0.75,0.75,PAPER_1167,F_TRZ;PHI_RES,XGEO_ROUTED_IDENTITY,Kleiber = Phi_res - F_TRZ*Phi_res = 3/4 EXACT || bsfg-native re-expression: generator D_BSFG: D_phys=2*D_BSFG/3 [PAPER_1962]; SO_5=2*(D_BSFG-1) [R320 triple-form]; D_crit=D_BSFG+2*SO_5 [PAPER_1521]; A_5=360/D_BSFG [PAPER_2116]; N_CH=SO_5-1 [PAPER_2128]; K_MEX per PAPER_1522; kappa per PAPER_2112; real vacuum-kernel primitives global,PAPER_1167;PAPER_1962;R320;PAPER_1521;PAPER_2116;PAPER_2128;PAPER_1522;PAPER_2112
bio_Kleiber_exponent,bio,dpm,d26,Kleiber = Phi_res - F_TRZ*Phi_res = 3/4 EXACT,0.75,0.75,PAPER_1167,F_TRZ;PHI_RES,XGEO_ROUTED_IDENTITY,Kleiber = Phi_res - F_TRZ*Phi_res = 3/4 EXACT || d26-native re-expression: generator D_crit=26: D_phys=D_crit-22 with 22=T22 compactified moduli [PAPER_1927]; real vacuum-kernel primitives global,PAPER_1167;PAPER_1927
bio_Redfield_C_N_ratio,bio,dpm,qcalcgeom,Redfield 106/16,6.639,6.625,PAPER_1167,,XGEO_ROUTED_IDENTITY,"Redfield 106/16 || qcalcgeom-native re-expression: F_U-native constant set {rho_SCm, beta_i, SSq, F_TRZ, omega_SCm, Phi_res, S_26} [PAPER_1203/PAPER_2124 canonical F_U machinery = QCalcGeom v3 native surfaces compute_F_U/FUBi/FUBii/universal_inertia]; SO_5=1/F_TRZ [PAPER_1160 EXACT F_TRZ=1/|SO(5)|]; D_BSFG=6 native via bsfg_* wrapper surfaces [QCalcGeom v3 + PAPER_1159]; D_phys=2*D_BSFG/3 [PAPER_1962]; D_crit=D_BSFG+2*SO_5 [PAPER_1521]; A_5=360/D_BSFG [PAPER_2116]; N_CH=SO_5-1 [PAPER_2128]; K_MEX per PAPER_1522",PAPER_1167;PAPER_1203;PAPER_2124;PAPER_1160;PAPER_1159;PAPER_1962;PAPER_1521;PAPER_2116;PAPER_2128;PAPER_1522
bio_Redfield_C_N_ratio,bio,dpm,bsfg,Redfield 106/16,6.639,6.625,PAPER_1167,,XGEO_ROUTED_IDENTITY,EXTRACTED[_session411_bio_redfield.py]: val = D_BSFG + Phi_res - F_TRZ - F_TRZ*Phi_res - F_TRZ*F_TRZ - F_TRZ*F_TRZ*F_TRZ || bsfg-native re-expression: generator D_BSFG: D_phys=2*D_BSFG/3 [PAPER_1962]; SO_5=2*(D_BSFG-1) [R320 triple-form]; D_crit=D_BSFG+2*SO_5 [PAPER_1521]; A_5=360/D_BSFG [PAPER_2116]; N_CH=SO_5-1 [PAPER_2128]; K_MEX per PAPER_1522; real vacuum-kernel primitives global,PAPER_1167;_session411_bio_redfield.py;PAPER_1962;R320;PAPER_1521;PAPER_2116;PAPER_2128;PAPER_1522
bio_Redfield_C_N_ratio,bio,dpm,d26,Redfield 106/16,6.639,6.625,PAPER_1167,,XGEO_ROUTED_IDENTITY,"Redfield 106/16 || d26-native re-expression: generator D_crit=26: SO_5=10 via 26->10 superstring reduction [PAPER_1160 chain 4; CondensedPhysics2.py L28609; 26D_DOWNWARD_PROJECTION.md]; D_BSFG=6, D_phys=4 via 26->10->6->4 flow [PAPER_1160 + PAPER_1159 D=6 resonance manifold]; A_5=360/D_BSFG [PAPER_2116]; N_CH=SO_5-1 [PAPER_2128]; K_MEX per PAPER_1522",PAPER_1167;PAPER_1160;PAPER_1159;PAPER_2116;PAPER_2128;PAPER_1522
bio_chlorophyll_a_peak_nm,bio,dpm,qcalcgeom,Chlorophyll-a Q_y band,680.2633333333333,680.0,PAPER_1167,,XGEO_ROUTED_IDENTITY,"Chlorophyll-a Q_y band || qcalcgeom-native re-expression: F_U-native constant set {rho_SCm, beta_i, SSq, F_TRZ, omega_SCm, Phi_res, S_26} [PAPER_1203/PAPER_2124 canonical F_U machinery = QCalcGeom v3 native surfaces compute_F_U/FUBi/FUBii/universal_inertia]; SO_5=1/F_TRZ [PAPER_1160 EXACT F_TRZ=1/|SO(5)|]; D_BSFG=6 native via bsfg_* wrapper surfaces [QCalcGeom v3 + PAPER_1159]; D_phys=2*D_BSFG/3 [PAPER_1962]; D_crit=D_BSFG+2*SO_5 [PAPER_1521]; A_5=360/D_BSFG [PAPER_2116]; N_CH=SO_5-1 [PAPER_2128]; K_MEX per PAPER_1522",PAPER_1167;PAPER_1203;PAPER_2124;PAPER_1160;PAPER_1159;PAPER_1962;PAPER_1521;PAPER_2116;PAPER_2128;PAPER_1522
bio_chlorophyll_a_peak_nm,bio,dpm,bsfg,Chlorophyll-a Q_y band,680.2633333333333,680.0,PAPER_1167,,XGEO_ROUTED_IDENTITY,EXTRACTED[_session409_bio_chlorophyll.py]: val = A_5*SO5 + SO5*D_BSFG + SO5*K_Mex - SSq    # 600+60+20.833-0.57 || bsfg-native re-expression: generator D_BSFG: D_phys=2*D_BSFG/3 [PAPER_1962]; SO_5=2*(D_BSFG-1) [R320 triple-form]; D_crit=D_BSFG+2*SO_5 [PAPER_1521]; A_5=360/D_BSFG [PAPER_2116]; N_CH=SO_5-1 [PAPER_2128]; K_MEX per PAPER_1522; real vacuum-kernel primitives global,PAPER_1167;_session409_bio_chlorophyll.py;PAPER_1962;R320;PAPER_1521;PAPER_2116;PAPER_2128;PAPER_1522
bio_chlorophyll_a_peak_nm,bio,dpm,d26,Chlorophyll-a Q_y band,680.2633333333333,680.0,PAPER_1167,,XGEO_ROUTED_IDENTITY,"Chlorophyll-a Q_y band || d26-native re-expression: generator D_crit=26: SO_5=10 via 26->10 superstring reduction [PAPER_1160 chain 4; CondensedPhysics2.py L28609; 26D_DOWNWARD_PROJECTION.md]; D_BSFG=6, D_phys=4 via 26->10->6->4 flow [PAPER_1160 + PAPER_1159 D=6 resonance manifold]; A_5=360/D_BSFG [PAPER_2116]; N_CH=SO_5-1 [PAPER_2128]; K_MEX per PAPER_1522",PAPER_1167;PAPER_1160;PAPER_1159;PAPER_2116;PAPER_2128;PAPER_1522
bio_codon_redundancy_64_20,bio,dpm,qcalcgeom,64 codons / 20 amino acids = 3.2,3.1936666666666667,3.2,PAPER_1167,,XGEO_ROUTED_IDENTITY,"64 codons / 20 amino acids = 3.2 || qcalcgeom-native re-expression: F_U-native constant set {rho_SCm, beta_i, SSq, F_TRZ, omega_SCm, Phi_res, S_26} [PAPER_1203/PAPER_2124 canonical F_U machinery = QCalcGeom v3 native surfaces compute_F_U/FUBi/FUBii/universal_inertia]; SO_5=1/F_TRZ [PAPER_1160 EXACT F_TRZ=1/|SO(5)|]; D_BSFG=6 native via bsfg_* wrapper surfaces [QCalcGeom v3 + PAPER_1159]; D_phys=2*D_BSFG/3 [PAPER_1962]; D_crit=D_BSFG+2*SO_5 [PAPER_1521]; A_5=360/D_BSFG [PAPER_2116]; N_CH=SO_5-1 [PAPER_2128]; K_MEX per PAPER_1522",PAPER_1167;PAPER_1203;PAPER_2124;PAPER_1160;PAPER_1159;PAPER_1962;PAPER_1521;PAPER_2116;PAPER_2128;PAPER_1522
bio_codon_redundancy_64_20,bio,dpm,bsfg,64 codons / 20 amino acids = 3.2,3.1936666666666667,3.2,PAPER_1167,,XGEO_ROUTED_IDENTITY,EXTRACTED[_session405_bio_codon_redundancy.py]: val = K_Mex + SSq + F_TRZ*D_phys + SSq*F_TRZ + F_TRZ*Phi_res || bsfg-native re-expression: generator D_BSFG: D_phys=2*D_BSFG/3 [PAPER_1962]; SO_5=2*(D_BSFG-1) [R320 triple-form]; D_crit=D_BSFG+2*SO_5 [PAPER_1521]; A_5=360/D_BSFG [PAPER_2116]; N_CH=SO_5-1 [PAPER_2128]; K_MEX per PAPER_1522; real vacuum-kernel primitives global,PAPER_1167;_session405_bio_codon_redundancy.py;PAPER_1962;R320;PAPER_1521;PAPER_2116;PAPER_2128;PAPER_1522
bio_codon_redundancy_64_20,bio,dpm,d26,64 codons / 20 amino acids = 3.2,3.1936666666666667,3.2,PAPER_1167,,XGEO_ROUTED_IDENTITY,"64 codons / 20 amino acids = 3.2 || d26-native re-expression: generator D_crit=26: SO_5=10 via 26->10 superstring reduction [PAPER_1160 chain 4; CondensedPhysics2.py L28609; 26D_DOWNWARD_PROJECTION.md]; D_BSFG=6, D_phys=4 via 26->10->6->4 flow [PAPER_1160 + PAPER_1159 D=6 resonance manifold]; A_5=360/D_BSFG [PAPER_2116]; N_CH=SO_5-1 [PAPER_2128]; K_MEX per PAPER_1522",PAPER_1167;PAPER_1160;PAPER_1159;PAPER_2116;PAPER_2128;PAPER_1522
bio_photosynthesis_quantum_yield,bio,dpm,qcalcgeom,Photosynthesis 1/8 yield,0.12483333333333335,0.125,PAPER_1167,,XGEO_ROUTED_IDENTITY,"Photosynthesis 1/8 yield || qcalcgeom-native re-expression: F_U-native constant set {rho_SCm, beta_i, SSq, F_TRZ, omega_SCm, Phi_res, S_26} [PAPER_1203/PAPER_2124 canonical F_U machinery = QCalcGeom v3 native surfaces compute_F_U/FUBi/FUBii/universal_inertia]; SO_5=1/F_TRZ [PAPER_1160 EXACT F_TRZ=1/|SO(5)|]; D_BSFG=6 native via bsfg_* wrapper surfaces [QCalcGeom v3 + PAPER_1159]; D_phys=2*D_BSFG/3 [PAPER_1962]; D_crit=D_BSFG+2*SO_5 [PAPER_1521]; A_5=360/D_BSFG [PAPER_2116]; N_CH=SO_5-1 [PAPER_2128]; K_MEX per PAPER_1522",PAPER_1167;PAPER_1203;PAPER_2124;PAPER_1160;PAPER_1159;PAPER_1962;PAPER_1521;PAPER_2116;PAPER_2128;PAPER_1522
bio_photosynthesis_quantum_yield,bio,dpm,bsfg,Photosynthesis 1/8 yield,0.12483333333333335,0.125,PAPER_1167,,XGEO_ROUTED_IDENTITY,EXTRACTED[_session408_bio_photosynthesis.py]: val = F_TRZ + F_TRZ*F_TRZ*K_Mex + F_TRZ*F_TRZ*F_TRZ*D_phys || bsfg-native re-expression: generator D_BSFG: D_phys=2*D_BSFG/3 [PAPER_1962]; SO_5=2*(D_BSFG-1) [R320 triple-form]; D_crit=D_BSFG+2*SO_5 [PAPER_1521]; A_5=360/D_BSFG [PAPER_2116]; N_CH=SO_5-1 [PAPER_2128]; K_MEX per PAPER_1522; real vacuum-kernel primitives global,PAPER_1167;_session408_bio_photosynthesis.py;PAPER_1962;R320;PAPER_1521;PAPER_2116;PAPER_2128;PAPER_1522
bio_photosynthesis_quantum_yield,bio,dpm,d26,Photosynthesis 1/8 yield,0.12483333333333335,0.125,PAPER_1167,,XGEO_ROUTED_IDENTITY,"Photosynthesis 1/8 yield || d26-native re-expression: generator D_crit=26: SO_5=10 via 26->10 superstring reduction [PAPER_1160 chain 4; CondensedPhysics2.py L28609; 26D_DOWNWARD_PROJECTION.md]; D_BSFG=6, D_phys=4 via 26->10->6->4 flow [PAPER_1160 + PAPER_1159 D=6 resonance manifold]; A_5=360/D_BSFG [PAPER_2116]; N_CH=SO_5-1 [PAPER_2128]; K_MEX per PAPER_1522",PAPER_1167;PAPER_1160;PAPER_1159;PAPER_2116;PAPER_2128;PAPER_1522
bio_phyllotaxis_golden_ratio,bio,d26,qcalcgeom,Golden ratio closure,1.6154166666666667,1.618033988749895,PAPER_1167,,XGEO_ROUTED_IDENTITY,"Golden ratio closure || qcalcgeom-native re-expression: F_U-native constant set {rho_SCm, beta_i, SSq, F_TRZ, omega_SCm, Phi_res, S_26} [PAPER_1203/PAPER_2124 canonical F_U machinery = QCalcGeom v3 native surfaces compute_F_U/FUBi/FUBii/universal_inertia]; SO_5=1/F_TRZ [PAPER_1160 EXACT F_TRZ=1/|SO(5)|]; D_BSFG=6 native via bsfg_* wrapper surfaces [QCalcGeom v3 + PAPER_1159]; D_phys=2*D_BSFG/3 [PAPER_1962]; D_crit=D_BSFG+2*SO_5 [PAPER_1521]; A_5=360/D_BSFG [PAPER_2116]; N_CH=SO_5-1 [PAPER_2128]; K_MEX per PAPER_1522",PAPER_1167;PAPER_1203;PAPER_2124;PAPER_1160;PAPER_1159;PAPER_1962;PAPER_1521;PAPER_2116;PAPER_2128;PAPER_1522
bio_phyllotaxis_golden_ratio,bio,d26,bsfg,Golden ratio closure,1.6154166666666667,1.618033988749895,PAPER_1167,,XGEO_ROUTED_IDENTITY,EXTRACTED[_session412_bio_phyllotaxis.py]: val = K_Mex - SSq + F_TRZ*Phi_res + F_TRZ*F_TRZ*K_Mex - F_TRZ*F_TRZ*F_TRZ*K_Mex || bsfg-native re-expression: generator D_BSFG: D_phys=2*D_BSFG/3 [PAPER_1962]; SO_5=2*(D_BSFG-1) [R320 triple-form]; D_crit=D_BSFG+2*SO_5 [PAPER_1521]; A_5=360/D_BSFG [PAPER_2116]; N_CH=SO_5-1 [PAPER_2128]; K_MEX per PAPER_1522; real vacuum-kernel primitives global,PAPER_1167;_session412_bio_phyllotaxis.py;PAPER_1962;R320;PAPER_1521;PAPER_2116;PAPER_2128;PAPER_1522
bio_phyllotaxis_golden_ratio,bio,d26,dpm,Golden ratio closure,1.6154166666666667,1.618033988749895,PAPER_1167,,XGEO_ROUTED_IDENTITY,"EXTRACTED[_session412_bio_phyllotaxis.py]: val = K_Mex - SSq + F_TRZ*Phi_res + F_TRZ*F_TRZ*K_Mex - F_TRZ*F_TRZ*F_TRZ*K_Mex || dpm-native re-expression: generators SO_5=rho_UA/rho_SCm + D_crit=26 caduceus pinch count [PAPER_646], D_phys via magic 8=2*D_phys [PAPER_1203]; D_BSFG=D_crit-2*SO_5 [PAPER_1521]; A_5=360/D_BSFG [PAPER_2116]; N_CH=SO_5-1 [PAPER_2128]; K_MEX per PAPER_1522",PAPER_1167;_session412_bio_phyllotaxis.py;PAPER_646;PAPER_1203;PAPER_1521;PAPER_2116;PAPER_2128;PAPER_1522
bio_telomere_TTAGGG_length,bio,bsfg,qcalcgeom,TTAGGG repeat = D_BSFG = 6 EXACT,6,6,PAPER_1167,D_BSFG,XGEO_ROUTED_IDENTITY,"TTAGGG repeat = D_BSFG = 6 EXACT || qcalcgeom-native re-expression: F_U-native constant set {rho_SCm, beta_i, SSq, F_TRZ, omega_SCm, Phi_res, S_26} [PAPER_1203/PAPER_2124 canonical F_U machinery = QCalcGeom v3 native surfaces compute_F_U/FUBi/FUBii/universal_inertia]; SO_5=1/F_TRZ [PAPER_1160 EXACT F_TRZ=1/|SO(5)|]; D_BSFG=6 native via bsfg_* wrapper surfaces [QCalcGeom v3 + PAPER_1159]; D_phys=2*D_BSFG/3 [PAPER_1962]; D_crit=D_BSFG+2*SO_5 [PAPER_1521]; A_5=360/D_BSFG [PAPER_2116]; N_CH=SO_5-1 [PAPER_2128]; K_MEX per PAPER_1522",PAPER_1167;PAPER_1203;PAPER_2124;PAPER_1160;PAPER_1159;PAPER_1962;PAPER_1521;PAPER_2116;PAPER_2128;PAPER_1522
bio_telomere_TTAGGG_length,bio,bsfg,dpm,TTAGGG repeat = D_BSFG = 6 EXACT,6,6,PAPER_1167,D_BSFG,XGEO_ROUTED_IDENTITY,"TTAGGG repeat = D_BSFG = 6 EXACT || dpm-native re-expression: generators SO_5=rho_UA/rho_SCm + D_crit=26 caduceus pinch count [PAPER_646], D_phys via magic 8=2*D_phys [PAPER_1203]; D_BSFG=D_crit-2*SO_5 [PAPER_1521]; A_5=360/D_BSFG [PAPER_2116]; N_CH=SO_5-1 [PAPER_2128]; K_MEX per PAPER_1522; kappa per PAPER_2112; real vacuum-kernel primitives native to SCm manifold",PAPER_1167;PAPER_646;PAPER_1203;PAPER_1521;PAPER_2116;PAPER_2128;PAPER_1522;PAPER_2112
bio_telomere_TTAGGG_length,bio,bsfg,d26,TTAGGG repeat = D_BSFG = 6 EXACT,6,6,PAPER_1167,D_BSFG,XGEO_ROUTED_IDENTITY,"TTAGGG repeat = D_BSFG = 6 EXACT || d26-native re-expression: generator D_crit=26: SO_5=10 via 26->10 superstring reduction [PAPER_1160 chain 4; CondensedPhysics2.py L28609; 26D_DOWNWARD_PROJECTION.md]; D_BSFG=6, D_phys=4 via 26->10->6->4 flow [PAPER_1160 + PAPER_1159 D=6 resonance manifold]; A_5=360/D_BSFG [PAPER_2116]; N_CH=SO_5-1 [PAPER_2128]; K_MEX per PAPER_1522",PAPER_1167;PAPER_1160;PAPER_1159;PAPER_2116;PAPER_2128;PAPER_1522
flat_rotation_beta_i,astro,qcalcgeom,bsfg,beta_i = 0.6029 in F_U_Bi_i master integral (resolves DM via UQFF buoyancy),0.6029,0.6029,PAPER_1756,BETA_I,XGEO_ROUTED_IDENTITY,beta_i = 0.6029 in F_U_Bi_i master integral (resolves DM via UQFF buoyancy) || bsfg-native re-expression: generator D_BSFG: D_phys=2*D_BSFG/3 [PAPER_1962]; SO_5=2*(D_BSFG-1) [R320 triple-form]; D_crit=D_BSFG+2*SO_5 [PAPER_1521]; A_5=360/D_BSFG [PAPER_2116]; N_CH=SO_5-1 [PAPER_2128]; K_MEX per PAPER_1522; kappa per PAPER_2112; real vacuum-kernel primitives global,PAPER_1756;PAPER_1962;R320;PAPER_1521;PAPER_2116;PAPER_2128;PAPER_1522;PAPER_2112
flat_rotation_beta_i,astro,qcalcgeom,dpm,beta_i = 0.6029 in F_U_Bi_i master integral (resolves DM via UQFF buoyancy),0.6029,0.6029,PAPER_1756,BETA_I,XGEO_ROUTED_IDENTITY,"beta_i = 0.6029 in F_U_Bi_i master integral (resolves DM via UQFF buoyancy) || dpm-native re-expression: generators SO_5=rho_UA/rho_SCm + D_crit=26 caduceus pinch count [PAPER_646], D_phys via magic 8=2*D_phys [PAPER_1203]; D_BSFG=D_crit-2*SO_5 [PAPER_1521]; A_5=360/D_BSFG [PAPER_2116]; N_CH=SO_5-1 [PAPER_2128]; K_MEX per PAPER_1522; kappa per PAPER_2112; real vacuum-kernel primitives native to SCm manifold",PAPER_1756;PAPER_646;PAPER_1203;PAPER_1521;PAPER_2116;PAPER_2128;PAPER_1522;PAPER_2112
flat_rotation_beta_i,astro,qcalcgeom,d26,beta_i = 0.6029 in F_U_Bi_i master integral (resolves DM via UQFF buoyancy),0.6029,0.6029,PAPER_1756,BETA_I,XGEO_ROUTED_IDENTITY,beta_i = 0.6029 in F_U_Bi_i master integral (resolves DM via UQFF buoyancy) || d26-native re-expression: generator D_crit=26: D_phys=D_crit-22 with 22=T22 compactified moduli [PAPER_1927]; real vacuum-kernel primitives global,PAPER_1756;PAPER_1927
geo_Earth_Moon_a_over_R_E,geo,qcalcgeom,bsfg,Earth-Moon semimajor axis ratio,60.30166666666667,60.34,PAPER_1167,,XGEO_ROUTED_IDENTITY,EXTRACTED[_session430_geo_earth_moon.py]: val = A_5+F_TRZ*K_Mex+F_TRZ*Phi_res+F_TRZ**2 || bsfg-native re-expression: generator D_BSFG: D_phys=2*D_BSFG/3 [PAPER_1962]; SO_5=2*(D_BSFG-1) [R320 triple-form]; D_crit=D_BSFG+2*SO_5 [PAPER_1521]; A_5=360/D_BSFG [PAPER_2116]; N_CH=SO_5-1 [PAPER_2128]; K_MEX per PAPER_1522; real vacuum-kernel primitives global,PAPER_1167;_session430_geo_earth_moon.py;PAPER_1962;R320;PAPER_1521;PAPER_2116;PAPER_2128;PAPER_1522
geo_Earth_Moon_a_over_R_E,geo,qcalcgeom,dpm,Earth-Moon semimajor axis ratio,60.30166666666667,60.34,PAPER_1167,,XGEO_ROUTED_IDENTITY,"EXTRACTED[_session430_geo_earth_moon.py]: val = A_5+F_TRZ*K_Mex+F_TRZ*Phi_res+F_TRZ**2 || dpm-native re-expression: generators SO_5=rho_UA/rho_SCm + D_crit=26 caduceus pinch count [PAPER_646], D_phys via magic 8=2*D_phys [PAPER_1203]; D_BSFG=D_crit-2*SO_5 [PAPER_1521]; A_5=360/D_BSFG [PAPER_2116]; N_CH=SO_5-1 [PAPER_2128]; K_MEX per PAPER_1522",PAPER_1167;_session430_geo_earth_moon.py;PAPER_646;PAPER_1203;PAPER_1521;PAPER_2116;PAPER_2128;PAPER_1522
geo_Earth_Moon_a_over_R_E,geo,qcalcgeom,d26,Earth-Moon semimajor axis ratio,60.30166666666667,60.34,PAPER_1167,,XGEO_ROUTED_IDENTITY,"Earth-Moon semimajor axis ratio || d26-native re-expression: generator D_crit=26: SO_5=10 via 26->10 superstring reduction [PAPER_1160 chain 4; CondensedPhysics2.py L28609; 26D_DOWNWARD_PROJECTION.md]; D_BSFG=6, D_phys=4 via 26->10->6->4 flow [PAPER_1160 + PAPER_1159 D=6 resonance manifold]; A_5=360/D_BSFG [PAPER_2116]; N_CH=SO_5-1 [PAPER_2128]; K_MEX per PAPER_1522",PAPER_1167;PAPER_1160;PAPER_1159;PAPER_2116;PAPER_2128;PAPER_1522
geo_Earth_obliquity_deg,geo,qcalcgeom,bsfg,Axial tilt,23.468333333333334,23.5,PAPER_1167,,XGEO_ROUTED_IDENTITY,EXTRACTED[_session427_geo_obliquity.py]: val = 2*SO5+D_phys-Phi_res+F_TRZ*K_Mex+F_TRZ*Phi_res+F_TRZ**2 || bsfg-native re-expression: generator D_BSFG: D_phys=2*D_BSFG/3 [PAPER_1962]; SO_5=2*(D_BSFG-1) [R320 triple-form]; D_crit=D_BSFG+2*SO_5 [PAPER_1521]; A_5=360/D_BSFG [PAPER_2116]; N_CH=SO_5-1 [PAPER_2128]; K_MEX per PAPER_1522; real vacuum-kernel primitives global,PAPER_1167;_session427_geo_obliquity.py;PAPER_1962;R320;PAPER_1521;PAPER_2116;PAPER_2128;PAPER_1522
geo_Earth_obliquity_deg,geo,qcalcgeom,dpm,Axial tilt,23.468333333333334,23.5,PAPER_1167,,XGEO_ROUTED_IDENTITY,"EXTRACTED[_session427_geo_obliquity.py]: val = 2*SO5+D_phys-Phi_res+F_TRZ*K_Mex+F_TRZ*Phi_res+F_TRZ**2 || dpm-native re-expression: generators SO_5=rho_UA/rho_SCm + D_crit=26 caduceus pinch count [PAPER_646], D_phys via magic 8=2*D_phys [PAPER_1203]; D_BSFG=D_crit-2*SO_5 [PAPER_1521]; A_5=360/D_BSFG [PAPER_2116]; N_CH=SO_5-1 [PAPER_2128]; K_MEX per PAPER_1522",PAPER_1167;_session427_geo_obliquity.py;PAPER_646;PAPER_1203;PAPER_1521;PAPER_2116;PAPER_2128;PAPER_1522
geo_Earth_obliquity_deg,geo,qcalcgeom,d26,Axial tilt,23.468333333333334,23.5,PAPER_1167,,XGEO_ROUTED_IDENTITY,"Axial tilt || d26-native re-expression: generator D_crit=26: SO_5=10 via 26->10 superstring reduction [PAPER_1160 chain 4; CondensedPhysics2.py L28609; 26D_DOWNWARD_PROJECTION.md]; D_BSFG=6, D_phys=4 via 26->10->6->4 flow [PAPER_1160 + PAPER_1159 D=6 resonance manifold]; A_5=360/D_BSFG [PAPER_2116]; N_CH=SO_5-1 [PAPER_2128]; K_MEX per PAPER_1522",PAPER_1167;PAPER_1160;PAPER_1159;PAPER_2116;PAPER_2128;PAPER_1522
geo_J2_oblateness_norm,geo,qcalcgeom,bsfg,Earth J_2 (normalized),1.0839999999999999,1.0826,PAPER_1167,,XGEO_ROUTED_IDENTITY,EXTRACTED[_session423_geo_j2.py]: val = SSq+Phi_res-F_TRZ*K_Mex-F_TRZ-F_TRZ**2-F_TRZ**3 || bsfg-native re-expression: generator D_BSFG: D_phys=2*D_BSFG/3 [PAPER_1962]; SO_5=2*(D_BSFG-1) [R320 triple-form]; D_crit=D_BSFG+2*SO_5 [PAPER_1521]; A_5=360/D_BSFG [PAPER_2116]; N_CH=SO_5-1 [PAPER_2128]; K_MEX per PAPER_1522; real vacuum-kernel primitives global,PAPER_1167;_session423_geo_j2.py;PAPER_1962;R320;PAPER_1521;PAPER_2116;PAPER_2128;PAPER_1522
geo_J2_oblateness_norm,geo,qcalcgeom,dpm,Earth J_2 (normalized),1.0839999999999999,1.0826,PAPER_1167,,XGEO_ROUTED_IDENTITY,"EXTRACTED[_session423_geo_j2.py]: val = SSq+Phi_res-F_TRZ*K_Mex-F_TRZ-F_TRZ**2-F_TRZ**3 || dpm-native re-expression: generators SO_5=rho_UA/rho_SCm + D_crit=26 caduceus pinch count [PAPER_646], D_phys via magic 8=2*D_phys [PAPER_1203]; D_BSFG=D_crit-2*SO_5 [PAPER_1521]; A_5=360/D_BSFG [PAPER_2116]; N_CH=SO_5-1 [PAPER_2128]; K_MEX per PAPER_1522",PAPER_1167;_session423_geo_j2.py;PAPER_646;PAPER_1203;PAPER_1521;PAPER_2116;PAPER_2128;PAPER_1522
geo_J2_oblateness_norm,geo,qcalcgeom,d26,Earth J_2 (normalized),1.0839999999999999,1.0826,PAPER_1167,,XGEO_ROUTED_IDENTITY,"Earth J_2 (normalized) || d26-native re-expression: generator D_crit=26: SO_5=10 via 26->10 superstring reduction [PAPER_1160 chain 4; CondensedPhysics2.py L28609; 26D_DOWNWARD_PROJECTION.md]; D_BSFG=6, D_phys=4 via 26->10->6->4 flow [PAPER_1160 + PAPER_1159 D=6 resonance manifold]; A_5=360/D_BSFG [PAPER_2116]; N_CH=SO_5-1 [PAPER_2128]; K_MEX per PAPER_1522",PAPER_1167;PAPER_1160;PAPER_1159;PAPER_2116;PAPER_2128;PAPER_1522
geo_adiabatic_lapse_K_per_km,geo,qcalcgeom,bsfg,Dry adiabatic Gamma_d,9.806666666666667,9.8,PAPER_1167,,XGEO_ROUTED_IDENTITY,EXTRACTED[_session426_geo_lapse.py]: val = SO5-F_TRZ-F_TRZ*Phi_res-F_TRZ**2 || bsfg-native re-expression: generator D_BSFG: D_phys=2*D_BSFG/3 [PAPER_1962]; SO_5=2*(D_BSFG-1) [R320 triple-form]; D_crit=D_BSFG+2*SO_5 [PAPER_1521]; A_5=360/D_BSFG [PAPER_2116]; N_CH=SO_5-1 [PAPER_2128]; K_MEX per PAPER_1522; real vacuum-kernel primitives global,PAPER_1167;_session426_geo_lapse.py;PAPER_1962;R320;PAPER_1521;PAPER_2116;PAPER_2128;PAPER_1522
geo_adiabatic_lapse_K_per_km,geo,qcalcgeom,dpm,Dry adiabatic Gamma_d,9.806666666666667,9.8,PAPER_1167,,XGEO_ROUTED_IDENTITY,"EXTRACTED[_session426_geo_lapse.py]: val = SO5-F_TRZ-F_TRZ*Phi_res-F_TRZ**2 || dpm-native re-expression: generators SO_5=rho_UA/rho_SCm + D_crit=26 caduceus pinch count [PAPER_646], D_phys via magic 8=2*D_phys [PAPER_1203]; D_BSFG=D_crit-2*SO_5 [PAPER_1521]; A_5=360/D_BSFG [PAPER_2116]; N_CH=SO_5-1 [PAPER_2128]; K_MEX per PAPER_1522",PAPER_1167;_session426_geo_lapse.py;PAPER_646;PAPER_1203;PAPER_1521;PAPER_2116;PAPER_2128;PAPER_1522
geo_adiabatic_lapse_K_per_km,geo,qcalcgeom,d26,Dry adiabatic Gamma_d,9.806666666666667,9.8,PAPER_1167,,XGEO_ROUTED_IDENTITY,"Dry adiabatic Gamma_d || d26-native re-expression: generator D_crit=26: SO_5=10 via 26->10 superstring reduction [PAPER_1160 chain 4; CondensedPhysics2.py L28609; 26D_DOWNWARD_PROJECTION.md]; D_BSFG=6, D_phys=4 via 26->10->6->4 flow [PAPER_1160 + PAPER_1159 D=6 resonance manifold]; A_5=360/D_BSFG [PAPER_2116]; N_CH=SO_5-1 [PAPER_2128]; K_MEX per PAPER_1522",PAPER_1167;PAPER_1160;PAPER_1159;PAPER_2116;PAPER_2128;PAPER_1522
geo_atm_pressure_atm_norm,geo,qcalcgeom,bsfg,1 atm normalized,1.0108333333333335,1.013,PAPER_1167,,XGEO_ROUTED_IDENTITY,EXTRACTED[_session432_geo_pressure.py]: val = F_TRZ*K_Mex+Phi_res-F_TRZ**2-F_TRZ**2*K_Mex || bsfg-native re-expression: generator D_BSFG: D_phys=2*D_BSFG/3 [PAPER_1962]; SO_5=2*(D_BSFG-1) [R320 triple-form]; D_crit=D_BSFG+2*SO_5 [PAPER_1521]; A_5=360/D_BSFG [PAPER_2116]; N_CH=SO_5-1 [PAPER_2128]; K_MEX per PAPER_1522; real vacuum-kernel primitives global,PAPER_1167;_session432_geo_pressure.py;PAPER_1962;R320;PAPER_1521;PAPER_2116;PAPER_2128;PAPER_1522
geo_atm_pressure_atm_norm,geo,qcalcgeom,dpm,1 atm normalized,1.0108333333333335,1.013,PAPER_1167,,XGEO_ROUTED_IDENTITY,"EXTRACTED[_session432_geo_pressure.py]: val = F_TRZ*K_Mex+Phi_res-F_TRZ**2-F_TRZ**2*K_Mex || dpm-native re-expression: generators SO_5=rho_UA/rho_SCm + D_crit=26 caduceus pinch count [PAPER_646], D_phys via magic 8=2*D_phys [PAPER_1203]; D_BSFG=D_crit-2*SO_5 [PAPER_1521]; A_5=360/D_BSFG [PAPER_2116]; N_CH=SO_5-1 [PAPER_2128]; K_MEX per PAPER_1522",PAPER_1167;_session432_geo_pressure.py;PAPER_646;PAPER_1203;PAPER_1521;PAPER_2116;PAPER_2128;PAPER_1522
geo_atm_pressure_atm_norm,geo,qcalcgeom,d26,1 atm normalized,1.0108333333333335,1.013,PAPER_1167,,XGEO_ROUTED_IDENTITY,"1 atm normalized || d26-native re-expression: generator D_crit=26: SO_5=10 via 26->10 superstring reduction [PAPER_1160 chain 4; CondensedPhysics2.py L28609; 26D_DOWNWARD_PROJECTION.md]; D_BSFG=6, D_phys=4 via 26->10->6->4 flow [PAPER_1160 + PAPER_1159 D=6 resonance manifold]; A_5=360/D_BSFG [PAPER_2116]; N_CH=SO_5-1 [PAPER_2128]; K_MEX per PAPER_1522",PAPER_1167;PAPER_1160;PAPER_1159;PAPER_2116;PAPER_2128;PAPER_1522
geo_atmospheric_scale_height_km,geo,qcalcgeom,bsfg,H = 8.5 km surface T=288 K,8.503333333333332,8.5,PAPER_1167,,XGEO_ROUTED_IDENTITY,EXTRACTED[_session424_geo_scale_height.py]: val = SO5-K_Mex+SSq+F_TRZ-F_TRZ*Phi_res || bsfg-native re-expression: generator D_BSFG: D_phys=2*D_BSFG/3 [PAPER_1962]; SO_5=2*(D_BSFG-1) [R320 triple-form]; D_crit=D_BSFG+2*SO_5 [PAPER_1521]; A_5=360/D_BSFG [PAPER_2116]; N_CH=SO_5-1 [PAPER_2128]; K_MEX per PAPER_1522; real vacuum-kernel primitives global,PAPER_1167;_session424_geo_scale_height.py;PAPER_1962;R320;PAPER_1521;PAPER_2116;PAPER_2128;PAPER_1522
geo_atmospheric_scale_height_km,geo,qcalcgeom,dpm,H = 8.5 km surface T=288 K,8.503333333333332,8.5,PAPER_1167,,XGEO_ROUTED_IDENTITY,"EXTRACTED[_session424_geo_scale_height.py]: val = SO5-K_Mex+SSq+F_TRZ-F_TRZ*Phi_res || dpm-native re-expression: generators SO_5=rho_UA/rho_SCm + D_crit=26 caduceus pinch count [PAPER_646], D_phys via magic 8=2*D_phys [PAPER_1203]; D_BSFG=D_crit-2*SO_5 [PAPER_1521]; A_5=360/D_BSFG [PAPER_2116]; N_CH=SO_5-1 [PAPER_2128]; K_MEX per PAPER_1522",PAPER_1167;_session424_geo_scale_height.py;PAPER_646;PAPER_1203;PAPER_1521;PAPER_2116;PAPER_2128;PAPER_1522
geo_atmospheric_scale_height_km,geo,qcalcgeom,d26,H = 8.5 km surface T=288 K,8.503333333333332,8.5,PAPER_1167,,XGEO_ROUTED_IDENTITY,"H = 8.5 km surface T=288 K || d26-native re-expression: generator D_crit=26: SO_5=10 via 26->10 superstring reduction [PAPER_1160 chain 4; CondensedPhysics2.py L28609; 26D_DOWNWARD_PROJECTION.md]; D_BSFG=6, D_phys=4 via 26->10->6->4 flow [PAPER_1160 + PAPER_1159 D=6 resonance manifold]; A_5=360/D_BSFG [PAPER_2116]; N_CH=SO_5-1 [PAPER_2128]; K_MEX per PAPER_1522",PAPER_1167;PAPER_1160;PAPER_1159;PAPER_2116;PAPER_2128;PAPER_1522
geo_brunt_vaisala_N2_s2,geo,qcalcgeom,bsfg,N^2 = F_TRZ^4 EXACT,0.00010000000000000002,0.0001,PAPER_1167,F_TRZ,XGEO_ROUTED_IDENTITY,N^2 = F_TRZ^4 EXACT || bsfg-native re-expression: generator D_BSFG: D_phys=2*D_BSFG/3 [PAPER_1962]; SO_5=2*(D_BSFG-1) [R320 triple-form]; D_crit=D_BSFG+2*SO_5 [PAPER_1521]; A_5=360/D_BSFG [PAPER_2116]; N_CH=SO_5-1 [PAPER_2128]; K_MEX per PAPER_1522; kappa per PAPER_2112; real vacuum-kernel primitives global,PAPER_1167;PAPER_1962;R320;PAPER_1521;PAPER_2116;PAPER_2128;PAPER_1522;PAPER_2112
geo_brunt_vaisala_N2_s2,geo,qcalcgeom,dpm,N^2 = F_TRZ^4 EXACT,0.00010000000000000002,0.0001,PAPER_1167,F_TRZ,XGEO_ROUTED_IDENTITY,"N^2 = F_TRZ^4 EXACT || dpm-native re-expression: generators SO_5=rho_UA/rho_SCm + D_crit=26 caduceus pinch count [PAPER_646], D_phys via magic 8=2*D_phys [PAPER_1203]; D_BSFG=D_crit-2*SO_5 [PAPER_1521]; A_5=360/D_BSFG [PAPER_2116]; N_CH=SO_5-1 [PAPER_2128]; K_MEX per PAPER_1522; kappa per PAPER_2112; real vacuum-kernel primitives native to SCm manifold",PAPER_1167;PAPER_646;PAPER_1203;PAPER_1521;PAPER_2116;PAPER_2128;PAPER_1522;PAPER_2112
geo_brunt_vaisala_N2_s2,geo,qcalcgeom,d26,N^2 = F_TRZ^4 EXACT,0.00010000000000000002,0.0001,PAPER_1167,F_TRZ,XGEO_ROUTED_IDENTITY,N^2 = F_TRZ^4 EXACT || d26-native re-expression: generator D_crit=26: D_phys=D_crit-22 with 22=T22 compactified moduli [PAPER_1927]; real vacuum-kernel primitives global,PAPER_1167;PAPER_1927
geo_greenhouse_DeltaT_K,geo,qcalcgeom,bsfg,T_surf - T_eff = 33 K,32.93166666666667,33.0,PAPER_1167,,XGEO_ROUTED_IDENTITY,EXTRACTED[_session428_geo_greenhouse.py]: val = N_ch*D_phys-D_phys+Phi_res+F_TRZ*K_Mex-F_TRZ-F_TRZ**2 || bsfg-native re-expression: generator D_BSFG: D_phys=2*D_BSFG/3 [PAPER_1962]; SO_5=2*(D_BSFG-1) [R320 triple-form]; D_crit=D_BSFG+2*SO_5 [PAPER_1521]; A_5=360/D_BSFG [PAPER_2116]; N_CH=SO_5-1 [PAPER_2128]; K_MEX per PAPER_1522; real vacuum-kernel primitives global,PAPER_1167;_session428_geo_greenhouse.py;PAPER_1962;R320;PAPER_1521;PAPER_2116;PAPER_2128;PAPER_1522
geo_greenhouse_DeltaT_K,geo,qcalcgeom,dpm,T_surf - T_eff = 33 K,32.93166666666667,33.0,PAPER_1167,,XGEO_ROUTED_IDENTITY,"EXTRACTED[_session428_geo_greenhouse.py]: val = N_ch*D_phys-D_phys+Phi_res+F_TRZ*K_Mex-F_TRZ-F_TRZ**2 || dpm-native re-expression: generators SO_5=rho_UA/rho_SCm + D_crit=26 caduceus pinch count [PAPER_646], D_phys via magic 8=2*D_phys [PAPER_1203]; D_BSFG=D_crit-2*SO_5 [PAPER_1521]; A_5=360/D_BSFG [PAPER_2116]; N_CH=SO_5-1 [PAPER_2128]; K_MEX per PAPER_1522",PAPER_1167;_session428_geo_greenhouse.py;PAPER_646;PAPER_1203;PAPER_1521;PAPER_2116;PAPER_2128;PAPER_1522
geo_greenhouse_DeltaT_K,geo,qcalcgeom,d26,T_surf - T_eff = 33 K,32.93166666666667,33.0,PAPER_1167,,XGEO_ROUTED_IDENTITY,"T_surf - T_eff = 33 K || d26-native re-expression: generator D_crit=26: SO_5=10 via 26->10 superstring reduction [PAPER_1160 chain 4; CondensedPhysics2.py L28609; 26D_DOWNWARD_PROJECTION.md]; D_BSFG=6, D_phys=4 via 26->10->6->4 flow [PAPER_1160 + PAPER_1159 D=6 resonance manifold]; A_5=360/D_BSFG [PAPER_2116]; N_CH=SO_5-1 [PAPER_2128]; K_MEX per PAPER_1522",PAPER_1167;PAPER_1160;PAPER_1159;PAPER_2116;PAPER_2128;PAPER_1522
geo_magnetopause_R_E,geo,bsfg,qcalcgeom,R_mp = SO_5 R_E = 10 EXACT,10.0,10.0,PAPER_1167,SO_5,XGEO_ROUTED_IDENTITY,"R_mp = SO_5 R_E = 10 EXACT || qcalcgeom-native re-expression: F_U-native constant set {rho_SCm, beta_i, SSq, F_TRZ, omega_SCm, Phi_res, S_26} [PAPER_1203/PAPER_2124 canonical F_U machinery = QCalcGeom v3 native surfaces compute_F_U/FUBi/FUBii/universal_inertia]; SO_5=1/F_TRZ [PAPER_1160 EXACT F_TRZ=1/|SO(5)|]; D_BSFG=6 native via bsfg_* wrapper surfaces [QCalcGeom v3 + PAPER_1159]; D_phys=2*D_BSFG/3 [PAPER_1962]; D_crit=D_BSFG+2*SO_5 [PAPER_1521]; A_5=360/D_BSFG [PAPER_2116]; N_CH=SO_5-1 [PAPER_2128]; K_MEX per PAPER_1522",PAPER_1167;PAPER_1203;PAPER_2124;PAPER_1160;PAPER_1159;PAPER_1962;PAPER_1521;PAPER_2116;PAPER_2128;PAPER_1522
geo_magnetopause_R_E,geo,bsfg,dpm,R_mp = SO_5 R_E = 10 EXACT,10.0,10.0,PAPER_1167,SO_5,XGEO_ROUTED_IDENTITY,"R_mp = SO_5 R_E = 10 EXACT || dpm-native re-expression: generators SO_5=rho_UA/rho_SCm + D_crit=26 caduceus pinch count [PAPER_646], D_phys via magic 8=2*D_phys [PAPER_1203]; D_BSFG=D_crit-2*SO_5 [PAPER_1521]; A_5=360/D_BSFG [PAPER_2116]; N_CH=SO_5-1 [PAPER_2128]; K_MEX per PAPER_1522; kappa per PAPER_2112; real vacuum-kernel primitives native to SCm manifold",PAPER_1167;PAPER_646;PAPER_1203;PAPER_1521;PAPER_2116;PAPER_2128;PAPER_1522;PAPER_2112
geo_magnetopause_R_E,geo,bsfg,d26,R_mp = SO_5 R_E = 10 EXACT,10.0,10.0,PAPER_1167,SO_5,XGEO_ROUTED_IDENTITY,"R_mp = SO_5 R_E = 10 EXACT || d26-native re-expression: generator D_crit=26: SO_5=10 via 26->10 superstring reduction [PAPER_1160 chain 4; CondensedPhysics2.py L28609; 26D_DOWNWARD_PROJECTION.md]; D_BSFG=6, D_phys=4 via 26->10->6->4 flow [PAPER_1160 + PAPER_1159 D=6 resonance manifold]; A_5=360/D_BSFG [PAPER_2116]; N_CH=SO_5-1 [PAPER_2128]; K_MEX per PAPER_1522",PAPER_1167;PAPER_1160;PAPER_1159;PAPER_2116;PAPER_2128;PAPER_1522
geo_ocean_salinity_ppt,geo,qcalcgeom,bsfg,Mean salinity 35 ppt,35.030666666666676,35.0,PAPER_1167,,XGEO_ROUTED_IDENTITY,EXTRACTED[_session429_geo_salinity.py]: val = K_Mex*SO5+SO5+D_phys+F_TRZ*K_Mex-F_TRZ**2-F_TRZ**3 || bsfg-native re-expression: generator D_BSFG: D_phys=2*D_BSFG/3 [PAPER_1962]; SO_5=2*(D_BSFG-1) [R320 triple-form]; D_crit=D_BSFG+2*SO_5 [PAPER_1521]; A_5=360/D_BSFG [PAPER_2116]; N_CH=SO_5-1 [PAPER_2128]; K_MEX per PAPER_1522; real vacuum-kernel primitives global,PAPER_1167;_session429_geo_salinity.py;PAPER_1962;R320;PAPER_1521;PAPER_2116;PAPER_2128;PAPER_1522
geo_ocean_salinity_ppt,geo,qcalcgeom,dpm,Mean salinity 35 ppt,35.030666666666676,35.0,PAPER_1167,,XGEO_ROUTED_IDENTITY,"EXTRACTED[_session429_geo_salinity.py]: val = K_Mex*SO5+SO5+D_phys+F_TRZ*K_Mex-F_TRZ**2-F_TRZ**3 || dpm-native re-expression: generators SO_5=rho_UA/rho_SCm + D_crit=26 caduceus pinch count [PAPER_646], D_phys via magic 8=2*D_phys [PAPER_1203]; D_BSFG=D_crit-2*SO_5 [PAPER_1521]; A_5=360/D_BSFG [PAPER_2116]; N_CH=SO_5-1 [PAPER_2128]; K_MEX per PAPER_1522",PAPER_1167;_session429_geo_salinity.py;PAPER_646;PAPER_1203;PAPER_1521;PAPER_2116;PAPER_2128;PAPER_1522
geo_ocean_salinity_ppt,geo,qcalcgeom,d26,Mean salinity 35 ppt,35.030666666666676,35.0,PAPER_1167,,XGEO_ROUTED_IDENTITY,"Mean salinity 35 ppt || d26-native re-expression: generator D_crit=26: SO_5=10 via 26->10 superstring reduction [PAPER_1160 chain 4; CondensedPhysics2.py L28609; 26D_DOWNWARD_PROJECTION.md]; D_BSFG=6, D_phys=4 via 26->10->6->4 flow [PAPER_1160 + PAPER_1159 D=6 resonance manifold]; A_5=360/D_BSFG [PAPER_2116]; N_CH=SO_5-1 [PAPER_2128]; K_MEX per PAPER_1522",PAPER_1167;PAPER_1160;PAPER_1159;PAPER_2116;PAPER_2128;PAPER_1522
higgs_vev,SM,dpm,qcalcgeom,v_Higgs = A_5 * (D_phys + F_TRZ) = 60 * 4.1 = 246 GeV,245.99999999999997,246.0,PAPER_1636,D_PHYS;A_5;F_TRZ,XGEO_ROUTED_IDENTITY,"v_Higgs = A_5 * (D_phys + F_TRZ) = 60 * 4.1 = 246 GeV || qcalcgeom-native re-expression: F_U-native constant set {rho_SCm, beta_i, SSq, F_TRZ, omega_SCm, Phi_res, S_26} [PAPER_1203/PAPER_2124 canonical F_U machinery = QCalcGeom v3 native surfaces compute_F_U/FUBi/FUBii/universal_inertia]; SO_5=1/F_TRZ [PAPER_1160 EXACT F_TRZ=1/|SO(5)|]; D_BSFG=6 native via bsfg_* wrapper surfaces [QCalcGeom v3 + PAPER_1159]; D_phys=2*D_BSFG/3 [PAPER_1962]; D_crit=D_BSFG+2*SO_5 [PAPER_1521]; A_5=360/D_BSFG [PAPER_2116]; N_CH=SO_5-1 [PAPER_2128]; K_MEX per PAPER_1522",PAPER_1636;PAPER_1203;PAPER_2124;PAPER_1160;PAPER_1159;PAPER_1962;PAPER_1521;PAPER_2116;PAPER_2128;PAPER_1522
higgs_vev,SM,dpm,bsfg,v_Higgs = A_5 * (D_phys + F_TRZ) = 60 * 4.1 = 246 GeV,245.99999999999997,246.0,PAPER_1636,D_PHYS;A_5;F_TRZ,XGEO_ROUTED_IDENTITY,v_Higgs = A_5 * (D_phys + F_TRZ) = 60 * 4.1 = 246 GeV || bsfg-native re-expression: generator D_BSFG: D_phys=2*D_BSFG/3 [PAPER_1962]; SO_5=2*(D_BSFG-1) [R320 triple-form]; D_crit=D_BSFG+2*SO_5 [PAPER_1521]; A_5=360/D_BSFG [PAPER_2116]; N_CH=SO_5-1 [PAPER_2128]; K_MEX per PAPER_1522; kappa per PAPER_2112; real vacuum-kernel primitives global,PAPER_1636;PAPER_1962;R320;PAPER_1521;PAPER_2116;PAPER_2128;PAPER_1522;PAPER_2112
higgs_vev,SM,dpm,d26,v_Higgs = A_5 * (D_phys + F_TRZ) = 60 * 4.1 = 246 GeV,245.99999999999997,246.0,PAPER_1636,D_PHYS;A_5;F_TRZ,XGEO_ROUTED_IDENTITY,"v_Higgs = A_5 * (D_phys + F_TRZ) = 60 * 4.1 = 246 GeV || d26-native re-expression: generator D_crit=26: SO_5=10 via 26->10 superstring reduction [PAPER_1160 chain 4; CondensedPhysics2.py L28609; 26D_DOWNWARD_PROJECTION.md]; D_BSFG=6, D_phys=4 via 26->10->6->4 flow [PAPER_1160 + PAPER_1159 D=6 resonance manifold]; A_5=360/D_BSFG [PAPER_2116]; N_CH=SO_5-1 [PAPER_2128]; K_MEX per PAPER_1522",PAPER_1636;PAPER_1160;PAPER_1159;PAPER_2116;PAPER_2128;PAPER_1522
hubble_tension,LCDM,d26,qcalcgeom,Delta_H = SH0ES - Planck = 73 - 67.4 = 5.6 km/s/Mpc,5.599999999999994,5.6,PAPER_1676,,XGEO_INDEPENDENT,"INDEPENDENT: H0 grid = (2*SO_5+2)*F_TRZ^19 = 2.2e-18 (residual vs local IS the tension, PAPER_2125) — F_TRZ-ladder grid form -> qcalcgeom per LEADING-PRIMITIVE GEOMETRY RULE (Daniel standing ruling 2026-07-24)",PAPER_2093;PAPER_2125
hubble_tension,LCDM,d26,bsfg,Delta_H = SH0ES - Planck = 73 - 67.4 = 5.6 km/s/Mpc,5.599999999999994,5.6,PAPER_1676,,XGEO_ROUTED_IDENTITY,RECOVERED: H0 local/CMB tension = 1/12 EXACT tilt closure; grid (2*SO_5+2)*F_TRZ^19 vs local anchor || bsfg-native re-expression: generator D_BSFG: D_phys=2*D_BSFG/3 [PAPER_1962]; SO_5=2*(D_BSFG-1) [R320 triple-form; also |SO(D-1)| at D=6 per PAPER_1160]; D_crit=D_BSFG+2*SO_5 [PAPER_1521]; A_5=360/D_BSFG [PAPER_2116]; N_CH=SO_5-1 [PAPER_2128]; K_MEX per PAPER_1522,PAPER_1676;PAPER_1156;PAPER_2093;PAPER_2125;uqff_pure_calculator p9_h_tension;PAPER_1962;R320;PAPER_1160;PAPER_1521;PAPER_2116;PAPER_2128;PAPER_1522
hubble_tension,LCDM,d26,dpm,Delta_H = SH0ES - Planck = 73 - 67.4 = 5.6 km/s/Mpc,5.599999999999994,5.6,PAPER_1676,,XGEO_INDEPENDENT,INDEPENDENT: tension tilt = 1/12 EXACT = K_MEX - 2 (DPM-pair identity) — DPM-pair-led -> dpm per LEADING-PRIMITIVE GEOMETRY RULE (Daniel standing ruling 2026-07-24),PAPER_1156;PAPER_1183
m_W_alt,SM,dpm,qcalcgeom,m_W = A_5 + A_5/3 = 60 + 20 = 80 GeV,80.0,80.0,PAPER_1686,A_5,XGEO_ROUTED_IDENTITY,"m_W = A_5 + A_5/3 = 60 + 20 = 80 GeV || qcalcgeom-native re-expression: F_U-native constant set {rho_SCm, beta_i, SSq, F_TRZ, omega_SCm, Phi_res, S_26} [PAPER_1203/PAPER_2124 canonical F_U machinery = QCalcGeom v3 native surfaces compute_F_U/FUBi/FUBii/universal_inertia]; SO_5=1/F_TRZ [PAPER_1160 EXACT F_TRZ=1/|SO(5)|]; D_BSFG=6 native via bsfg_* wrapper surfaces [QCalcGeom v3 + PAPER_1159]; D_phys=2*D_BSFG/3 [PAPER_1962]; D_crit=D_BSFG+2*SO_5 [PAPER_1521]; A_5=360/D_BSFG [PAPER_2116]; N_CH=SO_5-1 [PAPER_2128]; K_MEX per PAPER_1522",PAPER_1686;PAPER_1203;PAPER_2124;PAPER_1160;PAPER_1159;PAPER_1962;PAPER_1521;PAPER_2116;PAPER_2128;PAPER_1522
m_W_alt,SM,dpm,bsfg,m_W = A_5 + A_5/3 = 60 + 20 = 80 GeV,80.0,80.0,PAPER_1686,A_5,XGEO_ROUTED_IDENTITY,m_W = A_5 + A_5/3 = 60 + 20 = 80 GeV || bsfg-native re-expression: generator D_BSFG: D_phys=2*D_BSFG/3 [PAPER_1962]; SO_5=2*(D_BSFG-1) [R320 triple-form]; D_crit=D_BSFG+2*SO_5 [PAPER_1521]; A_5=360/D_BSFG [PAPER_2116]; N_CH=SO_5-1 [PAPER_2128]; K_MEX per PAPER_1522; kappa per PAPER_2112; real vacuum-kernel primitives global,PAPER_1686;PAPER_1962;R320;PAPER_1521;PAPER_2116;PAPER_2128;PAPER_1522;PAPER_2112
m_W_alt,SM,dpm,d26,m_W = A_5 + A_5/3 = 60 + 20 = 80 GeV,80.0,80.0,PAPER_1686,A_5,XGEO_ROUTED_IDENTITY,"m_W = A_5 + A_5/3 = 60 + 20 = 80 GeV || d26-native re-expression: generator D_crit=26: SO_5=10 via 26->10 superstring reduction [PAPER_1160 chain 4; CondensedPhysics2.py L28609; 26D_DOWNWARD_PROJECTION.md]; D_BSFG=6, D_phys=4 via 26->10->6->4 flow [PAPER_1160 + PAPER_1159 D=6 resonance manifold]; A_5=360/D_BSFG [PAPER_2116]; N_CH=SO_5-1 [PAPER_2128]; K_MEX per PAPER_1522",PAPER_1686;PAPER_1160;PAPER_1159;PAPER_2116;PAPER_2128;PAPER_1522
mp_me_ratio,SI,bsfg,qcalcgeom,m_p/m_e = D_BSFG * pi^5,1836.1181087116884,1836.15267343,PAPER_1167,D_BSFG;PI,XGEO_ROUTED_IDENTITY,"m_p/m_e = D_BSFG * pi^5 || qcalcgeom-native re-expression: F_U-native constant set {rho_SCm, beta_i, SSq, F_TRZ, omega_SCm, Phi_res, S_26} [PAPER_1203/PAPER_2124 canonical F_U machinery = QCalcGeom v3 native surfaces compute_F_U/FUBi/FUBii/universal_inertia]; SO_5=1/F_TRZ [PAPER_1160 EXACT F_TRZ=1/|SO(5)|]; D_BSFG=6 native via bsfg_* wrapper surfaces [QCalcGeom v3 + PAPER_1159]; D_phys=2*D_BSFG/3 [PAPER_1962]; D_crit=D_BSFG+2*SO_5 [PAPER_1521]; A_5=360/D_BSFG [PAPER_2116]; N_CH=SO_5-1 [PAPER_2128]; K_MEX per PAPER_1522",PAPER_1167;PAPER_1203;PAPER_2124;PAPER_1160;PAPER_1159;PAPER_1962;PAPER_1521;PAPER_2116;PAPER_2128;PAPER_1522
mp_me_ratio,SI,bsfg,dpm,m_p/m_e = D_BSFG * pi^5,1836.1181087116884,1836.15267343,PAPER_1167,D_BSFG;PI,XGEO_INDEPENDENT,INDEPENDENT: m_p/m_e = A_5^2/2 + D_BSFG^2 = 1836 (0.0083% vs 1836.15267) — A_5-led -> dpm per LEADING-PRIMITIVE GEOMETRY RULE (Daniel standing ruling 2026-07-24),S266;PAPER_2116
mp_me_ratio,SI,bsfg,d26,m_p/m_e = D_BSFG * pi^5,1836.1181087116884,1836.15267343,PAPER_1167,D_BSFG;PI,XGEO_ROUTED_IDENTITY,"m_p/m_e = D_BSFG * pi^5 || d26-native re-expression: generator D_crit=26: SO_5=10 via 26->10 superstring reduction [PAPER_1160 chain 4; CondensedPhysics2.py L28609; 26D_DOWNWARD_PROJECTION.md]; D_BSFG=6, D_phys=4 via 26->10->6->4 flow [PAPER_1160 + PAPER_1159 D=6 resonance manifold]; A_5=360/D_BSFG [PAPER_2116]; N_CH=SO_5-1 [PAPER_2128]; K_MEX per PAPER_1522",PAPER_1167;PAPER_1160;PAPER_1159;PAPER_2116;PAPER_2128;PAPER_1522
n_s_scalar_tilt,LCDM,d26,qcalcgeom,n_s = 1 - alpha_inv^-1 * (D_phys + Phi_res_5_6) = 1 - (1/137)(4 + 5/6),0.9647294625601749,0.96468,PAPER_1736,D_PHYS;PHI_RES,XGEO_ROUTED_IDENTITY,"n_s = 1 - alpha_inv^-1 * (D_phys + Phi_res_5_6) = 1 - (1/137)(4 + 5/6) || qcalcgeom-native re-expression: F_U-native constant set {rho_SCm, beta_i, SSq, F_TRZ, omega_SCm, Phi_res, S_26} [PAPER_1203/PAPER_2124 canonical F_U machinery = QCalcGeom v3 native surfaces compute_F_U/FUBi/FUBii/universal_inertia]; SO_5=1/F_TRZ [PAPER_1160 EXACT F_TRZ=1/|SO(5)|]; D_BSFG=6 native via bsfg_* wrapper surfaces [QCalcGeom v3 + PAPER_1159]; D_phys=2*D_BSFG/3 [PAPER_1962]; D_crit=D_BSFG+2*SO_5 [PAPER_1521]; A_5=360/D_BSFG [PAPER_2116]; N_CH=SO_5-1 [PAPER_2128]; K_MEX per PAPER_1522",PAPER_1736;PAPER_1203;PAPER_2124;PAPER_1160;PAPER_1159;PAPER_1962;PAPER_1521;PAPER_2116;PAPER_2128;PAPER_1522
n_s_scalar_tilt,LCDM,d26,bsfg,n_s = 1 - alpha_inv^-1 * (D_phys + Phi_res_5_6) = 1 - (1/137)(4 + 5/6),0.9647294625601749,0.96468,PAPER_1736,D_PHYS;PHI_RES,XGEO_ROUTED_IDENTITY,n_s = 1 - alpha_inv^-1 * (D_phys + Phi_res_5_6) = 1 - (1/137)(4 + 5/6) || bsfg-native re-expression: generator D_BSFG: D_phys=2*D_BSFG/3 [PAPER_1962]; SO_5=2*(D_BSFG-1) [R320 triple-form]; D_crit=D_BSFG+2*SO_5 [PAPER_1521]; A_5=360/D_BSFG [PAPER_2116]; N_CH=SO_5-1 [PAPER_2128]; K_MEX per PAPER_1522; kappa per PAPER_2112; real vacuum-kernel primitives global,PAPER_1736;PAPER_1962;R320;PAPER_1521;PAPER_2116;PAPER_2128;PAPER_1522;PAPER_2112
n_s_scalar_tilt,LCDM,d26,dpm,n_s = 1 - alpha_inv^-1 * (D_phys + Phi_res_5_6) = 1 - (1/137)(4 + 5/6),0.9647294625601749,0.96468,PAPER_1736,D_PHYS;PHI_RES,XGEO_ROUTED_IDENTITY,"n_s = 1 - alpha_inv^-1 * (D_phys + Phi_res_5_6) = 1 - (1/137)(4 + 5/6) || dpm-native re-expression: generators SO_5=rho_UA/rho_SCm + D_crit=26 caduceus pinch count [PAPER_646], D_phys via magic 8=2*D_phys [PAPER_1203]; D_BSFG=D_crit-2*SO_5 [PAPER_1521]; A_5=360/D_BSFG [PAPER_2116]; N_CH=SO_5-1 [PAPER_2128]; K_MEX per PAPER_1522; kappa per PAPER_2112; real vacuum-kernel primitives native to SCm manifold",PAPER_1736;PAPER_646;PAPER_1203;PAPER_1521;PAPER_2116;PAPER_2128;PAPER_1522;PAPER_2112
omega_lambda_6_5_SSQ,LCDM,dpm,qcalcgeom,Omega_Lambda = (6/5) * SSQ = 6/5 * 0.57 = 0.684,0.6839999999999999,0.684,PAPER_1696,SSQ,XGEO_ROUTED_IDENTITY,"Omega_Lambda = (6/5) * SSQ = 6/5 * 0.57 = 0.684 || qcalcgeom-native re-expression: F_U-native constant set {rho_SCm, beta_i, SSq, F_TRZ, omega_SCm, Phi_res, S_26} [PAPER_1203/PAPER_2124 canonical F_U machinery = QCalcGeom v3 native surfaces compute_F_U/FUBi/FUBii/universal_inertia]; SO_5=1/F_TRZ [PAPER_1160 EXACT F_TRZ=1/|SO(5)|]; D_BSFG=6 native via bsfg_* wrapper surfaces [QCalcGeom v3 + PAPER_1159]; D_phys=2*D_BSFG/3 [PAPER_1962]; D_crit=D_BSFG+2*SO_5 [PAPER_1521]; A_5=360/D_BSFG [PAPER_2116]; N_CH=SO_5-1 [PAPER_2128]; K_MEX per PAPER_1522",PAPER_1696;PAPER_1203;PAPER_2124;PAPER_1160;PAPER_1159;PAPER_1962;PAPER_1521;PAPER_2116;PAPER_2128;PAPER_1522
omega_lambda_6_5_SSQ,LCDM,dpm,bsfg,Omega_Lambda = (6/5) * SSQ = 6/5 * 0.57 = 0.684,0.6839999999999999,0.684,PAPER_1696,SSQ,XGEO_ROUTED_IDENTITY,Omega_Lambda = (6/5) * SSQ = 6/5 * 0.57 = 0.684 || bsfg-native re-expression: generator D_BSFG: D_phys=2*D_BSFG/3 [PAPER_1962]; SO_5=2*(D_BSFG-1) [R320 triple-form]; D_crit=D_BSFG+2*SO_5 [PAPER_1521]; A_5=360/D_BSFG [PAPER_2116]; N_CH=SO_5-1 [PAPER_2128]; K_MEX per PAPER_1522; kappa per PAPER_2112; real vacuum-kernel primitives global,PAPER_1696;PAPER_1962;R320;PAPER_1521;PAPER_2116;PAPER_2128;PAPER_1522;PAPER_2112
omega_lambda_6_5_SSQ,LCDM,dpm,d26,Omega_Lambda = (6/5) * SSQ = 6/5 * 0.57 = 0.684,0.6839999999999999,0.684,PAPER_1696,SSQ,XGEO_ROUTED_IDENTITY,Omega_Lambda = (6/5) * SSQ = 6/5 * 0.57 = 0.684 || d26-native re-expression: generator D_crit=26: D_phys=D_crit-22 with 22=T22 compactified moduli [PAPER_1927]; real vacuum-kernel primitives global,PAPER_1696;PAPER_1927
periodic_table_periods,chem,bsfg,qcalcgeom,n_periods_stable = D_BSFG + 1 = 7,7,7,PAPER_1167,D_BSFG,XGEO_ROUTED_IDENTITY,"n_periods_stable = D_BSFG + 1 = 7 || qcalcgeom-native re-expression: F_U-native constant set {rho_SCm, beta_i, SSq, F_TRZ, omega_SCm, Phi_res, S_26} [PAPER_1203/PAPER_2124 canonical F_U machinery = QCalcGeom v3 native surfaces compute_F_U/FUBi/FUBii/universal_inertia]; SO_5=1/F_TRZ [PAPER_1160 EXACT F_TRZ=1/|SO(5)|]; D_BSFG=6 native via bsfg_* wrapper surfaces [QCalcGeom v3 + PAPER_1159]; D_phys=2*D_BSFG/3 [PAPER_1962]; D_crit=D_BSFG+2*SO_5 [PAPER_1521]; A_5=360/D_BSFG [PAPER_2116]; N_CH=SO_5-1 [PAPER_2128]; K_MEX per PAPER_1522",PAPER_1167;PAPER_1203;PAPER_2124;PAPER_1160;PAPER_1159;PAPER_1962;PAPER_1521;PAPER_2116;PAPER_2128;PAPER_1522
periodic_table_periods,chem,bsfg,dpm,n_periods_stable = D_BSFG + 1 = 7,7,7,PAPER_1167,D_BSFG,XGEO_ROUTED_IDENTITY,"n_periods_stable = D_BSFG + 1 = 7 || dpm-native re-expression: generators SO_5=rho_UA/rho_SCm + D_crit=26 caduceus pinch count [PAPER_646], D_phys via magic 8=2*D_phys [PAPER_1203]; D_BSFG=D_crit-2*SO_5 [PAPER_1521]; A_5=360/D_BSFG [PAPER_2116]; N_CH=SO_5-1 [PAPER_2128]; K_MEX per PAPER_1522; kappa per PAPER_2112; real vacuum-kernel primitives native to SCm manifold",PAPER_1167;PAPER_646;PAPER_1203;PAPER_1521;PAPER_2116;PAPER_2128;PAPER_1522;PAPER_2112
periodic_table_periods,chem,bsfg,d26,n_periods_stable = D_BSFG + 1 = 7,7,7,PAPER_1167,D_BSFG,XGEO_ROUTED_IDENTITY,"n_periods_stable = D_BSFG + 1 = 7 || d26-native re-expression: generator D_crit=26: SO_5=10 via 26->10 superstring reduction [PAPER_1160 chain 4; CondensedPhysics2.py L28609; 26D_DOWNWARD_PROJECTION.md]; D_BSFG=6, D_phys=4 via 26->10->6->4 flow [PAPER_1160 + PAPER_1159 D=6 resonance manifold]; A_5=360/D_BSFG [PAPER_2116]; N_CH=SO_5-1 [PAPER_2128]; K_MEX per PAPER_1522",PAPER_1167;PAPER_1160;PAPER_1159;PAPER_2116;PAPER_2128;PAPER_1522
quantum_supremacy_qubits,SI,dpm,qcalcgeom,n_qubits >= A_5 = 60 (Sycamore reached 53),60,60,PAPER_1655,A_5,XGEO_ROUTED_IDENTITY,"n_qubits >= A_5 = 60 (Sycamore reached 53) || qcalcgeom-native re-expression: F_U-native constant set {rho_SCm, beta_i, SSq, F_TRZ, omega_SCm, Phi_res, S_26} [PAPER_1203/PAPER_2124 canonical F_U machinery = QCalcGeom v3 native surfaces compute_F_U/FUBi/FUBii/universal_inertia]; SO_5=1/F_TRZ [PAPER_1160 EXACT F_TRZ=1/|SO(5)|]; D_BSFG=6 native via bsfg_* wrapper surfaces [QCalcGeom v3 + PAPER_1159]; D_phys=2*D_BSFG/3 [PAPER_1962]; D_crit=D_BSFG+2*SO_5 [PAPER_1521]; A_5=360/D_BSFG [PAPER_2116]; N_CH=SO_5-1 [PAPER_2128]; K_MEX per PAPER_1522",PAPER_1655;PAPER_1203;PAPER_2124;PAPER_1160;PAPER_1159;PAPER_1962;PAPER_1521;PAPER_2116;PAPER_2128;PAPER_1522
quantum_supremacy_qubits,SI,dpm,bsfg,n_qubits >= A_5 = 60 (Sycamore reached 53),60,60,PAPER_1655,A_5,XGEO_ROUTED_IDENTITY,n_qubits >= A_5 = 60 (Sycamore reached 53) || bsfg-native re-expression: generator D_BSFG: D_phys=2*D_BSFG/3 [PAPER_1962]; SO_5=2*(D_BSFG-1) [R320 triple-form]; D_crit=D_BSFG+2*SO_5 [PAPER_1521]; A_5=360/D_BSFG [PAPER_2116]; N_CH=SO_5-1 [PAPER_2128]; K_MEX per PAPER_1522; kappa per PAPER_2112; real vacuum-kernel primitives global,PAPER_1655;PAPER_1962;R320;PAPER_1521;PAPER_2116;PAPER_2128;PAPER_1522;PAPER_2112
quantum_supremacy_qubits,SI,dpm,d26,n_qubits >= A_5 = 60 (Sycamore reached 53),60,60,PAPER_1655,A_5,XGEO_ROUTED_IDENTITY,"n_qubits >= A_5 = 60 (Sycamore reached 53) || d26-native re-expression: generator D_crit=26: SO_5=10 via 26->10 superstring reduction [PAPER_1160 chain 4; CondensedPhysics2.py L28609; 26D_DOWNWARD_PROJECTION.md]; D_BSFG=6, D_phys=4 via 26->10->6->4 flow [PAPER_1160 + PAPER_1159 D=6 resonance manifold]; A_5=360/D_BSFG [PAPER_2116]; N_CH=SO_5-1 [PAPER_2128]; K_MEX per PAPER_1522",PAPER_1655;PAPER_1160;PAPER_1159;PAPER_2116;PAPER_2128;PAPER_1522
stefan_boltzmann_prefactor,SI,dpm,qcalcgeom,sigma = pi^2 k_B^4 / (A_5 * hbar^3 * c^2); A_5 = 60,60,60,PAPER_1167,A_5;PI,XGEO_ROUTED_IDENTITY,"sigma = pi^2 k_B^4 / (A_5 * hbar^3 * c^2); A_5 = 60 || qcalcgeom-native re-expression: F_U-native constant set {rho_SCm, beta_i, SSq, F_TRZ, omega_SCm, Phi_res, S_26} [PAPER_1203/PAPER_2124 canonical F_U machinery = QCalcGeom v3 native surfaces compute_F_U/FUBi/FUBii/universal_inertia]; SO_5=1/F_TRZ [PAPER_1160 EXACT F_TRZ=1/|SO(5)|]; D_BSFG=6 native via bsfg_* wrapper surfaces [QCalcGeom v3 + PAPER_1159]; D_phys=2*D_BSFG/3 [PAPER_1962]; D_crit=D_BSFG+2*SO_5 [PAPER_1521]; A_5=360/D_BSFG [PAPER_2116]; N_CH=SO_5-1 [PAPER_2128]; K_MEX per PAPER_1522",PAPER_1167;PAPER_1203;PAPER_2124;PAPER_1160;PAPER_1159;PAPER_1962;PAPER_1521;PAPER_2116;PAPER_2128;PAPER_1522
stefan_boltzmann_prefactor,SI,dpm,bsfg,sigma = pi^2 k_B^4 / (A_5 * hbar^3 * c^2); A_5 = 60,60,60,PAPER_1167,A_5;PI,XGEO_ROUTED_IDENTITY,sigma = pi^2 k_B^4 / (A_5 * hbar^3 * c^2); A_5 = 60 || bsfg-native re-expression: generator D_BSFG: D_phys=2*D_BSFG/3 [PAPER_1962]; SO_5=2*(D_BSFG-1) [R320 triple-form]; D_crit=D_BSFG+2*SO_5 [PAPER_1521]; A_5=360/D_BSFG [PAPER_2116]; N_CH=SO_5-1 [PAPER_2128]; K_MEX per PAPER_1522; kappa per PAPER_2112; real vacuum-kernel primitives global,PAPER_1167;PAPER_1962;R320;PAPER_1521;PAPER_2116;PAPER_2128;PAPER_1522;PAPER_2112
stefan_boltzmann_prefactor,SI,dpm,d26,sigma = pi^2 k_B^4 / (A_5 * hbar^3 * c^2); A_5 = 60,60,60,PAPER_1167,A_5;PI,XGEO_ROUTED_IDENTITY,"sigma = pi^2 k_B^4 / (A_5 * hbar^3 * c^2); A_5 = 60 || d26-native re-expression: generator D_crit=26: SO_5=10 via 26->10 superstring reduction [PAPER_1160 chain 4; CondensedPhysics2.py L28609; 26D_DOWNWARD_PROJECTION.md]; D_BSFG=6, D_phys=4 via 26->10->6->4 flow [PAPER_1160 + PAPER_1159 D=6 resonance manifold]; A_5=360/D_BSFG [PAPER_2116]; N_CH=SO_5-1 [PAPER_2128]; K_MEX per PAPER_1522",PAPER_1167;PAPER_1160;PAPER_1159;PAPER_2116;PAPER_2128;PAPER_1522
surface_code_threshold,SI,d26,qcalcgeom,p_th = F_TRZ^2 = (1/10)^2 = 1/100 = 0.01,0.010000000000000002,0.01,PAPER_1746,F_TRZ,XGEO_ROUTED_IDENTITY,"p_th = F_TRZ^2 = (1/10)^2 = 1/100 = 0.01 || qcalcgeom-native re-expression: F_U-native constant set {rho_SCm, beta_i, SSq, F_TRZ, omega_SCm, Phi_res, S_26} [PAPER_1203/PAPER_2124 canonical F_U machinery = QCalcGeom v3 native surfaces compute_F_U/FUBi/FUBii/universal_inertia]; SO_5=1/F_TRZ [PAPER_1160 EXACT F_TRZ=1/|SO(5)|]; D_BSFG=6 native via bsfg_* wrapper surfaces [QCalcGeom v3 + PAPER_1159]; D_phys=2*D_BSFG/3 [PAPER_1962]; D_crit=D_BSFG+2*SO_5 [PAPER_1521]; A_5=360/D_BSFG [PAPER_2116]; N_CH=SO_5-1 [PAPER_2128]; K_MEX per PAPER_1522",PAPER_1746;PAPER_1203;PAPER_2124;PAPER_1160;PAPER_1159;PAPER_1962;PAPER_1521;PAPER_2116;PAPER_2128;PAPER_1522
surface_code_threshold,SI,d26,bsfg,p_th = F_TRZ^2 = (1/10)^2 = 1/100 = 0.01,0.010000000000000002,0.01,PAPER_1746,F_TRZ,XGEO_ROUTED_IDENTITY,p_th = F_TRZ^2 = (1/10)^2 = 1/100 = 0.01 || bsfg-native re-expression: generator D_BSFG: D_phys=2*D_BSFG/3 [PAPER_1962]; SO_5=2*(D_BSFG-1) [R320 triple-form]; D_crit=D_BSFG+2*SO_5 [PAPER_1521]; A_5=360/D_BSFG [PAPER_2116]; N_CH=SO_5-1 [PAPER_2128]; K_MEX per PAPER_1522; kappa per PAPER_2112; real vacuum-kernel primitives global,PAPER_1746;PAPER_1962;R320;PAPER_1521;PAPER_2116;PAPER_2128;PAPER_1522;PAPER_2112
surface_code_threshold,SI,d26,dpm,p_th = F_TRZ^2 = (1/10)^2 = 1/100 = 0.01,0.010000000000000002,0.01,PAPER_1746,F_TRZ,XGEO_ROUTED_IDENTITY,"p_th = F_TRZ^2 = (1/10)^2 = 1/100 = 0.01 || dpm-native re-expression: generators SO_5=rho_UA/rho_SCm + D_crit=26 caduceus pinch count [PAPER_646], D_phys via magic 8=2*D_phys [PAPER_1203]; D_BSFG=D_crit-2*SO_5 [PAPER_1521]; A_5=360/D_BSFG [PAPER_2116]; N_CH=SO_5-1 [PAPER_2128]; K_MEX per PAPER_1522; kappa per PAPER_2112; real vacuum-kernel primitives native to SCm manifold",PAPER_1746;PAPER_646;PAPER_1203;PAPER_1521;PAPER_2116;PAPER_2128;PAPER_1522;PAPER_2112
weinberg_sin2,SM,dpm,qcalcgeom,sin^2(theta_W) = K_MEX / N_CH = 25/108,0.2314814814814815,0.23122,PAPER_1167,N_CH;K_MEX,XGEO_ROUTED_IDENTITY,"sin^2(theta_W) = K_MEX / N_CH = 25/108 || qcalcgeom-native re-expression: F_U-native constant set {rho_SCm, beta_i, SSq, F_TRZ, omega_SCm, Phi_res, S_26} [PAPER_1203/PAPER_2124 canonical F_U machinery = QCalcGeom v3 native surfaces compute_F_U/FUBi/FUBii/universal_inertia]; SO_5=1/F_TRZ [PAPER_1160 EXACT F_TRZ=1/|SO(5)|]; D_BSFG=6 native via bsfg_* wrapper surfaces [QCalcGeom v3 + PAPER_1159]; D_phys=2*D_BSFG/3 [PAPER_1962]; D_crit=D_BSFG+2*SO_5 [PAPER_1521]; A_5=360/D_BSFG [PAPER_2116]; N_CH=SO_5-1 [PAPER_2128]; K_MEX per PAPER_1522",PAPER_1167;PAPER_1203;PAPER_2124;PAPER_1160;PAPER_1159;PAPER_1962;PAPER_1521;PAPER_2116;PAPER_2128;PAPER_1522
weinberg_sin2,SM,dpm,bsfg,sin^2(theta_W) = K_MEX / N_CH = 25/108,0.2314814814814815,0.23122,PAPER_1167,N_CH;K_MEX,XGEO_ROUTED_IDENTITY,sin^2(theta_W) = K_MEX / N_CH = 25/108 || bsfg-native re-expression: generator D_BSFG: D_phys=2*D_BSFG/3 [PAPER_1962]; SO_5=2*(D_BSFG-1) [R320 triple-form]; D_crit=D_BSFG+2*SO_5 [PAPER_1521]; A_5=360/D_BSFG [PAPER_2116]; N_CH=SO_5-1 [PAPER_2128]; K_MEX per PAPER_1522; kappa per PAPER_2112; real vacuum-kernel primitives global,PAPER_1167;PAPER_1962;R320;PAPER_1521;PAPER_2116;PAPER_2128;PAPER_1522;PAPER_2112
weinberg_sin2,SM,dpm,d26,sin^2(theta_W) = K_MEX / N_CH = 25/108,0.2314814814814815,0.23122,PAPER_1167,N_CH;K_MEX,XGEO_ROUTED_IDENTITY,"sin^2(theta_W) = K_MEX / N_CH = 25/108 || d26-native re-expression: generator D_crit=26: SO_5=10 via 26->10 superstring reduction [PAPER_1160 chain 4; CondensedPhysics2.py L28609; 26D_DOWNWARD_PROJECTION.md]; D_BSFG=6, D_phys=4 via 26->10->6->4 flow [PAPER_1160 + PAPER_1159 D=6 resonance manifold]; A_5=360/D_BSFG [PAPER_2116]; N_CH=SO_5-1 [PAPER_2128]; K_MEX per PAPER_1522",PAPER_1167;PAPER_1160;PAPER_1159;PAPER_2116;PAPER_2128;PAPER_1522
