observable,domain,geometry,numeric,value,target,residual_pct,status,owner_geometry,primary_source
BH_seed_mass,astro,qcalcgeom,symbolic,,56160.0,,GAP,d26,PAPER_1650
BH_seed_mass,astro,qcalcgeom,numerical,,56160.0,,GAP,d26,PAPER_1650
BH_seed_mass,astro,qcalcgeom,discrete,,56160.0,,GAP,d26,PAPER_1650
BH_seed_mass,astro,bsfg,symbolic,,56160.0,,GAP,d26,PAPER_1650
BH_seed_mass,astro,bsfg,numerical,,56160.0,,GAP,d26,PAPER_1650
BH_seed_mass,astro,bsfg,discrete,,56160.0,,GAP,d26,PAPER_1650
BH_seed_mass,astro,dpm,symbolic,,56160.0,,GAP,d26,PAPER_1650
BH_seed_mass,astro,dpm,numerical,,56160.0,,GAP,d26,PAPER_1650
BH_seed_mass,astro,dpm,discrete,,56160.0,,GAP,d26,PAPER_1650
BH_seed_mass,astro,d26,symbolic,56160,56160.0,0.000000,EXACT,d26,PAPER_1650
BH_seed_mass,astro,d26,numerical,56160,56160.0,0.000000,EXACT,d26,PAPER_1650
BH_seed_mass,astro,d26,discrete,56160,56160.0,0.000000,EXACT,d26,PAPER_1650
CM_Apery_zeta3,CM,qcalcgeom,symbolic,,1.2020569,,GAP,d26,PAPER_1167
CM_Apery_zeta3,CM,qcalcgeom,numerical,,1.2020569,,GAP,d26,PAPER_1167
CM_Apery_zeta3,CM,qcalcgeom,discrete,,1.2020569,,GAP,d26,PAPER_1167
CM_Apery_zeta3,CM,bsfg,symbolic,,1.2020569,,GAP,d26,PAPER_1167
CM_Apery_zeta3,CM,bsfg,numerical,,1.2020569,,GAP,d26,PAPER_1167
CM_Apery_zeta3,CM,bsfg,discrete,,1.2020569,,GAP,d26,PAPER_1167
CM_Apery_zeta3,CM,dpm,symbolic,,1.2020569,,GAP,d26,PAPER_1167
CM_Apery_zeta3,CM,dpm,numerical,,1.2020569,,GAP,d26,PAPER_1167
CM_Apery_zeta3,CM,dpm,discrete,,1.2020569,,GAP,d26,PAPER_1167
CM_Apery_zeta3,CM,d26,symbolic,1.2,1.2020569,0.171115,OK,d26,PAPER_1167
CM_Apery_zeta3,CM,d26,numerical,1.2,1.2020569,0.171115,OK,d26,PAPER_1167
CM_Apery_zeta3,CM,d26,discrete,1.2,1.2020569,0.171115,OK,d26,PAPER_1167
CM_BCS_coherence_length_coeff,CM,qcalcgeom,symbolic,,0.3183098861837907,,GAP,dpm,PAPER_1167
CM_BCS_coherence_length_coeff,CM,qcalcgeom,numerical,,0.3183098861837907,,GAP,dpm,PAPER_1167
CM_BCS_coherence_length_coeff,CM,qcalcgeom,discrete,,0.3183098861837907,,GAP,dpm,PAPER_1167
CM_BCS_coherence_length_coeff,CM,bsfg,symbolic,,0.3183098861837907,,GAP,dpm,PAPER_1167
CM_BCS_coherence_length_coeff,CM,bsfg,numerical,,0.3183098861837907,,GAP,dpm,PAPER_1167
CM_BCS_coherence_length_coeff,CM,bsfg,discrete,,0.3183098861837907,,GAP,dpm,PAPER_1167
CM_BCS_coherence_length_coeff,CM,dpm,symbolic,0.3176333333333334,0.3183098861837907,0.212545,OK,dpm,PAPER_1167
CM_BCS_coherence_length_coeff,CM,dpm,numerical,0.3176333333333334,0.3183098861837907,0.212545,OK,dpm,PAPER_1167
CM_BCS_coherence_length_coeff,CM,dpm,discrete,0.3176333333333334,0.3183098861837907,0.212545,OK,dpm,PAPER_1167
CM_BCS_coherence_length_coeff,CM,d26,symbolic,,0.3183098861837907,,GAP,dpm,PAPER_1167
CM_BCS_coherence_length_coeff,CM,d26,numerical,,0.3183098861837907,,GAP,dpm,PAPER_1167
CM_BCS_coherence_length_coeff,CM,d26,discrete,,0.3183098861837907,,GAP,dpm,PAPER_1167
CM_BCS_gap_ratio,CM,qcalcgeom,symbolic,,3.528,,GAP,dpm,PAPER_1167
CM_BCS_gap_ratio,CM,qcalcgeom,numerical,,3.528,,GAP,dpm,PAPER_1167
CM_BCS_gap_ratio,CM,qcalcgeom,discrete,,3.528,,GAP,dpm,PAPER_1167
CM_BCS_gap_ratio,CM,bsfg,symbolic,,3.528,,GAP,dpm,PAPER_1167
CM_BCS_gap_ratio,CM,bsfg,numerical,,3.528,,GAP,dpm,PAPER_1167
CM_BCS_gap_ratio,CM,bsfg,discrete,,3.528,,GAP,dpm,PAPER_1167
CM_BCS_gap_ratio,CM,dpm,symbolic,3.5403333333333338,3.528,0.349584,OK,dpm,PAPER_1167
CM_BCS_gap_ratio,CM,dpm,numerical,3.5403333333333338,3.528,0.349584,OK,dpm,PAPER_1167
CM_BCS_gap_ratio,CM,dpm,discrete,3.5403333333333338,3.528,0.349584,OK,dpm,PAPER_1167
CM_BCS_gap_ratio,CM,d26,symbolic,,3.528,,GAP,dpm,PAPER_1167
CM_BCS_gap_ratio,CM,d26,numerical,,3.528,,GAP,dpm,PAPER_1167
CM_BCS_gap_ratio,CM,d26,discrete,,3.528,,GAP,dpm,PAPER_1167
CM_BCS_isotope_alpha,CM,qcalcgeom,symbolic,,0.5,,GAP,dpm,PAPER_1167
CM_BCS_isotope_alpha,CM,qcalcgeom,numerical,,0.5,,GAP,dpm,PAPER_1167
CM_BCS_isotope_alpha,CM,qcalcgeom,discrete,,0.5,,GAP,dpm,PAPER_1167
CM_BCS_isotope_alpha,CM,bsfg,symbolic,,0.5,,GAP,dpm,PAPER_1167
CM_BCS_isotope_alpha,CM,bsfg,numerical,,0.5,,GAP,dpm,PAPER_1167
CM_BCS_isotope_alpha,CM,bsfg,discrete,,0.5,,GAP,dpm,PAPER_1167
CM_BCS_isotope_alpha,CM,dpm,symbolic,0.5,0.5,0.000000,EXACT,dpm,PAPER_1167
CM_BCS_isotope_alpha,CM,dpm,numerical,0.5,0.5,0.000000,EXACT,dpm,PAPER_1167
CM_BCS_isotope_alpha,CM,dpm,discrete,0.5,0.5,0.000000,EXACT,dpm,PAPER_1167
CM_BCS_isotope_alpha,CM,d26,symbolic,,0.5,,GAP,dpm,PAPER_1167
CM_BCS_isotope_alpha,CM,d26,numerical,,0.5,,GAP,dpm,PAPER_1167
CM_BCS_isotope_alpha,CM,d26,discrete,,0.5,,GAP,dpm,PAPER_1167
CM_BEC_Tc_coeff,CM,qcalcgeom,symbolic,,3.3125,,GAP,dpm,PAPER_1167
CM_BEC_Tc_coeff,CM,qcalcgeom,numerical,,3.3125,,GAP,dpm,PAPER_1167
CM_BEC_Tc_coeff,CM,qcalcgeom,discrete,,3.3125,,GAP,dpm,PAPER_1167
CM_BEC_Tc_coeff,CM,bsfg,symbolic,,3.3125,,GAP,dpm,PAPER_1167
CM_BEC_Tc_coeff,CM,bsfg,numerical,,3.3125,,GAP,dpm,PAPER_1167
CM_BEC_Tc_coeff,CM,bsfg,discrete,,3.3125,,GAP,dpm,PAPER_1167
CM_BEC_Tc_coeff,CM,dpm,symbolic,3.325,3.3125,0.377358,OK,dpm,PAPER_1167
CM_BEC_Tc_coeff,CM,dpm,numerical,3.325,3.3125,0.377358,OK,dpm,PAPER_1167
CM_BEC_Tc_coeff,CM,dpm,discrete,3.325,3.3125,0.377358,OK,dpm,PAPER_1167
CM_BEC_Tc_coeff,CM,d26,symbolic,,3.3125,,GAP,dpm,PAPER_1167
CM_BEC_Tc_coeff,CM,d26,numerical,,3.3125,,GAP,dpm,PAPER_1167
CM_BEC_Tc_coeff,CM,d26,discrete,,3.3125,,GAP,dpm,PAPER_1167
CM_Brinkman_Rice_U_c_W,CM,qcalcgeom,symbolic,,1.5,,GAP,dpm,PAPER_1167
CM_Brinkman_Rice_U_c_W,CM,qcalcgeom,numerical,,1.5,,GAP,dpm,PAPER_1167
CM_Brinkman_Rice_U_c_W,CM,qcalcgeom,discrete,,1.5,,GAP,dpm,PAPER_1167
CM_Brinkman_Rice_U_c_W,CM,bsfg,symbolic,,1.5,,GAP,dpm,PAPER_1167
CM_Brinkman_Rice_U_c_W,CM,bsfg,numerical,,1.5,,GAP,dpm,PAPER_1167
CM_Brinkman_Rice_U_c_W,CM,bsfg,discrete,,1.5,,GAP,dpm,PAPER_1167
CM_Brinkman_Rice_U_c_W,CM,dpm,symbolic,1.5,1.5,0.000000,EXACT,dpm,PAPER_1167
CM_Brinkman_Rice_U_c_W,CM,dpm,numerical,1.5,1.5,0.000000,EXACT,dpm,PAPER_1167
CM_Brinkman_Rice_U_c_W,CM,dpm,discrete,1.5,1.5,0.000000,EXACT,dpm,PAPER_1167
CM_Brinkman_Rice_U_c_W,CM,d26,symbolic,,1.5,,GAP,dpm,PAPER_1167
CM_Brinkman_Rice_U_c_W,CM,d26,numerical,,1.5,,GAP,dpm,PAPER_1167
CM_Brinkman_Rice_U_c_W,CM,d26,discrete,,1.5,,GAP,dpm,PAPER_1167
CM_Sommerfeld_Wilson_R_W,CM,qcalcgeom,symbolic,,2.0,,GAP,dpm,PAPER_1167
CM_Sommerfeld_Wilson_R_W,CM,qcalcgeom,numerical,,2.0,,GAP,dpm,PAPER_1167
CM_Sommerfeld_Wilson_R_W,CM,qcalcgeom,discrete,,2.0,,GAP,dpm,PAPER_1167
CM_Sommerfeld_Wilson_R_W,CM,bsfg,symbolic,,2.0,,GAP,dpm,PAPER_1167
CM_Sommerfeld_Wilson_R_W,CM,bsfg,numerical,,2.0,,GAP,dpm,PAPER_1167
CM_Sommerfeld_Wilson_R_W,CM,bsfg,discrete,,2.0,,GAP,dpm,PAPER_1167
CM_Sommerfeld_Wilson_R_W,CM,dpm,symbolic,2.0,2.0,0.000000,EXACT,dpm,PAPER_1167
CM_Sommerfeld_Wilson_R_W,CM,dpm,numerical,2.0,2.0,0.000000,EXACT,dpm,PAPER_1167
CM_Sommerfeld_Wilson_R_W,CM,dpm,discrete,2.0,2.0,0.000000,EXACT,dpm,PAPER_1167
CM_Sommerfeld_Wilson_R_W,CM,d26,symbolic,,2.0,,GAP,dpm,PAPER_1167
CM_Sommerfeld_Wilson_R_W,CM,d26,numerical,,2.0,,GAP,dpm,PAPER_1167
CM_Sommerfeld_Wilson_R_W,CM,d26,discrete,,2.0,,GAP,dpm,PAPER_1167
CM_Wiedemann_Franz_L_coeff,CM,qcalcgeom,symbolic,,3.289868133696453,,GAP,dpm,PAPER_1167
CM_Wiedemann_Franz_L_coeff,CM,qcalcgeom,numerical,,3.289868133696453,,GAP,dpm,PAPER_1167
CM_Wiedemann_Franz_L_coeff,CM,qcalcgeom,discrete,,3.289868133696453,,GAP,dpm,PAPER_1167
CM_Wiedemann_Franz_L_coeff,CM,bsfg,symbolic,,3.289868133696453,,GAP,dpm,PAPER_1167
CM_Wiedemann_Franz_L_coeff,CM,bsfg,numerical,,3.289868133696453,,GAP,dpm,PAPER_1167
CM_Wiedemann_Franz_L_coeff,CM,bsfg,discrete,,3.289868133696453,,GAP,dpm,PAPER_1167
CM_Wiedemann_Franz_L_coeff,CM,dpm,symbolic,3.299666666666667,3.289868133696453,0.297840,OK,dpm,PAPER_1167
CM_Wiedemann_Franz_L_coeff,CM,dpm,numerical,3.299666666666667,3.289868133696453,0.297840,OK,dpm,PAPER_1167
CM_Wiedemann_Franz_L_coeff,CM,dpm,discrete,3.299666666666667,3.289868133696453,0.297840,OK,dpm,PAPER_1167
CM_Wiedemann_Franz_L_coeff,CM,d26,symbolic,,3.289868133696453,,GAP,dpm,PAPER_1167
CM_Wiedemann_Franz_L_coeff,CM,d26,numerical,,3.289868133696453,,GAP,dpm,PAPER_1167
CM_Wiedemann_Franz_L_coeff,CM,d26,discrete,,3.289868133696453,,GAP,dpm,PAPER_1167
CM_XY_3D_nu_exponent,CM,qcalcgeom,symbolic,,0.6666666666666666,,GAP,bsfg,PAPER_1167
CM_XY_3D_nu_exponent,CM,qcalcgeom,numerical,,0.6666666666666666,,GAP,bsfg,PAPER_1167
CM_XY_3D_nu_exponent,CM,qcalcgeom,discrete,,0.6666666666666666,,GAP,bsfg,PAPER_1167
CM_XY_3D_nu_exponent,CM,bsfg,symbolic,0.6666666666666666,0.6666666666666666,0.000000,EXACT,bsfg,PAPER_1167
CM_XY_3D_nu_exponent,CM,bsfg,numerical,0.6666666666666666,0.6666666666666666,0.000000,EXACT,bsfg,PAPER_1167
CM_XY_3D_nu_exponent,CM,bsfg,discrete,0.6666666666666666,0.6666666666666666,0.000000,EXACT,bsfg,PAPER_1167
CM_XY_3D_nu_exponent,CM,dpm,symbolic,,0.6666666666666666,,GAP,bsfg,PAPER_1167
CM_XY_3D_nu_exponent,CM,dpm,numerical,,0.6666666666666666,,GAP,bsfg,PAPER_1167
CM_XY_3D_nu_exponent,CM,dpm,discrete,,0.6666666666666666,,GAP,bsfg,PAPER_1167
CM_XY_3D_nu_exponent,CM,d26,symbolic,,0.6666666666666666,,GAP,bsfg,PAPER_1167
CM_XY_3D_nu_exponent,CM,d26,numerical,,0.6666666666666666,,GAP,bsfg,PAPER_1167
CM_XY_3D_nu_exponent,CM,d26,discrete,,0.6666666666666666,,GAP,bsfg,PAPER_1167
CM_log_R_K_von_Klitzing,CM,qcalcgeom,symbolic,,4.411835234234881,,GAP,dpm,PAPER_1167
CM_log_R_K_von_Klitzing,CM,qcalcgeom,numerical,,4.411835234234881,,GAP,dpm,PAPER_1167
CM_log_R_K_von_Klitzing,CM,qcalcgeom,discrete,,4.411835234234881,,GAP,dpm,PAPER_1167
CM_log_R_K_von_Klitzing,CM,bsfg,symbolic,,4.411835234234881,,GAP,dpm,PAPER_1167
CM_log_R_K_von_Klitzing,CM,bsfg,numerical,,4.411835234234881,,GAP,dpm,PAPER_1167
CM_log_R_K_von_Klitzing,CM,bsfg,discrete,,4.411835234234881,,GAP,dpm,PAPER_1167
CM_log_R_K_von_Klitzing,CM,dpm,symbolic,4.426333333333333,4.411835234234881,0.328618,OK,dpm,PAPER_1167
CM_log_R_K_von_Klitzing,CM,dpm,numerical,4.426333333333333,4.411835234234881,0.328618,OK,dpm,PAPER_1167
CM_log_R_K_von_Klitzing,CM,dpm,discrete,4.426333333333333,4.411835234234881,0.328618,OK,dpm,PAPER_1167
CM_log_R_K_von_Klitzing,CM,d26,symbolic,,4.411835234234881,,GAP,dpm,PAPER_1167
CM_log_R_K_von_Klitzing,CM,d26,numerical,,4.411835234234881,,GAP,dpm,PAPER_1167
CM_log_R_K_von_Klitzing,CM,d26,discrete,,4.411835234234881,,GAP,dpm,PAPER_1167
Clifford_qualia_states,SM,qcalcgeom,symbolic,,8192,,GAP,d26,PAPER_1666
Clifford_qualia_states,SM,qcalcgeom,numerical,,8192,,GAP,d26,PAPER_1666
Clifford_qualia_states,SM,qcalcgeom,discrete,,8192,,GAP,d26,PAPER_1666
Clifford_qualia_states,SM,bsfg,symbolic,,8192,,GAP,d26,PAPER_1666
Clifford_qualia_states,SM,bsfg,numerical,,8192,,GAP,d26,PAPER_1666
Clifford_qualia_states,SM,bsfg,discrete,,8192,,GAP,d26,PAPER_1666
Clifford_qualia_states,SM,dpm,symbolic,,8192,,GAP,d26,PAPER_1666
Clifford_qualia_states,SM,dpm,numerical,,8192,,GAP,d26,PAPER_1666
Clifford_qualia_states,SM,dpm,discrete,,8192,,GAP,d26,PAPER_1666
Clifford_qualia_states,SM,d26,symbolic,8192,8192,0.000000,EXACT,d26,PAPER_1666
Clifford_qualia_states,SM,d26,numerical,8192,8192,0.000000,EXACT,d26,PAPER_1666
Clifford_qualia_states,SM,d26,discrete,8192,8192,0.000000,EXACT,d26,PAPER_1666
GR_BH_shadow_r_M,GR,qcalcgeom,symbolic,,5.1962,,GAP,bsfg,PAPER_1149
GR_BH_shadow_r_M,GR,qcalcgeom,numerical,,5.1962,,GAP,bsfg,PAPER_1149
GR_BH_shadow_r_M,GR,qcalcgeom,discrete,,5.1962,,GAP,bsfg,PAPER_1149
GR_BH_shadow_r_M,GR,bsfg,symbolic,5.198999999999999,5.1962,0.053886,OK,bsfg,PAPER_1149
GR_BH_shadow_r_M,GR,bsfg,numerical,5.198999999999999,5.1962,0.053886,OK,bsfg,PAPER_1149
GR_BH_shadow_r_M,GR,bsfg,discrete,5.198999999999999,5.1962,0.053886,OK,bsfg,PAPER_1149
GR_BH_shadow_r_M,GR,dpm,symbolic,,5.1962,,GAP,bsfg,PAPER_1149
GR_BH_shadow_r_M,GR,dpm,numerical,,5.1962,,GAP,bsfg,PAPER_1149
GR_BH_shadow_r_M,GR,dpm,discrete,,5.1962,,GAP,bsfg,PAPER_1149
GR_BH_shadow_r_M,GR,d26,symbolic,,5.1962,,GAP,bsfg,PAPER_1149
GR_BH_shadow_r_M,GR,d26,numerical,,5.1962,,GAP,bsfg,PAPER_1149
GR_BH_shadow_r_M,GR,d26,discrete,,5.1962,,GAP,bsfg,PAPER_1149
GR_GPB_frame_drag,GR,qcalcgeom,symbolic,,0.0392,,GAP,bsfg,PAPER_1149
GR_GPB_frame_drag,GR,qcalcgeom,numerical,,0.0392,,GAP,bsfg,PAPER_1149
GR_GPB_frame_drag,GR,qcalcgeom,discrete,,0.0392,,GAP,bsfg,PAPER_1149
GR_GPB_frame_drag,GR,bsfg,symbolic,0.039166666666666676,0.0392,0.085034,OK,bsfg,PAPER_1149
GR_GPB_frame_drag,GR,bsfg,numerical,0.039166666666666676,0.0392,0.085034,OK,bsfg,PAPER_1149
GR_GPB_frame_drag,GR,bsfg,discrete,0.039166666666666676,0.0392,0.085034,OK,bsfg,PAPER_1149
GR_GPB_frame_drag,GR,dpm,symbolic,,0.0392,,GAP,bsfg,PAPER_1149
GR_GPB_frame_drag,GR,dpm,numerical,,0.0392,,GAP,bsfg,PAPER_1149
GR_GPB_frame_drag,GR,dpm,discrete,,0.0392,,GAP,bsfg,PAPER_1149
GR_GPB_frame_drag,GR,d26,symbolic,,0.0392,,GAP,bsfg,PAPER_1149
GR_GPB_frame_drag,GR,d26,numerical,,0.0392,,GAP,bsfg,PAPER_1149
GR_GPB_frame_drag,GR,d26,discrete,,0.0392,,GAP,bsfg,PAPER_1149
GR_GPB_geodetic,GR,qcalcgeom,symbolic,,6.6028,,GAP,bsfg,PAPER_1149
GR_GPB_geodetic,GR,qcalcgeom,numerical,,6.6028,,GAP,bsfg,PAPER_1149
GR_GPB_geodetic,GR,qcalcgeom,discrete,,6.6028,,GAP,bsfg,PAPER_1149
GR_GPB_geodetic,GR,bsfg,symbolic,6.6001666666666665,6.6028,0.039882,OK,bsfg,PAPER_1149
GR_GPB_geodetic,GR,bsfg,numerical,6.6001666666666665,6.6028,0.039882,OK,bsfg,PAPER_1149
GR_GPB_geodetic,GR,bsfg,discrete,6.6001666666666665,6.6028,0.039882,OK,bsfg,PAPER_1149
GR_GPB_geodetic,GR,dpm,symbolic,,6.6028,,GAP,bsfg,PAPER_1149
GR_GPB_geodetic,GR,dpm,numerical,,6.6028,,GAP,bsfg,PAPER_1149
GR_GPB_geodetic,GR,dpm,discrete,,6.6028,,GAP,bsfg,PAPER_1149
GR_GPB_geodetic,GR,d26,symbolic,,6.6028,,GAP,bsfg,PAPER_1149
GR_GPB_geodetic,GR,d26,numerical,,6.6028,,GAP,bsfg,PAPER_1149
GR_GPB_geodetic,GR,d26,discrete,,6.6028,,GAP,bsfg,PAPER_1149
GR_Hulse_Taylor_ratio,GR,qcalcgeom,symbolic,,0.997,,GAP,bsfg,PAPER_1149
GR_Hulse_Taylor_ratio,GR,qcalcgeom,numerical,,0.997,,GAP,bsfg,PAPER_1149
GR_Hulse_Taylor_ratio,GR,qcalcgeom,discrete,,0.997,,GAP,bsfg,PAPER_1149
GR_Hulse_Taylor_ratio,GR,bsfg,symbolic,0.9964999999999998,0.997,0.050150,OK,bsfg,PAPER_1149
GR_Hulse_Taylor_ratio,GR,bsfg,numerical,0.9964999999999998,0.997,0.050150,OK,bsfg,PAPER_1149
GR_Hulse_Taylor_ratio,GR,bsfg,discrete,0.9964999999999998,0.997,0.050150,OK,bsfg,PAPER_1149
GR_Hulse_Taylor_ratio,GR,dpm,symbolic,,0.997,,GAP,bsfg,PAPER_1149
GR_Hulse_Taylor_ratio,GR,dpm,numerical,,0.997,,GAP,bsfg,PAPER_1149
GR_Hulse_Taylor_ratio,GR,dpm,discrete,,0.997,,GAP,bsfg,PAPER_1149
GR_Hulse_Taylor_ratio,GR,d26,symbolic,,0.997,,GAP,bsfg,PAPER_1149
GR_Hulse_Taylor_ratio,GR,d26,numerical,,0.997,,GAP,bsfg,PAPER_1149
GR_Hulse_Taylor_ratio,GR,d26,discrete,,0.997,,GAP,bsfg,PAPER_1149
GR_Kerr_ISCO_extremal,GR,qcalcgeom,symbolic,,1.0,,GAP,bsfg,PAPER_1149
GR_Kerr_ISCO_extremal,GR,qcalcgeom,numerical,,1.0,,GAP,bsfg,PAPER_1149
GR_Kerr_ISCO_extremal,GR,qcalcgeom,discrete,,1.0,,GAP,bsfg,PAPER_1149
GR_Kerr_ISCO_extremal,GR,bsfg,symbolic,1.0,1.0,0.000000,EXACT,bsfg,PAPER_1149
GR_Kerr_ISCO_extremal,GR,bsfg,numerical,1.0,1.0,0.000000,EXACT,bsfg,PAPER_1149
GR_Kerr_ISCO_extremal,GR,bsfg,discrete,1.0,1.0,0.000000,EXACT,bsfg,PAPER_1149
GR_Kerr_ISCO_extremal,GR,dpm,symbolic,,1.0,,GAP,bsfg,PAPER_1149
GR_Kerr_ISCO_extremal,GR,dpm,numerical,,1.0,,GAP,bsfg,PAPER_1149
GR_Kerr_ISCO_extremal,GR,dpm,discrete,,1.0,,GAP,bsfg,PAPER_1149
GR_Kerr_ISCO_extremal,GR,d26,symbolic,,1.0,,GAP,bsfg,PAPER_1149
GR_Kerr_ISCO_extremal,GR,d26,numerical,,1.0,,GAP,bsfg,PAPER_1149
GR_Kerr_ISCO_extremal,GR,d26,discrete,,1.0,,GAP,bsfg,PAPER_1149
GR_Mercury_perihelion,GR,qcalcgeom,symbolic,,43.0,,GAP,bsfg,PAPER_1149
GR_Mercury_perihelion,GR,qcalcgeom,numerical,,43.0,,GAP,bsfg,PAPER_1149
GR_Mercury_perihelion,GR,qcalcgeom,discrete,,43.0,,GAP,bsfg,PAPER_1149
GR_Mercury_perihelion,GR,bsfg,symbolic,42.99416666666667,43.0,0.013566,OK,bsfg,PAPER_1149
GR_Mercury_perihelion,GR,bsfg,numerical,42.99416666666667,43.0,0.013566,OK,bsfg,PAPER_1149
GR_Mercury_perihelion,GR,bsfg,discrete,42.99416666666667,43.0,0.013566,OK,bsfg,PAPER_1149
GR_Mercury_perihelion,GR,dpm,symbolic,,43.0,,GAP,bsfg,PAPER_1149
GR_Mercury_perihelion,GR,dpm,numerical,,43.0,,GAP,bsfg,PAPER_1149
GR_Mercury_perihelion,GR,dpm,discrete,,43.0,,GAP,bsfg,PAPER_1149
GR_Mercury_perihelion,GR,d26,symbolic,,43.0,,GAP,bsfg,PAPER_1149
GR_Mercury_perihelion,GR,d26,numerical,,43.0,,GAP,bsfg,PAPER_1149
GR_Mercury_perihelion,GR,d26,discrete,,43.0,,GAP,bsfg,PAPER_1149
GR_NANOGrav_h_c,GR,qcalcgeom,symbolic,2.400666666666667,2.4,0.027778,OK,qcalcgeom,PAPER_1149
GR_NANOGrav_h_c,GR,qcalcgeom,numerical,2.400666666666667,2.4,0.027778,OK,qcalcgeom,PAPER_1149
GR_NANOGrav_h_c,GR,qcalcgeom,discrete,2.400666666666667,2.4,0.027778,OK,qcalcgeom,PAPER_1149
GR_NANOGrav_h_c,GR,bsfg,symbolic,,2.4,,GAP,qcalcgeom,PAPER_1149
GR_NANOGrav_h_c,GR,bsfg,numerical,,2.4,,GAP,qcalcgeom,PAPER_1149
GR_NANOGrav_h_c,GR,bsfg,discrete,,2.4,,GAP,qcalcgeom,PAPER_1149
GR_NANOGrav_h_c,GR,dpm,symbolic,,2.4,,GAP,qcalcgeom,PAPER_1149
GR_NANOGrav_h_c,GR,dpm,numerical,,2.4,,GAP,qcalcgeom,PAPER_1149
GR_NANOGrav_h_c,GR,dpm,discrete,,2.4,,GAP,qcalcgeom,PAPER_1149
GR_NANOGrav_h_c,GR,d26,symbolic,,2.4,,GAP,qcalcgeom,PAPER_1149
GR_NANOGrav_h_c,GR,d26,numerical,,2.4,,GAP,qcalcgeom,PAPER_1149
GR_NANOGrav_h_c,GR,d26,discrete,,2.4,,GAP,qcalcgeom,PAPER_1149
GR_Shapiro_delay_coeff,GR,qcalcgeom,symbolic,,4.0,,GAP,bsfg,PAPER_1149
GR_Shapiro_delay_coeff,GR,qcalcgeom,numerical,,4.0,,GAP,bsfg,PAPER_1149
GR_Shapiro_delay_coeff,GR,qcalcgeom,discrete,,4.0,,GAP,bsfg,PAPER_1149
GR_Shapiro_delay_coeff,GR,bsfg,symbolic,4.0,4.0,0.000000,EXACT,bsfg,PAPER_1149
GR_Shapiro_delay_coeff,GR,bsfg,numerical,4.0,4.0,0.000000,EXACT,bsfg,PAPER_1149
GR_Shapiro_delay_coeff,GR,bsfg,discrete,4.0,4.0,0.000000,EXACT,bsfg,PAPER_1149
GR_Shapiro_delay_coeff,GR,dpm,symbolic,,4.0,,GAP,bsfg,PAPER_1149
GR_Shapiro_delay_coeff,GR,dpm,numerical,,4.0,,GAP,bsfg,PAPER_1149
GR_Shapiro_delay_coeff,GR,dpm,discrete,,4.0,,GAP,bsfg,PAPER_1149
GR_Shapiro_delay_coeff,GR,d26,symbolic,,4.0,,GAP,bsfg,PAPER_1149
GR_Shapiro_delay_coeff,GR,d26,numerical,,4.0,,GAP,bsfg,PAPER_1149
GR_Shapiro_delay_coeff,GR,d26,discrete,,4.0,,GAP,bsfg,PAPER_1149
GR_light_bending_solar_limb,GR,qcalcgeom,symbolic,,1.751,,GAP,bsfg,PAPER_1149
GR_light_bending_solar_limb,GR,qcalcgeom,numerical,,1.751,,GAP,bsfg,PAPER_1149
GR_light_bending_solar_limb,GR,qcalcgeom,discrete,,1.751,,GAP,bsfg,PAPER_1149
GR_light_bending_solar_limb,GR,bsfg,symbolic,1.7498333333333336,1.751,0.066629,OK,bsfg,PAPER_1149
GR_light_bending_solar_limb,GR,bsfg,numerical,1.7498333333333336,1.751,0.066629,OK,bsfg,PAPER_1149
GR_light_bending_solar_limb,GR,bsfg,discrete,1.7498333333333336,1.751,0.066629,OK,bsfg,PAPER_1149
GR_light_bending_solar_limb,GR,dpm,symbolic,,1.751,,GAP,bsfg,PAPER_1149
GR_light_bending_solar_limb,GR,dpm,numerical,,1.751,,GAP,bsfg,PAPER_1149
GR_light_bending_solar_limb,GR,dpm,discrete,,1.751,,GAP,bsfg,PAPER_1149
GR_light_bending_solar_limb,GR,d26,symbolic,,1.751,,GAP,bsfg,PAPER_1149
GR_light_bending_solar_limb,GR,d26,numerical,,1.751,,GAP,bsfg,PAPER_1149
GR_light_bending_solar_limb,GR,d26,discrete,,1.751,,GAP,bsfg,PAPER_1149
GR_photon_sphere_r_M,GR,qcalcgeom,symbolic,,3.0,,GAP,bsfg,PAPER_1149
GR_photon_sphere_r_M,GR,qcalcgeom,numerical,,3.0,,GAP,bsfg,PAPER_1149
GR_photon_sphere_r_M,GR,qcalcgeom,discrete,,3.0,,GAP,bsfg,PAPER_1149
GR_photon_sphere_r_M,GR,bsfg,symbolic,3.0,3.0,0.000000,EXACT,bsfg,PAPER_1149
GR_photon_sphere_r_M,GR,bsfg,numerical,3.0,3.0,0.000000,EXACT,bsfg,PAPER_1149
GR_photon_sphere_r_M,GR,bsfg,discrete,3.0,3.0,0.000000,EXACT,bsfg,PAPER_1149
GR_photon_sphere_r_M,GR,dpm,symbolic,,3.0,,GAP,bsfg,PAPER_1149
GR_photon_sphere_r_M,GR,dpm,numerical,,3.0,,GAP,bsfg,PAPER_1149
GR_photon_sphere_r_M,GR,dpm,discrete,,3.0,,GAP,bsfg,PAPER_1149
GR_photon_sphere_r_M,GR,d26,symbolic,,3.0,,GAP,bsfg,PAPER_1149
GR_photon_sphere_r_M,GR,d26,numerical,,3.0,,GAP,bsfg,PAPER_1149
GR_photon_sphere_r_M,GR,d26,discrete,,3.0,,GAP,bsfg,PAPER_1149
GW_memory_fraction,astro,qcalcgeom,symbolic,0.06029,0.0603,0.016584,OK,qcalcgeom,PAPER_1766
GW_memory_fraction,astro,qcalcgeom,numerical,0.06029,0.0603,0.016584,OK,qcalcgeom,PAPER_1766
GW_memory_fraction,astro,qcalcgeom,discrete,0.06029,0.0603,0.016584,OK,qcalcgeom,PAPER_1766
GW_memory_fraction,astro,bsfg,symbolic,,0.0603,,GAP,qcalcgeom,PAPER_1766
GW_memory_fraction,astro,bsfg,numerical,,0.0603,,GAP,qcalcgeom,PAPER_1766
GW_memory_fraction,astro,bsfg,discrete,,0.0603,,GAP,qcalcgeom,PAPER_1766
GW_memory_fraction,astro,dpm,symbolic,,0.0603,,GAP,qcalcgeom,PAPER_1766
GW_memory_fraction,astro,dpm,numerical,,0.0603,,GAP,qcalcgeom,PAPER_1766
GW_memory_fraction,astro,dpm,discrete,,0.0603,,GAP,qcalcgeom,PAPER_1766
GW_memory_fraction,astro,d26,symbolic,,0.0603,,GAP,qcalcgeom,PAPER_1766
GW_memory_fraction,astro,d26,numerical,,0.0603,,GAP,qcalcgeom,PAPER_1766
GW_memory_fraction,astro,d26,discrete,,0.0603,,GAP,qcalcgeom,PAPER_1766
ITER_R_over_a,SI,qcalcgeom,symbolic,,3.1,,GAP,bsfg,PAPER_1706
ITER_R_over_a,SI,qcalcgeom,numerical,,3.1,,GAP,bsfg,PAPER_1706
ITER_R_over_a,SI,qcalcgeom,discrete,,3.1,,GAP,bsfg,PAPER_1706
ITER_R_over_a,SI,bsfg,symbolic,3.1,3.1,0.000000,EXACT,bsfg,PAPER_1706
ITER_R_over_a,SI,bsfg,numerical,3.1,3.1,0.000000,EXACT,bsfg,PAPER_1706
ITER_R_over_a,SI,bsfg,discrete,3.1,3.1,0.000000,EXACT,bsfg,PAPER_1706
ITER_R_over_a,SI,dpm,symbolic,,3.1,,GAP,bsfg,PAPER_1706
ITER_R_over_a,SI,dpm,numerical,,3.1,,GAP,bsfg,PAPER_1706
ITER_R_over_a,SI,dpm,discrete,,3.1,,GAP,bsfg,PAPER_1706
ITER_R_over_a,SI,d26,symbolic,,3.1,,GAP,bsfg,PAPER_1706
ITER_R_over_a,SI,d26,numerical,,3.1,,GAP,bsfg,PAPER_1706
ITER_R_over_a,SI,d26,discrete,,3.1,,GAP,bsfg,PAPER_1706
KK_AU_per_1e10_m,KK,qcalcgeom,symbolic,,14.96,,GAP,dpm,PAPER_1167
KK_AU_per_1e10_m,KK,qcalcgeom,numerical,,14.96,,GAP,dpm,PAPER_1167
KK_AU_per_1e10_m,KK,qcalcgeom,discrete,,14.96,,GAP,dpm,PAPER_1167
KK_AU_per_1e10_m,KK,bsfg,symbolic,,14.96,,GAP,dpm,PAPER_1167
KK_AU_per_1e10_m,KK,bsfg,numerical,,14.96,,GAP,dpm,PAPER_1167
KK_AU_per_1e10_m,KK,bsfg,discrete,,14.96,,GAP,dpm,PAPER_1167
KK_AU_per_1e10_m,KK,dpm,symbolic,15.015964025882605,14.96,0.374091,OK,dpm,PAPER_1167
KK_AU_per_1e10_m,KK,dpm,numerical,15.015964025882605,14.96,0.374091,OK,dpm,PAPER_1167
KK_AU_per_1e10_m,KK,dpm,discrete,15.015964025882605,14.96,0.374091,OK,dpm,PAPER_1167
KK_AU_per_1e10_m,KK,d26,symbolic,,14.96,,GAP,dpm,PAPER_1167
KK_AU_per_1e10_m,KK,d26,numerical,,14.96,,GAP,dpm,PAPER_1167
KK_AU_per_1e10_m,KK,d26,discrete,,14.96,,GAP,dpm,PAPER_1167
KK_Earth_orbit_v_per_km_s,KK,qcalcgeom,symbolic,,29.78,,GAP,dpm,PAPER_1167
KK_Earth_orbit_v_per_km_s,KK,qcalcgeom,numerical,,29.78,,GAP,dpm,PAPER_1167
KK_Earth_orbit_v_per_km_s,KK,qcalcgeom,discrete,,29.78,,GAP,dpm,PAPER_1167
KK_Earth_orbit_v_per_km_s,KK,bsfg,symbolic,,29.78,,GAP,dpm,PAPER_1167
KK_Earth_orbit_v_per_km_s,KK,bsfg,numerical,,29.78,,GAP,dpm,PAPER_1167
KK_Earth_orbit_v_per_km_s,KK,bsfg,discrete,,29.78,,GAP,dpm,PAPER_1167
KK_Earth_orbit_v_per_km_s,KK,dpm,symbolic,29.718370978009258,29.78,0.206948,OK,dpm,PAPER_1167
KK_Earth_orbit_v_per_km_s,KK,dpm,numerical,29.718370978009258,29.78,0.206948,OK,dpm,PAPER_1167
KK_Earth_orbit_v_per_km_s,KK,dpm,discrete,29.718370978009258,29.78,0.206948,OK,dpm,PAPER_1167
KK_Earth_orbit_v_per_km_s,KK,d26,symbolic,,29.78,,GAP,dpm,PAPER_1167
KK_Earth_orbit_v_per_km_s,KK,d26,numerical,,29.78,,GAP,dpm,PAPER_1167
KK_Earth_orbit_v_per_km_s,KK,d26,discrete,,29.78,,GAP,dpm,PAPER_1167
KK_Earth_radius_per_1e6_m,KK,qcalcgeom,symbolic,6.36348841,6.371,0.117903,OK,qcalcgeom,PAPER_1167
KK_Earth_radius_per_1e6_m,KK,qcalcgeom,numerical,6.36348841,6.371,0.117903,OK,qcalcgeom,PAPER_1167
KK_Earth_radius_per_1e6_m,KK,qcalcgeom,discrete,6.36348841,6.371,0.117903,OK,qcalcgeom,PAPER_1167
KK_Earth_radius_per_1e6_m,KK,bsfg,symbolic,,6.371,,GAP,qcalcgeom,PAPER_1167
KK_Earth_radius_per_1e6_m,KK,bsfg,numerical,,6.371,,GAP,qcalcgeom,PAPER_1167
KK_Earth_radius_per_1e6_m,KK,bsfg,discrete,,6.371,,GAP,qcalcgeom,PAPER_1167
KK_Earth_radius_per_1e6_m,KK,dpm,symbolic,,6.371,,GAP,qcalcgeom,PAPER_1167
KK_Earth_radius_per_1e6_m,KK,dpm,numerical,,6.371,,GAP,qcalcgeom,PAPER_1167
KK_Earth_radius_per_1e6_m,KK,dpm,discrete,,6.371,,GAP,qcalcgeom,PAPER_1167
KK_Earth_radius_per_1e6_m,KK,d26,symbolic,,6.371,,GAP,qcalcgeom,PAPER_1167
KK_Earth_radius_per_1e6_m,KK,d26,numerical,,6.371,,GAP,qcalcgeom,PAPER_1167
KK_Earth_radius_per_1e6_m,KK,d26,discrete,,6.371,,GAP,qcalcgeom,PAPER_1167
KK_Jupiter_mass_per_1e27_kg,KK,qcalcgeom,symbolic,1.9045829013406672,1.898,0.346834,OK,qcalcgeom,PAPER_1167
KK_Jupiter_mass_per_1e27_kg,KK,qcalcgeom,numerical,1.9045829013406672,1.898,0.346834,OK,qcalcgeom,PAPER_1167
KK_Jupiter_mass_per_1e27_kg,KK,qcalcgeom,discrete,1.9045829013406672,1.898,0.346834,OK,qcalcgeom,PAPER_1167
KK_Jupiter_mass_per_1e27_kg,KK,bsfg,symbolic,,1.898,,GAP,qcalcgeom,PAPER_1167
KK_Jupiter_mass_per_1e27_kg,KK,bsfg,numerical,,1.898,,GAP,qcalcgeom,PAPER_1167
KK_Jupiter_mass_per_1e27_kg,KK,bsfg,discrete,,1.898,,GAP,qcalcgeom,PAPER_1167
KK_Jupiter_mass_per_1e27_kg,KK,dpm,symbolic,,1.898,,GAP,qcalcgeom,PAPER_1167
KK_Jupiter_mass_per_1e27_kg,KK,dpm,numerical,,1.898,,GAP,qcalcgeom,PAPER_1167
KK_Jupiter_mass_per_1e27_kg,KK,dpm,discrete,,1.898,,GAP,qcalcgeom,PAPER_1167
KK_Jupiter_mass_per_1e27_kg,KK,d26,symbolic,,1.898,,GAP,qcalcgeom,PAPER_1167
KK_Jupiter_mass_per_1e27_kg,KK,d26,numerical,,1.898,,GAP,qcalcgeom,PAPER_1167
KK_Jupiter_mass_per_1e27_kg,KK,d26,discrete,,1.898,,GAP,qcalcgeom,PAPER_1167
KK_Mars_orbit_AU,KK,qcalcgeom,symbolic,1.5205052953872107,1.524,0.229311,OK,qcalcgeom,PAPER_1167
KK_Mars_orbit_AU,KK,qcalcgeom,numerical,1.5205052953872107,1.524,0.229311,OK,qcalcgeom,PAPER_1167
KK_Mars_orbit_AU,KK,qcalcgeom,discrete,1.5205052953872107,1.524,0.229311,OK,qcalcgeom,PAPER_1167
KK_Mars_orbit_AU,KK,bsfg,symbolic,,1.524,,GAP,qcalcgeom,PAPER_1167
KK_Mars_orbit_AU,KK,bsfg,numerical,,1.524,,GAP,qcalcgeom,PAPER_1167
KK_Mars_orbit_AU,KK,bsfg,discrete,,1.524,,GAP,qcalcgeom,PAPER_1167
KK_Mars_orbit_AU,KK,dpm,symbolic,,1.524,,GAP,qcalcgeom,PAPER_1167
KK_Mars_orbit_AU,KK,dpm,numerical,,1.524,,GAP,qcalcgeom,PAPER_1167
KK_Mars_orbit_AU,KK,dpm,discrete,,1.524,,GAP,qcalcgeom,PAPER_1167
KK_Mars_orbit_AU,KK,d26,symbolic,,1.524,,GAP,qcalcgeom,PAPER_1167
KK_Mars_orbit_AU,KK,d26,numerical,,1.524,,GAP,qcalcgeom,PAPER_1167
KK_Mars_orbit_AU,KK,d26,discrete,,1.524,,GAP,qcalcgeom,PAPER_1167
KK_Mercury_year_per_10_day,KK,qcalcgeom,symbolic,8.822047162389,8.797,0.284724,OK,qcalcgeom,PAPER_1167
KK_Mercury_year_per_10_day,KK,qcalcgeom,numerical,8.822047162389,8.797,0.284724,OK,qcalcgeom,PAPER_1167
KK_Mercury_year_per_10_day,KK,qcalcgeom,discrete,8.822047162389,8.797,0.284724,OK,qcalcgeom,PAPER_1167
KK_Mercury_year_per_10_day,KK,bsfg,symbolic,,8.797,,GAP,qcalcgeom,PAPER_1167
KK_Mercury_year_per_10_day,KK,bsfg,numerical,,8.797,,GAP,qcalcgeom,PAPER_1167
KK_Mercury_year_per_10_day,KK,bsfg,discrete,,8.797,,GAP,qcalcgeom,PAPER_1167
KK_Mercury_year_per_10_day,KK,dpm,symbolic,,8.797,,GAP,qcalcgeom,PAPER_1167
KK_Mercury_year_per_10_day,KK,dpm,numerical,,8.797,,GAP,qcalcgeom,PAPER_1167
KK_Mercury_year_per_10_day,KK,dpm,discrete,,8.797,,GAP,qcalcgeom,PAPER_1167
KK_Mercury_year_per_10_day,KK,d26,symbolic,,8.797,,GAP,qcalcgeom,PAPER_1167
KK_Mercury_year_per_10_day,KK,d26,numerical,,8.797,,GAP,qcalcgeom,PAPER_1167
KK_Mercury_year_per_10_day,KK,d26,discrete,,8.797,,GAP,qcalcgeom,PAPER_1167
KK_Moon_orbital_period_per_day,KK,qcalcgeom,symbolic,,27.32,,GAP,dpm,PAPER_1167
KK_Moon_orbital_period_per_day,KK,qcalcgeom,numerical,,27.32,,GAP,dpm,PAPER_1167
KK_Moon_orbital_period_per_day,KK,qcalcgeom,discrete,,27.32,,GAP,dpm,PAPER_1167
KK_Moon_orbital_period_per_day,KK,bsfg,symbolic,,27.32,,GAP,dpm,PAPER_1167
KK_Moon_orbital_period_per_day,KK,bsfg,numerical,,27.32,,GAP,dpm,PAPER_1167
KK_Moon_orbital_period_per_day,KK,bsfg,discrete,,27.32,,GAP,dpm,PAPER_1167
KK_Moon_orbital_period_per_day,KK,dpm,symbolic,27.32127097800926,27.32,0.004652,OK,dpm,PAPER_1167
KK_Moon_orbital_period_per_day,KK,dpm,numerical,27.32127097800926,27.32,0.004652,OK,dpm,PAPER_1167
KK_Moon_orbital_period_per_day,KK,dpm,discrete,27.32127097800926,27.32,0.004652,OK,dpm,PAPER_1167
KK_Moon_orbital_period_per_day,KK,d26,symbolic,,27.32,,GAP,dpm,PAPER_1167
KK_Moon_orbital_period_per_day,KK,d26,numerical,,27.32,,GAP,dpm,PAPER_1167
KK_Moon_orbital_period_per_day,KK,d26,discrete,,27.32,,GAP,dpm,PAPER_1167
KK_Sun_mass_per_1e29_kg,KK,qcalcgeom,symbolic,,19.89,,GAP,dpm,PAPER_1167
KK_Sun_mass_per_1e29_kg,KK,qcalcgeom,numerical,,19.89,,GAP,dpm,PAPER_1167
KK_Sun_mass_per_1e29_kg,KK,qcalcgeom,discrete,,19.89,,GAP,dpm,PAPER_1167
KK_Sun_mass_per_1e29_kg,KK,bsfg,symbolic,,19.89,,GAP,dpm,PAPER_1167
KK_Sun_mass_per_1e29_kg,KK,bsfg,numerical,,19.89,,GAP,dpm,PAPER_1167
KK_Sun_mass_per_1e29_kg,KK,bsfg,discrete,,19.89,,GAP,dpm,PAPER_1167
KK_Sun_mass_per_1e29_kg,KK,dpm,symbolic,19.838011188271604,19.89,0.261382,OK,dpm,PAPER_1167
KK_Sun_mass_per_1e29_kg,KK,dpm,numerical,19.838011188271604,19.89,0.261382,OK,dpm,PAPER_1167
KK_Sun_mass_per_1e29_kg,KK,dpm,discrete,19.838011188271604,19.89,0.261382,OK,dpm,PAPER_1167
KK_Sun_mass_per_1e29_kg,KK,d26,symbolic,,19.89,,GAP,dpm,PAPER_1167
KK_Sun_mass_per_1e29_kg,KK,d26,numerical,,19.89,,GAP,dpm,PAPER_1167
KK_Sun_mass_per_1e29_kg,KK,d26,discrete,,19.89,,GAP,dpm,PAPER_1167
KK_Sun_radius_per_1e8_m,KK,qcalcgeom,symbolic,,6.96,,GAP,bsfg,PAPER_1167
KK_Sun_radius_per_1e8_m,KK,qcalcgeom,numerical,,6.96,,GAP,bsfg,PAPER_1167
KK_Sun_radius_per_1e8_m,KK,qcalcgeom,discrete,,6.96,,GAP,bsfg,PAPER_1167
KK_Sun_radius_per_1e8_m,KK,bsfg,symbolic,6.99417364427611,6.96,0.491001,OK,bsfg,PAPER_1167
KK_Sun_radius_per_1e8_m,KK,bsfg,numerical,6.99417364427611,6.96,0.491001,OK,bsfg,PAPER_1167
KK_Sun_radius_per_1e8_m,KK,bsfg,discrete,6.99417364427611,6.96,0.491001,OK,bsfg,PAPER_1167
KK_Sun_radius_per_1e8_m,KK,dpm,symbolic,,6.96,,GAP,bsfg,PAPER_1167
KK_Sun_radius_per_1e8_m,KK,dpm,numerical,,6.96,,GAP,bsfg,PAPER_1167
KK_Sun_radius_per_1e8_m,KK,dpm,discrete,,6.96,,GAP,bsfg,PAPER_1167
KK_Sun_radius_per_1e8_m,KK,d26,symbolic,,6.96,,GAP,bsfg,PAPER_1167
KK_Sun_radius_per_1e8_m,KK,d26,numerical,,6.96,,GAP,bsfg,PAPER_1167
KK_Sun_radius_per_1e8_m,KK,d26,discrete,,6.96,,GAP,bsfg,PAPER_1167
KK_sidereal_year_per_100_day,KK,qcalcgeom,symbolic,3.642925572389,3.65256,0.263772,OK,qcalcgeom,PAPER_1167
KK_sidereal_year_per_100_day,KK,qcalcgeom,numerical,3.642925572389,3.65256,0.263772,OK,qcalcgeom,PAPER_1167
KK_sidereal_year_per_100_day,KK,qcalcgeom,discrete,3.642925572389,3.65256,0.263772,OK,qcalcgeom,PAPER_1167
KK_sidereal_year_per_100_day,KK,bsfg,symbolic,,3.65256,,GAP,qcalcgeom,PAPER_1167
KK_sidereal_year_per_100_day,KK,bsfg,numerical,,3.65256,,GAP,qcalcgeom,PAPER_1167
KK_sidereal_year_per_100_day,KK,bsfg,discrete,,3.65256,,GAP,qcalcgeom,PAPER_1167
KK_sidereal_year_per_100_day,KK,dpm,symbolic,,3.65256,,GAP,qcalcgeom,PAPER_1167
KK_sidereal_year_per_100_day,KK,dpm,numerical,,3.65256,,GAP,qcalcgeom,PAPER_1167
KK_sidereal_year_per_100_day,KK,dpm,discrete,,3.65256,,GAP,qcalcgeom,PAPER_1167
KK_sidereal_year_per_100_day,KK,d26,symbolic,,3.65256,,GAP,qcalcgeom,PAPER_1167
KK_sidereal_year_per_100_day,KK,d26,numerical,,3.65256,,GAP,qcalcgeom,PAPER_1167
KK_sidereal_year_per_100_day,KK,d26,discrete,,3.65256,,GAP,qcalcgeom,PAPER_1167
LCDM_BAO_rd_H0_over_c_alternate,LCDM,qcalcgeom,symbolic,,0.033040484293971134,,GAP,d26,PAPER_1156
LCDM_BAO_rd_H0_over_c_alternate,LCDM,qcalcgeom,numerical,,0.033040484293971134,,GAP,d26,PAPER_1156
LCDM_BAO_rd_H0_over_c_alternate,LCDM,qcalcgeom,discrete,,0.033040484293971134,,GAP,d26,PAPER_1156
LCDM_BAO_rd_H0_over_c_alternate,LCDM,bsfg,symbolic,,0.033040484293971134,,GAP,d26,PAPER_1156
LCDM_BAO_rd_H0_over_c_alternate,LCDM,bsfg,numerical,,0.033040484293971134,,GAP,d26,PAPER_1156
LCDM_BAO_rd_H0_over_c_alternate,LCDM,bsfg,discrete,,0.033040484293971134,,GAP,d26,PAPER_1156
LCDM_BAO_rd_H0_over_c_alternate,LCDM,dpm,symbolic,,0.033040484293971134,,GAP,d26,PAPER_1156
LCDM_BAO_rd_H0_over_c_alternate,LCDM,dpm,numerical,,0.033040484293971134,,GAP,d26,PAPER_1156
LCDM_BAO_rd_H0_over_c_alternate,LCDM,dpm,discrete,,0.033040484293971134,,GAP,d26,PAPER_1156
LCDM_BAO_rd_H0_over_c_alternate,LCDM,d26,symbolic,0.0330314170065003,0.033040484293971134,0.027443,OK,d26,PAPER_1156
LCDM_BAO_rd_H0_over_c_alternate,LCDM,d26,numerical,0.0330314170065003,0.033040484293971134,0.027443,OK,d26,PAPER_1156
LCDM_BAO_rd_H0_over_c_alternate,LCDM,d26,discrete,0.0330314170065003,0.033040484293971134,0.027443,OK,d26,PAPER_1156
LCDM_BAO_rd_H0_over_c_primary,LCDM,qcalcgeom,symbolic,,0.033040484293971134,,GAP,d26,PAPER_1156
LCDM_BAO_rd_H0_over_c_primary,LCDM,qcalcgeom,numerical,,0.033040484293971134,,GAP,d26,PAPER_1156
LCDM_BAO_rd_H0_over_c_primary,LCDM,qcalcgeom,discrete,,0.033040484293971134,,GAP,d26,PAPER_1156
LCDM_BAO_rd_H0_over_c_primary,LCDM,bsfg,symbolic,,0.033040484293971134,,GAP,d26,PAPER_1156
LCDM_BAO_rd_H0_over_c_primary,LCDM,bsfg,numerical,,0.033040484293971134,,GAP,d26,PAPER_1156
LCDM_BAO_rd_H0_over_c_primary,LCDM,bsfg,discrete,,0.033040484293971134,,GAP,d26,PAPER_1156
LCDM_BAO_rd_H0_over_c_primary,LCDM,dpm,symbolic,,0.033040484293971134,,GAP,d26,PAPER_1156
LCDM_BAO_rd_H0_over_c_primary,LCDM,dpm,numerical,,0.033040484293971134,,GAP,d26,PAPER_1156
LCDM_BAO_rd_H0_over_c_primary,LCDM,dpm,discrete,,0.033040484293971134,,GAP,d26,PAPER_1156
LCDM_BAO_rd_H0_over_c_primary,LCDM,d26,symbolic,0.033043557692307685,0.033040484293971134,0.009302,OK,d26,PAPER_1156
LCDM_BAO_rd_H0_over_c_primary,LCDM,d26,numerical,0.033043557692307685,0.033040484293971134,0.009302,OK,d26,PAPER_1156
LCDM_BAO_rd_H0_over_c_primary,LCDM,d26,discrete,0.033043557692307685,0.033040484293971134,0.009302,OK,d26,PAPER_1156
LCDM_D_over_H,LCDM,qcalcgeom,symbolic,,2.547e-05,,GAP,d26,PAPER_1156
LCDM_D_over_H,LCDM,qcalcgeom,numerical,,2.547e-05,,GAP,d26,PAPER_1156
LCDM_D_over_H,LCDM,qcalcgeom,discrete,,2.547e-05,,GAP,d26,PAPER_1156
LCDM_D_over_H,LCDM,bsfg,symbolic,,2.547e-05,,GAP,d26,PAPER_1156
LCDM_D_over_H,LCDM,bsfg,numerical,,2.547e-05,,GAP,d26,PAPER_1156
LCDM_D_over_H,LCDM,bsfg,discrete,,2.547e-05,,GAP,d26,PAPER_1156
LCDM_D_over_H,LCDM,dpm,symbolic,,2.547e-05,,GAP,d26,PAPER_1156
LCDM_D_over_H,LCDM,dpm,numerical,,2.547e-05,,GAP,d26,PAPER_1156
LCDM_D_over_H,LCDM,dpm,discrete,,2.547e-05,,GAP,d26,PAPER_1156
LCDM_D_over_H,LCDM,d26,symbolic,2.5833333333333342e-05,2.547e-05,1.426515,OK,d26,PAPER_1156
LCDM_D_over_H,LCDM,d26,numerical,2.5833333333333342e-05,2.547e-05,1.426515,OK,d26,PAPER_1156
LCDM_D_over_H,LCDM,d26,discrete,2.5833333333333342e-05,2.547e-05,1.426515,OK,d26,PAPER_1156
LCDM_EDGES_T21_amplitude,LCDM,qcalcgeom,symbolic,,-289.0,,GAP,d26,PAPER_1761
LCDM_EDGES_T21_amplitude,LCDM,qcalcgeom,numerical,,-289.0,,GAP,d26,PAPER_1761
LCDM_EDGES_T21_amplitude,LCDM,qcalcgeom,discrete,,-289.0,,GAP,d26,PAPER_1761
LCDM_EDGES_T21_amplitude,LCDM,bsfg,symbolic,,-289.0,,GAP,d26,PAPER_1761
LCDM_EDGES_T21_amplitude,LCDM,bsfg,numerical,,-289.0,,GAP,d26,PAPER_1761
LCDM_EDGES_T21_amplitude,LCDM,bsfg,discrete,,-289.0,,GAP,d26,PAPER_1761
LCDM_EDGES_T21_amplitude,LCDM,dpm,symbolic,,-289.0,,GAP,d26,PAPER_1761
LCDM_EDGES_T21_amplitude,LCDM,dpm,numerical,,-289.0,,GAP,d26,PAPER_1761
LCDM_EDGES_T21_amplitude,LCDM,dpm,discrete,,-289.0,,GAP,d26,PAPER_1761
LCDM_EDGES_T21_amplitude,LCDM,d26,symbolic,-289.392,-289.0,0.135640,OK,d26,PAPER_1761
LCDM_EDGES_T21_amplitude,LCDM,d26,numerical,-289.392,-289.0,0.135640,OK,d26,PAPER_1761
LCDM_EDGES_T21_amplitude,LCDM,d26,discrete,-289.392,-289.0,0.135640,OK,d26,PAPER_1761
LCDM_EDGES_extra_cooling,LCDM,qcalcgeom,symbolic,,2.5,,GAP,d26,PAPER_1156
LCDM_EDGES_extra_cooling,LCDM,qcalcgeom,numerical,,2.5,,GAP,d26,PAPER_1156
LCDM_EDGES_extra_cooling,LCDM,qcalcgeom,discrete,,2.5,,GAP,d26,PAPER_1156
LCDM_EDGES_extra_cooling,LCDM,bsfg,symbolic,,2.5,,GAP,d26,PAPER_1156
LCDM_EDGES_extra_cooling,LCDM,bsfg,numerical,,2.5,,GAP,d26,PAPER_1156
LCDM_EDGES_extra_cooling,LCDM,bsfg,discrete,,2.5,,GAP,d26,PAPER_1156
LCDM_EDGES_extra_cooling,LCDM,dpm,symbolic,,2.5,,GAP,d26,PAPER_1156
LCDM_EDGES_extra_cooling,LCDM,dpm,numerical,,2.5,,GAP,d26,PAPER_1156
LCDM_EDGES_extra_cooling,LCDM,dpm,discrete,,2.5,,GAP,d26,PAPER_1156
LCDM_EDGES_extra_cooling,LCDM,d26,symbolic,2.6004514690350304,2.5,4.018059,OK,d26,PAPER_1156
LCDM_EDGES_extra_cooling,LCDM,d26,numerical,2.6004514690350304,2.5,4.018059,OK,d26,PAPER_1156
LCDM_EDGES_extra_cooling,LCDM,d26,discrete,2.6004514690350304,2.5,4.018059,OK,d26,PAPER_1156
LCDM_H0_tension_ratio,LCDM,qcalcgeom,symbolic,,1.083679525222552,,GAP,d26,PAPER_1156
LCDM_H0_tension_ratio,LCDM,qcalcgeom,numerical,,1.083679525222552,,GAP,d26,PAPER_1156
LCDM_H0_tension_ratio,LCDM,qcalcgeom,discrete,,1.083679525222552,,GAP,d26,PAPER_1156
LCDM_H0_tension_ratio,LCDM,bsfg,symbolic,,1.083679525222552,,GAP,d26,PAPER_1156
LCDM_H0_tension_ratio,LCDM,bsfg,numerical,,1.083679525222552,,GAP,d26,PAPER_1156
LCDM_H0_tension_ratio,LCDM,bsfg,discrete,,1.083679525222552,,GAP,d26,PAPER_1156
LCDM_H0_tension_ratio,LCDM,dpm,symbolic,,1.083679525222552,,GAP,d26,PAPER_1156
LCDM_H0_tension_ratio,LCDM,dpm,numerical,,1.083679525222552,,GAP,d26,PAPER_1156
LCDM_H0_tension_ratio,LCDM,dpm,discrete,,1.083679525222552,,GAP,d26,PAPER_1156
LCDM_H0_tension_ratio,LCDM,d26,symbolic,1.0833333333333333,1.083679525222552,0.031946,OK,d26,PAPER_1156
LCDM_H0_tension_ratio,LCDM,d26,numerical,1.0833333333333333,1.083679525222552,0.031946,OK,d26,PAPER_1156
LCDM_H0_tension_ratio,LCDM,d26,discrete,1.0833333333333333,1.083679525222552,0.031946,OK,d26,PAPER_1156
LCDM_Li7_BBN_dilution,LCDM,qcalcgeom,symbolic,,3.1,,GAP,dpm,PAPER_1227
LCDM_Li7_BBN_dilution,LCDM,qcalcgeom,numerical,,3.1,,GAP,dpm,PAPER_1227
LCDM_Li7_BBN_dilution,LCDM,qcalcgeom,discrete,,3.1,,GAP,dpm,PAPER_1227
LCDM_Li7_BBN_dilution,LCDM,bsfg,symbolic,,3.1,,GAP,dpm,PAPER_1227
LCDM_Li7_BBN_dilution,LCDM,bsfg,numerical,,3.1,,GAP,dpm,PAPER_1227
LCDM_Li7_BBN_dilution,LCDM,bsfg,discrete,,3.1,,GAP,dpm,PAPER_1227
LCDM_Li7_BBN_dilution,LCDM,dpm,symbolic,3.0,3.1,3.225806,OK,dpm,PAPER_1227
LCDM_Li7_BBN_dilution,LCDM,dpm,numerical,3.0,3.1,3.225806,OK,dpm,PAPER_1227
LCDM_Li7_BBN_dilution,LCDM,dpm,discrete,3.0,3.1,3.225806,OK,dpm,PAPER_1227
LCDM_Li7_BBN_dilution,LCDM,d26,symbolic,,3.1,,GAP,dpm,PAPER_1227
LCDM_Li7_BBN_dilution,LCDM,d26,numerical,,3.1,,GAP,dpm,PAPER_1227
LCDM_Li7_BBN_dilution,LCDM,d26,discrete,,3.1,,GAP,dpm,PAPER_1227
LCDM_Li7_over_H,LCDM,qcalcgeom,symbolic,,1.6e-10,,GAP,d26,PAPER_1156
LCDM_Li7_over_H,LCDM,qcalcgeom,numerical,,1.6e-10,,GAP,d26,PAPER_1156
LCDM_Li7_over_H,LCDM,qcalcgeom,discrete,,1.6e-10,,GAP,d26,PAPER_1156
LCDM_Li7_over_H,LCDM,bsfg,symbolic,,1.6e-10,,GAP,d26,PAPER_1156
LCDM_Li7_over_H,LCDM,bsfg,numerical,,1.6e-10,,GAP,d26,PAPER_1156
LCDM_Li7_over_H,LCDM,bsfg,discrete,,1.6e-10,,GAP,d26,PAPER_1156
LCDM_Li7_over_H,LCDM,dpm,symbolic,,1.6e-10,,GAP,d26,PAPER_1156
LCDM_Li7_over_H,LCDM,dpm,numerical,,1.6e-10,,GAP,d26,PAPER_1156
LCDM_Li7_over_H,LCDM,dpm,discrete,,1.6e-10,,GAP,d26,PAPER_1156
LCDM_Li7_over_H,LCDM,d26,symbolic,1.600000000000001e-10,1.6e-10,0.000000,EXACT,d26,PAPER_1156
LCDM_Li7_over_H,LCDM,d26,numerical,1.600000000000001e-10,1.6e-10,0.000000,EXACT,d26,PAPER_1156
LCDM_Li7_over_H,LCDM,d26,discrete,1.600000000000001e-10,1.6e-10,0.000000,EXACT,d26,PAPER_1156
LCDM_N_eff,LCDM,qcalcgeom,symbolic,,3.046,,GAP,dpm,PAPER_1156
LCDM_N_eff,LCDM,qcalcgeom,numerical,,3.046,,GAP,dpm,PAPER_1156
LCDM_N_eff,LCDM,qcalcgeom,discrete,,3.046,,GAP,dpm,PAPER_1156
LCDM_N_eff,LCDM,bsfg,symbolic,,3.046,,GAP,dpm,PAPER_1156
LCDM_N_eff,LCDM,bsfg,numerical,,3.046,,GAP,dpm,PAPER_1156
LCDM_N_eff,LCDM,bsfg,discrete,,3.046,,GAP,dpm,PAPER_1156
LCDM_N_eff,LCDM,dpm,symbolic,3.0479166666666666,3.046,0.062924,OK,dpm,PAPER_1156
LCDM_N_eff,LCDM,dpm,numerical,3.0479166666666666,3.046,0.062924,OK,dpm,PAPER_1156
LCDM_N_eff,LCDM,dpm,discrete,3.0479166666666666,3.046,0.062924,OK,dpm,PAPER_1156
LCDM_N_eff,LCDM,d26,symbolic,,3.046,,GAP,dpm,PAPER_1156
LCDM_N_eff,LCDM,d26,numerical,,3.046,,GAP,dpm,PAPER_1156
LCDM_N_eff,LCDM,d26,discrete,,3.046,,GAP,dpm,PAPER_1156
LCDM_Omega_m,LCDM,qcalcgeom,symbolic,,0.315,,GAP,dpm,PAPER_1156
LCDM_Omega_m,LCDM,qcalcgeom,numerical,,0.315,,GAP,dpm,PAPER_1156
LCDM_Omega_m,LCDM,qcalcgeom,discrete,,0.315,,GAP,dpm,PAPER_1156
LCDM_Omega_m,LCDM,bsfg,symbolic,,0.315,,GAP,dpm,PAPER_1156
LCDM_Omega_m,LCDM,bsfg,numerical,,0.315,,GAP,dpm,PAPER_1156
LCDM_Omega_m,LCDM,bsfg,discrete,,0.315,,GAP,dpm,PAPER_1156
LCDM_Omega_m,LCDM,dpm,symbolic,0.3141666666666666,0.315,0.264550,OK,dpm,PAPER_1156
LCDM_Omega_m,LCDM,dpm,numerical,0.3141666666666666,0.315,0.264550,OK,dpm,PAPER_1156
LCDM_Omega_m,LCDM,dpm,discrete,0.3141666666666666,0.315,0.264550,OK,dpm,PAPER_1156
LCDM_Omega_m,LCDM,d26,symbolic,,0.315,,GAP,dpm,PAPER_1156
LCDM_Omega_m,LCDM,d26,numerical,,0.315,,GAP,dpm,PAPER_1156
LCDM_Omega_m,LCDM,d26,discrete,,0.315,,GAP,dpm,PAPER_1156
LCDM_T_CMB,LCDM,qcalcgeom,symbolic,,2.7255,,GAP,dpm,PAPER_1156
LCDM_T_CMB,LCDM,qcalcgeom,numerical,,2.7255,,GAP,dpm,PAPER_1156
LCDM_T_CMB,LCDM,qcalcgeom,discrete,,2.7255,,GAP,dpm,PAPER_1156
LCDM_T_CMB,LCDM,bsfg,symbolic,,2.7255,,GAP,dpm,PAPER_1156
LCDM_T_CMB,LCDM,bsfg,numerical,,2.7255,,GAP,dpm,PAPER_1156
LCDM_T_CMB,LCDM,bsfg,discrete,,2.7255,,GAP,dpm,PAPER_1156
LCDM_T_CMB,LCDM,dpm,symbolic,2.7222222222222223,2.7255,0.120263,OK,dpm,PAPER_1156
LCDM_T_CMB,LCDM,dpm,numerical,2.7222222222222223,2.7255,0.120263,OK,dpm,PAPER_1156
LCDM_T_CMB,LCDM,dpm,discrete,2.7222222222222223,2.7255,0.120263,OK,dpm,PAPER_1156
LCDM_T_CMB,LCDM,d26,symbolic,,2.7255,,GAP,dpm,PAPER_1156
LCDM_T_CMB,LCDM,d26,numerical,,2.7255,,GAP,dpm,PAPER_1156
LCDM_T_CMB,LCDM,d26,discrete,,2.7255,,GAP,dpm,PAPER_1156
LCDM_Y_p,LCDM,qcalcgeom,symbolic,,0.2453,,GAP,dpm,PAPER_1156
LCDM_Y_p,LCDM,qcalcgeom,numerical,,0.2453,,GAP,dpm,PAPER_1156
LCDM_Y_p,LCDM,qcalcgeom,discrete,,0.2453,,GAP,dpm,PAPER_1156
LCDM_Y_p,LCDM,bsfg,symbolic,,0.2453,,GAP,dpm,PAPER_1156
LCDM_Y_p,LCDM,bsfg,numerical,,0.2453,,GAP,dpm,PAPER_1156
LCDM_Y_p,LCDM,bsfg,discrete,,0.2453,,GAP,dpm,PAPER_1156
LCDM_Y_p,LCDM,dpm,symbolic,0.24524999999999997,0.2453,0.020383,OK,dpm,PAPER_1156
LCDM_Y_p,LCDM,dpm,numerical,0.24524999999999997,0.2453,0.020383,OK,dpm,PAPER_1156
LCDM_Y_p,LCDM,dpm,discrete,0.24524999999999997,0.2453,0.020383,OK,dpm,PAPER_1156
LCDM_Y_p,LCDM,d26,symbolic,,0.2453,,GAP,dpm,PAPER_1156
LCDM_Y_p,LCDM,d26,numerical,,0.2453,,GAP,dpm,PAPER_1156
LCDM_Y_p,LCDM,d26,discrete,,0.2453,,GAP,dpm,PAPER_1156
LCDM_eta_B,LCDM,qcalcgeom,symbolic,,6.14e-10,,GAP,d26,PAPER_1156
LCDM_eta_B,LCDM,qcalcgeom,numerical,,6.14e-10,,GAP,d26,PAPER_1156
LCDM_eta_B,LCDM,qcalcgeom,discrete,,6.14e-10,,GAP,d26,PAPER_1156
LCDM_eta_B,LCDM,bsfg,symbolic,,6.14e-10,,GAP,d26,PAPER_1156
LCDM_eta_B,LCDM,bsfg,numerical,,6.14e-10,,GAP,d26,PAPER_1156
LCDM_eta_B,LCDM,bsfg,discrete,,6.14e-10,,GAP,d26,PAPER_1156
LCDM_eta_B,LCDM,dpm,symbolic,,6.14e-10,,GAP,d26,PAPER_1156
LCDM_eta_B,LCDM,dpm,numerical,,6.14e-10,,GAP,d26,PAPER_1156
LCDM_eta_B,LCDM,dpm,discrete,,6.14e-10,,GAP,d26,PAPER_1156
LCDM_eta_B,LCDM,d26,symbolic,6.000000000000003e-10,6.14e-10,2.280130,OK,d26,PAPER_1156
LCDM_eta_B,LCDM,d26,numerical,6.000000000000003e-10,6.14e-10,2.280130,OK,d26,PAPER_1156
LCDM_eta_B,LCDM,d26,discrete,6.000000000000003e-10,6.14e-10,2.280130,OK,d26,PAPER_1156
LCDM_n_s_S336,LCDM,qcalcgeom,symbolic,,0.9649,,GAP,d26,PAPER_1156
LCDM_n_s_S336,LCDM,qcalcgeom,numerical,,0.9649,,GAP,d26,PAPER_1156
LCDM_n_s_S336,LCDM,qcalcgeom,discrete,,0.9649,,GAP,d26,PAPER_1156
LCDM_n_s_S336,LCDM,bsfg,symbolic,,0.9649,,GAP,d26,PAPER_1156
LCDM_n_s_S336,LCDM,bsfg,numerical,,0.9649,,GAP,d26,PAPER_1156
LCDM_n_s_S336,LCDM,bsfg,discrete,,0.9649,,GAP,d26,PAPER_1156
LCDM_n_s_S336,LCDM,dpm,symbolic,,0.9649,,GAP,d26,PAPER_1156
LCDM_n_s_S336,LCDM,dpm,numerical,,0.9649,,GAP,d26,PAPER_1156
LCDM_n_s_S336,LCDM,dpm,discrete,,0.9649,,GAP,d26,PAPER_1156
LCDM_n_s_S336,LCDM,d26,symbolic,0.9652777777777778,0.9649,0.039152,OK,d26,PAPER_1156
LCDM_n_s_S336,LCDM,d26,numerical,0.9652777777777778,0.9649,0.039152,OK,d26,PAPER_1156
LCDM_n_s_S336,LCDM,d26,discrete,0.9652777777777778,0.9649,0.039152,OK,d26,PAPER_1156
LCDM_sigma8_KiDS_Planck_lift,LCDM,qcalcgeom,symbolic,,0.945,,GAP,dpm,PAPER_1156
LCDM_sigma8_KiDS_Planck_lift,LCDM,qcalcgeom,numerical,,0.945,,GAP,dpm,PAPER_1156
LCDM_sigma8_KiDS_Planck_lift,LCDM,qcalcgeom,discrete,,0.945,,GAP,dpm,PAPER_1156
LCDM_sigma8_KiDS_Planck_lift,LCDM,bsfg,symbolic,,0.945,,GAP,dpm,PAPER_1156
LCDM_sigma8_KiDS_Planck_lift,LCDM,bsfg,numerical,,0.945,,GAP,dpm,PAPER_1156
LCDM_sigma8_KiDS_Planck_lift,LCDM,bsfg,discrete,,0.945,,GAP,dpm,PAPER_1156
LCDM_sigma8_KiDS_Planck_lift,LCDM,dpm,symbolic,0.9525,0.945,0.793651,OK,dpm,PAPER_1156
LCDM_sigma8_KiDS_Planck_lift,LCDM,dpm,numerical,0.9525,0.945,0.793651,OK,dpm,PAPER_1156
LCDM_sigma8_KiDS_Planck_lift,LCDM,dpm,discrete,0.9525,0.945,0.793651,OK,dpm,PAPER_1156
LCDM_sigma8_KiDS_Planck_lift,LCDM,d26,symbolic,,0.945,,GAP,dpm,PAPER_1156
LCDM_sigma8_KiDS_Planck_lift,LCDM,d26,numerical,,0.945,,GAP,dpm,PAPER_1156
LCDM_sigma8_KiDS_Planck_lift,LCDM,d26,discrete,,0.945,,GAP,dpm,PAPER_1156
LCDM_sigma_8_S365,LCDM,qcalcgeom,symbolic,,0.811,,GAP,dpm,PAPER_1156
LCDM_sigma_8_S365,LCDM,qcalcgeom,numerical,,0.811,,GAP,dpm,PAPER_1156
LCDM_sigma_8_S365,LCDM,qcalcgeom,discrete,,0.811,,GAP,dpm,PAPER_1156
LCDM_sigma_8_S365,LCDM,bsfg,symbolic,,0.811,,GAP,dpm,PAPER_1156
LCDM_sigma_8_S365,LCDM,bsfg,numerical,,0.811,,GAP,dpm,PAPER_1156
LCDM_sigma_8_S365,LCDM,bsfg,discrete,,0.811,,GAP,dpm,PAPER_1156
LCDM_sigma_8_S365,LCDM,dpm,symbolic,0.8125,0.811,0.184957,OK,dpm,PAPER_1156
LCDM_sigma_8_S365,LCDM,dpm,numerical,0.8125,0.811,0.184957,OK,dpm,PAPER_1156
LCDM_sigma_8_S365,LCDM,dpm,discrete,0.8125,0.811,0.184957,OK,dpm,PAPER_1156
LCDM_sigma_8_S365,LCDM,d26,symbolic,,0.811,,GAP,dpm,PAPER_1156
LCDM_sigma_8_S365,LCDM,d26,numerical,,0.811,,GAP,dpm,PAPER_1156
LCDM_sigma_8_S365,LCDM,d26,discrete,,0.811,,GAP,dpm,PAPER_1156
LCDM_z_reion,LCDM,qcalcgeom,symbolic,,7.67,,GAP,bsfg,PAPER_1156
LCDM_z_reion,LCDM,qcalcgeom,numerical,,7.67,,GAP,bsfg,PAPER_1156
LCDM_z_reion,LCDM,qcalcgeom,discrete,,7.67,,GAP,bsfg,PAPER_1156
LCDM_z_reion,LCDM,bsfg,symbolic,7.666666666666667,7.67,0.043459,OK,bsfg,PAPER_1156
LCDM_z_reion,LCDM,bsfg,numerical,7.666666666666667,7.67,0.043459,OK,bsfg,PAPER_1156
LCDM_z_reion,LCDM,bsfg,discrete,7.666666666666667,7.67,0.043459,OK,bsfg,PAPER_1156
LCDM_z_reion,LCDM,dpm,symbolic,,7.67,,GAP,bsfg,PAPER_1156
LCDM_z_reion,LCDM,dpm,numerical,,7.67,,GAP,bsfg,PAPER_1156
LCDM_z_reion,LCDM,dpm,discrete,,7.67,,GAP,bsfg,PAPER_1156
LCDM_z_reion,LCDM,d26,symbolic,,7.67,,GAP,bsfg,PAPER_1156
LCDM_z_reion,LCDM,d26,numerical,,7.67,,GAP,bsfg,PAPER_1156
LCDM_z_reion,LCDM,d26,discrete,,7.67,,GAP,bsfg,PAPER_1156
Pop_III_IMF_max,astro,qcalcgeom,symbolic,,120.0,,GAP,dpm,PAPER_1652
Pop_III_IMF_max,astro,qcalcgeom,numerical,,120.0,,GAP,dpm,PAPER_1652
Pop_III_IMF_max,astro,qcalcgeom,discrete,,120.0,,GAP,dpm,PAPER_1652
Pop_III_IMF_max,astro,bsfg,symbolic,,120.0,,GAP,dpm,PAPER_1652
Pop_III_IMF_max,astro,bsfg,numerical,,120.0,,GAP,dpm,PAPER_1652
Pop_III_IMF_max,astro,bsfg,discrete,,120.0,,GAP,dpm,PAPER_1652
Pop_III_IMF_max,astro,dpm,symbolic,120,120.0,0.000000,EXACT,dpm,PAPER_1652
Pop_III_IMF_max,astro,dpm,numerical,120,120.0,0.000000,EXACT,dpm,PAPER_1652
Pop_III_IMF_max,astro,dpm,discrete,120,120.0,0.000000,EXACT,dpm,PAPER_1652
Pop_III_IMF_max,astro,d26,symbolic,,120.0,,GAP,dpm,PAPER_1652
Pop_III_IMF_max,astro,d26,numerical,,120.0,,GAP,dpm,PAPER_1652
Pop_III_IMF_max,astro,d26,discrete,,120.0,,GAP,dpm,PAPER_1652
SM_PMNS_theta_12_deg,SM,qcalcgeom,symbolic,,33.4,,GAP,d26,PAPER_1209HH
SM_PMNS_theta_12_deg,SM,qcalcgeom,numerical,,33.4,,GAP,d26,PAPER_1209HH
SM_PMNS_theta_12_deg,SM,qcalcgeom,discrete,,33.4,,GAP,d26,PAPER_1209HH
SM_PMNS_theta_12_deg,SM,bsfg,symbolic,,33.4,,GAP,d26,PAPER_1209HH
SM_PMNS_theta_12_deg,SM,bsfg,numerical,,33.4,,GAP,d26,PAPER_1209HH
SM_PMNS_theta_12_deg,SM,bsfg,discrete,,33.4,,GAP,d26,PAPER_1209HH
SM_PMNS_theta_12_deg,SM,dpm,symbolic,,33.4,,GAP,d26,PAPER_1209HH
SM_PMNS_theta_12_deg,SM,dpm,numerical,,33.4,,GAP,d26,PAPER_1209HH
SM_PMNS_theta_12_deg,SM,dpm,discrete,,33.4,,GAP,d26,PAPER_1209HH
SM_PMNS_theta_12_deg,SM,d26,symbolic,33.42833333333333,33.4,0.084830,OK,d26,PAPER_1209HH
SM_PMNS_theta_12_deg,SM,d26,numerical,33.42833333333333,33.4,0.084830,OK,d26,PAPER_1209HH
SM_PMNS_theta_12_deg,SM,d26,discrete,33.42833333333333,33.4,0.084830,OK,d26,PAPER_1209HH
SM_alpha_s_M_Z_S378,SM,qcalcgeom,symbolic,,0.1179,,GAP,dpm,PAPER_1209HH
SM_alpha_s_M_Z_S378,SM,qcalcgeom,numerical,,0.1179,,GAP,dpm,PAPER_1209HH
SM_alpha_s_M_Z_S378,SM,qcalcgeom,discrete,,0.1179,,GAP,dpm,PAPER_1209HH
SM_alpha_s_M_Z_S378,SM,bsfg,symbolic,,0.1179,,GAP,dpm,PAPER_1209HH
SM_alpha_s_M_Z_S378,SM,bsfg,numerical,,0.1179,,GAP,dpm,PAPER_1209HH
SM_alpha_s_M_Z_S378,SM,bsfg,discrete,,0.1179,,GAP,dpm,PAPER_1209HH
SM_alpha_s_M_Z_S378,SM,dpm,symbolic,0.11791666666666667,0.1179,0.014136,OK,dpm,PAPER_1209HH
SM_alpha_s_M_Z_S378,SM,dpm,numerical,0.11791666666666667,0.1179,0.014136,OK,dpm,PAPER_1209HH
SM_alpha_s_M_Z_S378,SM,dpm,discrete,0.11791666666666667,0.1179,0.014136,OK,dpm,PAPER_1209HH
SM_alpha_s_M_Z_S378,SM,d26,symbolic,,0.1179,,GAP,dpm,PAPER_1209HH
SM_alpha_s_M_Z_S378,SM,d26,numerical,,0.1179,,GAP,dpm,PAPER_1209HH
SM_alpha_s_M_Z_S378,SM,d26,discrete,,0.1179,,GAP,dpm,PAPER_1209HH
SM_cabibbo_sin_S379,SM,qcalcgeom,symbolic,,0.2243,,GAP,dpm,PAPER_1209HH
SM_cabibbo_sin_S379,SM,qcalcgeom,numerical,,0.2243,,GAP,dpm,PAPER_1209HH
SM_cabibbo_sin_S379,SM,qcalcgeom,discrete,,0.2243,,GAP,dpm,PAPER_1209HH
SM_cabibbo_sin_S379,SM,bsfg,symbolic,,0.2243,,GAP,dpm,PAPER_1209HH
SM_cabibbo_sin_S379,SM,bsfg,numerical,,0.2243,,GAP,dpm,PAPER_1209HH
SM_cabibbo_sin_S379,SM,bsfg,discrete,,0.2243,,GAP,dpm,PAPER_1209HH
SM_cabibbo_sin_S379,SM,dpm,symbolic,0.22433333333333338,0.2243,0.014861,OK,dpm,PAPER_1209HH
SM_cabibbo_sin_S379,SM,dpm,numerical,0.22433333333333338,0.2243,0.014861,OK,dpm,PAPER_1209HH
SM_cabibbo_sin_S379,SM,dpm,discrete,0.22433333333333338,0.2243,0.014861,OK,dpm,PAPER_1209HH
SM_cabibbo_sin_S379,SM,d26,symbolic,,0.2243,,GAP,dpm,PAPER_1209HH
SM_cabibbo_sin_S379,SM,d26,numerical,,0.2243,,GAP,dpm,PAPER_1209HH
SM_cabibbo_sin_S379,SM,d26,discrete,,0.2243,,GAP,dpm,PAPER_1209HH
SM_cabibbo_sin_alternate,SM,qcalcgeom,symbolic,,0.22431,,GAP,dpm,PAPER_1167
SM_cabibbo_sin_alternate,SM,qcalcgeom,numerical,,0.22431,,GAP,dpm,PAPER_1167
SM_cabibbo_sin_alternate,SM,qcalcgeom,discrete,,0.22431,,GAP,dpm,PAPER_1167
SM_cabibbo_sin_alternate,SM,bsfg,symbolic,,0.22431,,GAP,dpm,PAPER_1167
SM_cabibbo_sin_alternate,SM,bsfg,numerical,,0.22431,,GAP,dpm,PAPER_1167
SM_cabibbo_sin_alternate,SM,bsfg,discrete,,0.22431,,GAP,dpm,PAPER_1167
SM_cabibbo_sin_alternate,SM,dpm,symbolic,0.22425339506172842,0.22431,0.025235,OK,dpm,PAPER_1167
SM_cabibbo_sin_alternate,SM,dpm,numerical,0.22425339506172842,0.22431,0.025235,OK,dpm,PAPER_1167
SM_cabibbo_sin_alternate,SM,dpm,discrete,0.22425339506172842,0.22431,0.025235,OK,dpm,PAPER_1167
SM_cabibbo_sin_alternate,SM,d26,symbolic,,0.22431,,GAP,dpm,PAPER_1167
SM_cabibbo_sin_alternate,SM,d26,numerical,,0.22431,,GAP,dpm,PAPER_1167
SM_cabibbo_sin_alternate,SM,d26,discrete,,0.22431,,GAP,dpm,PAPER_1167
SM_cabibbo_sin_primary,SM,qcalcgeom,symbolic,,0.22431,,GAP,dpm,PAPER_1167
SM_cabibbo_sin_primary,SM,qcalcgeom,numerical,,0.22431,,GAP,dpm,PAPER_1167
SM_cabibbo_sin_primary,SM,qcalcgeom,discrete,,0.22431,,GAP,dpm,PAPER_1167
SM_cabibbo_sin_primary,SM,bsfg,symbolic,,0.22431,,GAP,dpm,PAPER_1167
SM_cabibbo_sin_primary,SM,bsfg,numerical,,0.22431,,GAP,dpm,PAPER_1167
SM_cabibbo_sin_primary,SM,bsfg,discrete,,0.22431,,GAP,dpm,PAPER_1167
SM_cabibbo_sin_primary,SM,dpm,symbolic,0.22429315476190478,0.22431,0.007510,OK,dpm,PAPER_1167
SM_cabibbo_sin_primary,SM,dpm,numerical,0.22429315476190478,0.22431,0.007510,OK,dpm,PAPER_1167
SM_cabibbo_sin_primary,SM,dpm,discrete,0.22429315476190478,0.22431,0.007510,OK,dpm,PAPER_1167
SM_cabibbo_sin_primary,SM,d26,symbolic,,0.22431,,GAP,dpm,PAPER_1167
SM_cabibbo_sin_primary,SM,d26,numerical,,0.22431,,GAP,dpm,PAPER_1167
SM_cabibbo_sin_primary,SM,d26,discrete,,0.22431,,GAP,dpm,PAPER_1167
SM_cabibbo_theta_deg_S326,SM,qcalcgeom,symbolic,,13.04,,GAP,dpm,PAPER_1167
SM_cabibbo_theta_deg_S326,SM,qcalcgeom,numerical,,13.04,,GAP,dpm,PAPER_1167
SM_cabibbo_theta_deg_S326,SM,qcalcgeom,discrete,,13.04,,GAP,dpm,PAPER_1167
SM_cabibbo_theta_deg_S326,SM,bsfg,symbolic,,13.04,,GAP,dpm,PAPER_1167
SM_cabibbo_theta_deg_S326,SM,bsfg,numerical,,13.04,,GAP,dpm,PAPER_1167
SM_cabibbo_theta_deg_S326,SM,bsfg,discrete,,13.04,,GAP,dpm,PAPER_1167
SM_cabibbo_theta_deg_S326,SM,dpm,symbolic,13.192164874703982,13.04,1.166909,OK,dpm,PAPER_1167
SM_cabibbo_theta_deg_S326,SM,dpm,numerical,13.192164874703982,13.04,1.166909,OK,dpm,PAPER_1167
SM_cabibbo_theta_deg_S326,SM,dpm,discrete,13.192164874703982,13.04,1.166909,OK,dpm,PAPER_1167
SM_cabibbo_theta_deg_S326,SM,d26,symbolic,,13.04,,GAP,dpm,PAPER_1167
SM_cabibbo_theta_deg_S326,SM,d26,numerical,,13.04,,GAP,dpm,PAPER_1167
SM_cabibbo_theta_deg_S326,SM,d26,discrete,,13.04,,GAP,dpm,PAPER_1167
SM_delta_CP,SM,qcalcgeom,symbolic,,1.144,,GAP,dpm,PAPER_1209HH
SM_delta_CP,SM,qcalcgeom,numerical,,1.144,,GAP,dpm,PAPER_1209HH
SM_delta_CP,SM,qcalcgeom,discrete,,1.144,,GAP,dpm,PAPER_1209HH
SM_delta_CP,SM,bsfg,symbolic,,1.144,,GAP,dpm,PAPER_1209HH
SM_delta_CP,SM,bsfg,numerical,,1.144,,GAP,dpm,PAPER_1209HH
SM_delta_CP,SM,bsfg,discrete,,1.144,,GAP,dpm,PAPER_1209HH
SM_delta_CP,SM,dpm,symbolic,1.1513333333333335,1.144,0.641026,OK,dpm,PAPER_1209HH
SM_delta_CP,SM,dpm,numerical,1.1513333333333335,1.144,0.641026,OK,dpm,PAPER_1209HH
SM_delta_CP,SM,dpm,discrete,1.1513333333333335,1.144,0.641026,OK,dpm,PAPER_1209HH
SM_delta_CP,SM,d26,symbolic,,1.144,,GAP,dpm,PAPER_1209HH
SM_delta_CP,SM,d26,numerical,,1.144,,GAP,dpm,PAPER_1209HH
SM_delta_CP,SM,d26,discrete,,1.144,,GAP,dpm,PAPER_1209HH
SM_eta_gamma_gamma_BR,SM,qcalcgeom,symbolic,,39.4,,GAP,dpm,PAPER_1209HH
SM_eta_gamma_gamma_BR,SM,qcalcgeom,numerical,,39.4,,GAP,dpm,PAPER_1209HH
SM_eta_gamma_gamma_BR,SM,qcalcgeom,discrete,,39.4,,GAP,dpm,PAPER_1209HH
SM_eta_gamma_gamma_BR,SM,bsfg,symbolic,,39.4,,GAP,dpm,PAPER_1209HH
SM_eta_gamma_gamma_BR,SM,bsfg,numerical,,39.4,,GAP,dpm,PAPER_1209HH
SM_eta_gamma_gamma_BR,SM,bsfg,discrete,,39.4,,GAP,dpm,PAPER_1209HH
SM_eta_gamma_gamma_BR,SM,dpm,symbolic,39.44166666666666,39.4,0.105753,OK,dpm,PAPER_1209HH
SM_eta_gamma_gamma_BR,SM,dpm,numerical,39.44166666666666,39.4,0.105753,OK,dpm,PAPER_1209HH
SM_eta_gamma_gamma_BR,SM,dpm,discrete,39.44166666666666,39.4,0.105753,OK,dpm,PAPER_1209HH
SM_eta_gamma_gamma_BR,SM,d26,symbolic,,39.4,,GAP,dpm,PAPER_1209HH
SM_eta_gamma_gamma_BR,SM,d26,numerical,,39.4,,GAP,dpm,PAPER_1209HH
SM_eta_gamma_gamma_BR,SM,d26,discrete,,39.4,,GAP,dpm,PAPER_1209HH
SM_generation_count,SM,qcalcgeom,symbolic,,3,,GAP,dpm,PAPER_1167
SM_generation_count,SM,qcalcgeom,numerical,,3,,GAP,dpm,PAPER_1167
SM_generation_count,SM,qcalcgeom,discrete,,3,,GAP,dpm,PAPER_1167
SM_generation_count,SM,bsfg,symbolic,,3,,GAP,dpm,PAPER_1167
SM_generation_count,SM,bsfg,numerical,,3,,GAP,dpm,PAPER_1167
SM_generation_count,SM,bsfg,discrete,,3,,GAP,dpm,PAPER_1167
SM_generation_count,SM,dpm,symbolic,3,3,0.000000,EXACT,dpm,PAPER_1167
SM_generation_count,SM,dpm,numerical,3,3,0.000000,EXACT,dpm,PAPER_1167
SM_generation_count,SM,dpm,discrete,3,3,0.000000,EXACT,dpm,PAPER_1167
SM_generation_count,SM,d26,symbolic,,3,,GAP,dpm,PAPER_1167
SM_generation_count,SM,d26,numerical,,3,,GAP,dpm,PAPER_1167
SM_generation_count,SM,d26,discrete,,3,,GAP,dpm,PAPER_1167
SM_higgs_lambda_S377,SM,qcalcgeom,symbolic,,0.1293,,GAP,dpm,PAPER_1209HH
SM_higgs_lambda_S377,SM,qcalcgeom,numerical,,0.1293,,GAP,dpm,PAPER_1209HH
SM_higgs_lambda_S377,SM,qcalcgeom,discrete,,0.1293,,GAP,dpm,PAPER_1209HH
SM_higgs_lambda_S377,SM,bsfg,symbolic,,0.1293,,GAP,dpm,PAPER_1209HH
SM_higgs_lambda_S377,SM,bsfg,numerical,,0.1293,,GAP,dpm,PAPER_1209HH
SM_higgs_lambda_S377,SM,bsfg,discrete,,0.1293,,GAP,dpm,PAPER_1209HH
SM_higgs_lambda_S377,SM,dpm,symbolic,0.1294375,0.1293,0.106342,OK,dpm,PAPER_1209HH
SM_higgs_lambda_S377,SM,dpm,numerical,0.1294375,0.1293,0.106342,OK,dpm,PAPER_1209HH
SM_higgs_lambda_S377,SM,dpm,discrete,0.1294375,0.1293,0.106342,OK,dpm,PAPER_1209HH
SM_higgs_lambda_S377,SM,d26,symbolic,,0.1293,,GAP,dpm,PAPER_1209HH
SM_higgs_lambda_S377,SM,d26,numerical,,0.1293,,GAP,dpm,PAPER_1209HH
SM_higgs_lambda_S377,SM,d26,discrete,,0.1293,,GAP,dpm,PAPER_1209HH
SM_higgs_lambda_S441,SM,qcalcgeom,symbolic,,0.13,,GAP,dpm,PAPER_1209HH
SM_higgs_lambda_S441,SM,qcalcgeom,numerical,,0.13,,GAP,dpm,PAPER_1209HH
SM_higgs_lambda_S441,SM,qcalcgeom,discrete,,0.13,,GAP,dpm,PAPER_1209HH
SM_higgs_lambda_S441,SM,bsfg,symbolic,,0.13,,GAP,dpm,PAPER_1209HH
SM_higgs_lambda_S441,SM,bsfg,numerical,,0.13,,GAP,dpm,PAPER_1209HH
SM_higgs_lambda_S441,SM,bsfg,discrete,,0.13,,GAP,dpm,PAPER_1209HH
SM_higgs_lambda_S441,SM,dpm,symbolic,0.12983333333333336,0.13,0.128205,OK,dpm,PAPER_1209HH
SM_higgs_lambda_S441,SM,dpm,numerical,0.12983333333333336,0.13,0.128205,OK,dpm,PAPER_1209HH
SM_higgs_lambda_S441,SM,dpm,discrete,0.12983333333333336,0.13,0.128205,OK,dpm,PAPER_1209HH
SM_higgs_lambda_S441,SM,d26,symbolic,,0.13,,GAP,dpm,PAPER_1209HH
SM_higgs_lambda_S441,SM,d26,numerical,,0.13,,GAP,dpm,PAPER_1209HH
SM_higgs_lambda_S441,SM,d26,discrete,,0.13,,GAP,dpm,PAPER_1209HH
SM_jarlskog_J,SM,qcalcgeom,symbolic,,3e-05,,GAP,dpm,PAPER_1209HH
SM_jarlskog_J,SM,qcalcgeom,numerical,,3e-05,,GAP,dpm,PAPER_1209HH
SM_jarlskog_J,SM,qcalcgeom,discrete,,3e-05,,GAP,dpm,PAPER_1209HH
SM_jarlskog_J,SM,bsfg,symbolic,,3e-05,,GAP,dpm,PAPER_1209HH
SM_jarlskog_J,SM,bsfg,numerical,,3e-05,,GAP,dpm,PAPER_1209HH
SM_jarlskog_J,SM,bsfg,discrete,,3e-05,,GAP,dpm,PAPER_1209HH
SM_jarlskog_J,SM,dpm,symbolic,3.0138750000000003e-05,3e-05,0.462500,OK,dpm,PAPER_1209HH
SM_jarlskog_J,SM,dpm,numerical,3.0138750000000003e-05,3e-05,0.462500,OK,dpm,PAPER_1209HH
SM_jarlskog_J,SM,dpm,discrete,3.0138750000000003e-05,3e-05,0.462500,OK,dpm,PAPER_1209HH
SM_jarlskog_J,SM,d26,symbolic,,3e-05,,GAP,dpm,PAPER_1209HH
SM_jarlskog_J,SM,d26,numerical,,3e-05,,GAP,dpm,PAPER_1209HH
SM_jarlskog_J,SM,d26,discrete,,3e-05,,GAP,dpm,PAPER_1209HH
SM_mH_over_mt,SM,qcalcgeom,symbolic,,0.7252880884822515,,GAP,dpm,PAPER_1209HH
SM_mH_over_mt,SM,qcalcgeom,numerical,,0.7252880884822515,,GAP,dpm,PAPER_1209HH
SM_mH_over_mt,SM,qcalcgeom,discrete,,0.7252880884822515,,GAP,dpm,PAPER_1209HH
SM_mH_over_mt,SM,bsfg,symbolic,,0.7252880884822515,,GAP,dpm,PAPER_1209HH
SM_mH_over_mt,SM,bsfg,numerical,,0.7252880884822515,,GAP,dpm,PAPER_1209HH
SM_mH_over_mt,SM,bsfg,discrete,,0.7252880884822515,,GAP,dpm,PAPER_1209HH
SM_mH_over_mt,SM,dpm,symbolic,0.72165,0.7252880884822515,0.501606,OK,dpm,PAPER_1209HH
SM_mH_over_mt,SM,dpm,numerical,0.72165,0.7252880884822515,0.501606,OK,dpm,PAPER_1209HH
SM_mH_over_mt,SM,dpm,discrete,0.72165,0.7252880884822515,0.501606,OK,dpm,PAPER_1209HH
SM_mH_over_mt,SM,d26,symbolic,,0.7252880884822515,,GAP,dpm,PAPER_1209HH
SM_mH_over_mt,SM,d26,numerical,,0.7252880884822515,,GAP,dpm,PAPER_1209HH
SM_mH_over_mt,SM,d26,discrete,,0.7252880884822515,,GAP,dpm,PAPER_1209HH
SM_mt_over_mW,SM,qcalcgeom,symbolic,,2.1485001928412357,,GAP,dpm,PAPER_1209HH
SM_mt_over_mW,SM,qcalcgeom,numerical,,2.1485001928412357,,GAP,dpm,PAPER_1209HH
SM_mt_over_mW,SM,qcalcgeom,discrete,,2.1485001928412357,,GAP,dpm,PAPER_1209HH
SM_mt_over_mW,SM,bsfg,symbolic,,2.1485001928412357,,GAP,dpm,PAPER_1209HH
SM_mt_over_mW,SM,bsfg,numerical,,2.1485001928412357,,GAP,dpm,PAPER_1209HH
SM_mt_over_mW,SM,bsfg,discrete,,2.1485001928412357,,GAP,dpm,PAPER_1209HH
SM_mt_over_mW,SM,dpm,symbolic,2.1486666666666667,2.1485001928412357,0.007748,OK,dpm,PAPER_1209HH
SM_mt_over_mW,SM,dpm,numerical,2.1486666666666667,2.1485001928412357,0.007748,OK,dpm,PAPER_1209HH
SM_mt_over_mW,SM,dpm,discrete,2.1486666666666667,2.1485001928412357,0.007748,OK,dpm,PAPER_1209HH
SM_mt_over_mW,SM,d26,symbolic,,2.1485001928412357,,GAP,dpm,PAPER_1209HH
SM_mt_over_mW,SM,d26,numerical,,2.1485001928412357,,GAP,dpm,PAPER_1209HH
SM_mt_over_mW,SM,d26,discrete,,2.1485001928412357,,GAP,dpm,PAPER_1209HH
SM_proton_g_factor,SM,qcalcgeom,symbolic,,5.5857,,GAP,bsfg,PAPER_1209HH
SM_proton_g_factor,SM,qcalcgeom,numerical,,5.5857,,GAP,bsfg,PAPER_1209HH
SM_proton_g_factor,SM,qcalcgeom,discrete,,5.5857,,GAP,bsfg,PAPER_1209HH
SM_proton_g_factor,SM,bsfg,symbolic,5.566666666666667,5.5857,0.340751,OK,bsfg,PAPER_1209HH
SM_proton_g_factor,SM,bsfg,numerical,5.566666666666667,5.5857,0.340751,OK,bsfg,PAPER_1209HH
SM_proton_g_factor,SM,bsfg,discrete,5.566666666666667,5.5857,0.340751,OK,bsfg,PAPER_1209HH
SM_proton_g_factor,SM,dpm,symbolic,,5.5857,,GAP,bsfg,PAPER_1209HH
SM_proton_g_factor,SM,dpm,numerical,,5.5857,,GAP,bsfg,PAPER_1209HH
SM_proton_g_factor,SM,dpm,discrete,,5.5857,,GAP,bsfg,PAPER_1209HH
SM_proton_g_factor,SM,d26,symbolic,,5.5857,,GAP,bsfg,PAPER_1209HH
SM_proton_g_factor,SM,d26,numerical,,5.5857,,GAP,bsfg,PAPER_1209HH
SM_proton_g_factor,SM,d26,discrete,,5.5857,,GAP,bsfg,PAPER_1209HH
SM_theta_23_atm,SM,qcalcgeom,symbolic,,0.55,,GAP,dpm,PAPER_1209HH
SM_theta_23_atm,SM,qcalcgeom,numerical,,0.55,,GAP,dpm,PAPER_1209HH
SM_theta_23_atm,SM,qcalcgeom,discrete,,0.55,,GAP,dpm,PAPER_1209HH
SM_theta_23_atm,SM,bsfg,symbolic,,0.55,,GAP,dpm,PAPER_1209HH
SM_theta_23_atm,SM,bsfg,numerical,,0.55,,GAP,dpm,PAPER_1209HH
SM_theta_23_atm,SM,bsfg,discrete,,0.55,,GAP,dpm,PAPER_1209HH
SM_theta_23_atm,SM,dpm,symbolic,0.5471999999999999,0.55,0.509091,OK,dpm,PAPER_1209HH
SM_theta_23_atm,SM,dpm,numerical,0.5471999999999999,0.55,0.509091,OK,dpm,PAPER_1209HH
SM_theta_23_atm,SM,dpm,discrete,0.5471999999999999,0.55,0.509091,OK,dpm,PAPER_1209HH
SM_theta_23_atm,SM,d26,symbolic,,0.55,,GAP,dpm,PAPER_1209HH
SM_theta_23_atm,SM,d26,numerical,,0.55,,GAP,dpm,PAPER_1209HH
SM_theta_23_atm,SM,d26,discrete,,0.55,,GAP,dpm,PAPER_1209HH
SM_top_yukawa_S376,SM,qcalcgeom,symbolic,,0.9936,,GAP,dpm,PAPER_1209HH
SM_top_yukawa_S376,SM,qcalcgeom,numerical,,0.9936,,GAP,dpm,PAPER_1209HH
SM_top_yukawa_S376,SM,qcalcgeom,discrete,,0.9936,,GAP,dpm,PAPER_1209HH
SM_top_yukawa_S376,SM,bsfg,symbolic,,0.9936,,GAP,dpm,PAPER_1209HH
SM_top_yukawa_S376,SM,bsfg,numerical,,0.9936,,GAP,dpm,PAPER_1209HH
SM_top_yukawa_S376,SM,bsfg,discrete,,0.9936,,GAP,dpm,PAPER_1209HH
SM_top_yukawa_S376,SM,dpm,symbolic,0.99,0.9936,0.362319,OK,dpm,PAPER_1209HH
SM_top_yukawa_S376,SM,dpm,numerical,0.99,0.9936,0.362319,OK,dpm,PAPER_1209HH
SM_top_yukawa_S376,SM,dpm,discrete,0.99,0.9936,0.362319,OK,dpm,PAPER_1209HH
SM_top_yukawa_S376,SM,d26,symbolic,,0.9936,,GAP,dpm,PAPER_1209HH
SM_top_yukawa_S376,SM,d26,numerical,,0.9936,,GAP,dpm,PAPER_1209HH
SM_top_yukawa_S376,SM,d26,discrete,,0.9936,,GAP,dpm,PAPER_1209HH
SM_top_yukawa_S440,SM,qcalcgeom,symbolic,,0.94,,GAP,dpm,PAPER_1209HH
SM_top_yukawa_S440,SM,qcalcgeom,numerical,,0.94,,GAP,dpm,PAPER_1209HH
SM_top_yukawa_S440,SM,qcalcgeom,discrete,,0.94,,GAP,dpm,PAPER_1209HH
SM_top_yukawa_S440,SM,bsfg,symbolic,,0.94,,GAP,dpm,PAPER_1209HH
SM_top_yukawa_S440,SM,bsfg,numerical,,0.94,,GAP,dpm,PAPER_1209HH
SM_top_yukawa_S440,SM,bsfg,discrete,,0.94,,GAP,dpm,PAPER_1209HH
SM_top_yukawa_S440,SM,dpm,symbolic,0.94125,0.94,0.132979,OK,dpm,PAPER_1209HH
SM_top_yukawa_S440,SM,dpm,numerical,0.94125,0.94,0.132979,OK,dpm,PAPER_1209HH
SM_top_yukawa_S440,SM,dpm,discrete,0.94125,0.94,0.132979,OK,dpm,PAPER_1209HH
SM_top_yukawa_S440,SM,d26,symbolic,,0.94,,GAP,dpm,PAPER_1209HH
SM_top_yukawa_S440,SM,d26,numerical,,0.94,,GAP,dpm,PAPER_1209HH
SM_top_yukawa_S440,SM,d26,discrete,,0.94,,GAP,dpm,PAPER_1209HH
SM_wimp_exponent,SM,qcalcgeom,symbolic,,46,,GAP,dpm,PAPER_1209HH
SM_wimp_exponent,SM,qcalcgeom,numerical,,46,,GAP,dpm,PAPER_1209HH
SM_wimp_exponent,SM,qcalcgeom,discrete,,46,,GAP,dpm,PAPER_1209HH
SM_wimp_exponent,SM,bsfg,symbolic,,46,,GAP,dpm,PAPER_1209HH
SM_wimp_exponent,SM,bsfg,numerical,,46,,GAP,dpm,PAPER_1209HH
SM_wimp_exponent,SM,bsfg,discrete,,46,,GAP,dpm,PAPER_1209HH
SM_wimp_exponent,SM,dpm,symbolic,46.0,46,0.000000,EXACT,dpm,PAPER_1209HH
SM_wimp_exponent,SM,dpm,numerical,46.0,46,0.000000,EXACT,dpm,PAPER_1209HH
SM_wimp_exponent,SM,dpm,discrete,46.0,46,0.000000,EXACT,dpm,PAPER_1209HH
SM_wimp_exponent,SM,d26,symbolic,,46,,GAP,dpm,PAPER_1209HH
SM_wimp_exponent,SM,d26,numerical,,46,,GAP,dpm,PAPER_1209HH
SM_wimp_exponent,SM,d26,discrete,,46,,GAP,dpm,PAPER_1209HH
alpha_inverse,SI,qcalcgeom,symbolic,,137.035999084,,GAP,d26,PAPER_1167
alpha_inverse,SI,qcalcgeom,numerical,,137.035999084,,GAP,d26,PAPER_1167
alpha_inverse,SI,qcalcgeom,discrete,,137.035999084,,GAP,d26,PAPER_1167
alpha_inverse,SI,bsfg,symbolic,,137.035999084,,GAP,d26,PAPER_1167
alpha_inverse,SI,bsfg,numerical,,137.035999084,,GAP,d26,PAPER_1167
alpha_inverse,SI,bsfg,discrete,,137.035999084,,GAP,d26,PAPER_1167
alpha_inverse,SI,dpm,symbolic,,137.035999084,,GAP,d26,PAPER_1167
alpha_inverse,SI,dpm,numerical,,137.035999084,,GAP,d26,PAPER_1167
alpha_inverse,SI,dpm,discrete,,137.035999084,,GAP,d26,PAPER_1167
alpha_inverse,SI,d26,symbolic,137.0,137.035999084,0.026270,OK,d26,PAPER_1167
alpha_inverse,SI,d26,numerical,137.0,137.035999084,0.026270,OK,d26,PAPER_1167
alpha_inverse,SI,d26,discrete,137.0,137.035999084,0.026270,OK,d26,PAPER_1167
alpha_s_M_Z,SM,qcalcgeom,symbolic,,0.1179,,GAP,dpm,PAPER_1167
alpha_s_M_Z,SM,qcalcgeom,numerical,,0.1179,,GAP,dpm,PAPER_1167
alpha_s_M_Z,SM,qcalcgeom,discrete,,0.1179,,GAP,dpm,PAPER_1167
alpha_s_M_Z,SM,bsfg,symbolic,,0.1179,,GAP,dpm,PAPER_1167
alpha_s_M_Z,SM,bsfg,numerical,,0.1179,,GAP,dpm,PAPER_1167
alpha_s_M_Z,SM,bsfg,discrete,,0.1179,,GAP,dpm,PAPER_1167
alpha_s_M_Z,SM,dpm,symbolic,0.11857707509881422,0.1179,0.574279,OK,dpm,PAPER_1167
alpha_s_M_Z,SM,dpm,numerical,0.11857707509881422,0.1179,0.574279,OK,dpm,PAPER_1167
alpha_s_M_Z,SM,dpm,discrete,0.11857707509881422,0.1179,0.574279,OK,dpm,PAPER_1167
alpha_s_M_Z,SM,d26,symbolic,,0.1179,,GAP,dpm,PAPER_1167
alpha_s_M_Z,SM,d26,numerical,,0.1179,,GAP,dpm,PAPER_1167
alpha_s_M_Z,SM,d26,discrete,,0.1179,,GAP,dpm,PAPER_1167
astro_BH_entropy_coeff,astro,qcalcgeom,symbolic,0.24833333333333338,0.25,0.666667,OK,qcalcgeom,PAPER_594
astro_BH_entropy_coeff,astro,qcalcgeom,numerical,0.24833333333333338,0.25,0.666667,OK,qcalcgeom,PAPER_594
astro_BH_entropy_coeff,astro,qcalcgeom,discrete,0.24833333333333338,0.25,0.666667,OK,qcalcgeom,PAPER_594
astro_BH_entropy_coeff,astro,bsfg,symbolic,,0.25,,GAP,qcalcgeom,PAPER_594
astro_BH_entropy_coeff,astro,bsfg,numerical,,0.25,,GAP,qcalcgeom,PAPER_594
astro_BH_entropy_coeff,astro,bsfg,discrete,,0.25,,GAP,qcalcgeom,PAPER_594
astro_BH_entropy_coeff,astro,dpm,symbolic,,0.25,,GAP,qcalcgeom,PAPER_594
astro_BH_entropy_coeff,astro,dpm,numerical,,0.25,,GAP,qcalcgeom,PAPER_594
astro_BH_entropy_coeff,astro,dpm,discrete,,0.25,,GAP,qcalcgeom,PAPER_594
astro_BH_entropy_coeff,astro,d26,symbolic,,0.25,,GAP,qcalcgeom,PAPER_594
astro_BH_entropy_coeff,astro,d26,numerical,,0.25,,GAP,qcalcgeom,PAPER_594
astro_BH_entropy_coeff,astro,d26,discrete,,0.25,,GAP,qcalcgeom,PAPER_594
astro_Chandrasekhar_mass,astro,qcalcgeom,symbolic,1.4400000000000002,1.44,0.000000,EXACT,qcalcgeom,PAPER_1149
astro_Chandrasekhar_mass,astro,qcalcgeom,numerical,1.4400000000000002,1.44,0.000000,EXACT,qcalcgeom,PAPER_1149
astro_Chandrasekhar_mass,astro,qcalcgeom,discrete,1.4400000000000002,1.44,0.000000,EXACT,qcalcgeom,PAPER_1149
astro_Chandrasekhar_mass,astro,bsfg,symbolic,,1.44,,GAP,qcalcgeom,PAPER_1149
astro_Chandrasekhar_mass,astro,bsfg,numerical,,1.44,,GAP,qcalcgeom,PAPER_1149
astro_Chandrasekhar_mass,astro,bsfg,discrete,,1.44,,GAP,qcalcgeom,PAPER_1149
astro_Chandrasekhar_mass,astro,dpm,symbolic,,1.44,,GAP,qcalcgeom,PAPER_1149
astro_Chandrasekhar_mass,astro,dpm,numerical,,1.44,,GAP,qcalcgeom,PAPER_1149
astro_Chandrasekhar_mass,astro,dpm,discrete,,1.44,,GAP,qcalcgeom,PAPER_1149
astro_Chandrasekhar_mass,astro,d26,symbolic,,1.44,,GAP,qcalcgeom,PAPER_1149
astro_Chandrasekhar_mass,astro,d26,numerical,,1.44,,GAP,qcalcgeom,PAPER_1149
astro_Chandrasekhar_mass,astro,d26,discrete,,1.44,,GAP,qcalcgeom,PAPER_1149
astro_ISCO_r_M,astro,qcalcgeom,symbolic,,6.0,,GAP,bsfg,PAPER_1149
astro_ISCO_r_M,astro,qcalcgeom,numerical,,6.0,,GAP,bsfg,PAPER_1149
astro_ISCO_r_M,astro,qcalcgeom,discrete,,6.0,,GAP,bsfg,PAPER_1149
astro_ISCO_r_M,astro,bsfg,symbolic,6,6.0,0.000000,EXACT,bsfg,PAPER_1149
astro_ISCO_r_M,astro,bsfg,numerical,6,6.0,0.000000,EXACT,bsfg,PAPER_1149
astro_ISCO_r_M,astro,bsfg,discrete,6,6.0,0.000000,EXACT,bsfg,PAPER_1149
astro_ISCO_r_M,astro,dpm,symbolic,,6.0,,GAP,bsfg,PAPER_1149
astro_ISCO_r_M,astro,dpm,numerical,,6.0,,GAP,bsfg,PAPER_1149
astro_ISCO_r_M,astro,dpm,discrete,,6.0,,GAP,bsfg,PAPER_1149
astro_ISCO_r_M,astro,d26,symbolic,,6.0,,GAP,bsfg,PAPER_1149
astro_ISCO_r_M,astro,d26,numerical,,6.0,,GAP,bsfg,PAPER_1149
astro_ISCO_r_M,astro,d26,discrete,,6.0,,GAP,bsfg,PAPER_1149
astro_NS_compactness,astro,qcalcgeom,symbolic,0.21061333333333337,0.21,0.292063,OK,qcalcgeom,PAPER_1149
astro_NS_compactness,astro,qcalcgeom,numerical,0.21061333333333337,0.21,0.292063,OK,qcalcgeom,PAPER_1149
astro_NS_compactness,astro,qcalcgeom,discrete,0.21061333333333337,0.21,0.292063,OK,qcalcgeom,PAPER_1149
astro_NS_compactness,astro,bsfg,symbolic,,0.21,,GAP,qcalcgeom,PAPER_1149
astro_NS_compactness,astro,bsfg,numerical,,0.21,,GAP,qcalcgeom,PAPER_1149
astro_NS_compactness,astro,bsfg,discrete,,0.21,,GAP,qcalcgeom,PAPER_1149
astro_NS_compactness,astro,dpm,symbolic,,0.21,,GAP,qcalcgeom,PAPER_1149
astro_NS_compactness,astro,dpm,numerical,,0.21,,GAP,qcalcgeom,PAPER_1149
astro_NS_compactness,astro,dpm,discrete,,0.21,,GAP,qcalcgeom,PAPER_1149
astro_NS_compactness,astro,d26,symbolic,,0.21,,GAP,qcalcgeom,PAPER_1149
astro_NS_compactness,astro,d26,numerical,,0.21,,GAP,qcalcgeom,PAPER_1149
astro_NS_compactness,astro,d26,discrete,,0.21,,GAP,qcalcgeom,PAPER_1149
astro_Salpeter_IMF_alpha,astro,qcalcgeom,symbolic,,2.35,,GAP,dpm,PAPER_1149
astro_Salpeter_IMF_alpha,astro,qcalcgeom,numerical,,2.35,,GAP,dpm,PAPER_1149
astro_Salpeter_IMF_alpha,astro,qcalcgeom,discrete,,2.35,,GAP,dpm,PAPER_1149
astro_Salpeter_IMF_alpha,astro,bsfg,symbolic,,2.35,,GAP,dpm,PAPER_1149
astro_Salpeter_IMF_alpha,astro,bsfg,numerical,,2.35,,GAP,dpm,PAPER_1149
astro_Salpeter_IMF_alpha,astro,bsfg,discrete,,2.35,,GAP,dpm,PAPER_1149
astro_Salpeter_IMF_alpha,astro,dpm,symbolic,2.3483333333333336,2.35,0.070922,OK,dpm,PAPER_1149
astro_Salpeter_IMF_alpha,astro,dpm,numerical,2.3483333333333336,2.35,0.070922,OK,dpm,PAPER_1149
astro_Salpeter_IMF_alpha,astro,dpm,discrete,2.3483333333333336,2.35,0.070922,OK,dpm,PAPER_1149
astro_Salpeter_IMF_alpha,astro,d26,symbolic,,2.35,,GAP,dpm,PAPER_1149
astro_Salpeter_IMF_alpha,astro,d26,numerical,,2.35,,GAP,dpm,PAPER_1149
astro_Salpeter_IMF_alpha,astro,d26,discrete,,2.35,,GAP,dpm,PAPER_1149
astro_Solar_Schwarzschild_ratio,astro,qcalcgeom,symbolic,,4.24e-06,,GAP,bsfg,PAPER_1149
astro_Solar_Schwarzschild_ratio,astro,qcalcgeom,numerical,,4.24e-06,,GAP,bsfg,PAPER_1149
astro_Solar_Schwarzschild_ratio,astro,qcalcgeom,discrete,,4.24e-06,,GAP,bsfg,PAPER_1149
astro_Solar_Schwarzschild_ratio,astro,bsfg,symbolic,4.228000000000002e-06,4.24e-06,0.283019,OK,bsfg,PAPER_1149
astro_Solar_Schwarzschild_ratio,astro,bsfg,numerical,4.228000000000002e-06,4.24e-06,0.283019,OK,bsfg,PAPER_1149
astro_Solar_Schwarzschild_ratio,astro,bsfg,discrete,4.228000000000002e-06,4.24e-06,0.283019,OK,bsfg,PAPER_1149
astro_Solar_Schwarzschild_ratio,astro,dpm,symbolic,,4.24e-06,,GAP,bsfg,PAPER_1149
astro_Solar_Schwarzschild_ratio,astro,dpm,numerical,,4.24e-06,,GAP,bsfg,PAPER_1149
astro_Solar_Schwarzschild_ratio,astro,dpm,discrete,,4.24e-06,,GAP,bsfg,PAPER_1149
astro_Solar_Schwarzschild_ratio,astro,d26,symbolic,,4.24e-06,,GAP,bsfg,PAPER_1149
astro_Solar_Schwarzschild_ratio,astro,d26,numerical,,4.24e-06,,GAP,bsfg,PAPER_1149
astro_Solar_Schwarzschild_ratio,astro,d26,discrete,,4.24e-06,,GAP,bsfg,PAPER_1149
astro_TOV_max_mass,astro,qcalcgeom,symbolic,2.1583833333333335,2.16,0.074846,OK,qcalcgeom,PAPER_1149
astro_TOV_max_mass,astro,qcalcgeom,numerical,2.1583833333333335,2.16,0.074846,OK,qcalcgeom,PAPER_1149
astro_TOV_max_mass,astro,qcalcgeom,discrete,2.1583833333333335,2.16,0.074846,OK,qcalcgeom,PAPER_1149
astro_TOV_max_mass,astro,bsfg,symbolic,,2.16,,GAP,qcalcgeom,PAPER_1149
astro_TOV_max_mass,astro,bsfg,numerical,,2.16,,GAP,qcalcgeom,PAPER_1149
astro_TOV_max_mass,astro,bsfg,discrete,,2.16,,GAP,qcalcgeom,PAPER_1149
astro_TOV_max_mass,astro,dpm,symbolic,,2.16,,GAP,qcalcgeom,PAPER_1149
astro_TOV_max_mass,astro,dpm,numerical,,2.16,,GAP,qcalcgeom,PAPER_1149
astro_TOV_max_mass,astro,dpm,discrete,,2.16,,GAP,qcalcgeom,PAPER_1149
astro_TOV_max_mass,astro,d26,symbolic,,2.16,,GAP,qcalcgeom,PAPER_1149
astro_TOV_max_mass,astro,d26,numerical,,2.16,,GAP,qcalcgeom,PAPER_1149
astro_TOV_max_mass,astro,d26,discrete,,2.16,,GAP,qcalcgeom,PAPER_1149
astro_WD_radius_mass_exponent,astro,qcalcgeom,symbolic,,-0.3333333333333333,,GAP,dpm,PAPER_1149
astro_WD_radius_mass_exponent,astro,qcalcgeom,numerical,,-0.3333333333333333,,GAP,dpm,PAPER_1149
astro_WD_radius_mass_exponent,astro,qcalcgeom,discrete,,-0.3333333333333333,,GAP,dpm,PAPER_1149
astro_WD_radius_mass_exponent,astro,bsfg,symbolic,,-0.3333333333333333,,GAP,dpm,PAPER_1149
astro_WD_radius_mass_exponent,astro,bsfg,numerical,,-0.3333333333333333,,GAP,dpm,PAPER_1149
astro_WD_radius_mass_exponent,astro,bsfg,discrete,,-0.3333333333333333,,GAP,dpm,PAPER_1149
astro_WD_radius_mass_exponent,astro,dpm,symbolic,-0.33333333333333337,-0.3333333333333333,0.000000,EXACT,dpm,PAPER_1149
astro_WD_radius_mass_exponent,astro,dpm,numerical,-0.33333333333333337,-0.3333333333333333,0.000000,EXACT,dpm,PAPER_1149
astro_WD_radius_mass_exponent,astro,dpm,discrete,-0.33333333333333337,-0.3333333333333333,0.000000,EXACT,dpm,PAPER_1149
astro_WD_radius_mass_exponent,astro,d26,symbolic,,-0.3333333333333333,,GAP,dpm,PAPER_1149
astro_WD_radius_mass_exponent,astro,d26,numerical,,-0.3333333333333333,,GAP,dpm,PAPER_1149
astro_WD_radius_mass_exponent,astro,d26,discrete,,-0.3333333333333333,,GAP,dpm,PAPER_1149
astro_grav_binding_coeff,astro,qcalcgeom,symbolic,,0.6,,GAP,dpm,PAPER_1149
astro_grav_binding_coeff,astro,qcalcgeom,numerical,,0.6,,GAP,dpm,PAPER_1149
astro_grav_binding_coeff,astro,qcalcgeom,discrete,,0.6,,GAP,dpm,PAPER_1149
astro_grav_binding_coeff,astro,bsfg,symbolic,,0.6,,GAP,dpm,PAPER_1149
astro_grav_binding_coeff,astro,bsfg,numerical,,0.6,,GAP,dpm,PAPER_1149
astro_grav_binding_coeff,astro,bsfg,discrete,,0.6,,GAP,dpm,PAPER_1149
astro_grav_binding_coeff,astro,dpm,symbolic,0.6,0.6,0.000000,EXACT,dpm,PAPER_1149
astro_grav_binding_coeff,astro,dpm,numerical,0.6,0.6,0.000000,EXACT,dpm,PAPER_1149
astro_grav_binding_coeff,astro,dpm,discrete,0.6,0.6,0.000000,EXACT,dpm,PAPER_1149
astro_grav_binding_coeff,astro,d26,symbolic,,0.6,,GAP,dpm,PAPER_1149
astro_grav_binding_coeff,astro,d26,numerical,,0.6,,GAP,dpm,PAPER_1149
astro_grav_binding_coeff,astro,d26,discrete,,0.6,,GAP,dpm,PAPER_1149
astro_photon_sphere_r_M,astro,qcalcgeom,symbolic,,3.0,,GAP,bsfg,PAPER_1149
astro_photon_sphere_r_M,astro,qcalcgeom,numerical,,3.0,,GAP,bsfg,PAPER_1149
astro_photon_sphere_r_M,astro,qcalcgeom,discrete,,3.0,,GAP,bsfg,PAPER_1149
astro_photon_sphere_r_M,astro,bsfg,symbolic,3.016666666666667,3.0,0.555556,OK,bsfg,PAPER_1149
astro_photon_sphere_r_M,astro,bsfg,numerical,3.016666666666667,3.0,0.555556,OK,bsfg,PAPER_1149
astro_photon_sphere_r_M,astro,bsfg,discrete,3.016666666666667,3.0,0.555556,OK,bsfg,PAPER_1149
astro_photon_sphere_r_M,astro,dpm,symbolic,,3.0,,GAP,bsfg,PAPER_1149
astro_photon_sphere_r_M,astro,dpm,numerical,,3.0,,GAP,bsfg,PAPER_1149
astro_photon_sphere_r_M,astro,dpm,discrete,,3.0,,GAP,bsfg,PAPER_1149
astro_photon_sphere_r_M,astro,d26,symbolic,,3.0,,GAP,bsfg,PAPER_1149
astro_photon_sphere_r_M,astro,d26,numerical,,3.0,,GAP,bsfg,PAPER_1149
astro_photon_sphere_r_M,astro,d26,discrete,,3.0,,GAP,bsfg,PAPER_1149
bertrand_uniform,SI,qcalcgeom,symbolic,,1.0,,GAP,d26,PAPER_1776
bertrand_uniform,SI,qcalcgeom,numerical,,1.0,,GAP,d26,PAPER_1776
bertrand_uniform,SI,qcalcgeom,discrete,,1.0,,GAP,d26,PAPER_1776
bertrand_uniform,SI,bsfg,symbolic,,1.0,,GAP,d26,PAPER_1776
bertrand_uniform,SI,bsfg,numerical,,1.0,,GAP,d26,PAPER_1776
bertrand_uniform,SI,bsfg,discrete,,1.0,,GAP,d26,PAPER_1776
bertrand_uniform,SI,dpm,symbolic,,1.0,,GAP,d26,PAPER_1776
bertrand_uniform,SI,dpm,numerical,,1.0,,GAP,d26,PAPER_1776
bertrand_uniform,SI,dpm,discrete,,1.0,,GAP,d26,PAPER_1776
bertrand_uniform,SI,d26,symbolic,1.0,1.0,0.000000,EXACT,d26,PAPER_1776
bertrand_uniform,SI,d26,numerical,1.0,1.0,0.000000,EXACT,d26,PAPER_1776
bertrand_uniform,SI,d26,discrete,1.0,1.0,0.000000,EXACT,d26,PAPER_1776
bio_ATP_hydrolysis_kJ_mol,bio,qcalcgeom,symbolic,,30.5,,GAP,dpm,PAPER_1167
bio_ATP_hydrolysis_kJ_mol,bio,qcalcgeom,numerical,,30.5,,GAP,dpm,PAPER_1167
bio_ATP_hydrolysis_kJ_mol,bio,qcalcgeom,discrete,,30.5,,GAP,dpm,PAPER_1167
bio_ATP_hydrolysis_kJ_mol,bio,bsfg,symbolic,,30.5,,GAP,dpm,PAPER_1167
bio_ATP_hydrolysis_kJ_mol,bio,bsfg,numerical,,30.5,,GAP,dpm,PAPER_1167
bio_ATP_hydrolysis_kJ_mol,bio,bsfg,discrete,,30.5,,GAP,dpm,PAPER_1167
bio_ATP_hydrolysis_kJ_mol,bio,dpm,symbolic,30.5,30.5,0.000000,EXACT,dpm,PAPER_1167
bio_ATP_hydrolysis_kJ_mol,bio,dpm,numerical,30.5,30.5,0.000000,EXACT,dpm,PAPER_1167
bio_ATP_hydrolysis_kJ_mol,bio,dpm,discrete,30.5,30.5,0.000000,EXACT,dpm,PAPER_1167
bio_ATP_hydrolysis_kJ_mol,bio,d26,symbolic,,30.5,,GAP,dpm,PAPER_1167
bio_ATP_hydrolysis_kJ_mol,bio,d26,numerical,,30.5,,GAP,dpm,PAPER_1167
bio_ATP_hydrolysis_kJ_mol,bio,d26,discrete,,30.5,,GAP,dpm,PAPER_1167
bio_DNA_pitch_bp_per_turn,bio,qcalcgeom,symbolic,,10.5,,GAP,d26,PAPER_1167
bio_DNA_pitch_bp_per_turn,bio,qcalcgeom,numerical,,10.5,,GAP,d26,PAPER_1167
bio_DNA_pitch_bp_per_turn,bio,qcalcgeom,discrete,,10.5,,GAP,d26,PAPER_1167
bio_DNA_pitch_bp_per_turn,bio,bsfg,symbolic,,10.5,,GAP,d26,PAPER_1167
bio_DNA_pitch_bp_per_turn,bio,bsfg,numerical,,10.5,,GAP,d26,PAPER_1167
bio_DNA_pitch_bp_per_turn,bio,bsfg,discrete,,10.5,,GAP,d26,PAPER_1167
bio_DNA_pitch_bp_per_turn,bio,dpm,symbolic,,10.5,,GAP,d26,PAPER_1167
bio_DNA_pitch_bp_per_turn,bio,dpm,numerical,,10.5,,GAP,d26,PAPER_1167
bio_DNA_pitch_bp_per_turn,bio,dpm,discrete,,10.5,,GAP,d26,PAPER_1167
bio_DNA_pitch_bp_per_turn,bio,d26,symbolic,10.486666666666666,10.5,0.126984,OK,d26,PAPER_1167
bio_DNA_pitch_bp_per_turn,bio,d26,numerical,10.486666666666666,10.5,0.126984,OK,d26,PAPER_1167
bio_DNA_pitch_bp_per_turn,bio,d26,discrete,10.486666666666666,10.5,0.126984,OK,d26,PAPER_1167
bio_Hill_coefficient_O2,bio,qcalcgeom,symbolic,,2.8,,GAP,dpm,PAPER_1167
bio_Hill_coefficient_O2,bio,qcalcgeom,numerical,,2.8,,GAP,dpm,PAPER_1167
bio_Hill_coefficient_O2,bio,qcalcgeom,discrete,,2.8,,GAP,dpm,PAPER_1167
bio_Hill_coefficient_O2,bio,bsfg,symbolic,,2.8,,GAP,dpm,PAPER_1167
bio_Hill_coefficient_O2,bio,bsfg,numerical,,2.8,,GAP,dpm,PAPER_1167
bio_Hill_coefficient_O2,bio,bsfg,discrete,,2.8,,GAP,dpm,PAPER_1167
bio_Hill_coefficient_O2,bio,dpm,symbolic,2.7958333333333334,2.8,0.148810,OK,dpm,PAPER_1167
bio_Hill_coefficient_O2,bio,dpm,numerical,2.7958333333333334,2.8,0.148810,OK,dpm,PAPER_1167
bio_Hill_coefficient_O2,bio,dpm,discrete,2.7958333333333334,2.8,0.148810,OK,dpm,PAPER_1167
bio_Hill_coefficient_O2,bio,d26,symbolic,,2.8,,GAP,dpm,PAPER_1167
bio_Hill_coefficient_O2,bio,d26,numerical,,2.8,,GAP,dpm,PAPER_1167
bio_Hill_coefficient_O2,bio,d26,discrete,,2.8,,GAP,dpm,PAPER_1167
bio_Kleiber_exponent,bio,qcalcgeom,symbolic,,0.75,,GAP,dpm,PAPER_1167
bio_Kleiber_exponent,bio,qcalcgeom,numerical,,0.75,,GAP,dpm,PAPER_1167
bio_Kleiber_exponent,bio,qcalcgeom,discrete,,0.75,,GAP,dpm,PAPER_1167
bio_Kleiber_exponent,bio,bsfg,symbolic,,0.75,,GAP,dpm,PAPER_1167
bio_Kleiber_exponent,bio,bsfg,numerical,,0.75,,GAP,dpm,PAPER_1167
bio_Kleiber_exponent,bio,bsfg,discrete,,0.75,,GAP,dpm,PAPER_1167
bio_Kleiber_exponent,bio,dpm,symbolic,0.75,0.75,0.000000,EXACT,dpm,PAPER_1167
bio_Kleiber_exponent,bio,dpm,numerical,0.75,0.75,0.000000,EXACT,dpm,PAPER_1167
bio_Kleiber_exponent,bio,dpm,discrete,0.75,0.75,0.000000,EXACT,dpm,PAPER_1167
bio_Kleiber_exponent,bio,d26,symbolic,,0.75,,GAP,dpm,PAPER_1167
bio_Kleiber_exponent,bio,d26,numerical,,0.75,,GAP,dpm,PAPER_1167
bio_Kleiber_exponent,bio,d26,discrete,,0.75,,GAP,dpm,PAPER_1167
bio_Redfield_C_N_ratio,bio,qcalcgeom,symbolic,,6.625,,GAP,dpm,PAPER_1167
bio_Redfield_C_N_ratio,bio,qcalcgeom,numerical,,6.625,,GAP,dpm,PAPER_1167
bio_Redfield_C_N_ratio,bio,qcalcgeom,discrete,,6.625,,GAP,dpm,PAPER_1167
bio_Redfield_C_N_ratio,bio,bsfg,symbolic,,6.625,,GAP,dpm,PAPER_1167
bio_Redfield_C_N_ratio,bio,bsfg,numerical,,6.625,,GAP,dpm,PAPER_1167
bio_Redfield_C_N_ratio,bio,bsfg,discrete,,6.625,,GAP,dpm,PAPER_1167
bio_Redfield_C_N_ratio,bio,dpm,symbolic,6.639,6.625,0.211321,OK,dpm,PAPER_1167
bio_Redfield_C_N_ratio,bio,dpm,numerical,6.639,6.625,0.211321,OK,dpm,PAPER_1167
bio_Redfield_C_N_ratio,bio,dpm,discrete,6.639,6.625,0.211321,OK,dpm,PAPER_1167
bio_Redfield_C_N_ratio,bio,d26,symbolic,,6.625,,GAP,dpm,PAPER_1167
bio_Redfield_C_N_ratio,bio,d26,numerical,,6.625,,GAP,dpm,PAPER_1167
bio_Redfield_C_N_ratio,bio,d26,discrete,,6.625,,GAP,dpm,PAPER_1167
bio_chlorophyll_a_peak_nm,bio,qcalcgeom,symbolic,,680.0,,GAP,dpm,PAPER_1167
bio_chlorophyll_a_peak_nm,bio,qcalcgeom,numerical,,680.0,,GAP,dpm,PAPER_1167
bio_chlorophyll_a_peak_nm,bio,qcalcgeom,discrete,,680.0,,GAP,dpm,PAPER_1167
bio_chlorophyll_a_peak_nm,bio,bsfg,symbolic,,680.0,,GAP,dpm,PAPER_1167
bio_chlorophyll_a_peak_nm,bio,bsfg,numerical,,680.0,,GAP,dpm,PAPER_1167
bio_chlorophyll_a_peak_nm,bio,bsfg,discrete,,680.0,,GAP,dpm,PAPER_1167
bio_chlorophyll_a_peak_nm,bio,dpm,symbolic,680.2633333333333,680.0,0.038725,OK,dpm,PAPER_1167
bio_chlorophyll_a_peak_nm,bio,dpm,numerical,680.2633333333333,680.0,0.038725,OK,dpm,PAPER_1167
bio_chlorophyll_a_peak_nm,bio,dpm,discrete,680.2633333333333,680.0,0.038725,OK,dpm,PAPER_1167
bio_chlorophyll_a_peak_nm,bio,d26,symbolic,,680.0,,GAP,dpm,PAPER_1167
bio_chlorophyll_a_peak_nm,bio,d26,numerical,,680.0,,GAP,dpm,PAPER_1167
bio_chlorophyll_a_peak_nm,bio,d26,discrete,,680.0,,GAP,dpm,PAPER_1167
bio_codon_redundancy_64_20,bio,qcalcgeom,symbolic,,3.2,,GAP,dpm,PAPER_1167
bio_codon_redundancy_64_20,bio,qcalcgeom,numerical,,3.2,,GAP,dpm,PAPER_1167
bio_codon_redundancy_64_20,bio,qcalcgeom,discrete,,3.2,,GAP,dpm,PAPER_1167
bio_codon_redundancy_64_20,bio,bsfg,symbolic,,3.2,,GAP,dpm,PAPER_1167
bio_codon_redundancy_64_20,bio,bsfg,numerical,,3.2,,GAP,dpm,PAPER_1167
bio_codon_redundancy_64_20,bio,bsfg,discrete,,3.2,,GAP,dpm,PAPER_1167
bio_codon_redundancy_64_20,bio,dpm,symbolic,3.1936666666666667,3.2,0.197917,OK,dpm,PAPER_1167
bio_codon_redundancy_64_20,bio,dpm,numerical,3.1936666666666667,3.2,0.197917,OK,dpm,PAPER_1167
bio_codon_redundancy_64_20,bio,dpm,discrete,3.1936666666666667,3.2,0.197917,OK,dpm,PAPER_1167
bio_codon_redundancy_64_20,bio,d26,symbolic,,3.2,,GAP,dpm,PAPER_1167
bio_codon_redundancy_64_20,bio,d26,numerical,,3.2,,GAP,dpm,PAPER_1167
bio_codon_redundancy_64_20,bio,d26,discrete,,3.2,,GAP,dpm,PAPER_1167
bio_photosynthesis_quantum_yield,bio,qcalcgeom,symbolic,,0.125,,GAP,dpm,PAPER_1167
bio_photosynthesis_quantum_yield,bio,qcalcgeom,numerical,,0.125,,GAP,dpm,PAPER_1167
bio_photosynthesis_quantum_yield,bio,qcalcgeom,discrete,,0.125,,GAP,dpm,PAPER_1167
bio_photosynthesis_quantum_yield,bio,bsfg,symbolic,,0.125,,GAP,dpm,PAPER_1167
bio_photosynthesis_quantum_yield,bio,bsfg,numerical,,0.125,,GAP,dpm,PAPER_1167
bio_photosynthesis_quantum_yield,bio,bsfg,discrete,,0.125,,GAP,dpm,PAPER_1167
bio_photosynthesis_quantum_yield,bio,dpm,symbolic,0.12483333333333335,0.125,0.133333,OK,dpm,PAPER_1167
bio_photosynthesis_quantum_yield,bio,dpm,numerical,0.12483333333333335,0.125,0.133333,OK,dpm,PAPER_1167
bio_photosynthesis_quantum_yield,bio,dpm,discrete,0.12483333333333335,0.125,0.133333,OK,dpm,PAPER_1167
bio_photosynthesis_quantum_yield,bio,d26,symbolic,,0.125,,GAP,dpm,PAPER_1167
bio_photosynthesis_quantum_yield,bio,d26,numerical,,0.125,,GAP,dpm,PAPER_1167
bio_photosynthesis_quantum_yield,bio,d26,discrete,,0.125,,GAP,dpm,PAPER_1167
bio_phyllotaxis_golden_ratio,bio,qcalcgeom,symbolic,,1.618033988749895,,GAP,d26,PAPER_1167
bio_phyllotaxis_golden_ratio,bio,qcalcgeom,numerical,,1.618033988749895,,GAP,d26,PAPER_1167
bio_phyllotaxis_golden_ratio,bio,qcalcgeom,discrete,,1.618033988749895,,GAP,d26,PAPER_1167
bio_phyllotaxis_golden_ratio,bio,bsfg,symbolic,,1.618033988749895,,GAP,d26,PAPER_1167
bio_phyllotaxis_golden_ratio,bio,bsfg,numerical,,1.618033988749895,,GAP,d26,PAPER_1167
bio_phyllotaxis_golden_ratio,bio,bsfg,discrete,,1.618033988749895,,GAP,d26,PAPER_1167
bio_phyllotaxis_golden_ratio,bio,dpm,symbolic,,1.618033988749895,,GAP,d26,PAPER_1167
bio_phyllotaxis_golden_ratio,bio,dpm,numerical,,1.618033988749895,,GAP,d26,PAPER_1167
bio_phyllotaxis_golden_ratio,bio,dpm,discrete,,1.618033988749895,,GAP,d26,PAPER_1167
bio_phyllotaxis_golden_ratio,bio,d26,symbolic,1.6154166666666667,1.618033988749895,0.161759,OK,d26,PAPER_1167
bio_phyllotaxis_golden_ratio,bio,d26,numerical,1.6154166666666667,1.618033988749895,0.161759,OK,d26,PAPER_1167
bio_phyllotaxis_golden_ratio,bio,d26,discrete,1.6154166666666667,1.618033988749895,0.161759,OK,d26,PAPER_1167
bio_telomere_TTAGGG_length,bio,qcalcgeom,symbolic,,6,,GAP,bsfg,PAPER_1167
bio_telomere_TTAGGG_length,bio,qcalcgeom,numerical,,6,,GAP,bsfg,PAPER_1167
bio_telomere_TTAGGG_length,bio,qcalcgeom,discrete,,6,,GAP,bsfg,PAPER_1167
bio_telomere_TTAGGG_length,bio,bsfg,symbolic,6,6,0.000000,EXACT,bsfg,PAPER_1167
bio_telomere_TTAGGG_length,bio,bsfg,numerical,6,6,0.000000,EXACT,bsfg,PAPER_1167
bio_telomere_TTAGGG_length,bio,bsfg,discrete,6,6,0.000000,EXACT,bsfg,PAPER_1167
bio_telomere_TTAGGG_length,bio,dpm,symbolic,,6,,GAP,bsfg,PAPER_1167
bio_telomere_TTAGGG_length,bio,dpm,numerical,,6,,GAP,bsfg,PAPER_1167
bio_telomere_TTAGGG_length,bio,dpm,discrete,,6,,GAP,bsfg,PAPER_1167
bio_telomere_TTAGGG_length,bio,d26,symbolic,,6,,GAP,bsfg,PAPER_1167
bio_telomere_TTAGGG_length,bio,d26,numerical,,6,,GAP,bsfg,PAPER_1167
bio_telomere_TTAGGG_length,bio,d26,discrete,,6,,GAP,bsfg,PAPER_1167
flat_rotation_beta_i,astro,qcalcgeom,symbolic,0.6029,0.6029,0.000000,EXACT,qcalcgeom,PAPER_1756
flat_rotation_beta_i,astro,qcalcgeom,numerical,0.6029,0.6029,0.000000,EXACT,qcalcgeom,PAPER_1756
flat_rotation_beta_i,astro,qcalcgeom,discrete,0.6029,0.6029,0.000000,EXACT,qcalcgeom,PAPER_1756
flat_rotation_beta_i,astro,bsfg,symbolic,,0.6029,,GAP,qcalcgeom,PAPER_1756
flat_rotation_beta_i,astro,bsfg,numerical,,0.6029,,GAP,qcalcgeom,PAPER_1756
flat_rotation_beta_i,astro,bsfg,discrete,,0.6029,,GAP,qcalcgeom,PAPER_1756
flat_rotation_beta_i,astro,dpm,symbolic,,0.6029,,GAP,qcalcgeom,PAPER_1756
flat_rotation_beta_i,astro,dpm,numerical,,0.6029,,GAP,qcalcgeom,PAPER_1756
flat_rotation_beta_i,astro,dpm,discrete,,0.6029,,GAP,qcalcgeom,PAPER_1756
flat_rotation_beta_i,astro,d26,symbolic,,0.6029,,GAP,qcalcgeom,PAPER_1756
flat_rotation_beta_i,astro,d26,numerical,,0.6029,,GAP,qcalcgeom,PAPER_1756
flat_rotation_beta_i,astro,d26,discrete,,0.6029,,GAP,qcalcgeom,PAPER_1756
geo_Earth_Moon_a_over_R_E,geo,qcalcgeom,symbolic,60.30166666666667,60.34,0.063529,OK,qcalcgeom,PAPER_1167
geo_Earth_Moon_a_over_R_E,geo,qcalcgeom,numerical,60.30166666666667,60.34,0.063529,OK,qcalcgeom,PAPER_1167
geo_Earth_Moon_a_over_R_E,geo,qcalcgeom,discrete,60.30166666666667,60.34,0.063529,OK,qcalcgeom,PAPER_1167
geo_Earth_Moon_a_over_R_E,geo,bsfg,symbolic,,60.34,,GAP,qcalcgeom,PAPER_1167
geo_Earth_Moon_a_over_R_E,geo,bsfg,numerical,,60.34,,GAP,qcalcgeom,PAPER_1167
geo_Earth_Moon_a_over_R_E,geo,bsfg,discrete,,60.34,,GAP,qcalcgeom,PAPER_1167
geo_Earth_Moon_a_over_R_E,geo,dpm,symbolic,,60.34,,GAP,qcalcgeom,PAPER_1167
geo_Earth_Moon_a_over_R_E,geo,dpm,numerical,,60.34,,GAP,qcalcgeom,PAPER_1167
geo_Earth_Moon_a_over_R_E,geo,dpm,discrete,,60.34,,GAP,qcalcgeom,PAPER_1167
geo_Earth_Moon_a_over_R_E,geo,d26,symbolic,,60.34,,GAP,qcalcgeom,PAPER_1167
geo_Earth_Moon_a_over_R_E,geo,d26,numerical,,60.34,,GAP,qcalcgeom,PAPER_1167
geo_Earth_Moon_a_over_R_E,geo,d26,discrete,,60.34,,GAP,qcalcgeom,PAPER_1167
geo_Earth_obliquity_deg,geo,qcalcgeom,symbolic,23.468333333333334,23.5,0.134752,OK,qcalcgeom,PAPER_1167
geo_Earth_obliquity_deg,geo,qcalcgeom,numerical,23.468333333333334,23.5,0.134752,OK,qcalcgeom,PAPER_1167
geo_Earth_obliquity_deg,geo,qcalcgeom,discrete,23.468333333333334,23.5,0.134752,OK,qcalcgeom,PAPER_1167
geo_Earth_obliquity_deg,geo,bsfg,symbolic,,23.5,,GAP,qcalcgeom,PAPER_1167
geo_Earth_obliquity_deg,geo,bsfg,numerical,,23.5,,GAP,qcalcgeom,PAPER_1167
geo_Earth_obliquity_deg,geo,bsfg,discrete,,23.5,,GAP,qcalcgeom,PAPER_1167
geo_Earth_obliquity_deg,geo,dpm,symbolic,,23.5,,GAP,qcalcgeom,PAPER_1167
geo_Earth_obliquity_deg,geo,dpm,numerical,,23.5,,GAP,qcalcgeom,PAPER_1167
geo_Earth_obliquity_deg,geo,dpm,discrete,,23.5,,GAP,qcalcgeom,PAPER_1167
geo_Earth_obliquity_deg,geo,d26,symbolic,,23.5,,GAP,qcalcgeom,PAPER_1167
geo_Earth_obliquity_deg,geo,d26,numerical,,23.5,,GAP,qcalcgeom,PAPER_1167
geo_Earth_obliquity_deg,geo,d26,discrete,,23.5,,GAP,qcalcgeom,PAPER_1167
geo_J2_oblateness_norm,geo,qcalcgeom,symbolic,1.0839999999999999,1.0826,0.129318,OK,qcalcgeom,PAPER_1167
geo_J2_oblateness_norm,geo,qcalcgeom,numerical,1.0839999999999999,1.0826,0.129318,OK,qcalcgeom,PAPER_1167
geo_J2_oblateness_norm,geo,qcalcgeom,discrete,1.0839999999999999,1.0826,0.129318,OK,qcalcgeom,PAPER_1167
geo_J2_oblateness_norm,geo,bsfg,symbolic,,1.0826,,GAP,qcalcgeom,PAPER_1167
geo_J2_oblateness_norm,geo,bsfg,numerical,,1.0826,,GAP,qcalcgeom,PAPER_1167
geo_J2_oblateness_norm,geo,bsfg,discrete,,1.0826,,GAP,qcalcgeom,PAPER_1167
geo_J2_oblateness_norm,geo,dpm,symbolic,,1.0826,,GAP,qcalcgeom,PAPER_1167
geo_J2_oblateness_norm,geo,dpm,numerical,,1.0826,,GAP,qcalcgeom,PAPER_1167
geo_J2_oblateness_norm,geo,dpm,discrete,,1.0826,,GAP,qcalcgeom,PAPER_1167
geo_J2_oblateness_norm,geo,d26,symbolic,,1.0826,,GAP,qcalcgeom,PAPER_1167
geo_J2_oblateness_norm,geo,d26,numerical,,1.0826,,GAP,qcalcgeom,PAPER_1167
geo_J2_oblateness_norm,geo,d26,discrete,,1.0826,,GAP,qcalcgeom,PAPER_1167
geo_adiabatic_lapse_K_per_km,geo,qcalcgeom,symbolic,9.806666666666667,9.8,0.068027,OK,qcalcgeom,PAPER_1167
geo_adiabatic_lapse_K_per_km,geo,qcalcgeom,numerical,9.806666666666667,9.8,0.068027,OK,qcalcgeom,PAPER_1167
geo_adiabatic_lapse_K_per_km,geo,qcalcgeom,discrete,9.806666666666667,9.8,0.068027,OK,qcalcgeom,PAPER_1167
geo_adiabatic_lapse_K_per_km,geo,bsfg,symbolic,,9.8,,GAP,qcalcgeom,PAPER_1167
geo_adiabatic_lapse_K_per_km,geo,bsfg,numerical,,9.8,,GAP,qcalcgeom,PAPER_1167
geo_adiabatic_lapse_K_per_km,geo,bsfg,discrete,,9.8,,GAP,qcalcgeom,PAPER_1167
geo_adiabatic_lapse_K_per_km,geo,dpm,symbolic,,9.8,,GAP,qcalcgeom,PAPER_1167
geo_adiabatic_lapse_K_per_km,geo,dpm,numerical,,9.8,,GAP,qcalcgeom,PAPER_1167
geo_adiabatic_lapse_K_per_km,geo,dpm,discrete,,9.8,,GAP,qcalcgeom,PAPER_1167
geo_adiabatic_lapse_K_per_km,geo,d26,symbolic,,9.8,,GAP,qcalcgeom,PAPER_1167
geo_adiabatic_lapse_K_per_km,geo,d26,numerical,,9.8,,GAP,qcalcgeom,PAPER_1167
geo_adiabatic_lapse_K_per_km,geo,d26,discrete,,9.8,,GAP,qcalcgeom,PAPER_1167
geo_atm_pressure_atm_norm,geo,qcalcgeom,symbolic,1.0108333333333335,1.013,0.213886,OK,qcalcgeom,PAPER_1167
geo_atm_pressure_atm_norm,geo,qcalcgeom,numerical,1.0108333333333335,1.013,0.213886,OK,qcalcgeom,PAPER_1167
geo_atm_pressure_atm_norm,geo,qcalcgeom,discrete,1.0108333333333335,1.013,0.213886,OK,qcalcgeom,PAPER_1167
geo_atm_pressure_atm_norm,geo,bsfg,symbolic,,1.013,,GAP,qcalcgeom,PAPER_1167
geo_atm_pressure_atm_norm,geo,bsfg,numerical,,1.013,,GAP,qcalcgeom,PAPER_1167
geo_atm_pressure_atm_norm,geo,bsfg,discrete,,1.013,,GAP,qcalcgeom,PAPER_1167
geo_atm_pressure_atm_norm,geo,dpm,symbolic,,1.013,,GAP,qcalcgeom,PAPER_1167
geo_atm_pressure_atm_norm,geo,dpm,numerical,,1.013,,GAP,qcalcgeom,PAPER_1167
geo_atm_pressure_atm_norm,geo,dpm,discrete,,1.013,,GAP,qcalcgeom,PAPER_1167
geo_atm_pressure_atm_norm,geo,d26,symbolic,,1.013,,GAP,qcalcgeom,PAPER_1167
geo_atm_pressure_atm_norm,geo,d26,numerical,,1.013,,GAP,qcalcgeom,PAPER_1167
geo_atm_pressure_atm_norm,geo,d26,discrete,,1.013,,GAP,qcalcgeom,PAPER_1167
geo_atmospheric_scale_height_km,geo,qcalcgeom,symbolic,8.503333333333332,8.5,0.039216,OK,qcalcgeom,PAPER_1167
geo_atmospheric_scale_height_km,geo,qcalcgeom,numerical,8.503333333333332,8.5,0.039216,OK,qcalcgeom,PAPER_1167
geo_atmospheric_scale_height_km,geo,qcalcgeom,discrete,8.503333333333332,8.5,0.039216,OK,qcalcgeom,PAPER_1167
geo_atmospheric_scale_height_km,geo,bsfg,symbolic,,8.5,,GAP,qcalcgeom,PAPER_1167
geo_atmospheric_scale_height_km,geo,bsfg,numerical,,8.5,,GAP,qcalcgeom,PAPER_1167
geo_atmospheric_scale_height_km,geo,bsfg,discrete,,8.5,,GAP,qcalcgeom,PAPER_1167
geo_atmospheric_scale_height_km,geo,dpm,symbolic,,8.5,,GAP,qcalcgeom,PAPER_1167
geo_atmospheric_scale_height_km,geo,dpm,numerical,,8.5,,GAP,qcalcgeom,PAPER_1167
geo_atmospheric_scale_height_km,geo,dpm,discrete,,8.5,,GAP,qcalcgeom,PAPER_1167
geo_atmospheric_scale_height_km,geo,d26,symbolic,,8.5,,GAP,qcalcgeom,PAPER_1167
geo_atmospheric_scale_height_km,geo,d26,numerical,,8.5,,GAP,qcalcgeom,PAPER_1167
geo_atmospheric_scale_height_km,geo,d26,discrete,,8.5,,GAP,qcalcgeom,PAPER_1167
geo_brunt_vaisala_N2_s2,geo,qcalcgeom,symbolic,0.00010000000000000002,0.0001,0.000000,EXACT,qcalcgeom,PAPER_1167
geo_brunt_vaisala_N2_s2,geo,qcalcgeom,numerical,0.00010000000000000002,0.0001,0.000000,EXACT,qcalcgeom,PAPER_1167
geo_brunt_vaisala_N2_s2,geo,qcalcgeom,discrete,0.00010000000000000002,0.0001,0.000000,EXACT,qcalcgeom,PAPER_1167
geo_brunt_vaisala_N2_s2,geo,bsfg,symbolic,,0.0001,,GAP,qcalcgeom,PAPER_1167
geo_brunt_vaisala_N2_s2,geo,bsfg,numerical,,0.0001,,GAP,qcalcgeom,PAPER_1167
geo_brunt_vaisala_N2_s2,geo,bsfg,discrete,,0.0001,,GAP,qcalcgeom,PAPER_1167
geo_brunt_vaisala_N2_s2,geo,dpm,symbolic,,0.0001,,GAP,qcalcgeom,PAPER_1167
geo_brunt_vaisala_N2_s2,geo,dpm,numerical,,0.0001,,GAP,qcalcgeom,PAPER_1167
geo_brunt_vaisala_N2_s2,geo,dpm,discrete,,0.0001,,GAP,qcalcgeom,PAPER_1167
geo_brunt_vaisala_N2_s2,geo,d26,symbolic,,0.0001,,GAP,qcalcgeom,PAPER_1167
geo_brunt_vaisala_N2_s2,geo,d26,numerical,,0.0001,,GAP,qcalcgeom,PAPER_1167
geo_brunt_vaisala_N2_s2,geo,d26,discrete,,0.0001,,GAP,qcalcgeom,PAPER_1167
geo_greenhouse_DeltaT_K,geo,qcalcgeom,symbolic,32.93166666666667,33.0,0.207071,OK,qcalcgeom,PAPER_1167
geo_greenhouse_DeltaT_K,geo,qcalcgeom,numerical,32.93166666666667,33.0,0.207071,OK,qcalcgeom,PAPER_1167
geo_greenhouse_DeltaT_K,geo,qcalcgeom,discrete,32.93166666666667,33.0,0.207071,OK,qcalcgeom,PAPER_1167
geo_greenhouse_DeltaT_K,geo,bsfg,symbolic,,33.0,,GAP,qcalcgeom,PAPER_1167
geo_greenhouse_DeltaT_K,geo,bsfg,numerical,,33.0,,GAP,qcalcgeom,PAPER_1167
geo_greenhouse_DeltaT_K,geo,bsfg,discrete,,33.0,,GAP,qcalcgeom,PAPER_1167
geo_greenhouse_DeltaT_K,geo,dpm,symbolic,,33.0,,GAP,qcalcgeom,PAPER_1167
geo_greenhouse_DeltaT_K,geo,dpm,numerical,,33.0,,GAP,qcalcgeom,PAPER_1167
geo_greenhouse_DeltaT_K,geo,dpm,discrete,,33.0,,GAP,qcalcgeom,PAPER_1167
geo_greenhouse_DeltaT_K,geo,d26,symbolic,,33.0,,GAP,qcalcgeom,PAPER_1167
geo_greenhouse_DeltaT_K,geo,d26,numerical,,33.0,,GAP,qcalcgeom,PAPER_1167
geo_greenhouse_DeltaT_K,geo,d26,discrete,,33.0,,GAP,qcalcgeom,PAPER_1167
geo_magnetopause_R_E,geo,qcalcgeom,symbolic,,10.0,,GAP,bsfg,PAPER_1167
geo_magnetopause_R_E,geo,qcalcgeom,numerical,,10.0,,GAP,bsfg,PAPER_1167
geo_magnetopause_R_E,geo,qcalcgeom,discrete,,10.0,,GAP,bsfg,PAPER_1167
geo_magnetopause_R_E,geo,bsfg,symbolic,10.0,10.0,0.000000,EXACT,bsfg,PAPER_1167
geo_magnetopause_R_E,geo,bsfg,numerical,10.0,10.0,0.000000,EXACT,bsfg,PAPER_1167
geo_magnetopause_R_E,geo,bsfg,discrete,10.0,10.0,0.000000,EXACT,bsfg,PAPER_1167
geo_magnetopause_R_E,geo,dpm,symbolic,,10.0,,GAP,bsfg,PAPER_1167
geo_magnetopause_R_E,geo,dpm,numerical,,10.0,,GAP,bsfg,PAPER_1167
geo_magnetopause_R_E,geo,dpm,discrete,,10.0,,GAP,bsfg,PAPER_1167
geo_magnetopause_R_E,geo,d26,symbolic,,10.0,,GAP,bsfg,PAPER_1167
geo_magnetopause_R_E,geo,d26,numerical,,10.0,,GAP,bsfg,PAPER_1167
geo_magnetopause_R_E,geo,d26,discrete,,10.0,,GAP,bsfg,PAPER_1167
geo_ocean_salinity_ppt,geo,qcalcgeom,symbolic,35.030666666666676,35.0,0.087619,OK,qcalcgeom,PAPER_1167
geo_ocean_salinity_ppt,geo,qcalcgeom,numerical,35.030666666666676,35.0,0.087619,OK,qcalcgeom,PAPER_1167
geo_ocean_salinity_ppt,geo,qcalcgeom,discrete,35.030666666666676,35.0,0.087619,OK,qcalcgeom,PAPER_1167
geo_ocean_salinity_ppt,geo,bsfg,symbolic,,35.0,,GAP,qcalcgeom,PAPER_1167
geo_ocean_salinity_ppt,geo,bsfg,numerical,,35.0,,GAP,qcalcgeom,PAPER_1167
geo_ocean_salinity_ppt,geo,bsfg,discrete,,35.0,,GAP,qcalcgeom,PAPER_1167
geo_ocean_salinity_ppt,geo,dpm,symbolic,,35.0,,GAP,qcalcgeom,PAPER_1167
geo_ocean_salinity_ppt,geo,dpm,numerical,,35.0,,GAP,qcalcgeom,PAPER_1167
geo_ocean_salinity_ppt,geo,dpm,discrete,,35.0,,GAP,qcalcgeom,PAPER_1167
geo_ocean_salinity_ppt,geo,d26,symbolic,,35.0,,GAP,qcalcgeom,PAPER_1167
geo_ocean_salinity_ppt,geo,d26,numerical,,35.0,,GAP,qcalcgeom,PAPER_1167
geo_ocean_salinity_ppt,geo,d26,discrete,,35.0,,GAP,qcalcgeom,PAPER_1167
higgs_vev,SM,qcalcgeom,symbolic,,246.0,,GAP,dpm,PAPER_1636
higgs_vev,SM,qcalcgeom,numerical,,246.0,,GAP,dpm,PAPER_1636
higgs_vev,SM,qcalcgeom,discrete,,246.0,,GAP,dpm,PAPER_1636
higgs_vev,SM,bsfg,symbolic,,246.0,,GAP,dpm,PAPER_1636
higgs_vev,SM,bsfg,numerical,,246.0,,GAP,dpm,PAPER_1636
higgs_vev,SM,bsfg,discrete,,246.0,,GAP,dpm,PAPER_1636
higgs_vev,SM,dpm,symbolic,245.99999999999997,246.0,0.000000,EXACT,dpm,PAPER_1636
higgs_vev,SM,dpm,numerical,245.99999999999997,246.0,0.000000,EXACT,dpm,PAPER_1636
higgs_vev,SM,dpm,discrete,245.99999999999997,246.0,0.000000,EXACT,dpm,PAPER_1636
higgs_vev,SM,d26,symbolic,,246.0,,GAP,dpm,PAPER_1636
higgs_vev,SM,d26,numerical,,246.0,,GAP,dpm,PAPER_1636
higgs_vev,SM,d26,discrete,,246.0,,GAP,dpm,PAPER_1636
hubble_tension,LCDM,qcalcgeom,symbolic,,5.6,,GAP,d26,PAPER_1676
hubble_tension,LCDM,qcalcgeom,numerical,,5.6,,GAP,d26,PAPER_1676
hubble_tension,LCDM,qcalcgeom,discrete,,5.6,,GAP,d26,PAPER_1676
hubble_tension,LCDM,bsfg,symbolic,,5.6,,GAP,d26,PAPER_1676
hubble_tension,LCDM,bsfg,numerical,,5.6,,GAP,d26,PAPER_1676
hubble_tension,LCDM,bsfg,discrete,,5.6,,GAP,d26,PAPER_1676
hubble_tension,LCDM,dpm,symbolic,,5.6,,GAP,d26,PAPER_1676
hubble_tension,LCDM,dpm,numerical,,5.6,,GAP,d26,PAPER_1676
hubble_tension,LCDM,dpm,discrete,,5.6,,GAP,d26,PAPER_1676
hubble_tension,LCDM,d26,symbolic,5.599999999999994,5.6,0.000000,EXACT,d26,PAPER_1676
hubble_tension,LCDM,d26,numerical,5.599999999999994,5.6,0.000000,EXACT,d26,PAPER_1676
hubble_tension,LCDM,d26,discrete,5.599999999999994,5.6,0.000000,EXACT,d26,PAPER_1676
m_W_alt,SM,qcalcgeom,symbolic,,80.0,,GAP,dpm,PAPER_1686
m_W_alt,SM,qcalcgeom,numerical,,80.0,,GAP,dpm,PAPER_1686
m_W_alt,SM,qcalcgeom,discrete,,80.0,,GAP,dpm,PAPER_1686
m_W_alt,SM,bsfg,symbolic,,80.0,,GAP,dpm,PAPER_1686
m_W_alt,SM,bsfg,numerical,,80.0,,GAP,dpm,PAPER_1686
m_W_alt,SM,bsfg,discrete,,80.0,,GAP,dpm,PAPER_1686
m_W_alt,SM,dpm,symbolic,80.0,80.0,0.000000,EXACT,dpm,PAPER_1686
m_W_alt,SM,dpm,numerical,80.0,80.0,0.000000,EXACT,dpm,PAPER_1686
m_W_alt,SM,dpm,discrete,80.0,80.0,0.000000,EXACT,dpm,PAPER_1686
m_W_alt,SM,d26,symbolic,,80.0,,GAP,dpm,PAPER_1686
m_W_alt,SM,d26,numerical,,80.0,,GAP,dpm,PAPER_1686
m_W_alt,SM,d26,discrete,,80.0,,GAP,dpm,PAPER_1686
mp_me_ratio,SI,qcalcgeom,symbolic,,1836.15267343,,GAP,bsfg,PAPER_1167
mp_me_ratio,SI,qcalcgeom,numerical,,1836.15267343,,GAP,bsfg,PAPER_1167
mp_me_ratio,SI,qcalcgeom,discrete,,1836.15267343,,GAP,bsfg,PAPER_1167
mp_me_ratio,SI,bsfg,symbolic,1836.1181087116884,1836.15267343,0.001882,OK,bsfg,PAPER_1167
mp_me_ratio,SI,bsfg,numerical,1836.1181087116884,1836.15267343,0.001882,OK,bsfg,PAPER_1167
mp_me_ratio,SI,bsfg,discrete,1836.1181087116884,1836.15267343,0.001882,OK,bsfg,PAPER_1167
mp_me_ratio,SI,dpm,symbolic,,1836.15267343,,GAP,bsfg,PAPER_1167
mp_me_ratio,SI,dpm,numerical,,1836.15267343,,GAP,bsfg,PAPER_1167
mp_me_ratio,SI,dpm,discrete,,1836.15267343,,GAP,bsfg,PAPER_1167
mp_me_ratio,SI,d26,symbolic,,1836.15267343,,GAP,bsfg,PAPER_1167
mp_me_ratio,SI,d26,numerical,,1836.15267343,,GAP,bsfg,PAPER_1167
mp_me_ratio,SI,d26,discrete,,1836.15267343,,GAP,bsfg,PAPER_1167
n_s_scalar_tilt,LCDM,qcalcgeom,symbolic,,0.96468,,GAP,d26,PAPER_1736
n_s_scalar_tilt,LCDM,qcalcgeom,numerical,,0.96468,,GAP,d26,PAPER_1736
n_s_scalar_tilt,LCDM,qcalcgeom,discrete,,0.96468,,GAP,d26,PAPER_1736
n_s_scalar_tilt,LCDM,bsfg,symbolic,,0.96468,,GAP,d26,PAPER_1736
n_s_scalar_tilt,LCDM,bsfg,numerical,,0.96468,,GAP,d26,PAPER_1736
n_s_scalar_tilt,LCDM,bsfg,discrete,,0.96468,,GAP,d26,PAPER_1736
n_s_scalar_tilt,LCDM,dpm,symbolic,,0.96468,,GAP,d26,PAPER_1736
n_s_scalar_tilt,LCDM,dpm,numerical,,0.96468,,GAP,d26,PAPER_1736
n_s_scalar_tilt,LCDM,dpm,discrete,,0.96468,,GAP,d26,PAPER_1736
n_s_scalar_tilt,LCDM,d26,symbolic,0.9647294625601749,0.96468,0.005127,OK,d26,PAPER_1736
n_s_scalar_tilt,LCDM,d26,numerical,0.9647294625601749,0.96468,0.005127,OK,d26,PAPER_1736
n_s_scalar_tilt,LCDM,d26,discrete,0.9647294625601749,0.96468,0.005127,OK,d26,PAPER_1736
omega_lambda_6_5_SSQ,LCDM,qcalcgeom,symbolic,,0.684,,GAP,dpm,PAPER_1696
omega_lambda_6_5_SSQ,LCDM,qcalcgeom,numerical,,0.684,,GAP,dpm,PAPER_1696
omega_lambda_6_5_SSQ,LCDM,qcalcgeom,discrete,,0.684,,GAP,dpm,PAPER_1696
omega_lambda_6_5_SSQ,LCDM,bsfg,symbolic,,0.684,,GAP,dpm,PAPER_1696
omega_lambda_6_5_SSQ,LCDM,bsfg,numerical,,0.684,,GAP,dpm,PAPER_1696
omega_lambda_6_5_SSQ,LCDM,bsfg,discrete,,0.684,,GAP,dpm,PAPER_1696
omega_lambda_6_5_SSQ,LCDM,dpm,symbolic,0.6839999999999999,0.684,0.000000,EXACT,dpm,PAPER_1696
omega_lambda_6_5_SSQ,LCDM,dpm,numerical,0.6839999999999999,0.684,0.000000,EXACT,dpm,PAPER_1696
omega_lambda_6_5_SSQ,LCDM,dpm,discrete,0.6839999999999999,0.684,0.000000,EXACT,dpm,PAPER_1696
omega_lambda_6_5_SSQ,LCDM,d26,symbolic,,0.684,,GAP,dpm,PAPER_1696
omega_lambda_6_5_SSQ,LCDM,d26,numerical,,0.684,,GAP,dpm,PAPER_1696
omega_lambda_6_5_SSQ,LCDM,d26,discrete,,0.684,,GAP,dpm,PAPER_1696
periodic_table_periods,chem,qcalcgeom,symbolic,,7,,GAP,bsfg,PAPER_1167
periodic_table_periods,chem,qcalcgeom,numerical,,7,,GAP,bsfg,PAPER_1167
periodic_table_periods,chem,qcalcgeom,discrete,,7,,GAP,bsfg,PAPER_1167
periodic_table_periods,chem,bsfg,symbolic,7,7,0.000000,EXACT,bsfg,PAPER_1167
periodic_table_periods,chem,bsfg,numerical,7,7,0.000000,EXACT,bsfg,PAPER_1167
periodic_table_periods,chem,bsfg,discrete,7,7,0.000000,EXACT,bsfg,PAPER_1167
periodic_table_periods,chem,dpm,symbolic,,7,,GAP,bsfg,PAPER_1167
periodic_table_periods,chem,dpm,numerical,,7,,GAP,bsfg,PAPER_1167
periodic_table_periods,chem,dpm,discrete,,7,,GAP,bsfg,PAPER_1167
periodic_table_periods,chem,d26,symbolic,,7,,GAP,bsfg,PAPER_1167
periodic_table_periods,chem,d26,numerical,,7,,GAP,bsfg,PAPER_1167
periodic_table_periods,chem,d26,discrete,,7,,GAP,bsfg,PAPER_1167
quantum_supremacy_qubits,SI,qcalcgeom,symbolic,,60,,GAP,dpm,PAPER_1655
quantum_supremacy_qubits,SI,qcalcgeom,numerical,,60,,GAP,dpm,PAPER_1655
quantum_supremacy_qubits,SI,qcalcgeom,discrete,,60,,GAP,dpm,PAPER_1655
quantum_supremacy_qubits,SI,bsfg,symbolic,,60,,GAP,dpm,PAPER_1655
quantum_supremacy_qubits,SI,bsfg,numerical,,60,,GAP,dpm,PAPER_1655
quantum_supremacy_qubits,SI,bsfg,discrete,,60,,GAP,dpm,PAPER_1655
quantum_supremacy_qubits,SI,dpm,symbolic,60,60,0.000000,EXACT,dpm,PAPER_1655
quantum_supremacy_qubits,SI,dpm,numerical,60,60,0.000000,EXACT,dpm,PAPER_1655
quantum_supremacy_qubits,SI,dpm,discrete,60,60,0.000000,EXACT,dpm,PAPER_1655
quantum_supremacy_qubits,SI,d26,symbolic,,60,,GAP,dpm,PAPER_1655
quantum_supremacy_qubits,SI,d26,numerical,,60,,GAP,dpm,PAPER_1655
quantum_supremacy_qubits,SI,d26,discrete,,60,,GAP,dpm,PAPER_1655
stefan_boltzmann_prefactor,SI,qcalcgeom,symbolic,,60,,GAP,dpm,PAPER_1167
stefan_boltzmann_prefactor,SI,qcalcgeom,numerical,,60,,GAP,dpm,PAPER_1167
stefan_boltzmann_prefactor,SI,qcalcgeom,discrete,,60,,GAP,dpm,PAPER_1167
stefan_boltzmann_prefactor,SI,bsfg,symbolic,,60,,GAP,dpm,PAPER_1167
stefan_boltzmann_prefactor,SI,bsfg,numerical,,60,,GAP,dpm,PAPER_1167
stefan_boltzmann_prefactor,SI,bsfg,discrete,,60,,GAP,dpm,PAPER_1167
stefan_boltzmann_prefactor,SI,dpm,symbolic,60,60,0.000000,EXACT,dpm,PAPER_1167
stefan_boltzmann_prefactor,SI,dpm,numerical,60,60,0.000000,EXACT,dpm,PAPER_1167
stefan_boltzmann_prefactor,SI,dpm,discrete,60,60,0.000000,EXACT,dpm,PAPER_1167
stefan_boltzmann_prefactor,SI,d26,symbolic,,60,,GAP,dpm,PAPER_1167
stefan_boltzmann_prefactor,SI,d26,numerical,,60,,GAP,dpm,PAPER_1167
stefan_boltzmann_prefactor,SI,d26,discrete,,60,,GAP,dpm,PAPER_1167
surface_code_threshold,SI,qcalcgeom,symbolic,,0.01,,GAP,d26,PAPER_1746
surface_code_threshold,SI,qcalcgeom,numerical,,0.01,,GAP,d26,PAPER_1746
surface_code_threshold,SI,qcalcgeom,discrete,,0.01,,GAP,d26,PAPER_1746
surface_code_threshold,SI,bsfg,symbolic,,0.01,,GAP,d26,PAPER_1746
surface_code_threshold,SI,bsfg,numerical,,0.01,,GAP,d26,PAPER_1746
surface_code_threshold,SI,bsfg,discrete,,0.01,,GAP,d26,PAPER_1746
surface_code_threshold,SI,dpm,symbolic,,0.01,,GAP,d26,PAPER_1746
surface_code_threshold,SI,dpm,numerical,,0.01,,GAP,d26,PAPER_1746
surface_code_threshold,SI,dpm,discrete,,0.01,,GAP,d26,PAPER_1746
surface_code_threshold,SI,d26,symbolic,0.010000000000000002,0.01,0.000000,EXACT,d26,PAPER_1746
surface_code_threshold,SI,d26,numerical,0.010000000000000002,0.01,0.000000,EXACT,d26,PAPER_1746
surface_code_threshold,SI,d26,discrete,0.010000000000000002,0.01,0.000000,EXACT,d26,PAPER_1746
weinberg_sin2,SM,qcalcgeom,symbolic,,0.23122,,GAP,dpm,PAPER_1167
weinberg_sin2,SM,qcalcgeom,numerical,,0.23122,,GAP,dpm,PAPER_1167
weinberg_sin2,SM,qcalcgeom,discrete,,0.23122,,GAP,dpm,PAPER_1167
weinberg_sin2,SM,bsfg,symbolic,,0.23122,,GAP,dpm,PAPER_1167
weinberg_sin2,SM,bsfg,numerical,,0.23122,,GAP,dpm,PAPER_1167
weinberg_sin2,SM,bsfg,discrete,,0.23122,,GAP,dpm,PAPER_1167
weinberg_sin2,SM,dpm,symbolic,0.2314814814814815,0.23122,0.113088,OK,dpm,PAPER_1167
weinberg_sin2,SM,dpm,numerical,0.2314814814814815,0.23122,0.113088,OK,dpm,PAPER_1167
weinberg_sin2,SM,dpm,discrete,0.2314814814814815,0.23122,0.113088,OK,dpm,PAPER_1167
weinberg_sin2,SM,d26,symbolic,,0.23122,,GAP,dpm,PAPER_1167
weinberg_sin2,SM,d26,numerical,,0.23122,,GAP,dpm,PAPER_1167
weinberg_sin2,SM,d26,discrete,,0.23122,,GAP,dpm,PAPER_1167
